{
  "type": "FeatureCollection",
  "bbox": [
    105.940916,
    21.345731,
    106.030475,
    21.436356
  ],
  "features": [
    {
      "type": "Feature",
      "id": "07822",
      "bbox": [
        105.940916,
        21.345731,
        106.030475,
        21.436356
      ],
      "geometry": {
        "type": "MultiPolygon",
        "coordinates": [
          [
            [
              [
                105.963064,
                21.436092
              ],
              [
                105.963296,
                21.435877
              ],
              [
                105.963342,
                21.435916
              ],
              [
                105.963467,
                21.436023
              ],
              [
                105.963596,
                21.436133
              ],
              [
                105.963639,
                21.436169
              ],
              [
                105.963723,
                21.436183
              ],
              [
                105.963878,
                21.436209
              ],
              [
                105.963925,
                21.436185
              ],
              [
                105.964046,
                21.436122
              ],
              [
                105.964121,
                21.436126
              ],
              [
                105.964168,
                21.436137
              ],
              [
                105.964603,
                21.435899
              ],
              [
                105.964649,
                21.435846
              ],
              [
                105.964695,
                21.435794
              ],
              [
                105.964821,
                21.435583
              ],
              [
                105.964962,
                21.435281
              ],
              [
                105.965127,
                21.43473
              ],
              [
                105.965283,
                21.434442
              ],
              [
                105.965516,
                21.434154
              ],
              [
                105.965562,
                21.434096
              ],
              [
                105.96558,
                21.433986
              ],
              [
                105.965616,
                21.433771
              ],
              [
                105.96562,
                21.433655
              ],
              [
                105.965629,
                21.433446
              ],
              [
                105.965644,
                21.433364
              ],
              [
                105.965683,
                21.433154
              ],
              [
                105.965625,
                21.432809
              ],
              [
                105.966011,
                21.432727
              ],
              [
                105.966484,
                21.432519
              ],
              [
                105.966896,
                21.432253
              ],
              [
                105.967038,
                21.432069
              ],
              [
                105.967473,
                21.431574
              ],
              [
                105.967574,
                21.431412
              ],
              [
                105.967646,
                21.431294
              ],
              [
                105.967669,
                21.431233
              ],
              [
                105.96769,
                21.431146
              ],
              [
                105.967686,
                21.430923
              ],
              [
                105.96768,
                21.430829
              ],
              [
                105.967652,
                21.430726
              ],
              [
                105.967608,
                21.43055
              ],
              [
                105.967534,
                21.430383
              ],
              [
                105.967514,
                21.430355
              ],
              [
                105.967474,
                21.430321
              ],
              [
                105.967403,
                21.430274
              ],
              [
                105.967402,
                21.430272
              ],
              [
                105.967344,
                21.430198
              ],
              [
                105.96729,
                21.430094
              ],
              [
                105.967288,
                21.43009
              ],
              [
                105.967245,
                21.430016
              ],
              [
                105.967192,
                21.429941
              ],
              [
                105.967161,
                21.42988
              ],
              [
                105.967139,
                21.429823
              ],
              [
                105.967122,
                21.42975
              ],
              [
                105.96711,
                21.429646
              ],
              [
                105.9671,
                21.429567
              ],
              [
                105.967075,
                21.429418
              ],
              [
                105.96708,
                21.42929
              ],
              [
                105.967087,
                21.429259
              ],
              [
                105.967187,
                21.429148
              ],
              [
                105.967257,
                21.429087
              ],
              [
                105.967305,
                21.429057
              ],
              [
                105.967351,
                21.429018
              ],
              [
                105.967372,
                21.428989
              ],
              [
                105.967388,
                21.428955
              ],
              [
                105.967408,
                21.42888
              ],
              [
                105.96742,
                21.428854
              ],
              [
                105.967441,
                21.428822
              ],
              [
                105.967478,
                21.428798
              ],
              [
                105.96752,
                21.428775
              ],
              [
                105.967552,
                21.428776
              ],
              [
                105.967567,
                21.428777
              ],
              [
                105.967626,
                21.428748
              ],
              [
                105.967649,
                21.428731
              ],
              [
                105.967701,
                21.428714
              ],
              [
                105.96776,
                21.428722
              ],
              [
                105.967808,
                21.428735
              ],
              [
                105.967834,
                21.428735
              ],
              [
                105.967855,
                21.428721
              ],
              [
                105.967867,
                21.428708
              ],
              [
                105.967874,
                21.428694
              ],
              [
                105.967873,
                21.428671
              ],
              [
                105.967866,
                21.428642
              ],
              [
                105.967833,
                21.42859
              ],
              [
                105.967802,
                21.428528
              ],
              [
                105.967783,
                21.428469
              ],
              [
                105.967774,
                21.428425
              ],
              [
                105.967781,
                21.428355
              ],
              [
                105.967779,
                21.428302
              ],
              [
                105.967769,
                21.428256
              ],
              [
                105.967753,
                21.428231
              ],
              [
                105.967732,
                21.428178
              ],
              [
                105.967732,
                21.428168
              ],
              [
                105.967731,
                21.428084
              ],
              [
                105.967741,
                21.428007
              ],
              [
                105.967755,
                21.427955
              ],
              [
                105.967795,
                21.427874
              ],
              [
                105.96782,
                21.427826
              ],
              [
                105.967844,
                21.427783
              ],
              [
                105.967874,
                21.427736
              ],
              [
                105.967892,
                21.427714
              ],
              [
                105.967909,
                21.427705
              ],
              [
                105.967916,
                21.427698
              ],
              [
                105.967925,
                21.427683
              ],
              [
                105.96793,
                21.42767
              ],
              [
                105.967918,
                21.427632
              ],
              [
                105.967902,
                21.4276
              ],
              [
                105.967901,
                21.427583
              ],
              [
                105.967907,
                21.427563
              ],
              [
                105.96792,
                21.427544
              ],
              [
                105.967947,
                21.427522
              ],
              [
                105.967967,
                21.427494
              ],
              [
                105.967964,
                21.427476
              ],
              [
                105.967943,
                21.427452
              ],
              [
                105.967902,
                21.42741
              ],
              [
                105.967886,
                21.427348
              ],
              [
                105.967865,
                21.427271
              ],
              [
                105.96786,
                21.427214
              ],
              [
                105.967867,
                21.427164
              ],
              [
                105.96789,
                21.427101
              ],
              [
                105.96791,
                21.427073
              ],
              [
                105.967922,
                21.427022
              ],
              [
                105.967921,
                21.426993
              ],
              [
                105.967919,
                21.426946
              ],
              [
                105.96795,
                21.426893
              ],
              [
                105.96798,
                21.426862
              ],
              [
                105.968018,
                21.426852
              ],
              [
                105.968054,
                21.426854
              ],
              [
                105.968271,
                21.42676
              ],
              [
                105.968421,
                21.426704
              ],
              [
                105.968586,
                21.426667
              ],
              [
                105.968691,
                21.426664
              ],
              [
                105.968786,
                21.426671
              ],
              [
                105.968903,
                21.42673
              ],
              [
                105.968926,
                21.426732
              ],
              [
                105.96897,
                21.426729
              ],
              [
                105.968993,
                21.426713
              ],
              [
                105.969099,
                21.426523
              ],
              [
                105.968921,
                21.426448
              ],
              [
                105.968679,
                21.42622
              ],
              [
                105.968579,
                21.426053
              ],
              [
                105.968537,
                21.425925
              ],
              [
                105.968478,
                21.425822
              ],
              [
                105.968372,
                21.425737
              ],
              [
                105.968447,
                21.425647
              ],
              [
                105.968668,
                21.425493
              ],
              [
                105.968887,
                21.425317
              ],
              [
                105.969022,
                21.425245
              ],
              [
                105.9692,
                21.425198
              ],
              [
                105.969348,
                21.425142
              ],
              [
                105.969457,
                21.42508
              ],
              [
                105.969561,
                21.425043
              ],
              [
                105.969691,
                21.425016
              ],
              [
                105.96975,
                21.424989
              ],
              [
                105.969773,
                21.424946
              ],
              [
                105.96977,
                21.424865
              ],
              [
                105.969787,
                21.424767
              ],
              [
                105.96986,
                21.42464
              ],
              [
                105.969903,
                21.424591
              ],
              [
                105.970022,
                21.424455
              ],
              [
                105.970043,
                21.424438
              ],
              [
                105.970058,
                21.424427
              ],
              [
                105.97005,
                21.424396
              ],
              [
                105.969995,
                21.424181
              ],
              [
                105.96995,
                21.424049
              ],
              [
                105.969925,
                21.423973
              ],
              [
                105.969999,
                21.423686
              ],
              [
                105.970167,
                21.423484
              ],
              [
                105.970186,
                21.423043
              ],
              [
                105.970187,
                21.423039
              ],
              [
                105.970271,
                21.423039
              ],
              [
                105.970537,
                21.423025
              ],
              [
                105.970569,
                21.423023
              ],
              [
                105.970761,
                21.423
              ],
              [
                105.971127,
                21.422869
              ],
              [
                105.971144,
                21.422867
              ],
              [
                105.971587,
                21.422802
              ],
              [
                105.971854,
                21.422729
              ],
              [
                105.971962,
                21.422639
              ],
              [
                105.971976,
                21.422628
              ],
              [
                105.971978,
                21.422622
              ],
              [
                105.972006,
                21.422553
              ],
              [
                105.972044,
                21.422462
              ],
              [
                105.972048,
                21.422083
              ],
              [
                105.972048,
                21.422003
              ],
              [
                105.972146,
                21.421687
              ],
              [
                105.972226,
                21.421711
              ],
              [
                105.972503,
                21.421792
              ],
              [
                105.97253,
                21.4218
              ],
              [
                105.972637,
                21.421763
              ],
              [
                105.972697,
                21.421677
              ],
              [
                105.972698,
                21.421673
              ],
              [
                105.972742,
                21.421461
              ],
              [
                105.972708,
                21.420974
              ],
              [
                105.972421,
                21.420994
              ],
              [
                105.972403,
                21.420685
              ],
              [
                105.972655,
                21.420663
              ],
              [
                105.972652,
                21.420644
              ],
              [
                105.972647,
                21.420485
              ],
              [
                105.972643,
                21.420358
              ],
              [
                105.972531,
                21.419966
              ],
              [
                105.972517,
                21.419919
              ],
              [
                105.972925,
                21.419821
              ],
              [
                105.973166,
                21.41958
              ],
              [
                105.973306,
                21.41952
              ],
              [
                105.97355,
                21.419697
              ],
              [
                105.973712,
                21.41975
              ],
              [
                105.973767,
                21.419768
              ],
              [
                105.973819,
                21.419658
              ],
              [
                105.97383,
                21.419636
              ],
              [
                105.973828,
                21.419325
              ],
              [
                105.973847,
                21.41932
              ],
              [
                105.974541,
                21.419106
              ],
              [
                105.97465,
                21.419078
              ],
              [
                105.974732,
                21.419057
              ],
              [
                105.974899,
                21.419116
              ],
              [
                105.975078,
                21.419222
              ],
              [
                105.975153,
                21.419269
              ],
              [
                105.97532,
                21.419374
              ],
              [
                105.975437,
                21.419447
              ],
              [
                105.975666,
                21.41935
              ],
              [
                105.975792,
                21.419147
              ],
              [
                105.975801,
                21.418609
              ],
              [
                105.975787,
                21.418576
              ],
              [
                105.975574,
                21.418113
              ],
              [
                105.975585,
                21.418107
              ],
              [
                105.975731,
                21.418035
              ],
              [
                105.975809,
                21.417943
              ],
              [
                105.975888,
                21.417848
              ],
              [
                105.975915,
                21.417851
              ],
              [
                105.976312,
                21.417893
              ],
              [
                105.976738,
                21.417446
              ],
              [
                105.97703,
                21.417574
              ],
              [
                105.977166,
                21.41655
              ],
              [
                105.977667,
                21.416542
              ],
              [
                105.977726,
                21.416284
              ],
              [
                105.978162,
                21.41628
              ],
              [
                105.978273,
                21.415909
              ],
              [
                105.97837,
                21.415584
              ],
              [
                105.978433,
                21.415595
              ],
              [
                105.978686,
                21.415638
              ],
              [
                105.97877,
                21.415042
              ],
              [
                105.97883,
                21.414955
              ],
              [
                105.978998,
                21.414816
              ],
              [
                105.979007,
                21.414691
              ],
              [
                105.979032,
                21.414576
              ],
              [
                105.979092,
                21.414452
              ],
              [
                105.979361,
                21.414106
              ],
              [
                105.980093,
                21.414446
              ],
              [
                105.980138,
                21.414384
              ],
              [
                105.980238,
                21.41402
              ],
              [
                105.980473,
                21.414023
              ],
              [
                105.980472,
                21.413724
              ],
              [
                105.980599,
                21.413718
              ],
              [
                105.980869,
                21.413687
              ],
              [
                105.981128,
                21.413652
              ],
              [
                105.981192,
                21.413643
              ],
              [
                105.981611,
                21.413538
              ],
              [
                105.9819,
                21.413474
              ],
              [
                105.982589,
                21.41332
              ],
              [
                105.982685,
                21.413254
              ],
              [
                105.982749,
                21.413211
              ],
              [
                105.983352,
                21.412863
              ],
              [
                105.983519,
                21.412767
              ],
              [
                105.983655,
                21.412695
              ],
              [
                105.983821,
                21.412535
              ],
              [
                105.983902,
                21.412435
              ],
              [
                105.984019,
                21.412291
              ],
              [
                105.98414,
                21.412108
              ],
              [
                105.984244,
                21.411943
              ],
              [
                105.984358,
                21.41181
              ],
              [
                105.984428,
                21.411691
              ],
              [
                105.984693,
                21.41124
              ],
              [
                105.984853,
                21.410998
              ],
              [
                105.984877,
                21.410948
              ],
              [
                105.985471,
                21.412023
              ],
              [
                105.98603,
                21.413053
              ],
              [
                105.986441,
                21.413795
              ],
              [
                105.98769,
                21.41317
              ],
              [
                105.987775,
                21.413356
              ],
              [
                105.98815,
                21.41321
              ],
              [
                105.988061,
                21.412615
              ],
              [
                105.989193,
                21.412379
              ],
              [
                105.989336,
                21.412013
              ],
              [
                105.989804,
                21.412075
              ],
              [
                105.990064,
                21.412044
              ],
              [
                105.990068,
                21.412043
              ],
              [
                105.990515,
                21.411884
              ],
              [
                105.990866,
                21.411774
              ],
              [
                105.990879,
                21.411365
              ],
              [
                105.990879,
                21.411347
              ],
              [
                105.990892,
                21.411007
              ],
              [
                105.990573,
                21.410363
              ],
              [
                105.990939,
                21.410117
              ],
              [
                105.99073,
                21.409746
              ],
              [
                105.990813,
                21.409638
              ],
              [
                105.99113,
                21.409651
              ],
              [
                105.99125,
                21.409657
              ],
              [
                105.991557,
                21.409576
              ],
              [
                105.99191,
                21.409483
              ],
              [
                105.992136,
                21.408903
              ],
              [
                105.992964,
                21.409104
              ],
              [
                105.993024,
                21.408888
              ],
              [
                105.993431,
                21.408982
              ],
              [
                105.993575,
                21.408587
              ],
              [
                105.995367,
                21.408324
              ],
              [
                105.99562,
                21.408285
              ],
              [
                105.995645,
                21.40822
              ],
              [
                105.995757,
                21.407918
              ],
              [
                105.995825,
                21.407786
              ],
              [
                105.996313,
                21.406992
              ],
              [
                105.996584,
                21.406378
              ],
              [
                105.996551,
                21.405981
              ],
              [
                105.996463,
                21.405966
              ],
              [
                105.996355,
                21.405936
              ],
              [
                105.996279,
                21.405923
              ],
              [
                105.996221,
                21.40592
              ],
              [
                105.996166,
                21.40593
              ],
              [
                105.996096,
                21.405947
              ],
              [
                105.996026,
                21.405953
              ],
              [
                105.995913,
                21.405957
              ],
              [
                105.995872,
                21.405956
              ],
              [
                105.995828,
                21.405939
              ],
              [
                105.995794,
                21.405918
              ],
              [
                105.995789,
                21.405915
              ],
              [
                105.995757,
                21.405864
              ],
              [
                105.995686,
                21.405715
              ],
              [
                105.995657,
                21.405649
              ],
              [
                105.995195,
                21.405913
              ],
              [
                105.995076,
                21.405694
              ],
              [
                105.995592,
                21.405466
              ],
              [
                105.995566,
                21.40539
              ],
              [
                105.995544,
                21.405353
              ],
              [
                105.995525,
                21.405325
              ],
              [
                105.995515,
                21.405309
              ],
              [
                105.995485,
                21.405265
              ],
              [
                105.995457,
                21.405231
              ],
              [
                105.995434,
                21.405223
              ],
              [
                105.995526,
                21.405033
              ],
              [
                105.996025,
                21.404839
              ],
              [
                105.996411,
                21.404521
              ],
              [
                105.996256,
                21.404321
              ],
              [
                105.996632,
                21.403956
              ],
              [
                105.996711,
                21.403659
              ],
              [
                105.996669,
                21.403604
              ],
              [
                105.996801,
                21.403579
              ],
              [
                105.996826,
                21.403515
              ],
              [
                105.996954,
                21.403245
              ],
              [
                105.997101,
                21.402984
              ],
              [
                105.997208,
                21.40282
              ],
              [
                105.997715,
                21.402677
              ],
              [
                105.998143,
                21.402503
              ],
              [
                105.998381,
                21.403018
              ],
              [
                105.998625,
                21.402873
              ],
              [
                105.998982,
                21.402766
              ],
              [
                105.999107,
                21.40309
              ],
              [
                105.999316,
                21.403806
              ],
              [
                105.999703,
                21.403765
              ],
              [
                105.999736,
                21.404071
              ],
              [
                105.999851,
                21.404462
              ],
              [
                106.000037,
                21.404719
              ],
              [
                105.999839,
                21.404998
              ],
              [
                106.00053,
                21.405271
              ],
              [
                106.001269,
                21.405807
              ],
              [
                106.001406,
                21.405658
              ],
              [
                106.001822,
                21.405821
              ],
              [
                106.001826,
                21.405823
              ],
              [
                106.001877,
                21.405995
              ],
              [
                106.00188,
                21.405995
              ],
              [
                106.00188,
                21.405995
              ],
              [
                106.002055,
                21.406016
              ],
              [
                106.002315,
                21.406015
              ],
              [
                106.002404,
                21.406015
              ],
              [
                106.002416,
                21.405933
              ],
              [
                106.002478,
                21.405933
              ],
              [
                106.0025,
                21.405974
              ],
              [
                106.002504,
                21.405982
              ],
              [
                106.002691,
                21.405952
              ],
              [
                106.002719,
                21.406078
              ],
              [
                106.002757,
                21.406249
              ],
              [
                106.002766,
                21.406322
              ],
              [
                106.002999,
                21.406263
              ],
              [
                106.002956,
                21.406181
              ],
              [
                106.003011,
                21.40617
              ],
              [
                106.00316,
                21.406139
              ],
              [
                106.003239,
                21.406323
              ],
              [
                106.003355,
                21.406293
              ],
              [
                106.003372,
                21.406329
              ],
              [
                106.00358,
                21.406262
              ],
              [
                106.003602,
                21.406251
              ],
              [
                106.003657,
                21.406222
              ],
              [
                106.003851,
                21.406102
              ],
              [
                106.003953,
                21.406039
              ],
              [
                106.004005,
                21.406099
              ],
              [
                106.004012,
                21.406108
              ],
              [
                106.004023,
                21.406098
              ],
              [
                106.004077,
                21.406051
              ],
              [
                106.004122,
                21.406096
              ],
              [
                106.004141,
                21.406115
              ],
              [
                106.004146,
                21.406109
              ],
              [
                106.004155,
                21.4061
              ],
              [
                106.004159,
                21.406096
              ],
              [
                106.004188,
                21.406064
              ],
              [
                106.004301,
                21.405935
              ],
              [
                106.004382,
                21.406008
              ],
              [
                106.004527,
                21.405792
              ],
              [
                106.004687,
                21.40587
              ],
              [
                106.004683,
                21.405996
              ],
              [
                106.004656,
                21.406004
              ],
              [
                106.004626,
                21.406086
              ],
              [
                106.004616,
                21.406113
              ],
              [
                106.004694,
                21.406162
              ],
              [
                106.004663,
                21.406212
              ],
              [
                106.00477,
                21.406272
              ],
              [
                106.005147,
                21.406463
              ],
              [
                106.005239,
                21.406472
              ],
              [
                106.005262,
                21.406455
              ],
              [
                106.005314,
                21.406285
              ],
              [
                106.005326,
                21.406274
              ],
              [
                106.005335,
                21.406204
              ],
              [
                106.005185,
                21.406153
              ],
              [
                106.005126,
                21.406049
              ],
              [
                106.005124,
                21.405988
              ],
              [
                106.005189,
                21.405755
              ],
              [
                106.005322,
                21.405466
              ],
              [
                106.005373,
                21.405441
              ],
              [
                106.005448,
                21.405423
              ],
              [
                106.005516,
                21.40538
              ],
              [
                106.005839,
                21.405089
              ],
              [
                106.005914,
                21.404989
              ],
              [
                106.005931,
                21.405056
              ],
              [
                106.006068,
                21.405166
              ],
              [
                106.006163,
                21.405243
              ],
              [
                106.006322,
                21.405331
              ],
              [
                106.006462,
                21.405345
              ],
              [
                106.006938,
                21.405437
              ],
              [
                106.006966,
                21.405437
              ],
              [
                106.006965,
                21.405491
              ],
              [
                106.006895,
                21.405779
              ],
              [
                106.006887,
                21.405803
              ],
              [
                106.006842,
                21.405937
              ],
              [
                106.00675,
                21.406214
              ],
              [
                106.007515,
                21.406268
              ],
              [
                106.007681,
                21.406101
              ],
              [
                106.007904,
                21.406007
              ],
              [
                106.007909,
                21.405881
              ],
              [
                106.008003,
                21.405877
              ],
              [
                106.008113,
                21.405809
              ],
              [
                106.008319,
                21.405543
              ],
              [
                106.008585,
                21.405529
              ],
              [
                106.008969,
                21.40556
              ],
              [
                106.008981,
                21.405609
              ],
              [
                106.009052,
                21.405643
              ],
              [
                106.009067,
                21.40571
              ],
              [
                106.00912,
                21.405674
              ],
              [
                106.009155,
                21.405616
              ],
              [
                106.00916,
                21.405522
              ],
              [
                106.009293,
                21.405562
              ],
              [
                106.009389,
                21.40559
              ],
              [
                106.009389,
                21.40559
              ],
              [
                106.009389,
                21.405525
              ],
              [
                106.009333,
                21.405322
              ],
              [
                106.009343,
                21.405231
              ],
              [
                106.009355,
                21.405148
              ],
              [
                106.009427,
                21.405027
              ],
              [
                106.009552,
                21.404953
              ],
              [
                106.009556,
                21.40495
              ],
              [
                106.009649,
                21.40489
              ],
              [
                106.009708,
                21.404814
              ],
              [
                106.009737,
                21.404724
              ],
              [
                106.009757,
                21.404579
              ],
              [
                106.00983,
                21.404369
              ],
              [
                106.009875,
                21.404269
              ],
              [
                106.009927,
                21.404222
              ],
              [
                106.00998,
                21.404175
              ],
              [
                106.010187,
                21.404051
              ],
              [
                106.010437,
                21.403971
              ],
              [
                106.010736,
                21.403943
              ],
              [
                106.010967,
                21.403906
              ],
              [
                106.011182,
                21.403841
              ],
              [
                106.011308,
                21.403819
              ],
              [
                106.011396,
                21.403817
              ],
              [
                106.011397,
                21.403818
              ],
              [
                106.011574,
                21.403856
              ],
              [
                106.011703,
                21.403844
              ],
              [
                106.011801,
                21.403811
              ],
              [
                106.011978,
                21.403737
              ],
              [
                106.012183,
                21.40363
              ],
              [
                106.01238,
                21.403527
              ],
              [
                106.012388,
                21.403523
              ],
              [
                106.012587,
                21.403407
              ],
              [
                106.012648,
                21.403372
              ],
              [
                106.012673,
                21.403348
              ],
              [
                106.012917,
                21.403109
              ],
              [
                106.013034,
                21.402969
              ],
              [
                106.013067,
                21.402894
              ],
              [
                106.013089,
                21.402826
              ],
              [
                106.013092,
                21.402818
              ],
              [
                106.013069,
                21.402767
              ],
              [
                106.013017,
                21.402681
              ],
              [
                106.012934,
                21.402608
              ],
              [
                106.012918,
                21.402567
              ],
              [
                106.012901,
                21.402527
              ],
              [
                106.012901,
                21.402522
              ],
              [
                106.012893,
                21.402433
              ],
              [
                106.012906,
                21.402349
              ],
              [
                106.012963,
                21.402172
              ],
              [
                106.012971,
                21.402064
              ],
              [
                106.012974,
                21.402026
              ],
              [
                106.012943,
                21.401889
              ],
              [
                106.012923,
                21.401761
              ],
              [
                106.012925,
                21.401693
              ],
              [
                106.01296,
                21.401639
              ],
              [
                106.013065,
                21.401653
              ],
              [
                106.013153,
                21.401634
              ],
              [
                106.013228,
                21.4016
              ],
              [
                106.013258,
                21.401557
              ],
              [
                106.013266,
                21.401513
              ],
              [
                106.013263,
                21.401466
              ],
              [
                106.013209,
                21.401376
              ],
              [
                106.013172,
                21.401312
              ],
              [
                106.013165,
                21.401262
              ],
              [
                106.013166,
                21.401221
              ],
              [
                106.013171,
                21.401183
              ],
              [
                106.013175,
                21.401153
              ],
              [
                106.013198,
                21.401106
              ],
              [
                106.013247,
                21.401035
              ],
              [
                106.0133,
                21.401005
              ],
              [
                106.013364,
                21.400989
              ],
              [
                106.013423,
                21.400975
              ],
              [
                106.013482,
                21.401001
              ],
              [
                106.013543,
                21.401052
              ],
              [
                106.013588,
                21.401089
              ],
              [
                106.01365,
                21.4011
              ],
              [
                106.013699,
                21.401093
              ],
              [
                106.013731,
                21.401057
              ],
              [
                106.013774,
                21.400974
              ],
              [
                106.013802,
                21.400918
              ],
              [
                106.013826,
                21.400873
              ],
              [
                106.013971,
                21.400721
              ],
              [
                106.013999,
                21.400659
              ],
              [
                106.014001,
                21.400653
              ],
              [
                106.014013,
                21.400578
              ],
              [
                106.014019,
                21.400433
              ],
              [
                106.014017,
                21.400341
              ],
              [
                106.014012,
                21.400108
              ],
              [
                106.014012,
                21.400025
              ],
              [
                106.014011,
                21.399892
              ],
              [
                106.014002,
                21.399853
              ],
              [
                106.013973,
                21.399722
              ],
              [
                106.013952,
                21.399627
              ],
              [
                106.013946,
                21.399596
              ],
              [
                106.013953,
                21.399518
              ],
              [
                106.013979,
                21.399444
              ],
              [
                106.013979,
                21.399443
              ],
              [
                106.014067,
                21.399291
              ],
              [
                106.014098,
                21.399209
              ],
              [
                106.014106,
                21.399149
              ],
              [
                106.014086,
                21.399105
              ],
              [
                106.014035,
                21.399076
              ],
              [
                106.013979,
                21.39908
              ],
              [
                106.013923,
                21.399084
              ],
              [
                106.013825,
                21.39909
              ],
              [
                106.013812,
                21.399091
              ],
              [
                106.01373,
                21.399068
              ],
              [
                106.013577,
                21.398971
              ],
              [
                106.013537,
                21.398909
              ],
              [
                106.013421,
                21.398733
              ],
              [
                106.013191,
                21.398504
              ],
              [
                106.013172,
                21.398485
              ],
              [
                106.013037,
                21.398325
              ],
              [
                106.01293,
                21.398198
              ],
              [
                106.01287,
                21.398126
              ],
              [
                106.012834,
                21.39806
              ],
              [
                106.012829,
                21.397979
              ],
              [
                106.012834,
                21.397906
              ],
              [
                106.012833,
                21.397848
              ],
              [
                106.012814,
                21.397802
              ],
              [
                106.012767,
                21.397779
              ],
              [
                106.012677,
                21.397774
              ],
              [
                106.012541,
                21.39772
              ],
              [
                106.012442,
                21.397657
              ],
              [
                106.012363,
                21.397574
              ],
              [
                106.0123,
                21.397493
              ],
              [
                106.012269,
                21.397417
              ],
              [
                106.01228,
                21.397207
              ],
              [
                106.012288,
                21.397077
              ],
              [
                106.012308,
                21.396722
              ],
              [
                106.012352,
                21.396514
              ],
              [
                106.012395,
                21.396391
              ],
              [
                106.01244,
                21.39626
              ],
              [
                106.012434,
                21.395944
              ],
              [
                106.012428,
                21.395674
              ],
              [
                106.012446,
                21.39554
              ],
              [
                106.012465,
                21.395489
              ],
              [
                106.01249,
                21.395424
              ],
              [
                106.012575,
                21.395327
              ],
              [
                106.012652,
                21.395265
              ],
              [
                106.01273,
                21.395204
              ],
              [
                106.012788,
                21.395152
              ],
              [
                106.012874,
                21.395075
              ],
              [
                106.012977,
                21.394932
              ],
              [
                106.013004,
                21.394834
              ],
              [
                106.013013,
                21.394706
              ],
              [
                106.013014,
                21.394333
              ],
              [
                106.013007,
                21.394025
              ],
              [
                106.012991,
                21.39396
              ],
              [
                106.012967,
                21.393862
              ],
              [
                106.012941,
                21.393758
              ],
              [
                106.012918,
                21.393548
              ],
              [
                106.012917,
                21.393377
              ],
              [
                106.012917,
                21.393376
              ],
              [
                106.012891,
                21.393212
              ],
              [
                106.012827,
                21.392943
              ],
              [
                106.012803,
                21.392838
              ],
              [
                106.012775,
                21.392718
              ],
              [
                106.012717,
                21.392609
              ],
              [
                106.012627,
                21.392505
              ],
              [
                106.012505,
                21.392461
              ],
              [
                106.012344,
                21.392467
              ],
              [
                106.012245,
                21.392457
              ],
              [
                106.012168,
                21.392422
              ],
              [
                106.01207,
                21.392394
              ],
              [
                106.011978,
                21.392365
              ],
              [
                106.011888,
                21.392351
              ],
              [
                106.011841,
                21.392348
              ],
              [
                106.011733,
                21.392344
              ],
              [
                106.011646,
                21.392326
              ],
              [
                106.011577,
                21.392303
              ],
              [
                106.011539,
                21.392269
              ],
              [
                106.011537,
                21.392234
              ],
              [
                106.011535,
                21.392203
              ],
              [
                106.011534,
                21.392172
              ],
              [
                106.011571,
                21.392102
              ],
              [
                106.011688,
                21.391993
              ],
              [
                106.011832,
                21.391835
              ],
              [
                106.011845,
                21.391821
              ],
              [
                106.012008,
                21.391669
              ],
              [
                106.012023,
                21.391654
              ],
              [
                106.012135,
                21.391543
              ],
              [
                106.012167,
                21.391484
              ],
              [
                106.012187,
                21.391356
              ],
              [
                106.012201,
                21.391312
              ],
              [
                106.012218,
                21.391259
              ],
              [
                106.012292,
                21.39111
              ],
              [
                106.012297,
                21.391101
              ],
              [
                106.01235,
                21.390983
              ],
              [
                106.012379,
                21.390862
              ],
              [
                106.012399,
                21.390748
              ],
              [
                106.012434,
                21.39067
              ],
              [
                106.012493,
                21.390607
              ],
              [
                106.012609,
                21.390556
              ],
              [
                106.012659,
                21.390534
              ],
              [
                106.01272,
                21.390507
              ],
              [
                106.012887,
                21.390434
              ],
              [
                106.012901,
                21.390427
              ],
              [
                106.013178,
                21.390237
              ],
              [
                106.01331,
                21.390113
              ],
              [
                106.013426,
                21.390012
              ],
              [
                106.013449,
                21.389963
              ],
              [
                106.01345,
                21.389916
              ],
              [
                106.013416,
                21.38987
              ],
              [
                106.013339,
                21.389863
              ],
              [
                106.013244,
                21.389871
              ],
              [
                106.013184,
                21.389869
              ],
              [
                106.013158,
                21.389861
              ],
              [
                106.013056,
                21.389828
              ],
              [
                106.012982,
                21.389778
              ],
              [
                106.012907,
                21.389728
              ],
              [
                106.012774,
                21.38965
              ],
              [
                106.012639,
                21.389586
              ],
              [
                106.012575,
                21.389519
              ],
              [
                106.012548,
                21.389445
              ],
              [
                106.012556,
                21.389355
              ],
              [
                106.012603,
                21.389265
              ],
              [
                106.012662,
                21.389223
              ],
              [
                106.012921,
                21.389024
              ],
              [
                106.01308,
                21.388854
              ],
              [
                106.013087,
                21.388846
              ],
              [
                106.013102,
                21.388787
              ],
              [
                106.013088,
                21.388722
              ],
              [
                106.013043,
                21.388687
              ],
              [
                106.013005,
                21.388657
              ],
              [
                106.012919,
                21.388591
              ],
              [
                106.012878,
                21.388454
              ],
              [
                106.012874,
                21.388245
              ],
              [
                106.01288,
                21.388123
              ],
              [
                106.012894,
                21.387832
              ],
              [
                106.012902,
                21.387548
              ],
              [
                106.012909,
                21.387482
              ],
              [
                106.012952,
                21.387434
              ],
              [
                106.012965,
                21.387419
              ],
              [
                106.013092,
                21.387339
              ],
              [
                106.013334,
                21.387266
              ],
              [
                106.013463,
                21.387281
              ],
              [
                106.013635,
                21.387301
              ],
              [
                106.013683,
                21.387307
              ],
              [
                106.014295,
                21.387389
              ],
              [
                106.014665,
                21.387488
              ],
              [
                106.014703,
                21.387493
              ],
              [
                106.014823,
                21.387507
              ],
              [
                106.014846,
                21.38751
              ],
              [
                106.014905,
                21.387501
              ],
              [
                106.015013,
                21.387439
              ],
              [
                106.015115,
                21.387296
              ],
              [
                106.015206,
                21.38702
              ],
              [
                106.015227,
                21.386877
              ],
              [
                106.015226,
                21.386779
              ],
              [
                106.015225,
                21.386679
              ],
              [
                106.015232,
                21.386585
              ],
              [
                106.015276,
                21.386493
              ],
              [
                106.015337,
                21.386423
              ],
              [
                106.015508,
                21.386324
              ],
              [
                106.015548,
                21.386321
              ],
              [
                106.015858,
                21.386304
              ],
              [
                106.015863,
                21.386304
              ],
              [
                106.016133,
                21.386294
              ],
              [
                106.016177,
                21.386282
              ],
              [
                106.01625,
                21.386261
              ],
              [
                106.016343,
                21.386177
              ],
              [
                106.016464,
                21.385986
              ],
              [
                106.016503,
                21.385911
              ],
              [
                106.016542,
                21.385836
              ],
              [
                106.016596,
                21.385765
              ],
              [
                106.016672,
                21.385739
              ],
              [
                106.016774,
                21.385734
              ],
              [
                106.016815,
                21.385748
              ],
              [
                106.016856,
                21.385763
              ],
              [
                106.01694,
                21.385844
              ],
              [
                106.017004,
                21.385906
              ],
              [
                106.01702,
                21.38592
              ],
              [
                106.017124,
                21.386009
              ],
              [
                106.017211,
                21.38604
              ],
              [
                106.017371,
                21.386044
              ],
              [
                106.017446,
                21.38606
              ],
              [
                106.01751,
                21.386074
              ],
              [
                106.017561,
                21.38609
              ],
              [
                106.017613,
                21.386106
              ],
              [
                106.01768,
                21.386153
              ],
              [
                106.017719,
                21.38623
              ],
              [
                106.017731,
                21.386263
              ],
              [
                106.017756,
                21.386338
              ],
              [
                106.01776,
                21.386418
              ],
              [
                106.017732,
                21.386566
              ],
              [
                106.017685,
                21.386734
              ],
              [
                106.017666,
                21.386805
              ],
              [
                106.017662,
                21.386816
              ],
              [
                106.0176,
                21.386971
              ],
              [
                106.017601,
                21.38703
              ],
              [
                106.01763,
                21.387079
              ],
              [
                106.017677,
                21.387096
              ],
              [
                106.017764,
                21.3871
              ],
              [
                106.01784,
                21.387081
              ],
              [
                106.017939,
                21.387011
              ],
              [
                106.018079,
                21.386867
              ],
              [
                106.018216,
                21.386797
              ],
              [
                106.018339,
                21.386772
              ],
              [
                106.018419,
                21.386775
              ],
              [
                106.018498,
                21.386778
              ],
              [
                106.018717,
                21.386872
              ],
              [
                106.018809,
                21.386968
              ],
              [
                106.018809,
                21.386969
              ],
              [
                106.018851,
                21.387036
              ],
              [
                106.018893,
                21.387104
              ],
              [
                106.018953,
                21.387213
              ],
              [
                106.019031,
                21.3873
              ],
              [
                106.019127,
                21.387354
              ],
              [
                106.019219,
                21.387372
              ],
              [
                106.019311,
                21.387373
              ],
              [
                106.019374,
                21.387367
              ],
              [
                106.019401,
                21.387365
              ],
              [
                106.019501,
                21.387339
              ],
              [
                106.01962,
                21.38726
              ],
              [
                106.019836,
                21.38701
              ],
              [
                106.019875,
                21.386946
              ],
              [
                106.020031,
                21.386694
              ],
              [
                106.020138,
                21.386585
              ],
              [
                106.020236,
                21.386569
              ],
              [
                106.020283,
                21.386598
              ],
              [
                106.02031,
                21.386671
              ],
              [
                106.020353,
                21.386762
              ],
              [
                106.020384,
                21.386827
              ],
              [
                106.020397,
                21.386891
              ],
              [
                106.020304,
                21.387102
              ],
              [
                106.020272,
                21.3872
              ],
              [
                106.020276,
                21.387289
              ],
              [
                106.020301,
                21.387401
              ],
              [
                106.020355,
                21.387455
              ],
              [
                106.020611,
                21.387578
              ],
              [
                106.020749,
                21.387619
              ],
              [
                106.020815,
                21.38761
              ],
              [
                106.0209,
                21.387598
              ],
              [
                106.02101,
                21.387574
              ],
              [
                106.021098,
                21.387575
              ],
              [
                106.021136,
                21.387594
              ],
              [
                106.02115,
                21.387633
              ],
              [
                106.021157,
                21.387653
              ],
              [
                106.02121,
                21.387761
              ],
              [
                106.021274,
                21.387819
              ],
              [
                106.021321,
                21.387844
              ],
              [
                106.021382,
                21.38785
              ],
              [
                106.021465,
                21.38784
              ],
              [
                106.021521,
                21.3878
              ],
              [
                106.021596,
                21.387689
              ],
              [
                106.021615,
                21.387631
              ],
              [
                106.021686,
                21.387419
              ],
              [
                106.021731,
                21.387221
              ],
              [
                106.02178,
                21.387167
              ],
              [
                106.02186,
                21.387162
              ],
              [
                106.02191,
                21.3872
              ],
              [
                106.022066,
                21.387332
              ],
              [
                106.022255,
                21.387506
              ],
              [
                106.022329,
                21.387536
              ],
              [
                106.022427,
                21.387538
              ],
              [
                106.022499,
                21.387497
              ],
              [
                106.022607,
                21.387357
              ],
              [
                106.022759,
                21.387198
              ],
              [
                106.022849,
                21.38718
              ],
              [
                106.022948,
                21.387186
              ],
              [
                106.023024,
                21.387238
              ],
              [
                106.023047,
                21.387321
              ],
              [
                106.023036,
                21.387347
              ],
              [
                106.022979,
                21.387488
              ],
              [
                106.022888,
                21.387623
              ],
              [
                106.022864,
                21.387659
              ],
              [
                106.022743,
                21.387872
              ],
              [
                106.022677,
                21.388041
              ],
              [
                106.022676,
                21.388094
              ],
              [
                106.022685,
                21.388133
              ],
              [
                106.022721,
                21.388153
              ],
              [
                106.022791,
                21.388146
              ],
              [
                106.022887,
                21.388074
              ],
              [
                106.022921,
                21.388048
              ],
              [
                106.023019,
                21.387992
              ],
              [
                106.023085,
                21.387974
              ],
              [
                106.02315,
                21.387969
              ],
              [
                106.023188,
                21.388002
              ],
              [
                106.023212,
                21.388059
              ],
              [
                106.023217,
                21.388071
              ],
              [
                106.02325,
                21.388425
              ],
              [
                106.023269,
                21.388693
              ],
              [
                106.023128,
                21.388889
              ],
              [
                106.023073,
                21.388967
              ],
              [
                106.023038,
                21.389015
              ],
              [
                106.023061,
                21.389063
              ],
              [
                106.023096,
                21.38909
              ],
              [
                106.023208,
                21.389077
              ],
              [
                106.023453,
                21.388908
              ],
              [
                106.023799,
                21.388711
              ],
              [
                106.023813,
                21.388703
              ],
              [
                106.024183,
                21.388574
              ],
              [
                106.024386,
                21.388483
              ],
              [
                106.024448,
                21.388427
              ],
              [
                106.024468,
                21.388368
              ],
              [
                106.024507,
                21.388231
              ],
              [
                106.024542,
                21.388203
              ],
              [
                106.024603,
                21.388192
              ],
              [
                106.024682,
                21.388213
              ],
              [
                106.024831,
                21.388285
              ],
              [
                106.024886,
                21.388351
              ],
              [
                106.025038,
                21.388534
              ],
              [
                106.025125,
                21.388603
              ],
              [
                106.025216,
                21.388625
              ],
              [
                106.025297,
                21.38862
              ],
              [
                106.025375,
                21.388595
              ],
              [
                106.025444,
                21.388526
              ],
              [
                106.025449,
                21.388509
              ],
              [
                106.025532,
                21.388226
              ],
              [
                106.025682,
                21.38757
              ],
              [
                106.025751,
                21.387468
              ],
              [
                106.025844,
                21.387397
              ],
              [
                106.02599,
                21.387315
              ],
              [
                106.026136,
                21.387243
              ],
              [
                106.026194,
                21.387152
              ],
              [
                106.026213,
                21.387039
              ],
              [
                106.02621,
                21.386713
              ],
              [
                106.026182,
                21.386456
              ],
              [
                106.026154,
                21.386333
              ],
              [
                106.026099,
                21.386247
              ],
              [
                106.026051,
                21.38618
              ],
              [
                106.026039,
                21.386134
              ],
              [
                106.026043,
                21.386066
              ],
              [
                106.026087,
                21.38599
              ],
              [
                106.026165,
                21.385917
              ],
              [
                106.026348,
                21.385831
              ],
              [
                106.026658,
                21.38578
              ],
              [
                106.027035,
                21.38578
              ],
              [
                106.02751,
                21.385849
              ],
              [
                106.027574,
                21.385837
              ],
              [
                106.027585,
                21.385835
              ],
              [
                106.027619,
                21.385772
              ],
              [
                106.027622,
                21.385729
              ],
              [
                106.027629,
                21.385644
              ],
              [
                106.027615,
                21.385523
              ],
              [
                106.027583,
                21.385402
              ],
              [
                106.027479,
                21.385286
              ],
              [
                106.027276,
                21.385112
              ],
              [
                106.027013,
                21.38491
              ],
              [
                106.026879,
                21.384783
              ],
              [
                106.026869,
                21.384753
              ],
              [
                106.026827,
                21.384621
              ],
              [
                106.026804,
                21.384467
              ],
              [
                106.026791,
                21.384381
              ],
              [
                106.026804,
                21.384329
              ],
              [
                106.026849,
                21.384306
              ],
              [
                106.026915,
                21.384289
              ],
              [
                106.027022,
                21.384307
              ],
              [
                106.027056,
                21.384329
              ],
              [
                106.027043,
                21.384361
              ],
              [
                106.027042,
                21.384455
              ],
              [
                106.027558,
                21.38463
              ],
              [
                106.027917,
                21.384656
              ],
              [
                106.028036,
                21.384641
              ],
              [
                106.02817,
                21.384542
              ],
              [
                106.0282,
                21.384472
              ],
              [
                106.028229,
                21.384332
              ],
              [
                106.028228,
                21.384256
              ],
              [
                106.028227,
                21.384122
              ],
              [
                106.0282,
                21.384056
              ],
              [
                106.027999,
                21.383577
              ],
              [
                106.027953,
                21.383381
              ],
              [
                106.027952,
                21.383255
              ],
              [
                106.027996,
                21.383114
              ],
              [
                106.0281,
                21.383016
              ],
              [
                106.02812,
                21.383012
              ],
              [
                106.0284,
                21.383265
              ],
              [
                106.02872,
                21.383689
              ],
              [
                106.028892,
                21.384088
              ],
              [
                106.028956,
                21.38426
              ],
              [
                106.029018,
                21.384305
              ],
              [
                106.029108,
                21.384305
              ],
              [
                106.029175,
                21.384289
              ],
              [
                106.029484,
                21.384215
              ],
              [
                106.029538,
                21.38419
              ],
              [
                106.029876,
                21.384029
              ],
              [
                106.030068,
                21.383856
              ],
              [
                106.030091,
                21.383836
              ],
              [
                106.030137,
                21.383761
              ],
              [
                106.030107,
                21.383622
              ],
              [
                106.030008,
                21.383386
              ],
              [
                106.029879,
                21.383169
              ],
              [
                106.029841,
                21.383046
              ],
              [
                106.029853,
                21.382939
              ],
              [
                106.029875,
                21.382846
              ],
              [
                106.029935,
                21.382792
              ],
              [
                106.030018,
                21.382772
              ],
              [
                106.030122,
                21.382776
              ],
              [
                106.030269,
                21.382761
              ],
              [
                106.030361,
                21.382732
              ],
              [
                106.030411,
                21.382673
              ],
              [
                106.030412,
                21.382617
              ],
              [
                106.030369,
                21.382498
              ],
              [
                106.030231,
                21.382272
              ],
              [
                106.030008,
                21.382001
              ],
              [
                106.029812,
                21.381906
              ],
              [
                106.029655,
                21.381798
              ],
              [
                106.029493,
                21.381642
              ],
              [
                106.029433,
                21.381487
              ],
              [
                106.029393,
                21.381345
              ],
              [
                106.029314,
                21.381175
              ],
              [
                106.029275,
                21.38099
              ],
              [
                106.029274,
                21.380891
              ],
              [
                106.029292,
                21.380822
              ],
              [
                106.029324,
                21.380739
              ],
              [
                106.029386,
                21.380686
              ],
              [
                106.029494,
                21.380657
              ],
              [
                106.029683,
                21.380665
              ],
              [
                106.03013,
                21.380752
              ],
              [
                106.03031,
                21.380788
              ],
              [
                106.03039,
                21.380769
              ],
              [
                106.030444,
                21.38072
              ],
              [
                106.030475,
                21.380655
              ],
              [
                106.03047,
                21.38051
              ],
              [
                106.030402,
                21.380422
              ],
              [
                106.030194,
                21.38009
              ],
              [
                106.03014,
                21.379835
              ],
              [
                106.030138,
                21.379673
              ],
              [
                106.030138,
                21.379672
              ],
              [
                106.03007,
                21.379596
              ],
              [
                106.03,
                21.379517
              ],
              [
                106.029884,
                21.379452
              ],
              [
                106.029689,
                21.379388
              ],
              [
                106.029415,
                21.379342
              ],
              [
                106.02923,
                21.379346
              ],
              [
                106.029182,
                21.379356
              ],
              [
                106.029048,
                21.379386
              ],
              [
                106.028886,
                21.379473
              ],
              [
                106.028804,
                21.379534
              ],
              [
                106.028783,
                21.379549
              ],
              [
                106.028524,
                21.379741
              ],
              [
                106.028181,
                21.380032
              ],
              [
                106.028039,
                21.380076
              ],
              [
                106.02799,
                21.380078
              ],
              [
                106.027915,
                21.380067
              ],
              [
                106.027655,
                21.380013
              ],
              [
                106.027567,
                21.380017
              ],
              [
                106.027498,
                21.380041
              ],
              [
                106.027435,
                21.380066
              ],
              [
                106.027386,
                21.380084
              ],
              [
                106.027349,
                21.380103
              ],
              [
                106.027305,
                21.380128
              ],
              [
                106.027252,
                21.380144
              ],
              [
                106.027211,
                21.380146
              ],
              [
                106.027131,
                21.380162
              ],
              [
                106.027064,
                21.380189
              ],
              [
                106.027013,
                21.380216
              ],
              [
                106.026977,
                21.380251
              ],
              [
                106.026952,
                21.380287
              ],
              [
                106.026922,
                21.38032
              ],
              [
                106.02691,
                21.380324
              ],
              [
                106.026782,
                21.380365
              ],
              [
                106.026727,
                21.380389
              ],
              [
                106.026666,
                21.380427
              ],
              [
                106.02662,
                21.38052
              ],
              [
                106.026611,
                21.380538
              ],
              [
                106.026604,
                21.380552
              ],
              [
                106.026576,
                21.380568
              ],
              [
                106.026515,
                21.380583
              ],
              [
                106.026478,
                21.3806
              ],
              [
                106.026411,
                21.380717
              ],
              [
                106.026165,
                21.380905
              ],
              [
                106.026017,
                21.380887
              ],
              [
                106.025876,
                21.380231
              ],
              [
                106.025837,
                21.380056
              ],
              [
                106.025619,
                21.380111
              ],
              [
                106.025473,
                21.38021
              ],
              [
                106.02547,
                21.38027
              ],
              [
                106.025519,
                21.380345
              ],
              [
                106.025458,
                21.380445
              ],
              [
                106.025472,
                21.38053
              ],
              [
                106.025365,
                21.380673
              ],
              [
                106.025342,
                21.380704
              ],
              [
                106.025327,
                21.380912
              ],
              [
                106.025264,
                21.381079
              ],
              [
                106.025127,
                21.381062
              ],
              [
                106.025019,
                21.381012
              ],
              [
                106.024903,
                21.381167
              ],
              [
                106.024706,
                21.380809
              ],
              [
                106.024412,
                21.38056
              ],
              [
                106.024155,
                21.380498
              ],
              [
                106.023915,
                21.380476
              ],
              [
                106.023879,
                21.380413
              ],
              [
                106.02372,
                21.380387
              ],
              [
                106.023718,
                21.38039
              ],
              [
                106.023636,
                21.380424
              ],
              [
                106.023539,
                21.380443
              ],
              [
                106.023049,
                21.380232
              ],
              [
                106.023002,
                21.380145
              ],
              [
                106.02284,
                21.380196
              ],
              [
                106.02275,
                21.380015
              ],
              [
                106.022759,
                21.379757
              ],
              [
                106.022789,
                21.379743
              ],
              [
                106.022785,
                21.379644
              ],
              [
                106.023127,
                21.379614
              ],
              [
                106.023138,
                21.379616
              ],
              [
                106.023242,
                21.379636
              ],
              [
                106.023231,
                21.379793
              ],
              [
                106.023494,
                21.379836
              ],
              [
                106.023819,
                21.379858
              ],
              [
                106.023854,
                21.379848
              ],
              [
                106.023863,
                21.379786
              ],
              [
                106.023879,
                21.379741
              ],
              [
                106.023942,
                21.37968
              ],
              [
                106.023939,
                21.379645
              ],
              [
                106.023909,
                21.379516
              ],
              [
                106.023905,
                21.379424
              ],
              [
                106.023961,
                21.379172
              ],
              [
                106.023938,
                21.379092
              ],
              [
                106.023782,
                21.379059
              ],
              [
                106.023676,
                21.379159
              ],
              [
                106.023606,
                21.379188
              ],
              [
                106.023315,
                21.379309
              ],
              [
                106.023232,
                21.379066
              ],
              [
                106.022908,
                21.37924
              ],
              [
                106.022842,
                21.379115
              ],
              [
                106.022724,
                21.379005
              ],
              [
                106.022628,
                21.379068
              ],
              [
                106.022644,
                21.379257
              ],
              [
                106.022114,
                21.379281
              ],
              [
                106.021964,
                21.379152
              ],
              [
                106.021882,
                21.37923
              ],
              [
                106.021779,
                21.379328
              ],
              [
                106.021643,
                21.379145
              ],
              [
                106.021524,
                21.378984
              ],
              [
                106.021406,
                21.37907
              ],
              [
                106.021313,
                21.378975
              ],
              [
                106.021189,
                21.378794
              ],
              [
                106.02098,
                21.378327
              ],
              [
                106.020853,
                21.378045
              ],
              [
                106.020798,
                21.377957
              ],
              [
                106.020786,
                21.377888
              ],
              [
                106.020821,
                21.377849
              ],
              [
                106.020714,
                21.377498
              ],
              [
                106.02086,
                21.377318
              ],
              [
                106.020912,
                21.377167
              ],
              [
                106.020793,
                21.37713
              ],
              [
                106.02084,
                21.377021
              ],
              [
                106.021072,
                21.37681
              ],
              [
                106.020911,
                21.376569
              ],
              [
                106.020559,
                21.376385
              ],
              [
                106.02043,
                21.376347
              ],
              [
                106.020398,
                21.376338
              ],
              [
                106.020375,
                21.376548
              ],
              [
                106.020372,
                21.376576
              ],
              [
                106.020326,
                21.376677
              ],
              [
                106.020301,
                21.376733
              ],
              [
                106.020206,
                21.376807
              ],
              [
                106.020174,
                21.37689
              ],
              [
                106.020154,
                21.376942
              ],
              [
                106.01989,
                21.377066
              ],
              [
                106.019705,
                21.377615
              ],
              [
                106.019715,
                21.377641
              ],
              [
                106.019915,
                21.377834
              ],
              [
                106.019966,
                21.378019
              ],
              [
                106.020018,
                21.378207
              ],
              [
                106.020024,
                21.378345
              ],
              [
                106.020035,
                21.378601
              ],
              [
                106.020016,
                21.37874
              ],
              [
                106.019839,
                21.378993
              ],
              [
                106.019805,
                21.378934
              ],
              [
                106.019438,
                21.379211
              ],
              [
                106.019285,
                21.379368
              ],
              [
                106.019407,
                21.379508
              ],
              [
                106.019465,
                21.379718
              ],
              [
                106.019417,
                21.379826
              ],
              [
                106.01924,
                21.380933
              ],
              [
                106.019127,
                21.380937
              ],
              [
                106.019099,
                21.381123
              ],
              [
                106.019108,
                21.381186
              ],
              [
                106.018947,
                21.381254
              ],
              [
                106.018936,
                21.381258
              ],
              [
                106.018749,
                21.381324
              ],
              [
                106.018731,
                21.381481
              ],
              [
                106.018713,
                21.381555
              ],
              [
                106.018563,
                21.381421
              ],
              [
                106.018494,
                21.381362
              ],
              [
                106.017762,
                21.380724
              ],
              [
                106.01748,
                21.380388
              ],
              [
                106.017366,
                21.38044
              ],
              [
                106.017335,
                21.380454
              ],
              [
                106.017257,
                21.380495
              ],
              [
                106.017051,
                21.38057
              ],
              [
                106.016904,
                21.380626
              ],
              [
                106.016842,
                21.380665
              ],
              [
                106.01679,
                21.380598
              ],
              [
                106.016757,
                21.380555
              ],
              [
                106.016497,
                21.380742
              ],
              [
                106.016329,
                21.380657
              ],
              [
                106.016153,
                21.380853
              ],
              [
                106.015958,
                21.380676
              ],
              [
                106.015893,
                21.380739
              ],
              [
                106.015442,
                21.380344
              ],
              [
                106.014902,
                21.380653
              ],
              [
                106.014671,
                21.380792
              ],
              [
                106.014079,
                21.381149
              ],
              [
                106.014039,
                21.381171
              ],
              [
                106.014028,
                21.381177
              ],
              [
                106.013329,
                21.380905
              ],
              [
                106.013272,
                21.380831
              ],
              [
                106.013107,
                21.380567
              ],
              [
                106.012903,
                21.38032
              ],
              [
                106.01284,
                21.380242
              ],
              [
                106.012563,
                21.379855
              ],
              [
                106.012347,
                21.379535
              ],
              [
                106.013056,
                21.379227
              ],
              [
                106.01299,
                21.379072
              ],
              [
                106.012772,
                21.379167
              ],
              [
                106.012586,
                21.378694
              ],
              [
                106.012483,
                21.378537
              ],
              [
                106.012344,
                21.378406
              ],
              [
                106.011872,
                21.377838
              ],
              [
                106.011834,
                21.377868
              ],
              [
                106.011777,
                21.377869
              ],
              [
                106.011701,
                21.377827
              ],
              [
                106.011683,
                21.377792
              ],
              [
                106.011937,
                21.377489
              ],
              [
                106.011761,
                21.377336
              ],
              [
                106.01045,
                21.378699
              ],
              [
                106.010329,
                21.378555
              ],
              [
                106.010104,
                21.378749
              ],
              [
                106.010035,
                21.378691
              ],
              [
                106.009778,
                21.378748
              ],
              [
                106.009647,
                21.378653
              ],
              [
                106.009565,
                21.378814
              ],
              [
                106.009371,
                21.378838
              ],
              [
                106.009163,
                21.378811
              ],
              [
                106.009435,
                21.378242
              ],
              [
                106.009334,
                21.378207
              ],
              [
                106.009643,
                21.377429
              ],
              [
                106.009224,
                21.37736
              ],
              [
                106.008881,
                21.377233
              ],
              [
                106.008807,
                21.377285
              ],
              [
                106.008641,
                21.377255
              ],
              [
                106.00861,
                21.377212
              ],
              [
                106.008534,
                21.377097
              ],
              [
                106.008365,
                21.37719
              ],
              [
                106.008229,
                21.377016
              ],
              [
                106.008211,
                21.377006
              ],
              [
                106.008125,
                21.377329
              ],
              [
                106.007908,
                21.377347
              ],
              [
                106.00784,
                21.37734
              ],
              [
                106.007829,
                21.377339
              ],
              [
                106.007622,
                21.377317
              ],
              [
                106.0073,
                21.377284
              ],
              [
                106.007162,
                21.377212
              ],
              [
                106.007092,
                21.377312
              ],
              [
                106.007034,
                21.377338
              ],
              [
                106.006962,
                21.377332
              ],
              [
                106.006977,
                21.377256
              ],
              [
                106.007059,
                21.37663
              ],
              [
                106.007088,
                21.376321
              ],
              [
                106.007122,
                21.376059
              ],
              [
                106.007124,
                21.375991
              ],
              [
                106.007134,
                21.375623
              ],
              [
                106.007117,
                21.375408
              ],
              [
                106.006981,
                21.375363
              ],
              [
                106.00706,
                21.375172
              ],
              [
                106.006708,
                21.375086
              ],
              [
                106.006743,
                21.374793
              ],
              [
                106.00683,
                21.374435
              ],
              [
                106.006857,
                21.374429
              ],
              [
                106.006913,
                21.374291
              ],
              [
                106.006915,
                21.374277
              ],
              [
                106.006922,
                21.374227
              ],
              [
                106.006858,
                21.374222
              ],
              [
                106.006589,
                21.374201
              ],
              [
                106.006371,
                21.374216
              ],
              [
                106.00631,
                21.374241
              ],
              [
                106.006226,
                21.374274
              ],
              [
                106.006202,
                21.374205
              ],
              [
                106.006189,
                21.374104
              ],
              [
                106.006195,
                21.374014
              ],
              [
                106.006195,
                21.374013
              ],
              [
                106.006195,
                21.374012
              ],
              [
                106.006286,
                21.373692
              ],
              [
                106.006289,
                21.373681
              ],
              [
                106.006293,
                21.373667
              ],
              [
                106.006294,
                21.373666
              ],
              [
                106.006344,
                21.37346
              ],
              [
                106.006365,
                21.373327
              ],
              [
                106.006391,
                21.373142
              ],
              [
                106.006389,
                21.373095
              ],
              [
                106.006388,
                21.373086
              ],
              [
                106.006352,
                21.372966
              ],
              [
                106.006315,
                21.372865
              ],
              [
                106.00631,
                21.372851
              ],
              [
                106.006298,
                21.372776
              ],
              [
                106.00632,
                21.372669
              ],
              [
                106.006378,
                21.372479
              ],
              [
                106.006443,
                21.372299
              ],
              [
                106.006456,
                21.372209
              ],
              [
                106.006461,
                21.372148
              ],
              [
                106.006475,
                21.371976
              ],
              [
                106.006479,
                21.371934
              ],
              [
                106.006703,
                21.371932
              ],
              [
                106.00673,
                21.371805
              ],
              [
                106.006882,
                21.371143
              ],
              [
                106.006921,
                21.37101
              ],
              [
                106.006988,
                21.370775
              ],
              [
                106.007054,
                21.370607
              ],
              [
                106.007069,
                21.370476
              ],
              [
                106.007051,
                21.37033
              ],
              [
                106.007025,
                21.370132
              ],
              [
                106.006985,
                21.369813
              ],
              [
                106.006968,
                21.369613
              ],
              [
                106.00696,
                21.369451
              ],
              [
                106.00696,
                21.369389
              ],
              [
                106.006965,
                21.369376
              ],
              [
                106.006982,
                21.369335
              ],
              [
                106.007035,
                21.369173
              ],
              [
                106.007056,
                21.369041
              ],
              [
                106.007068,
                21.368942
              ],
              [
                106.007068,
                21.368937
              ],
              [
                106.007109,
                21.368838
              ],
              [
                106.007172,
                21.368733
              ],
              [
                106.007174,
                21.368731
              ],
              [
                106.00728,
                21.368592
              ],
              [
                106.007336,
                21.36849
              ],
              [
                106.007366,
                21.368439
              ],
              [
                106.007376,
                21.368419
              ],
              [
                106.007413,
                21.368433
              ],
              [
                106.007418,
                21.368417
              ],
              [
                106.007562,
                21.367958
              ],
              [
                106.007801,
                21.36753
              ],
              [
                106.007807,
                21.367477
              ],
              [
                106.007827,
                21.367405
              ],
              [
                106.007847,
                21.367338
              ],
              [
                106.007884,
                21.367278
              ],
              [
                106.007946,
                21.367187
              ],
              [
                106.007986,
                21.367129
              ],
              [
                106.008018,
                21.367034
              ],
              [
                106.008058,
                21.366878
              ],
              [
                106.008087,
                21.366679
              ],
              [
                106.008119,
                21.366521
              ],
              [
                106.008151,
                21.36628
              ],
              [
                106.008192,
                21.366017
              ],
              [
                106.008238,
                21.365795
              ],
              [
                106.008268,
                21.365825
              ],
              [
                106.008381,
                21.365918
              ],
              [
                106.008485,
                21.366029
              ],
              [
                106.008891,
                21.365784
              ],
              [
                106.008895,
                21.365781
              ],
              [
                106.009109,
                21.365748
              ],
              [
                106.009323,
                21.365715
              ],
              [
                106.009687,
                21.365658
              ],
              [
                106.00992,
                21.365607
              ],
              [
                106.010113,
                21.365564
              ],
              [
                106.010266,
                21.365501
              ],
              [
                106.010739,
                21.365106
              ],
              [
                106.011779,
                21.364373
              ],
              [
                106.012088,
                21.364098
              ],
              [
                106.012421,
                21.3639
              ],
              [
                106.012447,
                21.363884
              ],
              [
                106.01277,
                21.363653
              ],
              [
                106.012916,
                21.363515
              ],
              [
                106.013115,
                21.363326
              ],
              [
                106.013158,
                21.363285
              ],
              [
                106.013558,
                21.362931
              ],
              [
                106.013782,
                21.362743
              ],
              [
                106.013996,
                21.362627
              ],
              [
                106.014095,
                21.362525
              ],
              [
                106.014106,
                21.362514
              ],
              [
                106.014407,
                21.36223
              ],
              [
                106.014509,
                21.362047
              ],
              [
                106.014636,
                21.361713
              ],
              [
                106.014685,
                21.361555
              ],
              [
                106.014699,
                21.361415
              ],
              [
                106.014712,
                21.361063
              ],
              [
                106.014727,
                21.360977
              ],
              [
                106.014757,
                21.360869
              ],
              [
                106.014876,
                21.360435
              ],
              [
                106.014948,
                21.360255
              ],
              [
                106.015004,
                21.360072
              ],
              [
                106.015049,
                21.3598
              ],
              [
                106.015063,
                21.35972
              ],
              [
                106.015141,
                21.35928
              ],
              [
                106.015136,
                21.35914
              ],
              [
                106.014947,
                21.359068
              ],
              [
                106.015069,
                21.3589
              ],
              [
                106.015521,
                21.358271
              ],
              [
                106.015669,
                21.358026
              ],
              [
                106.016216,
                21.357244
              ],
              [
                106.016422,
                21.356951
              ],
              [
                106.016591,
                21.356731
              ],
              [
                106.016847,
                21.356397
              ],
              [
                106.01817,
                21.356451
              ],
              [
                106.018205,
                21.355513
              ],
              [
                106.018569,
                21.354734
              ],
              [
                106.018215,
                21.354606
              ],
              [
                106.018819,
                21.353814
              ],
              [
                106.019039,
                21.353524
              ],
              [
                106.019078,
                21.353473
              ],
              [
                106.018752,
                21.353144
              ],
              [
                106.018725,
                21.353031
              ],
              [
                106.018938,
                21.352934
              ],
              [
                106.018874,
                21.352779
              ],
              [
                106.018519,
                21.352825
              ],
              [
                106.018585,
                21.352297
              ],
              [
                106.0187,
                21.352284
              ],
              [
                106.018963,
                21.351262
              ],
              [
                106.018873,
                21.351238
              ],
              [
                106.018898,
                21.35078
              ],
              [
                106.018074,
                21.350659
              ],
              [
                106.018094,
                21.350431
              ],
              [
                106.017999,
                21.350377
              ],
              [
                106.017879,
                21.350381
              ],
              [
                106.01787,
                21.350454
              ],
              [
                106.017616,
                21.3505
              ],
              [
                106.017346,
                21.350049
              ],
              [
                106.017205,
                21.349873
              ],
              [
                106.017351,
                21.349817
              ],
              [
                106.017006,
                21.349249
              ],
              [
                106.016745,
                21.349225
              ],
              [
                106.01679,
                21.349107
              ],
              [
                106.016244,
                21.349026
              ],
              [
                106.016231,
                21.349151
              ],
              [
                106.015722,
                21.349065
              ],
              [
                106.015782,
                21.348688
              ],
              [
                106.015173,
                21.348611
              ],
              [
                106.015191,
                21.34835
              ],
              [
                106.015004,
                21.348097
              ],
              [
                106.014309,
                21.34808
              ],
              [
                106.014293,
                21.348079
              ],
              [
                106.0142,
                21.348217
              ],
              [
                106.014101,
                21.348241
              ],
              [
                106.013993,
                21.348488
              ],
              [
                106.013452,
                21.348329
              ],
              [
                106.013387,
                21.348586
              ],
              [
                106.012898,
                21.348506
              ],
              [
                106.01292,
                21.348208
              ],
              [
                106.012654,
                21.348303
              ],
              [
                106.012056,
                21.348476
              ],
              [
                106.011883,
                21.3485
              ],
              [
                106.011315,
                21.34872
              ],
              [
                106.010893,
                21.347909
              ],
              [
                106.01067,
                21.348021
              ],
              [
                106.010232,
                21.347239
              ],
              [
                106.010338,
                21.347162
              ],
              [
                106.010329,
                21.347033
              ],
              [
                106.00977,
                21.347001
              ],
              [
                106.009754,
                21.346719
              ],
              [
                106.00966,
                21.34633
              ],
              [
                106.009525,
                21.345883
              ],
              [
                106.009478,
                21.345856
              ],
              [
                106.009407,
                21.345843
              ],
              [
                106.008323,
                21.346093
              ],
              [
                106.007195,
                21.346694
              ],
              [
                106.006966,
                21.346209
              ],
              [
                106.006662,
                21.345731
              ],
              [
                106.006447,
                21.345888
              ],
              [
                106.0064,
                21.345854
              ],
              [
                106.006148,
                21.346132
              ],
              [
                106.005776,
                21.346459
              ],
              [
                106.005314,
                21.346718
              ],
              [
                106.005193,
                21.346754
              ],
              [
                106.005186,
                21.346645
              ],
              [
                106.005114,
                21.346646
              ],
              [
                106.005031,
                21.346648
              ],
              [
                106.005002,
                21.346648
              ],
              [
                106.004682,
                21.346698
              ],
              [
                106.004647,
                21.346785
              ],
              [
                106.004456,
                21.346793
              ],
              [
                106.004434,
                21.346872
              ],
              [
                106.004453,
                21.346876
              ],
              [
                106.004446,
                21.34693
              ],
              [
                106.004506,
                21.346941
              ],
              [
                106.004489,
                21.347087
              ],
              [
                106.004428,
                21.347082
              ],
              [
                106.00442,
                21.347097
              ],
              [
                106.004379,
                21.347179
              ],
              [
                106.004133,
                21.347772
              ],
              [
                106.003788,
                21.34768
              ],
              [
                106.003684,
                21.347923
              ],
              [
                106.003525,
                21.347957
              ],
              [
                106.003263,
                21.347865
              ],
              [
                106.003153,
                21.348073
              ],
              [
                106.002918,
                21.348124
              ],
              [
                106.002955,
                21.348351
              ],
              [
                106.001879,
                21.348768
              ],
              [
                106.001879,
                21.348768
              ],
              [
                106.001875,
                21.348769
              ],
              [
                106.000962,
                21.349034
              ],
              [
                106.001055,
                21.3495
              ],
              [
                106.000964,
                21.349538
              ],
              [
                105.999843,
                21.350004
              ],
              [
                106.000002,
                21.350338
              ],
              [
                105.999811,
                21.350433
              ],
              [
                105.999956,
                21.350803
              ],
              [
                106.000103,
                21.35118
              ],
              [
                105.999594,
                21.351377
              ],
              [
                105.999587,
                21.35135
              ],
              [
                105.999533,
                21.351085
              ],
              [
                105.998339,
                21.351556
              ],
              [
                105.998413,
                21.351681
              ],
              [
                105.998502,
                21.351834
              ],
              [
                105.998605,
                21.352022
              ],
              [
                105.998772,
                21.352328
              ],
              [
                105.998842,
                21.352481
              ],
              [
                105.998563,
                21.352599
              ],
              [
                105.998273,
                21.35283
              ],
              [
                105.997849,
                21.353219
              ],
              [
                105.997169,
                21.353392
              ],
              [
                105.997168,
                21.353393
              ],
              [
                105.996835,
                21.353477
              ],
              [
                105.996643,
                21.353393
              ],
              [
                105.99672,
                21.353216
              ],
              [
                105.996971,
                21.352785
              ],
              [
                105.996345,
                21.352663
              ],
              [
                105.995956,
                21.352714
              ],
              [
                105.992803,
                21.35354
              ],
              [
                105.992827,
                21.353648
              ],
              [
                105.992827,
                21.353679
              ],
              [
                105.992817,
                21.353701
              ],
              [
                105.992805,
                21.353718
              ],
              [
                105.992783,
                21.35373
              ],
              [
                105.992762,
                21.353737
              ],
              [
                105.992719,
                21.353738
              ],
              [
                105.992719,
                21.353738
              ],
              [
                105.992675,
                21.35373
              ],
              [
                105.992642,
                21.353718
              ],
              [
                105.992591,
                21.353696
              ],
              [
                105.9925,
                21.353676
              ],
              [
                105.992485,
                21.353674
              ],
              [
                105.992454,
                21.353669
              ],
              [
                105.992439,
                21.353667
              ],
              [
                105.992405,
                21.353664
              ],
              [
                105.992354,
                21.353659
              ],
              [
                105.992305,
                21.353656
              ],
              [
                105.992244,
                21.353652
              ],
              [
                105.992211,
                21.353651
              ],
              [
                105.992195,
                21.353651
              ],
              [
                105.99218,
                21.353651
              ],
              [
                105.992166,
                21.353652
              ],
              [
                105.992151,
                21.353654
              ],
              [
                105.992137,
                21.353656
              ],
              [
                105.992122,
                21.35366
              ],
              [
                105.992111,
                21.353663
              ],
              [
                105.992099,
                21.353667
              ],
              [
                105.992088,
                21.353672
              ],
              [
                105.992077,
                21.353677
              ],
              [
                105.992067,
                21.353683
              ],
              [
                105.992057,
                21.35369
              ],
              [
                105.992045,
                21.3537
              ],
              [
                105.992034,
                21.353711
              ],
              [
                105.992023,
                21.353723
              ],
              [
                105.991992,
                21.353761
              ],
              [
                105.991981,
                21.353774
              ],
              [
                105.991969,
                21.353787
              ],
              [
                105.991959,
                21.353797
              ],
              [
                105.991956,
                21.3538
              ],
              [
                105.991943,
                21.353813
              ],
              [
                105.991889,
                21.353864
              ],
              [
                105.991862,
                21.35389
              ],
              [
                105.99185,
                21.353903
              ],
              [
                105.991837,
                21.353917
              ],
              [
                105.991826,
                21.353931
              ],
              [
                105.991816,
                21.353945
              ],
              [
                105.991795,
                21.353975
              ],
              [
                105.991776,
                21.354005
              ],
              [
                105.991748,
                21.354051
              ],
              [
                105.991731,
                21.354082
              ],
              [
                105.991722,
                21.354098
              ],
              [
                105.991714,
                21.354113
              ],
              [
                105.991706,
                21.354129
              ],
              [
                105.9917,
                21.354145
              ],
              [
                105.991694,
                21.354162
              ],
              [
                105.991688,
                21.354179
              ],
              [
                105.991684,
                21.354196
              ],
              [
                105.991675,
                21.35423
              ],
              [
                105.991667,
                21.354264
              ],
              [
                105.991626,
                21.354456
              ],
              [
                105.991619,
                21.354491
              ],
              [
                105.991616,
                21.354508
              ],
              [
                105.991613,
                21.354525
              ],
              [
                105.991611,
                21.354542
              ],
              [
                105.99161,
                21.354559
              ],
              [
                105.99161,
                21.354576
              ],
              [
                105.991611,
                21.35459
              ],
              [
                105.991613,
                21.354604
              ],
              [
                105.991617,
                21.354616
              ],
              [
                105.991622,
                21.354628
              ],
              [
                105.991628,
                21.354639
              ],
              [
                105.991636,
                21.35465
              ],
              [
                105.991646,
                21.354661
              ],
              [
                105.991658,
                21.354671
              ],
              [
                105.991671,
                21.35468
              ],
              [
                105.991711,
                21.354708
              ],
              [
                105.991724,
                21.354717
              ],
              [
                105.991737,
                21.354729
              ],
              [
                105.991749,
                21.354741
              ],
              [
                105.991761,
                21.354753
              ],
              [
                105.99177,
                21.354766
              ],
              [
                105.991778,
                21.354779
              ],
              [
                105.991785,
                21.354794
              ],
              [
                105.991791,
                21.35481
              ],
              [
                105.991796,
                21.354826
              ],
              [
                105.991798,
                21.35484
              ],
              [
                105.9918,
                21.354854
              ],
              [
                105.9918,
                21.354868
              ],
              [
                105.9918,
                21.354882
              ],
              [
                105.9918,
                21.354895
              ],
              [
                105.991798,
                21.354908
              ],
              [
                105.991796,
                21.354922
              ],
              [
                105.991793,
                21.354937
              ],
              [
                105.99179,
                21.354952
              ],
              [
                105.991786,
                21.354967
              ],
              [
                105.991781,
                21.354982
              ],
              [
                105.991776,
                21.354997
              ],
              [
                105.99177,
                21.355011
              ],
              [
                105.991764,
                21.355026
              ],
              [
                105.991756,
                21.355042
              ],
              [
                105.991732,
                21.35509
              ],
              [
                105.991724,
                21.355107
              ],
              [
                105.991717,
                21.355123
              ],
              [
                105.991711,
                21.35514
              ],
              [
                105.991706,
                21.355154
              ],
              [
                105.991703,
                21.355169
              ],
              [
                105.991699,
                21.355183
              ],
              [
                105.991697,
                21.355198
              ],
              [
                105.991695,
                21.355213
              ],
              [
                105.991694,
                21.355228
              ],
              [
                105.991693,
                21.355243
              ],
              [
                105.991692,
                21.355289
              ],
              [
                105.991691,
                21.355304
              ],
              [
                105.99169,
                21.355316
              ],
              [
                105.991688,
                21.355327
              ],
              [
                105.991686,
                21.355339
              ],
              [
                105.991682,
                21.35535
              ],
              [
                105.991677,
                21.355362
              ],
              [
                105.991669,
                21.355375
              ],
              [
                105.991661,
                21.355388
              ],
              [
                105.991651,
                21.3554
              ],
              [
                105.991641,
                21.355413
              ],
              [
                105.99163,
                21.355424
              ],
              [
                105.991619,
                21.355436
              ],
              [
                105.991607,
                21.355447
              ],
              [
                105.991593,
                21.355459
              ],
              [
                105.991579,
                21.355471
              ],
              [
                105.99155,
                21.355494
              ],
              [
                105.991505,
                21.355527
              ],
              [
                105.99146,
                21.355559
              ],
              [
                105.991429,
                21.35558
              ],
              [
                105.991401,
                21.355597
              ],
              [
                105.991373,
                21.355613
              ],
              [
                105.991359,
                21.355621
              ],
              [
                105.991344,
                21.355628
              ],
              [
                105.991327,
                21.355635
              ],
              [
                105.991311,
                21.355642
              ],
              [
                105.991293,
                21.355649
              ],
              [
                105.991259,
                21.355662
              ],
              [
                105.991172,
                21.355693
              ],
              [
                105.991138,
                21.355706
              ],
              [
                105.99112,
                21.355713
              ],
              [
                105.991087,
                21.355728
              ],
              [
                105.991053,
                21.355744
              ],
              [
                105.99102,
                21.35576
              ],
              [
                105.99097,
                21.355785
              ],
              [
                105.990938,
                21.355803
              ],
              [
                105.990889,
                21.35583
              ],
              [
                105.990501,
                21.356048
              ],
              [
                105.990452,
                21.356076
              ],
              [
                105.990403,
                21.356102
              ],
              [
                105.99032,
                21.356147
              ],
              [
                105.9895,
                21.356577
              ],
              [
                105.989383,
                21.356638
              ],
              [
                105.989375,
                21.356643
              ],
              [
                105.989284,
                21.356692
              ],
              [
                105.988728,
                21.356994
              ],
              [
                105.988646,
                21.357038
              ],
              [
                105.988545,
                21.357091
              ],
              [
                105.987505,
                21.357633
              ],
              [
                105.987389,
                21.357694
              ],
              [
                105.987289,
                21.357748
              ],
              [
                105.98659,
                21.358127
              ],
              [
                105.986264,
                21.358301
              ],
              [
                105.98615,
                21.358362
              ],
              [
                105.9861,
                21.358388
              ],
              [
                105.986033,
                21.358422
              ],
              [
                105.985909,
                21.358484
              ],
              [
                105.985578,
                21.358651
              ],
              [
                105.98543,
                21.35871
              ],
              [
                105.985336,
                21.358748
              ],
              [
                105.984826,
                21.358983
              ],
              [
                105.984788,
                21.359001
              ],
              [
                105.984498,
                21.359154
              ],
              [
                105.984241,
                21.35868
              ],
              [
                105.983828,
                21.358928
              ],
              [
                105.983314,
                21.359397
              ],
              [
                105.983046,
                21.359767
              ],
              [
                105.982997,
                21.359835
              ],
              [
                105.982996,
                21.359836
              ],
              [
                105.982991,
                21.359839
              ],
              [
                105.982097,
                21.360406
              ],
              [
                105.982053,
                21.360551
              ],
              [
                105.981922,
                21.360991
              ],
              [
                105.981701,
                21.361749
              ],
              [
                105.981529,
                21.362291
              ],
              [
                105.98139,
                21.362772
              ],
              [
                105.981173,
                21.363523
              ],
              [
                105.980956,
                21.364245
              ],
              [
                105.980901,
                21.364416
              ],
              [
                105.980844,
                21.364594
              ],
              [
                105.980708,
                21.365025
              ],
              [
                105.9807,
                21.365055
              ],
              [
                105.98059,
                21.365449
              ],
              [
                105.980517,
                21.365753
              ],
              [
                105.980477,
                21.365891
              ],
              [
                105.980387,
                21.366121
              ],
              [
                105.980356,
                21.366223
              ],
              [
                105.980354,
                21.366229
              ],
              [
                105.980342,
                21.36627
              ],
              [
                105.980325,
                21.366326
              ],
              [
                105.980312,
                21.366377
              ],
              [
                105.980751,
                21.366661
              ],
              [
                105.981494,
                21.367209
              ],
              [
                105.981617,
                21.367297
              ],
              [
                105.981974,
                21.367554
              ],
              [
                105.982181,
                21.367707
              ],
              [
                105.982243,
                21.367764
              ],
              [
                105.982302,
                21.367859
              ],
              [
                105.982429,
                21.368119
              ],
              [
                105.982658,
                21.368407
              ],
              [
                105.983207,
                21.369361
              ],
              [
                105.983227,
                21.369443
              ],
              [
                105.983156,
                21.369438
              ],
              [
                105.982776,
                21.369422
              ],
              [
                105.982658,
                21.369417
              ],
              [
                105.98286,
                21.370314
              ],
              [
                105.982885,
                21.370367
              ],
              [
                105.982905,
                21.370463
              ],
              [
                105.982922,
                21.370568
              ],
              [
                105.982947,
                21.370658
              ],
              [
                105.982989,
                21.37077
              ],
              [
                105.982725,
                21.371011
              ],
              [
                105.982601,
                21.371173
              ],
              [
                105.982478,
                21.371338
              ],
              [
                105.982307,
                21.371479
              ],
              [
                105.982025,
                21.371618
              ],
              [
                105.981791,
                21.371691
              ],
              [
                105.981638,
                21.371775
              ],
              [
                105.981616,
                21.371788
              ],
              [
                105.981561,
                21.371831
              ],
              [
                105.981546,
                21.371863
              ],
              [
                105.981522,
                21.371913
              ],
              [
                105.981441,
                21.371998
              ],
              [
                105.981409,
                21.372032
              ],
              [
                105.981366,
                21.372111
              ],
              [
                105.981384,
                21.372258
              ],
              [
                105.981384,
                21.372259
              ],
              [
                105.981387,
                21.372284
              ],
              [
                105.981395,
                21.372301
              ],
              [
                105.98149,
                21.372498
              ],
              [
                105.981545,
                21.372608
              ],
              [
                105.981585,
                21.372688
              ],
              [
                105.9816,
                21.372719
              ],
              [
                105.981666,
                21.373023
              ],
              [
                105.98143,
                21.373066
              ],
              [
                105.981497,
                21.373513
              ],
              [
                105.981467,
                21.373779
              ],
              [
                105.98143,
                21.373882
              ],
              [
                105.98138,
                21.374017
              ],
              [
                105.981188,
                21.374355
              ],
              [
                105.981531,
                21.374476
              ],
              [
                105.981983,
                21.374636
              ],
              [
                105.981986,
                21.37466
              ],
              [
                105.981997,
                21.37476
              ],
              [
                105.982002,
                21.374806
              ],
              [
                105.981867,
                21.374946
              ],
              [
                105.98138,
                21.375298
              ],
              [
                105.981184,
                21.375232
              ],
              [
                105.981137,
                21.375216
              ],
              [
                105.981218,
                21.374807
              ],
              [
                105.980874,
                21.374712
              ],
              [
                105.980742,
                21.37468
              ],
              [
                105.980688,
                21.374901
              ],
              [
                105.979677,
                21.374859
              ],
              [
                105.979681,
                21.374147
              ],
              [
                105.979681,
                21.374017
              ],
              [
                105.979684,
                21.373549
              ],
              [
                105.979632,
                21.373537
              ],
              [
                105.979622,
                21.373534
              ],
              [
                105.979475,
                21.373487
              ],
              [
                105.979312,
                21.373375
              ],
              [
                105.97928,
                21.373353
              ],
              [
                105.979126,
                21.373238
              ],
              [
                105.979077,
                21.373201
              ],
              [
                105.978999,
                21.373167
              ],
              [
                105.978913,
                21.37315
              ],
              [
                105.978782,
                21.373134
              ],
              [
                105.978598,
                21.373099
              ],
              [
                105.978257,
                21.373017
              ],
              [
                105.977924,
                21.372915
              ],
              [
                105.977924,
                21.372915
              ],
              [
                105.977924,
                21.372915
              ],
              [
                105.977879,
                21.373138
              ],
              [
                105.977877,
                21.373148
              ],
              [
                105.97778,
                21.373548
              ],
              [
                105.977703,
                21.374012
              ],
              [
                105.977701,
                21.374017
              ],
              [
                105.9777,
                21.374021
              ],
              [
                105.977664,
                21.374132
              ],
              [
                105.977654,
                21.374484
              ],
              [
                105.977649,
                21.374626
              ],
              [
                105.977644,
                21.375004
              ],
              [
                105.977629,
                21.375266
              ],
              [
                105.977602,
                21.375446
              ],
              [
                105.977582,
                21.375508
              ],
              [
                105.977562,
                21.375569
              ],
              [
                105.977514,
                21.375668
              ],
              [
                105.977467,
                21.375766
              ],
              [
                105.977328,
                21.376053
              ],
              [
                105.97674,
                21.375746
              ],
              [
                105.97618,
                21.375491
              ],
              [
                105.975965,
                21.375456
              ],
              [
                105.975545,
                21.375531
              ],
              [
                105.97477,
                21.375494
              ],
              [
                105.974689,
                21.375313
              ],
              [
                105.974688,
                21.375313
              ],
              [
                105.974712,
                21.375086
              ],
              [
                105.971171,
                21.374018
              ],
              [
                105.968948,
                21.373419
              ],
              [
                105.968932,
                21.372819
              ],
              [
                105.968916,
                21.372742
              ],
              [
                105.968932,
                21.372332
              ],
              [
                105.968955,
                21.372022
              ],
              [
                105.966885,
                21.372236
              ],
              [
                105.966355,
                21.372138
              ],
              [
                105.965331,
                21.371629
              ],
              [
                105.965463,
                21.37149
              ],
              [
                105.965689,
                21.371291
              ],
              [
                105.965191,
                21.371169
              ],
              [
                105.964784,
                21.370942
              ],
              [
                105.964114,
                21.371569
              ],
              [
                105.963558,
                21.371988
              ],
              [
                105.963002,
                21.372479
              ],
              [
                105.962524,
                21.372009
              ],
              [
                105.962025,
                21.371761
              ],
              [
                105.961473,
                21.371541
              ],
              [
                105.961258,
                21.371485
              ],
              [
                105.960708,
                21.371675
              ],
              [
                105.960509,
                21.371769
              ],
              [
                105.959791,
                21.371895
              ],
              [
                105.95846,
                21.372183
              ],
              [
                105.957925,
                21.372322
              ],
              [
                105.957796,
                21.372457
              ],
              [
                105.957768,
                21.372434
              ],
              [
                105.957725,
                21.372401
              ],
              [
                105.957696,
                21.372379
              ],
              [
                105.957681,
                21.372368
              ],
              [
                105.957665,
                21.372358
              ],
              [
                105.957649,
                21.372348
              ],
              [
                105.957632,
                21.372338
              ],
              [
                105.957616,
                21.372329
              ],
              [
                105.957583,
                21.372312
              ],
              [
                105.957534,
                21.372286
              ],
              [
                105.957484,
                21.372261
              ],
              [
                105.957451,
                21.372245
              ],
              [
                105.957417,
                21.372229
              ],
              [
                105.957399,
                21.372221
              ],
              [
                105.957382,
                21.372214
              ],
              [
                105.957364,
                21.372207
              ],
              [
                105.957346,
                21.372201
              ],
              [
                105.957328,
                21.372195
              ],
              [
                105.957293,
                21.372183
              ],
              [
                105.957222,
                21.372161
              ],
              [
                105.957139,
                21.372136
              ],
              [
                105.957116,
                21.372129
              ],
              [
                105.957063,
                21.372114
              ],
              [
                105.957026,
                21.372105
              ],
              [
                105.957007,
                21.372101
              ],
              [
                105.956988,
                21.372097
              ],
              [
                105.956969,
                21.372094
              ],
              [
                105.956932,
                21.372089
              ],
              [
                105.956858,
                21.372081
              ],
              [
                105.956809,
                21.372076
              ],
              [
                105.956803,
                21.372075
              ],
              [
                105.956748,
                21.37207
              ],
              [
                105.956736,
                21.372069
              ],
              [
                105.956711,
                21.372067
              ],
              [
                105.956692,
                21.372066
              ],
              [
                105.956673,
                21.372065
              ],
              [
                105.956653,
                21.372065
              ],
              [
                105.956634,
                21.372065
              ],
              [
                105.956595,
                21.372067
              ],
              [
                105.956557,
                21.372069
              ],
              [
                105.9565,
                21.372074
              ],
              [
                105.956236,
                21.372098
              ],
              [
                105.956179,
                21.372104
              ],
              [
                105.956141,
                21.372108
              ],
              [
                105.956104,
                21.372114
              ],
              [
                105.956048,
                21.372123
              ],
              [
                105.955738,
                21.372177
              ],
              [
                105.955646,
                21.372193
              ],
              [
                105.955574,
                21.372205
              ],
              [
                105.95541,
                21.37223
              ],
              [
                105.955319,
                21.372243
              ],
              [
                105.955263,
                21.372251
              ],
              [
                105.955236,
                21.372254
              ],
              [
                105.955215,
                21.372403
              ],
              [
                105.954877,
                21.372467
              ],
              [
                105.954761,
                21.372525
              ],
              [
                105.954724,
                21.372543
              ],
              [
                105.954328,
                21.372886
              ],
              [
                105.953623,
                21.372977
              ],
              [
                105.95295,
                21.372999
              ],
              [
                105.95291,
                21.373172
              ],
              [
                105.95272,
                21.373814
              ],
              [
                105.952639,
                21.37402
              ],
              [
                105.952404,
                21.374521
              ],
              [
                105.951686,
                21.374269
              ],
              [
                105.951329,
                21.374156
              ],
              [
                105.951114,
                21.374129
              ],
              [
                105.950935,
                21.374234
              ],
              [
                105.950839,
                21.374166
              ],
              [
                105.950682,
                21.374113
              ],
              [
                105.950365,
                21.37402
              ],
              [
                105.950067,
                21.373894
              ],
              [
                105.949657,
                21.373738
              ],
              [
                105.949505,
                21.373912
              ],
              [
                105.949196,
                21.373542
              ],
              [
                105.948611,
                21.373929
              ],
              [
                105.948539,
                21.37402
              ],
              [
                105.948429,
                21.374057
              ],
              [
                105.948449,
                21.374075
              ],
              [
                105.94858,
                21.374199
              ],
              [
                105.948672,
                21.374279
              ],
              [
                105.948357,
                21.374514
              ],
              [
                105.948604,
                21.374786
              ],
              [
                105.948234,
                21.375132
              ],
              [
                105.948194,
                21.375228
              ],
              [
                105.948189,
                21.375376
              ],
              [
                105.948104,
                21.375549
              ],
              [
                105.948038,
                21.375625
              ],
              [
                105.948028,
                21.375711
              ],
              [
                105.948203,
                21.37595
              ],
              [
                105.947884,
                21.376262
              ],
              [
                105.94811,
                21.376466
              ],
              [
                105.947654,
                21.3771
              ],
              [
                105.947321,
                21.377618
              ],
              [
                105.947148,
                21.3777
              ],
              [
                105.946833,
                21.377889
              ],
              [
                105.947115,
                21.378212
              ],
              [
                105.947234,
                21.378409
              ],
              [
                105.94693,
                21.37852
              ],
              [
                105.946542,
                21.378664
              ],
              [
                105.946305,
                21.378747
              ],
              [
                105.945965,
                21.378861
              ],
              [
                105.945893,
                21.378892
              ],
              [
                105.94578,
                21.378926
              ],
              [
                105.945748,
                21.37883
              ],
              [
                105.945723,
                21.37874
              ],
              [
                105.9454,
                21.378754
              ],
              [
                105.945225,
                21.378768
              ],
              [
                105.945072,
                21.378786
              ],
              [
                105.944986,
                21.378838
              ],
              [
                105.944866,
                21.378895
              ],
              [
                105.944733,
                21.378907
              ],
              [
                105.944697,
                21.378886
              ],
              [
                105.944525,
                21.378898
              ],
              [
                105.943628,
                21.378964
              ],
              [
                105.943711,
                21.379201
              ],
              [
                105.943805,
                21.379822
              ],
              [
                105.943836,
                21.380659
              ],
              [
                105.943838,
                21.381029
              ],
              [
                105.943805,
                21.381926
              ],
              [
                105.943827,
                21.382266
              ],
              [
                105.943848,
                21.382607
              ],
              [
                105.943992,
                21.38318
              ],
              [
                105.944085,
                21.383777
              ],
              [
                105.944112,
                21.384004
              ],
              [
                105.944113,
                21.384123
              ],
              [
                105.944106,
                21.384454
              ],
              [
                105.944103,
                21.384578
              ],
              [
                105.944131,
                21.384948
              ],
              [
                105.944301,
                21.385521
              ],
              [
                105.944702,
                21.386463
              ],
              [
                105.944804,
                21.386802
              ],
              [
                105.944924,
                21.387202
              ],
              [
                105.945058,
                21.388194
              ],
              [
                105.945127,
                21.389354
              ],
              [
                105.945144,
                21.389627
              ],
              [
                105.94511,
                21.39038
              ],
              [
                105.945049,
                21.390727
              ],
              [
                105.944924,
                21.39123
              ],
              [
                105.944861,
                21.391392
              ],
              [
                105.944723,
                21.391745
              ],
              [
                105.944535,
                21.392188
              ],
              [
                105.94427,
                21.392608
              ],
              [
                105.943609,
                21.393102
              ],
              [
                105.942983,
                21.393515
              ],
              [
                105.942897,
                21.393572
              ],
              [
                105.94253,
                21.393909
              ],
              [
                105.942163,
                21.394461
              ],
              [
                105.942025,
                21.39476
              ],
              [
                105.941951,
                21.395167
              ],
              [
                105.941924,
                21.39528
              ],
              [
                105.941839,
                21.395646
              ],
              [
                105.941829,
                21.3961
              ],
              [
                105.941614,
                21.396436
              ],
              [
                105.941211,
                21.397263
              ],
              [
                105.941019,
                21.397848
              ],
              [
                105.941011,
                21.397873
              ],
              [
                105.940951,
                21.398459
              ],
              [
                105.940916,
                21.398985
              ],
              [
                105.940953,
                21.399273
              ],
              [
                105.940983,
                21.399511
              ],
              [
                105.941125,
                21.400024
              ],
              [
                105.941345,
                21.400435
              ],
              [
                105.941564,
                21.400733
              ],
              [
                105.941692,
                21.400833
              ],
              [
                105.941871,
                21.400946
              ],
              [
                105.942006,
                21.401035
              ],
              [
                105.942198,
                21.401129
              ],
              [
                105.942396,
                21.401158
              ],
              [
                105.942658,
                21.401151
              ],
              [
                105.943046,
                21.401071
              ],
              [
                105.943295,
                21.400962
              ],
              [
                105.943548,
                21.400757
              ],
              [
                105.943878,
                21.400403
              ],
              [
                105.944132,
                21.40018
              ],
              [
                105.944361,
                21.400095
              ],
              [
                105.944552,
                21.400041
              ],
              [
                105.944737,
                21.400028
              ],
              [
                105.945076,
                21.400115
              ],
              [
                105.945275,
                21.400201
              ],
              [
                105.945485,
                21.400292
              ],
              [
                105.945857,
                21.400505
              ],
              [
                105.946235,
                21.400808
              ],
              [
                105.946627,
                21.401164
              ],
              [
                105.947064,
                21.40167
              ],
              [
                105.947321,
                21.401895
              ],
              [
                105.94777,
                21.402239
              ],
              [
                105.948276,
                21.402613
              ],
              [
                105.948834,
                21.403094
              ],
              [
                105.949648,
                21.403597
              ],
              [
                105.95007,
                21.403792
              ],
              [
                105.950467,
                21.403927
              ],
              [
                105.950774,
                21.404081
              ],
              [
                105.951102,
                21.404372
              ],
              [
                105.951493,
                21.404722
              ],
              [
                105.951898,
                21.405198
              ],
              [
                105.952407,
                21.405864
              ],
              [
                105.952728,
                21.406275
              ],
              [
                105.952947,
                21.406578
              ],
              [
                105.953159,
                21.406709
              ],
              [
                105.953465,
                21.406761
              ],
              [
                105.953701,
                21.406747
              ],
              [
                105.954071,
                21.406608
              ],
              [
                105.954459,
                21.406408
              ],
              [
                105.954802,
                21.406173
              ],
              [
                105.955144,
                21.405807
              ],
              [
                105.955555,
                21.405195
              ],
              [
                105.955826,
                21.404721
              ],
              [
                105.955938,
                21.404338
              ],
              [
                105.955941,
                21.404307
              ],
              [
                105.955942,
                21.404301
              ],
              [
                105.955974,
                21.403962
              ],
              [
                105.955934,
                21.403609
              ],
              [
                105.955842,
                21.403186
              ],
              [
                105.955685,
                21.402655
              ],
              [
                105.955613,
                21.402362
              ],
              [
                105.955458,
                21.402166
              ],
              [
                105.955196,
                21.401982
              ],
              [
                105.955093,
                21.401839
              ],
              [
                105.955002,
                21.401649
              ],
              [
                105.954993,
                21.401526
              ],
              [
                105.954988,
                21.401451
              ],
              [
                105.955044,
                21.401284
              ],
              [
                105.955139,
                21.401158
              ],
              [
                105.955584,
                21.400916
              ],
              [
                105.955896,
                21.400795
              ],
              [
                105.956228,
                21.400727
              ],
              [
                105.956566,
                21.400696
              ],
              [
                105.956859,
                21.400724
              ],
              [
                105.957223,
                21.400781
              ],
              [
                105.957741,
                21.40094
              ],
              [
                105.958165,
                21.401171
              ],
              [
                105.958228,
                21.401206
              ],
              [
                105.95843,
                21.401399
              ],
              [
                105.958613,
                21.401574
              ],
              [
                105.958839,
                21.40189
              ],
              [
                105.958994,
                21.402253
              ],
              [
                105.959094,
                21.402565
              ],
              [
                105.959118,
                21.402641
              ],
              [
                105.959183,
                21.402838
              ],
              [
                105.959248,
                21.403094
              ],
              [
                105.959276,
                21.403357
              ],
              [
                105.959246,
                21.403638
              ],
              [
                105.959139,
                21.403944
              ],
              [
                105.958969,
                21.404303
              ],
              [
                105.95868,
                21.404926
              ],
              [
                105.958428,
                21.405388
              ],
              [
                105.958092,
                21.40576
              ],
              [
                105.957637,
                21.406236
              ],
              [
                105.957534,
                21.406343
              ],
              [
                105.957117,
                21.406776
              ],
              [
                105.957059,
                21.406836
              ],
              [
                105.956697,
                21.407244
              ],
              [
                105.9564,
                21.407688
              ],
              [
                105.956174,
                21.408126
              ],
              [
                105.956048,
                21.408509
              ],
              [
                105.955965,
                21.408825
              ],
              [
                105.955899,
                21.409077
              ],
              [
                105.955769,
                21.409694
              ],
              [
                105.955663,
                21.410059
              ],
              [
                105.955497,
                21.410399
              ],
              [
                105.955254,
                21.410898
              ],
              [
                105.954932,
                21.411557
              ],
              [
                105.954501,
                21.412477
              ],
              [
                105.95447,
                21.412537
              ],
              [
                105.954397,
                21.412682
              ],
              [
                105.954349,
                21.412775
              ],
              [
                105.954299,
                21.412947
              ],
              [
                105.95429,
                21.413129
              ],
              [
                105.954344,
                21.413275
              ],
              [
                105.954374,
                21.413358
              ],
              [
                105.954518,
                21.413605
              ],
              [
                105.954827,
                21.414043
              ],
              [
                105.955445,
                21.414795
              ],
              [
                105.955855,
                21.415249
              ],
              [
                105.955969,
                21.415376
              ],
              [
                105.956165,
                21.41568
              ],
              [
                105.956394,
                21.416234
              ],
              [
                105.956539,
                21.416567
              ],
              [
                105.956582,
                21.41694
              ],
              [
                105.956584,
                21.417211
              ],
              [
                105.956584,
                21.417284
              ],
              [
                105.956591,
                21.417342
              ],
              [
                105.956681,
                21.418058
              ],
              [
                105.956874,
                21.418688
              ],
              [
                105.957067,
                21.419318
              ],
              [
                105.957131,
                21.419455
              ],
              [
                105.95737,
                21.419961
              ],
              [
                105.957875,
                21.421035
              ],
              [
                105.958351,
                21.422084
              ],
              [
                105.958474,
                21.422553
              ],
              [
                105.958519,
                21.422723
              ],
              [
                105.958599,
                21.423313
              ],
              [
                105.958626,
                21.423516
              ],
              [
                105.958648,
                21.423774
              ],
              [
                105.95867,
                21.424032
              ],
              [
                105.958604,
                21.424769
              ],
              [
                105.958481,
                21.425275
              ],
              [
                105.958435,
                21.425468
              ],
              [
                105.957992,
                21.426484
              ],
              [
                105.95775,
                21.427002
              ],
              [
                105.95768,
                21.427251
              ],
              [
                105.957657,
                21.427373
              ],
              [
                105.957562,
                21.427873
              ],
              [
                105.957414,
                21.42861
              ],
              [
                105.957327,
                21.429404
              ],
              [
                105.95737,
                21.429768
              ],
              [
                105.957381,
                21.429862
              ],
              [
                105.957538,
                21.430426
              ],
              [
                105.957747,
                21.431142
              ],
              [
                105.957843,
                21.431373
              ],
              [
                105.958037,
                21.431838
              ],
              [
                105.958306,
                21.432262
              ],
              [
                105.958357,
                21.432343
              ],
              [
                105.958593,
                21.432581
              ],
              [
                105.959014,
                21.432827
              ],
              [
                105.959763,
                21.433348
              ],
              [
                105.96005,
                21.433601
              ],
              [
                105.960098,
                21.433644
              ],
              [
                105.960194,
                21.433728
              ],
              [
                105.960431,
                21.434023
              ],
              [
                105.960853,
                21.434575
              ],
              [
                105.961132,
                21.435109
              ],
              [
                105.961232,
                21.435416
              ],
              [
                105.961278,
                21.435558
              ],
              [
                105.961288,
                21.435673
              ],
              [
                105.9613,
                21.435816
              ],
              [
                105.961251,
                21.436093
              ],
              [
                105.961211,
                21.43623
              ],
              [
                105.961506,
                21.43626
              ],
              [
                105.961549,
                21.436265
              ],
              [
                105.961864,
                21.436304
              ],
              [
                105.962008,
                21.436322
              ],
              [
                105.962187,
                21.436341
              ],
              [
                105.96233,
                21.436356
              ],
              [
                105.962531,
                21.436343
              ],
              [
                105.962579,
                21.43634
              ],
              [
                105.962763,
                21.436285
              ],
              [
                105.962938,
                21.436209
              ],
              [
                105.963064,
                21.436092
              ],
              [
                105.963064,
                21.436092
              ]
            ]
          ]
        ]
      },
      "properties": {
        "code": "07822",
        "name": "Hoàng Vân",
        "nameEn": "Hoang Van",
        "fullName": "Xã Hoàng Vân",
        "fullNameEn": "Hoang Van Commune",
        "codeName": "hoang_van",
        "postalCode": "26912",
        "postalCodePrefix": "",
        "gisServerId": "diaphanhanhchinhcapxa_2025.2155",
        "areaKm2": 40.23
      }
    }
  ]
}