{
  "type": "FeatureCollection",
  "bbox": [
    103.151399,
    21.529412,
    103.402933,
    21.690269
  ],
  "features": [
    {
      "type": "Feature",
      "id": "03283",
      "bbox": [
        103.151399,
        21.529412,
        103.402933,
        21.690269
      ],
      "geometry": {
        "type": "MultiPolygon",
        "coordinates": [
          [
            [
              [
                103.383819,
                21.690252
              ],
              [
                103.384134,
                21.690156
              ],
              [
                103.384485,
                21.689995
              ],
              [
                103.385474,
                21.689399
              ],
              [
                103.38569,
                21.689197
              ],
              [
                103.385921,
                21.688307
              ],
              [
                103.38638,
                21.68766
              ],
              [
                103.386391,
                21.687502
              ],
              [
                103.386418,
                21.687078
              ],
              [
                103.386424,
                21.686996
              ],
              [
                103.386521,
                21.686954
              ],
              [
                103.38689,
                21.686848
              ],
              [
                103.387065,
                21.686797
              ],
              [
                103.387199,
                21.686712
              ],
              [
                103.387351,
                21.686495
              ],
              [
                103.387356,
                21.686481
              ],
              [
                103.387464,
                21.686168
              ],
              [
                103.387647,
                21.685802
              ],
              [
                103.387828,
                21.685594
              ],
              [
                103.388142,
                21.685405
              ],
              [
                103.388221,
                21.685374
              ],
              [
                103.388435,
                21.685289
              ],
              [
                103.388524,
                21.685165
              ],
              [
                103.388535,
                21.684973
              ],
              [
                103.388549,
                21.684731
              ],
              [
                103.388628,
                21.684507
              ],
              [
                103.389107,
                21.683908
              ],
              [
                103.389174,
                21.683788
              ],
              [
                103.389197,
                21.683684
              ],
              [
                103.389202,
                21.683673
              ],
              [
                103.389215,
                21.6836
              ],
              [
                103.389267,
                21.683325
              ],
              [
                103.389335,
                21.682942
              ],
              [
                103.389542,
                21.682007
              ],
              [
                103.389724,
                21.681355
              ],
              [
                103.389981,
                21.680737
              ],
              [
                103.389994,
                21.680713
              ],
              [
                103.390064,
                21.680578
              ],
              [
                103.390082,
                21.680463
              ],
              [
                103.390074,
                21.680381
              ],
              [
                103.389905,
                21.679567
              ],
              [
                103.389846,
                21.67933
              ],
              [
                103.389592,
                21.678382
              ],
              [
                103.389561,
                21.678039
              ],
              [
                103.389606,
                21.677868
              ],
              [
                103.389808,
                21.677333
              ],
              [
                103.390032,
                21.676605
              ],
              [
                103.390071,
                21.676299
              ],
              [
                103.39029,
                21.67597
              ],
              [
                103.390583,
                21.675661
              ],
              [
                103.3908,
                21.675234
              ],
              [
                103.390788,
                21.674997
              ],
              [
                103.39074,
                21.674473
              ],
              [
                103.390715,
                21.674078
              ],
              [
                103.390721,
                21.673584
              ],
              [
                103.390673,
                21.672981
              ],
              [
                103.390748,
                21.672011
              ],
              [
                103.390435,
                21.67007
              ],
              [
                103.390457,
                21.669442
              ],
              [
                103.390429,
                21.669203
              ],
              [
                103.3903,
                21.668796
              ],
              [
                103.390134,
                21.668515
              ],
              [
                103.389728,
                21.668044
              ],
              [
                103.389196,
                21.667594
              ],
              [
                103.38898,
                21.667062
              ],
              [
                103.388836,
                21.66628
              ],
              [
                103.388677,
                21.665412
              ],
              [
                103.388606,
                21.664959
              ],
              [
                103.388702,
                21.664496
              ],
              [
                103.388965,
                21.664008
              ],
              [
                103.389045,
                21.663631
              ],
              [
                103.389233,
                21.66316
              ],
              [
                103.389414,
                21.66286
              ],
              [
                103.389562,
                21.662577
              ],
              [
                103.389683,
                21.662098
              ],
              [
                103.389871,
                21.661635
              ],
              [
                103.389931,
                21.660976
              ],
              [
                103.389987,
                21.660639
              ],
              [
                103.390118,
                21.660426
              ],
              [
                103.390192,
                21.66023
              ],
              [
                103.390296,
                21.65979
              ],
              [
                103.390376,
                21.659398
              ],
              [
                103.39045,
                21.659217
              ],
              [
                103.390597,
                21.658848
              ],
              [
                103.390628,
                21.658589
              ],
              [
                103.390516,
                21.658284
              ],
              [
                103.390355,
                21.657828
              ],
              [
                103.390338,
                21.657768
              ],
              [
                103.39017,
                21.657275
              ],
              [
                103.390171,
                21.657185
              ],
              [
                103.390222,
                21.65709
              ],
              [
                103.390286,
                21.65697
              ],
              [
                103.390348,
                21.656802
              ],
              [
                103.390337,
                21.656429
              ],
              [
                103.390256,
                21.656127
              ],
              [
                103.390264,
                21.656076
              ],
              [
                103.39033,
                21.655661
              ],
              [
                103.390434,
                21.655537
              ],
              [
                103.390494,
                21.655396
              ],
              [
                103.390502,
                21.655391
              ],
              [
                103.390501,
                21.655385
              ],
              [
                103.390309,
                21.653889
              ],
              [
                103.390422,
                21.653668
              ],
              [
                103.390616,
                21.653289
              ],
              [
                103.390676,
                21.653098
              ],
              [
                103.390667,
                21.653057
              ],
              [
                103.390562,
                21.652602
              ],
              [
                103.390571,
                21.65233
              ],
              [
                103.39111,
                21.651953
              ],
              [
                103.391343,
                21.651783
              ],
              [
                103.391398,
                21.651594
              ],
              [
                103.391437,
                21.651049
              ],
              [
                103.391401,
                21.65084
              ],
              [
                103.391309,
                21.650557
              ],
              [
                103.390968,
                21.649973
              ],
              [
                103.390774,
                21.649535
              ],
              [
                103.390531,
                21.64874
              ],
              [
                103.390497,
                21.648224
              ],
              [
                103.390784,
                21.647965
              ],
              [
                103.390934,
                21.647563
              ],
              [
                103.391009,
                21.647206
              ],
              [
                103.391182,
                21.646576
              ],
              [
                103.391256,
                21.646125
              ],
              [
                103.391173,
                21.645696
              ],
              [
                103.39099,
                21.645236
              ],
              [
                103.390729,
                21.644861
              ],
              [
                103.390274,
                21.64411
              ],
              [
                103.390069,
                21.643745
              ],
              [
                103.389573,
                21.643309
              ],
              [
                103.389063,
                21.642674
              ],
              [
                103.388847,
                21.642299
              ],
              [
                103.38857,
                21.641368
              ],
              [
                103.388328,
                21.640678
              ],
              [
                103.3881,
                21.640251
              ],
              [
                103.388022,
                21.639777
              ],
              [
                103.388014,
                21.639621
              ],
              [
                103.388108,
                21.639386
              ],
              [
                103.388312,
                21.639173
              ],
              [
                103.389075,
                21.638675
              ],
              [
                103.38967,
                21.638446
              ],
              [
                103.389736,
                21.638422
              ],
              [
                103.389547,
                21.637961
              ],
              [
                103.389518,
                21.637713
              ],
              [
                103.389418,
                21.63665
              ],
              [
                103.38942,
                21.635549
              ],
              [
                103.389616,
                21.635228
              ],
              [
                103.390154,
                21.634845
              ],
              [
                103.390214,
                21.634814
              ],
              [
                103.390406,
                21.634442
              ],
              [
                103.390511,
                21.634237
              ],
              [
                103.39056,
                21.63397
              ],
              [
                103.390501,
                21.633759
              ],
              [
                103.390438,
                21.633405
              ],
              [
                103.390436,
                21.633128
              ],
              [
                103.390449,
                21.633054
              ],
              [
                103.390598,
                21.632787
              ],
              [
                103.390777,
                21.632387
              ],
              [
                103.390806,
                21.63201
              ],
              [
                103.390687,
                21.631763
              ],
              [
                103.390678,
                21.631653
              ],
              [
                103.390442,
                21.63124
              ],
              [
                103.390239,
                21.631028
              ],
              [
                103.389607,
                21.630384
              ],
              [
                103.389578,
                21.630258
              ],
              [
                103.389606,
                21.630162
              ],
              [
                103.389919,
                21.629949
              ],
              [
                103.390203,
                21.629234
              ],
              [
                103.390224,
                21.629192
              ],
              [
                103.390246,
                21.629068
              ],
              [
                103.390244,
                21.628829
              ],
              [
                103.390201,
                21.628547
              ],
              [
                103.390197,
                21.62848
              ],
              [
                103.390212,
                21.628332
              ],
              [
                103.390214,
                21.628192
              ],
              [
                103.390141,
                21.628083
              ],
              [
                103.390139,
                21.628078
              ],
              [
                103.390049,
                21.627929
              ],
              [
                103.389979,
                21.627588
              ],
              [
                103.389954,
                21.627397
              ],
              [
                103.389965,
                21.627225
              ],
              [
                103.389904,
                21.627143
              ],
              [
                103.389788,
                21.627042
              ],
              [
                103.389693,
                21.626874
              ],
              [
                103.389669,
                21.626749
              ],
              [
                103.38967,
                21.626615
              ],
              [
                103.389723,
                21.626448
              ],
              [
                103.389827,
                21.626258
              ],
              [
                103.389844,
                21.626153
              ],
              [
                103.389786,
                21.625813
              ],
              [
                103.389774,
                21.625579
              ],
              [
                103.389717,
                21.625163
              ],
              [
                103.389705,
                21.625017
              ],
              [
                103.389448,
                21.624683
              ],
              [
                103.389144,
                21.624193
              ],
              [
                103.389101,
                21.624047
              ],
              [
                103.389099,
                21.624042
              ],
              [
                103.389795,
                21.622576
              ],
              [
                103.390058,
                21.622628
              ],
              [
                103.390355,
                21.622588
              ],
              [
                103.390837,
                21.622454
              ],
              [
                103.391268,
                21.62232
              ],
              [
                103.391694,
                21.622161
              ],
              [
                103.391824,
                21.622019
              ],
              [
                103.391929,
                21.621762
              ],
              [
                103.391952,
                21.621523
              ],
              [
                103.391975,
                21.621086
              ],
              [
                103.391982,
                21.620792
              ],
              [
                103.391982,
                21.62079
              ],
              [
                103.391982,
                21.620784
              ],
              [
                103.39197,
                21.620783
              ],
              [
                103.391731,
                21.620726
              ],
              [
                103.391686,
                21.620694
              ],
              [
                103.391539,
                21.620589
              ],
              [
                103.391476,
                21.620544
              ],
              [
                103.391211,
                21.620248
              ],
              [
                103.391166,
                21.620176
              ],
              [
                103.391054,
                21.619996
              ],
              [
                103.391026,
                21.619952
              ],
              [
                103.391017,
                21.619933
              ],
              [
                103.390857,
                21.619635
              ],
              [
                103.390818,
                21.619496
              ],
              [
                103.390791,
                21.619401
              ],
              [
                103.390813,
                21.618746
              ],
              [
                103.390814,
                21.618709
              ],
              [
                103.390783,
                21.618509
              ],
              [
                103.39076,
                21.618358
              ],
              [
                103.390758,
                21.618288
              ],
              [
                103.390754,
                21.618172
              ],
              [
                103.390751,
                21.618065
              ],
              [
                103.390747,
                21.617942
              ],
              [
                103.390743,
                21.61784
              ],
              [
                103.390741,
                21.617774
              ],
              [
                103.390737,
                21.617653
              ],
              [
                103.390732,
                21.617516
              ],
              [
                103.390735,
                21.617386
              ],
              [
                103.390746,
                21.616841
              ],
              [
                103.3908,
                21.616011
              ],
              [
                103.390818,
                21.615751
              ],
              [
                103.390869,
                21.614996
              ],
              [
                103.390866,
                21.614624
              ],
              [
                103.39088,
                21.614014
              ],
              [
                103.390903,
                21.613692
              ],
              [
                103.39096,
                21.613386
              ],
              [
                103.390856,
                21.61327
              ],
              [
                103.390635,
                21.612917
              ],
              [
                103.390419,
                21.612674
              ],
              [
                103.390124,
                21.612439
              ],
              [
                103.389574,
                21.612018
              ],
              [
                103.38923,
                21.61169
              ],
              [
                103.388949,
                21.611132
              ],
              [
                103.38882,
                21.610758
              ],
              [
                103.388743,
                21.610532
              ],
              [
                103.38875,
                21.610442
              ],
              [
                103.388883,
                21.609826
              ],
              [
                103.388907,
                21.609675
              ],
              [
                103.388944,
                21.609265
              ],
              [
                103.388924,
                21.60894
              ],
              [
                103.388962,
                21.608648
              ],
              [
                103.389093,
                21.608275
              ],
              [
                103.389165,
                21.607879
              ],
              [
                103.389171,
                21.607822
              ],
              [
                103.389284,
                21.607252
              ],
              [
                103.389298,
                21.606965
              ],
              [
                103.389275,
                21.606629
              ],
              [
                103.389209,
                21.606391
              ],
              [
                103.389075,
                21.606059
              ],
              [
                103.389029,
                21.605969
              ],
              [
                103.38894,
                21.605899
              ],
              [
                103.388668,
                21.605797
              ],
              [
                103.388253,
                21.605624
              ],
              [
                103.387818,
                21.605319
              ],
              [
                103.387133,
                21.604994
              ],
              [
                103.386613,
                21.604691
              ],
              [
                103.386276,
                21.604449
              ],
              [
                103.38588,
                21.603911
              ],
              [
                103.385833,
                21.60372
              ],
              [
                103.385625,
                21.602698
              ],
              [
                103.385338,
                21.601779
              ],
              [
                103.385036,
                21.601372
              ],
              [
                103.384763,
                21.600872
              ],
              [
                103.384559,
                21.600259
              ],
              [
                103.384499,
                21.599236
              ],
              [
                103.384336,
                21.598799
              ],
              [
                103.383781,
                21.597845
              ],
              [
                103.383394,
                21.596834
              ],
              [
                103.382931,
                21.595162
              ],
              [
                103.382959,
                21.594017
              ],
              [
                103.383144,
                21.59355
              ],
              [
                103.382941,
                21.593115
              ],
              [
                103.382824,
                21.592864
              ],
              [
                103.382464,
                21.592026
              ],
              [
                103.38224,
                21.59145
              ],
              [
                103.381982,
                21.590807
              ],
              [
                103.381767,
                21.590392
              ],
              [
                103.381628,
                21.590224
              ],
              [
                103.381252,
                21.58996
              ],
              [
                103.381199,
                21.589941
              ],
              [
                103.38096,
                21.589845
              ],
              [
                103.380883,
                21.5898
              ],
              [
                103.380355,
                21.589581
              ],
              [
                103.379528,
                21.589345
              ],
              [
                103.378986,
                21.588745
              ],
              [
                103.378292,
                21.587904
              ],
              [
                103.378516,
                21.5876
              ],
              [
                103.379396,
                21.586479
              ],
              [
                103.379884,
                21.586113
              ],
              [
                103.380697,
                21.585636
              ],
              [
                103.381064,
                21.585355
              ],
              [
                103.381436,
                21.585053
              ],
              [
                103.381711,
                21.584788
              ],
              [
                103.382453,
                21.584209
              ],
              [
                103.382606,
                21.583994
              ],
              [
                103.382868,
                21.583652
              ],
              [
                103.383286,
                21.583067
              ],
              [
                103.383355,
                21.582803
              ],
              [
                103.383495,
                21.582409
              ],
              [
                103.38366,
                21.582284
              ],
              [
                103.383976,
                21.582121
              ],
              [
                103.384372,
                21.581959
              ],
              [
                103.384592,
                21.581847
              ],
              [
                103.385086,
                21.581545
              ],
              [
                103.385566,
                21.581193
              ],
              [
                103.38606,
                21.580918
              ],
              [
                103.386266,
                21.580754
              ],
              [
                103.386942,
                21.580072
              ],
              [
                103.387272,
                21.579744
              ],
              [
                103.387522,
                21.579313
              ],
              [
                103.387757,
                21.579022
              ],
              [
                103.387975,
                21.579024
              ],
              [
                103.388734,
                21.57859
              ],
              [
                103.389241,
                21.578424
              ],
              [
                103.390114,
                21.578098
              ],
              [
                103.390569,
                21.577923
              ],
              [
                103.390683,
                21.577856
              ],
              [
                103.390711,
                21.57784
              ],
              [
                103.390784,
                21.577791
              ],
              [
                103.390904,
                21.577711
              ],
              [
                103.391007,
                21.577586
              ],
              [
                103.391252,
                21.576953
              ],
              [
                103.391379,
                21.576714
              ],
              [
                103.391816,
                21.576196
              ],
              [
                103.392064,
                21.575743
              ],
              [
                103.392068,
                21.57538
              ],
              [
                103.392113,
                21.574998
              ],
              [
                103.392198,
                21.574693
              ],
              [
                103.392321,
                21.574627
              ],
              [
                103.393141,
                21.574434
              ],
              [
                103.393654,
                21.574277
              ],
              [
                103.394309,
                21.574121
              ],
              [
                103.394695,
                21.574118
              ],
              [
                103.394925,
                21.574073
              ],
              [
                103.395121,
                21.573941
              ],
              [
                103.395297,
                21.573747
              ],
              [
                103.395734,
                21.573521
              ],
              [
                103.396058,
                21.573319
              ],
              [
                103.396404,
                21.572959
              ],
              [
                103.396864,
                21.572471
              ],
              [
                103.397124,
                21.572199
              ],
              [
                103.397185,
                21.572136
              ],
              [
                103.397262,
                21.572054
              ],
              [
                103.397531,
                21.571761
              ],
              [
                103.397645,
                21.571512
              ],
              [
                103.39773,
                21.571328
              ],
              [
                103.39778,
                21.571008
              ],
              [
                103.398276,
                21.570912
              ],
              [
                103.398572,
                21.570899
              ],
              [
                103.398618,
                21.570878
              ],
              [
                103.398693,
                21.570845
              ],
              [
                103.398892,
                21.570743
              ],
              [
                103.399056,
                21.570599
              ],
              [
                103.399159,
                21.5705
              ],
              [
                103.399175,
                21.570488
              ],
              [
                103.399744,
                21.570292
              ],
              [
                103.400578,
                21.570056
              ],
              [
                103.400971,
                21.569906
              ],
              [
                103.401308,
                21.56963
              ],
              [
                103.401665,
                21.569385
              ],
              [
                103.401772,
                21.569299
              ],
              [
                103.402164,
                21.568986
              ],
              [
                103.402245,
                21.568906
              ],
              [
                103.402421,
                21.568733
              ],
              [
                103.402556,
                21.568648
              ],
              [
                103.402918,
                21.568444
              ],
              [
                103.402933,
                21.568435
              ],
              [
                103.402913,
                21.568423
              ],
              [
                103.402622,
                21.568305
              ],
              [
                103.402436,
                21.56823
              ],
              [
                103.402337,
                21.568164
              ],
              [
                103.402197,
                21.56807
              ],
              [
                103.402023,
                21.567792
              ],
              [
                103.40185,
                21.567605
              ],
              [
                103.401739,
                21.567485
              ],
              [
                103.401633,
                21.567448
              ],
              [
                103.401491,
                21.567461
              ],
              [
                103.401194,
                21.567587
              ],
              [
                103.400966,
                21.567731
              ],
              [
                103.40092,
                21.56776
              ],
              [
                103.400731,
                21.567855
              ],
              [
                103.400562,
                21.567889
              ],
              [
                103.400409,
                21.56787
              ],
              [
                103.399989,
                21.567729
              ],
              [
                103.399875,
                21.567659
              ],
              [
                103.39912,
                21.567254
              ],
              [
                103.398498,
                21.567098
              ],
              [
                103.397641,
                21.566419
              ],
              [
                103.395821,
                21.565163
              ],
              [
                103.394684,
                21.563963
              ],
              [
                103.39414,
                21.563524
              ],
              [
                103.393936,
                21.563184
              ],
              [
                103.393807,
                21.562971
              ],
              [
                103.393392,
                21.562423
              ],
              [
                103.393023,
                21.561998
              ],
              [
                103.392297,
                21.561789
              ],
              [
                103.392101,
                21.561728
              ],
              [
                103.391779,
                21.561495
              ],
              [
                103.391505,
                21.561313
              ],
              [
                103.391102,
                21.560965
              ],
              [
                103.390999,
                21.560781
              ],
              [
                103.390981,
                21.560599
              ],
              [
                103.390861,
                21.559923
              ],
              [
                103.390723,
                21.558815
              ],
              [
                103.390188,
                21.557767
              ],
              [
                103.389746,
                21.557401
              ],
              [
                103.389983,
                21.556842
              ],
              [
                103.390109,
                21.556425
              ],
              [
                103.390221,
                21.556055
              ],
              [
                103.390422,
                21.555197
              ],
              [
                103.390521,
                21.554063
              ],
              [
                103.390617,
                21.553061
              ],
              [
                103.390676,
                21.552907
              ],
              [
                103.390937,
                21.552308
              ],
              [
                103.391333,
                21.55141
              ],
              [
                103.391807,
                21.550559
              ],
              [
                103.392306,
                21.549644
              ],
              [
                103.3925,
                21.549231
              ],
              [
                103.392729,
                21.548907
              ],
              [
                103.392741,
                21.548882
              ],
              [
                103.392755,
                21.548852
              ],
              [
                103.392844,
                21.548398
              ],
              [
                103.392898,
                21.547805
              ],
              [
                103.392898,
                21.547696
              ],
              [
                103.3929,
                21.547672
              ],
              [
                103.392892,
                21.547322
              ],
              [
                103.392917,
                21.546844
              ],
              [
                103.392931,
                21.546562
              ],
              [
                103.393021,
                21.546237
              ],
              [
                103.393184,
                21.54588
              ],
              [
                103.393336,
                21.545498
              ],
              [
                103.393609,
                21.544889
              ],
              [
                103.393628,
                21.544858
              ],
              [
                103.393754,
                21.544403
              ],
              [
                103.393792,
                21.54249
              ],
              [
                103.393834,
                21.539836
              ],
              [
                103.393878,
                21.537029
              ],
              [
                103.39393,
                21.533726
              ],
              [
                103.393999,
                21.530319
              ],
              [
                103.393998,
                21.529412
              ],
              [
                103.39327,
                21.530032
              ],
              [
                103.392927,
                21.530323
              ],
              [
                103.392871,
                21.53037
              ],
              [
                103.392803,
                21.530422
              ],
              [
                103.392723,
                21.530476
              ],
              [
                103.392647,
                21.530519
              ],
              [
                103.392533,
                21.530558
              ],
              [
                103.392436,
                21.530586
              ],
              [
                103.392232,
                21.530582
              ],
              [
                103.392053,
                21.530554
              ],
              [
                103.391896,
                21.530472
              ],
              [
                103.391845,
                21.530464
              ],
              [
                103.391753,
                21.530464
              ],
              [
                103.391691,
                21.530482
              ],
              [
                103.391643,
                21.53051
              ],
              [
                103.3916,
                21.530547
              ],
              [
                103.39158,
                21.530581
              ],
              [
                103.391576,
                21.530625
              ],
              [
                103.391581,
                21.530683
              ],
              [
                103.391604,
                21.530732
              ],
              [
                103.391646,
                21.530781
              ],
              [
                103.391696,
                21.530833
              ],
              [
                103.391745,
                21.53087
              ],
              [
                103.391807,
                21.530906
              ],
              [
                103.391855,
                21.530956
              ],
              [
                103.391884,
                21.530997
              ],
              [
                103.391893,
                21.531055
              ],
              [
                103.391888,
                21.531104
              ],
              [
                103.391866,
                21.531162
              ],
              [
                103.391781,
                21.531249
              ],
              [
                103.39166,
                21.531339
              ],
              [
                103.391252,
                21.531509
              ],
              [
                103.391087,
                21.531545
              ],
              [
                103.390599,
                21.531608
              ],
              [
                103.390381,
                21.531626
              ],
              [
                103.39018,
                21.531615
              ],
              [
                103.390068,
                21.531628
              ],
              [
                103.38995,
                21.531709
              ],
              [
                103.389804,
                21.531815
              ],
              [
                103.389705,
                21.531863
              ],
              [
                103.389586,
                21.531887
              ],
              [
                103.389392,
                21.531915
              ],
              [
                103.389241,
                21.532007
              ],
              [
                103.389032,
                21.532199
              ],
              [
                103.388838,
                21.532374
              ],
              [
                103.388631,
                21.532542
              ],
              [
                103.388221,
                21.532868
              ],
              [
                103.38818,
                21.532899
              ],
              [
                103.388103,
                21.532948
              ],
              [
                103.388023,
                21.53296
              ],
              [
                103.387782,
                21.533002
              ],
              [
                103.387441,
                21.533166
              ],
              [
                103.387275,
                21.533295
              ],
              [
                103.387127,
                21.533396
              ],
              [
                103.387065,
                21.533429
              ],
              [
                103.386968,
                21.533444
              ],
              [
                103.386693,
                21.533529
              ],
              [
                103.386089,
                21.533768
              ],
              [
                103.385892,
                21.53388
              ],
              [
                103.385425,
                21.534179
              ],
              [
                103.385273,
                21.53429
              ],
              [
                103.385214,
                21.534335
              ],
              [
                103.385155,
                21.534374
              ],
              [
                103.385045,
                21.534377
              ],
              [
                103.384988,
                21.534365
              ],
              [
                103.384912,
                21.534321
              ],
              [
                103.384853,
                21.534291
              ],
              [
                103.384789,
                21.534276
              ],
              [
                103.384312,
                21.53443
              ],
              [
                103.384259,
                21.534448
              ],
              [
                103.384194,
                21.534472
              ],
              [
                103.384171,
                21.534487
              ],
              [
                103.384134,
                21.534512
              ],
              [
                103.384076,
                21.534557
              ],
              [
                103.383791,
                21.53495
              ],
              [
                103.383703,
                21.535118
              ],
              [
                103.3836,
                21.535361
              ],
              [
                103.383368,
                21.535782
              ],
              [
                103.383296,
                21.535881
              ],
              [
                103.383277,
                21.53588
              ],
              [
                103.383209,
                21.535907
              ],
              [
                103.382942,
                21.53609
              ],
              [
                103.382725,
                21.536272
              ],
              [
                103.38259,
                21.536379
              ],
              [
                103.382502,
                21.536428
              ],
              [
                103.382396,
                21.536446
              ],
              [
                103.382224,
                21.536458
              ],
              [
                103.381819,
                21.536306
              ],
              [
                103.381458,
                21.536244
              ],
              [
                103.381178,
                21.536217
              ],
              [
                103.380979,
                21.536278
              ],
              [
                103.38075,
                21.5364
              ],
              [
                103.38047,
                21.536527
              ],
              [
                103.380256,
                21.536582
              ],
              [
                103.380106,
                21.536586
              ],
              [
                103.380039,
                21.536558
              ],
              [
                103.379983,
                21.536507
              ],
              [
                103.379941,
                21.536451
              ],
              [
                103.379898,
                21.536309
              ],
              [
                103.379875,
                21.536257
              ],
              [
                103.379779,
                21.536214
              ],
              [
                103.379651,
                21.536286
              ],
              [
                103.37949,
                21.536516
              ],
              [
                103.379466,
                21.536874
              ],
              [
                103.37946,
                21.536967
              ],
              [
                103.37946,
                21.536973
              ],
              [
                103.379444,
                21.537029
              ],
              [
                103.379394,
                21.537088
              ],
              [
                103.379357,
                21.537102
              ],
              [
                103.379298,
                21.53712
              ],
              [
                103.379208,
                21.537123
              ],
              [
                103.379163,
                21.537084
              ],
              [
                103.379111,
                21.537025
              ],
              [
                103.379001,
                21.536954
              ],
              [
                103.378909,
                21.536958
              ],
              [
                103.3788,
                21.537019
              ],
              [
                103.3785,
                21.537325
              ],
              [
                103.378372,
                21.537617
              ],
              [
                103.378291,
                21.537963
              ],
              [
                103.378218,
                21.538123
              ],
              [
                103.378088,
                21.538389
              ],
              [
                103.37794,
                21.538559
              ],
              [
                103.377781,
                21.538672
              ],
              [
                103.377733,
                21.538706
              ],
              [
                103.377403,
                21.538841
              ],
              [
                103.376957,
                21.539066
              ],
              [
                103.376887,
                21.539089
              ],
              [
                103.376667,
                21.539104
              ],
              [
                103.376639,
                21.539113
              ],
              [
                103.376566,
                21.539157
              ],
              [
                103.376455,
                21.539239
              ],
              [
                103.376328,
                21.539335
              ],
              [
                103.376169,
                21.539443
              ],
              [
                103.375593,
                21.539799
              ],
              [
                103.375329,
                21.53996
              ],
              [
                103.375095,
                21.540057
              ],
              [
                103.374626,
                21.540034
              ],
              [
                103.36871,
                21.539745
              ],
              [
                103.368669,
                21.539743
              ],
              [
                103.367795,
                21.539394
              ],
              [
                103.367557,
                21.539374
              ],
              [
                103.367358,
                21.539425
              ],
              [
                103.36663,
                21.540189
              ],
              [
                103.366246,
                21.540275
              ],
              [
                103.366162,
                21.5404
              ],
              [
                103.366062,
                21.540778
              ],
              [
                103.365703,
                21.540835
              ],
              [
                103.364622,
                21.540827
              ],
              [
                103.36373,
                21.540686
              ],
              [
                103.363123,
                21.540689
              ],
              [
                103.362955,
                21.540659
              ],
              [
                103.362765,
                21.540668
              ],
              [
                103.362614,
                21.540719
              ],
              [
                103.362521,
                21.540786
              ],
              [
                103.362363,
                21.540984
              ],
              [
                103.362094,
                21.541331
              ],
              [
                103.361863,
                21.541559
              ],
              [
                103.36154,
                21.541792
              ],
              [
                103.361485,
                21.541859
              ],
              [
                103.361493,
                21.542034
              ],
              [
                103.361541,
                21.542232
              ],
              [
                103.361727,
                21.542702
              ],
              [
                103.361795,
                21.542833
              ],
              [
                103.361804,
                21.542942
              ],
              [
                103.361785,
                21.543045
              ],
              [
                103.361716,
                21.543202
              ],
              [
                103.361702,
                21.543283
              ],
              [
                103.36171,
                21.543572
              ],
              [
                103.361088,
                21.543765
              ],
              [
                103.360452,
                21.543898
              ],
              [
                103.360467,
                21.54507
              ],
              [
                103.360169,
                21.545154
              ],
              [
                103.359911,
                21.545249
              ],
              [
                103.359644,
                21.54545
              ],
              [
                103.359279,
                21.545739
              ],
              [
                103.358835,
                21.54599
              ],
              [
                103.358261,
                21.546248
              ],
              [
                103.357858,
                21.546364
              ],
              [
                103.357468,
                21.546431
              ],
              [
                103.357438,
                21.546475
              ],
              [
                103.357427,
                21.546897
              ],
              [
                103.356701,
                21.547115
              ],
              [
                103.355186,
                21.547799
              ],
              [
                103.354884,
                21.547975
              ],
              [
                103.35417,
                21.549209
              ],
              [
                103.353963,
                21.549413
              ],
              [
                103.352994,
                21.549709
              ],
              [
                103.352423,
                21.549711
              ],
              [
                103.351413,
                21.550068
              ],
              [
                103.351114,
                21.550245
              ],
              [
                103.350814,
                21.550519
              ],
              [
                103.35029,
                21.55115
              ],
              [
                103.349832,
                21.5518
              ],
              [
                103.349475,
                21.552083
              ],
              [
                103.349234,
                21.552162
              ],
              [
                103.348899,
                21.552185
              ],
              [
                103.348048,
                21.552069
              ],
              [
                103.347818,
                21.552049
              ],
              [
                103.347779,
                21.552067
              ],
              [
                103.347654,
                21.552182
              ],
              [
                103.347497,
                21.552431
              ],
              [
                103.347169,
                21.552652
              ],
              [
                103.346853,
                21.552755
              ],
              [
                103.346841,
                21.552759
              ],
              [
                103.346794,
                21.552774
              ],
              [
                103.346247,
                21.55293
              ],
              [
                103.346006,
                21.553053
              ],
              [
                103.345617,
                21.553506
              ],
              [
                103.345182,
                21.553905
              ],
              [
                103.344516,
                21.554355
              ],
              [
                103.343996,
                21.554601
              ],
              [
                103.34365,
                21.554705
              ],
              [
                103.343218,
                21.554772
              ],
              [
                103.34259,
                21.554818
              ],
              [
                103.342577,
                21.554819
              ],
              [
                103.342284,
                21.554826
              ],
              [
                103.341972,
                21.55467
              ],
              [
                103.341654,
                21.554613
              ],
              [
                103.341336,
                21.554613
              ],
              [
                103.341207,
                21.554572
              ],
              [
                103.341115,
                21.554518
              ],
              [
                103.341017,
                21.554413
              ],
              [
                103.3408,
                21.553909
              ],
              [
                103.340565,
                21.553713
              ],
              [
                103.340395,
                21.553605
              ],
              [
                103.340134,
                21.553397
              ],
              [
                103.339782,
                21.553178
              ],
              [
                103.339427,
                21.552971
              ],
              [
                103.339278,
                21.552892
              ],
              [
                103.33856,
                21.552614
              ],
              [
                103.338148,
                21.552524
              ],
              [
                103.337428,
                21.55245
              ],
              [
                103.33634,
                21.552439
              ],
              [
                103.335998,
                21.552397
              ],
              [
                103.335729,
                21.552285
              ],
              [
                103.335443,
                21.552004
              ],
              [
                103.334896,
                21.552222
              ],
              [
                103.334538,
                21.552543
              ],
              [
                103.334054,
                21.552924
              ],
              [
                103.333696,
                21.553106
              ],
              [
                103.333084,
                21.553429
              ],
              [
                103.33275,
                21.553646
              ],
              [
                103.332456,
                21.553811
              ],
              [
                103.332006,
                21.553921
              ],
              [
                103.331565,
                21.554031
              ],
              [
                103.3314,
                21.554135
              ],
              [
                103.331245,
                21.554296
              ],
              [
                103.331115,
                21.554524
              ],
              [
                103.330917,
                21.554885
              ],
              [
                103.330825,
                21.555257
              ],
              [
                103.330751,
                21.555505
              ],
              [
                103.330601,
                21.555709
              ],
              [
                103.329954,
                21.555965
              ],
              [
                103.329519,
                21.556047
              ],
              [
                103.329125,
                21.556067
              ],
              [
                103.328884,
                21.556179
              ],
              [
                103.328652,
                21.556363
              ],
              [
                103.328308,
                21.556895
              ],
              [
                103.32806,
                21.557174
              ],
              [
                103.327737,
                21.557726
              ],
              [
                103.327581,
                21.558403
              ],
              [
                103.32742,
                21.559023
              ],
              [
                103.327284,
                21.559322
              ],
              [
                103.326933,
                21.55962
              ],
              [
                103.326809,
                21.559772
              ],
              [
                103.326652,
                21.560071
              ],
              [
                103.326404,
                21.560368
              ],
              [
                103.326376,
                21.560527
              ],
              [
                103.326399,
                21.56079
              ],
              [
                103.326515,
                21.561336
              ],
              [
                103.326622,
                21.561801
              ],
              [
                103.326531,
                21.562574
              ],
              [
                103.326494,
                21.563133
              ],
              [
                103.326242,
                21.563728
              ],
              [
                103.32603,
                21.56396
              ],
              [
                103.325625,
                21.564133
              ],
              [
                103.324189,
                21.564592
              ],
              [
                103.323194,
                21.564921
              ],
              [
                103.322595,
                21.565006
              ],
              [
                103.322241,
                21.565117
              ],
              [
                103.322076,
                21.565254
              ],
              [
                103.321739,
                21.565657
              ],
              [
                103.3213,
                21.566049
              ],
              [
                103.321094,
                21.566219
              ],
              [
                103.320786,
                21.566345
              ],
              [
                103.319972,
                21.566466
              ],
              [
                103.319364,
                21.566498
              ],
              [
                103.319123,
                21.566524
              ],
              [
                103.318296,
                21.566956
              ],
              [
                103.317541,
                21.567273
              ],
              [
                103.317108,
                21.567487
              ],
              [
                103.316406,
                21.568041
              ],
              [
                103.316183,
                21.568332
              ],
              [
                103.316018,
                21.568596
              ],
              [
                103.31579,
                21.568852
              ],
              [
                103.315471,
                21.569087
              ],
              [
                103.315122,
                21.569203
              ],
              [
                103.314441,
                21.569316
              ],
              [
                103.313848,
                21.569401
              ],
              [
                103.313582,
                21.569427
              ],
              [
                103.313265,
                21.569419
              ],
              [
                103.312857,
                21.569295
              ],
              [
                103.312521,
                21.569225
              ],
              [
                103.312233,
                21.569209
              ],
              [
                103.312194,
                21.569207
              ],
              [
                103.311887,
                21.569295
              ],
              [
                103.311718,
                21.569369
              ],
              [
                103.311533,
                21.56945
              ],
              [
                103.311252,
                21.570225
              ],
              [
                103.311088,
                21.570768
              ],
              [
                103.310944,
                21.571737
              ],
              [
                103.310885,
                21.571966
              ],
              [
                103.310826,
                21.572204
              ],
              [
                103.310838,
                21.572477
              ],
              [
                103.310909,
                21.57296
              ],
              [
                103.310989,
                21.573423
              ],
              [
                103.310412,
                21.573548
              ],
              [
                103.310026,
                21.573774
              ],
              [
                103.309276,
                21.574077
              ],
              [
                103.308881,
                21.574245
              ],
              [
                103.308644,
                21.574443
              ],
              [
                103.308514,
                21.574618
              ],
              [
                103.308464,
                21.574953
              ],
              [
                103.308281,
                21.57529
              ],
              [
                103.308069,
                21.575513
              ],
              [
                103.307561,
                21.576105
              ],
              [
                103.307498,
                21.576243
              ],
              [
                103.30737,
                21.57671
              ],
              [
                103.30732,
                21.577063
              ],
              [
                103.307277,
                21.577297
              ],
              [
                103.307162,
                21.577477
              ],
              [
                103.306703,
                21.577831
              ],
              [
                103.30643,
                21.578019
              ],
              [
                103.306153,
                21.578165
              ],
              [
                103.305199,
                21.578418
              ],
              [
                103.304784,
                21.578548
              ],
              [
                103.304261,
                21.578662
              ],
              [
                103.304026,
                21.578726
              ],
              [
                103.303953,
                21.578802
              ],
              [
                103.303848,
                21.57903
              ],
              [
                103.303847,
                21.579159
              ],
              [
                103.303864,
                21.579451
              ],
              [
                103.303896,
                21.579733
              ],
              [
                103.303909,
                21.579982
              ],
              [
                103.303891,
                21.580202
              ],
              [
                103.303783,
                21.58048
              ],
              [
                103.303754,
                21.580555
              ],
              [
                103.303217,
                21.581017
              ],
              [
                103.302907,
                21.581339
              ],
              [
                103.302778,
                21.581414
              ],
              [
                103.302048,
                21.581751
              ],
              [
                103.301566,
                21.581951
              ],
              [
                103.300959,
                21.582251
              ],
              [
                103.300692,
                21.582411
              ],
              [
                103.300367,
                21.582651
              ],
              [
                103.300113,
                21.58296
              ],
              [
                103.299893,
                21.58317
              ],
              [
                103.299516,
                21.583288
              ],
              [
                103.299196,
                21.583345
              ],
              [
                103.29872,
                21.583472
              ],
              [
                103.298683,
                21.583501
              ],
              [
                103.29865,
                21.583508
              ],
              [
                103.298423,
                21.583692
              ],
              [
                103.29835,
                21.583859
              ],
              [
                103.298275,
                21.584145
              ],
              [
                103.298241,
                21.584427
              ],
              [
                103.29813,
                21.584693
              ],
              [
                103.297989,
                21.584955
              ],
              [
                103.297897,
                21.585025
              ],
              [
                103.297692,
                21.585081
              ],
              [
                103.297257,
                21.585057
              ],
              [
                103.297099,
                21.585051
              ],
              [
                103.296797,
                21.585143
              ],
              [
                103.296545,
                21.585255
              ],
              [
                103.2959,
                21.585368
              ],
              [
                103.29528,
                21.585467
              ],
              [
                103.294567,
                21.585746
              ],
              [
                103.294226,
                21.586034
              ],
              [
                103.294075,
                21.586238
              ],
              [
                103.293884,
                21.586432
              ],
              [
                103.293431,
                21.586705
              ],
              [
                103.293158,
                21.586855
              ],
              [
                103.292829,
                21.587086
              ],
              [
                103.292475,
                21.587207
              ],
              [
                103.292248,
                21.587328
              ],
              [
                103.292001,
                21.587522
              ],
              [
                103.291623,
                21.587915
              ],
              [
                103.291138,
                21.588354
              ],
              [
                103.290684,
                21.588646
              ],
              [
                103.290565,
                21.588788
              ],
              [
                103.290527,
                21.589003
              ],
              [
                103.290535,
                21.589151
              ],
              [
                103.29057,
                21.589658
              ],
              [
                103.290633,
                21.590017
              ],
              [
                103.290591,
                21.590103
              ],
              [
                103.290503,
                21.590193
              ],
              [
                103.290132,
                21.590433
              ],
              [
                103.289736,
                21.590687
              ],
              [
                103.289149,
                21.590986
              ],
              [
                103.288783,
                21.591265
              ],
              [
                103.288445,
                21.591768
              ],
              [
                103.288227,
                21.592095
              ],
              [
                103.287988,
                21.592375
              ],
              [
                103.287575,
                21.592739
              ],
              [
                103.287311,
                21.59309
              ],
              [
                103.28719,
                21.593308
              ],
              [
                103.287178,
                21.593466
              ],
              [
                103.287192,
                21.593571
              ],
              [
                103.287333,
                21.593826
              ],
              [
                103.287507,
                21.594239
              ],
              [
                103.287674,
                21.594781
              ],
              [
                103.287644,
                21.595612
              ],
              [
                103.287636,
                21.596276
              ],
              [
                103.287667,
                21.597228
              ],
              [
                103.287184,
                21.597328
              ],
              [
                103.286842,
                21.597428
              ],
              [
                103.286501,
                21.597564
              ],
              [
                103.286157,
                21.597704
              ],
              [
                103.286003,
                21.597822
              ],
              [
                103.28573,
                21.598422
              ],
              [
                103.285576,
                21.598917
              ],
              [
                103.285474,
                21.599284
              ],
              [
                103.285428,
                21.599752
              ],
              [
                103.285433,
                21.600216
              ],
              [
                103.285335,
                21.600716
              ],
              [
                103.285187,
                21.601112
              ],
              [
                103.284876,
                21.601515
              ],
              [
                103.284423,
                21.602222
              ],
              [
                103.284213,
                21.602684
              ],
              [
                103.284262,
                21.60287
              ],
              [
                103.284498,
                21.603241
              ],
              [
                103.284956,
                21.60381
              ],
              [
                103.285269,
                21.604143
              ],
              [
                103.28554,
                21.604576
              ],
              [
                103.285698,
                21.605022
              ],
              [
                103.285703,
                21.605892
              ],
              [
                103.285675,
                21.60786
              ],
              [
                103.285412,
                21.608059
              ],
              [
                103.285118,
                21.608294
              ],
              [
                103.285003,
                21.608461
              ],
              [
                103.284675,
                21.609131
              ],
              [
                103.284616,
                21.609264
              ],
              [
                103.28448,
                21.609526
              ],
              [
                103.284159,
                21.60989
              ],
              [
                103.283808,
                21.61015
              ],
              [
                103.283534,
                21.610405
              ],
              [
                103.283219,
                21.610689
              ],
              [
                103.282619,
                21.611313
              ],
              [
                103.282087,
                21.612206
              ],
              [
                103.281827,
                21.612529
              ],
              [
                103.281549,
                21.612769
              ],
              [
                103.281039,
                21.613075
              ],
              [
                103.2807,
                21.613215
              ],
              [
                103.280587,
                21.613257
              ],
              [
                103.280114,
                21.613529
              ],
              [
                103.2798,
                21.613674
              ],
              [
                103.279464,
                21.613991
              ],
              [
                103.27896,
                21.614243
              ],
              [
                103.278831,
                21.614371
              ],
              [
                103.278621,
                21.614852
              ],
              [
                103.278335,
                21.615335
              ],
              [
                103.277544,
                21.615675
              ],
              [
                103.277355,
                21.615771
              ],
              [
                103.277285,
                21.615822
              ],
              [
                103.276936,
                21.616024
              ],
              [
                103.276633,
                21.616141
              ],
              [
                103.275117,
                21.616489
              ],
              [
                103.274912,
                21.616542
              ],
              [
                103.273959,
                21.616738
              ],
              [
                103.272302,
                21.616939
              ],
              [
                103.271475,
                21.617228
              ],
              [
                103.270875,
                21.617609
              ],
              [
                103.270634,
                21.617824
              ],
              [
                103.270468,
                21.617931
              ],
              [
                103.270155,
                21.61799
              ],
              [
                103.269721,
                21.617923
              ],
              [
                103.269243,
                21.617727
              ],
              [
                103.268667,
                21.617428
              ],
              [
                103.268663,
                21.617427
              ],
              [
                103.268142,
                21.617544
              ],
              [
                103.26782,
                21.617648
              ],
              [
                103.267418,
                21.617754
              ],
              [
                103.267277,
                21.617706
              ],
              [
                103.267028,
                21.617528
              ],
              [
                103.266799,
                21.617463
              ],
              [
                103.266453,
                21.617479
              ],
              [
                103.265924,
                21.617562
              ],
              [
                103.265465,
                21.617787
              ],
              [
                103.264708,
                21.618192
              ],
              [
                103.263784,
                21.618773
              ],
              [
                103.263315,
                21.619084
              ],
              [
                103.262789,
                21.619499
              ],
              [
                103.262418,
                21.619684
              ],
              [
                103.261488,
                21.619972
              ],
              [
                103.260667,
                21.620207
              ],
              [
                103.259621,
                21.620528
              ],
              [
                103.259614,
                21.620529
              ],
              [
                103.259269,
                21.620106
              ],
              [
                103.258707,
                21.619561
              ],
              [
                103.258474,
                21.619444
              ],
              [
                103.258157,
                21.619412
              ],
              [
                103.257544,
                21.619367
              ],
              [
                103.257259,
                21.619307
              ],
              [
                103.256984,
                21.61917
              ],
              [
                103.256679,
                21.619061
              ],
              [
                103.256516,
                21.619012
              ],
              [
                103.25627,
                21.619029
              ],
              [
                103.255992,
                21.619245
              ],
              [
                103.25562,
                21.619557
              ],
              [
                103.255113,
                21.620058
              ],
              [
                103.254738,
                21.620487
              ],
              [
                103.254736,
                21.620483
              ],
              [
                103.25447,
                21.620339
              ],
              [
                103.253901,
                21.620102
              ],
              [
                103.253614,
                21.61989
              ],
              [
                103.253013,
                21.619308
              ],
              [
                103.252719,
                21.619082
              ],
              [
                103.25241,
                21.618936
              ],
              [
                103.251888,
                21.61883
              ],
              [
                103.251888,
                21.61883
              ],
              [
                103.251656,
                21.618909
              ],
              [
                103.251324,
                21.618968
              ],
              [
                103.251173,
                21.618981
              ],
              [
                103.250991,
                21.618968
              ],
              [
                103.250708,
                21.618917
              ],
              [
                103.250192,
                21.61879
              ],
              [
                103.249825,
                21.618721
              ],
              [
                103.249404,
                21.618681
              ],
              [
                103.248608,
                21.618536
              ],
              [
                103.24792,
                21.618357
              ],
              [
                103.246857,
                21.61816
              ],
              [
                103.24607,
                21.61809
              ],
              [
                103.245534,
                21.61807
              ],
              [
                103.245297,
                21.618082
              ],
              [
                103.244952,
                21.6181
              ],
              [
                103.2446,
                21.618156
              ],
              [
                103.244144,
                21.61833
              ],
              [
                103.24363,
                21.6186
              ],
              [
                103.243216,
                21.618867
              ],
              [
                103.242968,
                21.619087
              ],
              [
                103.242648,
                21.619176
              ],
              [
                103.242481,
                21.619282
              ],
              [
                103.242287,
                21.619459
              ],
              [
                103.242042,
                21.619648
              ],
              [
                103.241821,
                21.619932
              ],
              [
                103.241691,
                21.62017
              ],
              [
                103.241624,
                21.620408
              ],
              [
                103.241518,
                21.620718
              ],
              [
                103.241452,
                21.620884
              ],
              [
                103.241397,
                21.621242
              ],
              [
                103.241367,
                21.621624
              ],
              [
                103.241337,
                21.621934
              ],
              [
                103.241221,
                21.622005
              ],
              [
                103.240937,
                21.621932
              ],
              [
                103.240115,
                21.621622
              ],
              [
                103.240061,
                21.621605
              ],
              [
                103.239733,
                21.6215
              ],
              [
                103.238717,
                21.620984
              ],
              [
                103.238244,
                21.620853
              ],
              [
                103.23761,
                21.620763
              ],
              [
                103.237212,
                21.620725
              ],
              [
                103.236778,
                21.620665
              ],
              [
                103.236486,
                21.6207
              ],
              [
                103.236034,
                21.620862
              ],
              [
                103.235562,
                21.621058
              ],
              [
                103.235059,
                21.62121
              ],
              [
                103.234655,
                21.62124
              ],
              [
                103.234461,
                21.621204
              ],
              [
                103.23411,
                21.621086
              ],
              [
                103.233588,
                21.621017
              ],
              [
                103.233183,
                21.620954
              ],
              [
                103.232641,
                21.620909
              ],
              [
                103.232358,
                21.620834
              ],
              [
                103.232094,
                21.620774
              ],
              [
                103.231987,
                21.620776
              ],
              [
                103.231898,
                21.620818
              ],
              [
                103.231808,
                21.620936
              ],
              [
                103.231241,
                21.62145
              ],
              [
                103.230779,
                21.621694
              ],
              [
                103.230431,
                21.621757
              ],
              [
                103.229929,
                21.621838
              ],
              [
                103.229549,
                21.621996
              ],
              [
                103.229345,
                21.622175
              ],
              [
                103.22906,
                21.622473
              ],
              [
                103.228642,
                21.622931
              ],
              [
                103.228126,
                21.623539
              ],
              [
                103.227912,
                21.62371
              ],
              [
                103.227674,
                21.623777
              ],
              [
                103.227367,
                21.623758
              ],
              [
                103.226966,
                21.62357
              ],
              [
                103.22657,
                21.623329
              ],
              [
                103.226162,
                21.623141
              ],
              [
                103.225932,
                21.6231
              ],
              [
                103.225789,
                21.623075
              ],
              [
                103.225571,
                21.622996
              ],
              [
                103.22527,
                21.622883
              ],
              [
                103.224899,
                21.62274
              ],
              [
                103.224538,
                21.622583
              ],
              [
                103.2244,
                21.622611
              ],
              [
                103.22424,
                21.622733
              ],
              [
                103.223746,
                21.623226
              ],
              [
                103.22352,
                21.623539
              ],
              [
                103.223425,
                21.623671
              ],
              [
                103.223291,
                21.623918
              ],
              [
                103.223216,
                21.624044
              ],
              [
                103.223214,
                21.624049
              ],
              [
                103.222842,
                21.624671
              ],
              [
                103.222581,
                21.624714
              ],
              [
                103.222348,
                21.624707
              ],
              [
                103.222106,
                21.62467
              ],
              [
                103.221895,
                21.624613
              ],
              [
                103.22151,
                21.624495
              ],
              [
                103.221033,
                21.624464
              ],
              [
                103.220995,
                21.624462
              ],
              [
                103.220854,
                21.624498
              ],
              [
                103.220469,
                21.624529
              ],
              [
                103.220266,
                21.624509
              ],
              [
                103.220227,
                21.624505
              ],
              [
                103.219978,
                21.624509
              ],
              [
                103.219609,
                21.624484
              ],
              [
                103.219028,
                21.624506
              ],
              [
                103.218229,
                21.624491
              ],
              [
                103.217701,
                21.624457
              ],
              [
                103.217468,
                21.624449
              ],
              [
                103.217388,
                21.624436
              ],
              [
                103.217324,
                21.624455
              ],
              [
                103.216941,
                21.62457
              ],
              [
                103.216647,
                21.624735
              ],
              [
                103.216037,
                21.625167
              ],
              [
                103.21581,
                21.625286
              ],
              [
                103.215456,
                21.625562
              ],
              [
                103.214988,
                21.625911
              ],
              [
                103.214534,
                21.62632
              ],
              [
                103.213929,
                21.627308
              ],
              [
                103.213642,
                21.627743
              ],
              [
                103.213321,
                21.627986
              ],
              [
                103.212904,
                21.62817
              ],
              [
                103.212637,
                21.628414
              ],
              [
                103.212588,
                21.628554
              ],
              [
                103.21249,
                21.628837
              ],
              [
                103.212481,
                21.629119
              ],
              [
                103.21248,
                21.629329
              ],
              [
                103.212268,
                21.629691
              ],
              [
                103.212155,
                21.629886
              ],
              [
                103.2119,
                21.63026
              ],
              [
                103.211721,
                21.630744
              ],
              [
                103.211574,
                21.631227
              ],
              [
                103.211412,
                21.631424
              ],
              [
                103.211372,
                21.631469
              ],
              [
                103.211211,
                21.631754
              ],
              [
                103.211043,
                21.632134
              ],
              [
                103.210968,
                21.632411
              ],
              [
                103.210967,
                21.632535
              ],
              [
                103.210966,
                21.632789
              ],
              [
                103.211032,
                21.633193
              ],
              [
                103.211065,
                21.633363
              ],
              [
                103.211033,
                21.633427
              ],
              [
                103.210939,
                21.633616
              ],
              [
                103.210857,
                21.634119
              ],
              [
                103.210854,
                21.634166
              ],
              [
                103.210833,
                21.634498
              ],
              [
                103.210832,
                21.634513
              ],
              [
                103.210646,
                21.634544
              ],
              [
                103.210645,
                21.634544
              ],
              [
                103.21056,
                21.634547
              ],
              [
                103.210499,
                21.634532
              ],
              [
                103.210488,
                21.634528
              ],
              [
                103.210467,
                21.634524
              ],
              [
                103.21044,
                21.634513
              ],
              [
                103.210403,
                21.634505
              ],
              [
                103.210379,
                21.634496
              ],
              [
                103.210349,
                21.634482
              ],
              [
                103.210307,
                21.634463
              ],
              [
                103.210267,
                21.634441
              ],
              [
                103.210227,
                21.634416
              ],
              [
                103.210192,
                21.634395
              ],
              [
                103.210165,
                21.634379
              ],
              [
                103.210141,
                21.634366
              ],
              [
                103.21013,
                21.634354
              ],
              [
                103.210124,
                21.634346
              ],
              [
                103.210109,
                21.634334
              ],
              [
                103.21008,
                21.634318
              ],
              [
                103.210076,
                21.634315
              ],
              [
                103.210031,
                21.634293
              ],
              [
                103.209968,
                21.63427
              ],
              [
                103.209921,
                21.63425
              ],
              [
                103.209878,
                21.634231
              ],
              [
                103.20983,
                21.634215
              ],
              [
                103.209799,
                21.634199
              ],
              [
                103.209772,
                21.634187
              ],
              [
                103.209717,
                21.634173
              ],
              [
                103.209685,
                21.634166
              ],
              [
                103.209648,
                21.634162
              ],
              [
                103.209629,
                21.634161
              ],
              [
                103.209602,
                21.634149
              ],
              [
                103.209584,
                21.634139
              ],
              [
                103.209565,
                21.634122
              ],
              [
                103.209551,
                21.634096
              ],
              [
                103.209539,
                21.634062
              ],
              [
                103.209529,
                21.634034
              ],
              [
                103.209528,
                21.63403
              ],
              [
                103.209523,
                21.63399
              ],
              [
                103.209523,
                21.633966
              ],
              [
                103.209529,
                21.633938
              ],
              [
                103.209537,
                21.633903
              ],
              [
                103.209542,
                21.63388
              ],
              [
                103.209549,
                21.633858
              ],
              [
                103.209562,
                21.633829
              ],
              [
                103.209565,
                21.633818
              ],
              [
                103.209557,
                21.633789
              ],
              [
                103.209544,
                21.633774
              ],
              [
                103.209512,
                21.633733
              ],
              [
                103.209465,
                21.633707
              ],
              [
                103.209327,
                21.633658
              ],
              [
                103.209186,
                21.633641
              ],
              [
                103.209053,
                21.633653
              ],
              [
                103.208829,
                21.633708
              ],
              [
                103.208784,
                21.633719
              ],
              [
                103.208776,
                21.633721
              ],
              [
                103.208531,
                21.633766
              ],
              [
                103.208331,
                21.633871
              ],
              [
                103.208066,
                21.634149
              ],
              [
                103.207898,
                21.634249
              ],
              [
                103.207822,
                21.634236
              ],
              [
                103.207759,
                21.634164
              ],
              [
                103.207625,
                21.633081
              ],
              [
                103.207477,
                21.632667
              ],
              [
                103.207307,
                21.632456
              ],
              [
                103.207097,
                21.632382
              ],
              [
                103.206847,
                21.632481
              ],
              [
                103.206542,
                21.632866
              ],
              [
                103.205749,
                21.633419
              ],
              [
                103.205433,
                21.633685
              ],
              [
                103.205241,
                21.633689
              ],
              [
                103.205115,
                21.633532
              ],
              [
                103.204991,
                21.632706
              ],
              [
                103.204875,
                21.632281
              ],
              [
                103.204722,
                21.632219
              ],
              [
                103.204537,
                21.632241
              ],
              [
                103.204363,
                21.632377
              ],
              [
                103.20424,
                21.632465
              ],
              [
                103.204061,
                21.632469
              ],
              [
                103.203768,
                21.632424
              ],
              [
                103.203455,
                21.632421
              ],
              [
                103.202968,
                21.632523
              ],
              [
                103.202738,
                21.632508
              ],
              [
                103.202222,
                21.632413
              ],
              [
                103.201998,
                21.632399
              ],
              [
                103.201812,
                21.632433
              ],
              [
                103.20167,
                21.632563
              ],
              [
                103.201426,
                21.632679
              ],
              [
                103.201234,
                21.632689
              ],
              [
                103.201061,
                21.632705
              ],
              [
                103.200965,
                21.632788
              ],
              [
                103.200895,
                21.633106
              ],
              [
                103.200879,
                21.633126
              ],
              [
                103.200863,
                21.633138
              ],
              [
                103.200844,
                21.633145
              ],
              [
                103.200829,
                21.633148
              ],
              [
                103.200813,
                21.633149
              ],
              [
                103.200789,
                21.633151
              ],
              [
                103.200771,
                21.633145
              ],
              [
                103.200753,
                21.633139
              ],
              [
                103.20073,
                21.633128
              ],
              [
                103.20071,
                21.633119
              ],
              [
                103.200693,
                21.633109
              ],
              [
                103.200684,
                21.633099
              ],
              [
                103.200669,
                21.633087
              ],
              [
                103.200659,
                21.633075
              ],
              [
                103.200652,
                21.633067
              ],
              [
                103.20064,
                21.633053
              ],
              [
                103.200616,
                21.633035
              ],
              [
                103.200596,
                21.633018
              ],
              [
                103.200568,
                21.633
              ],
              [
                103.200537,
                21.632979
              ],
              [
                103.200513,
                21.632962
              ],
              [
                103.2005,
                21.632952
              ],
              [
                103.200494,
                21.632945
              ],
              [
                103.200483,
                21.632937
              ],
              [
                103.200475,
                21.632927
              ],
              [
                103.200448,
                21.632912
              ],
              [
                103.200414,
                21.632897
              ],
              [
                103.200364,
                21.632884
              ],
              [
                103.200319,
                21.632866
              ],
              [
                103.200269,
                21.632853
              ],
              [
                103.20023,
                21.632842
              ],
              [
                103.20019,
                21.632836
              ],
              [
                103.20017,
                21.632832
              ],
              [
                103.200137,
                21.632829
              ],
              [
                103.200109,
                21.632827
              ],
              [
                103.20009,
                21.632829
              ],
              [
                103.200075,
                21.632832
              ],
              [
                103.200049,
                21.632836
              ],
              [
                103.200022,
                21.632845
              ],
              [
                103.199991,
                21.632853
              ],
              [
                103.199971,
                21.632861
              ],
              [
                103.199966,
                21.632864
              ],
              [
                103.19994,
                21.632883
              ],
              [
                103.199915,
                21.632903
              ],
              [
                103.199896,
                21.632921
              ],
              [
                103.199881,
                21.632932
              ],
              [
                103.19986,
                21.632948
              ],
              [
                103.199832,
                21.63297
              ],
              [
                103.199804,
                21.632991
              ],
              [
                103.199773,
                21.633019
              ],
              [
                103.199734,
                21.633053
              ],
              [
                103.1997,
                21.633082
              ],
              [
                103.199681,
                21.633101
              ],
              [
                103.199656,
                21.63312
              ],
              [
                103.199635,
                21.633136
              ],
              [
                103.199625,
                21.633144
              ],
              [
                103.199615,
                21.633151
              ],
              [
                103.1996,
                21.633159
              ],
              [
                103.199585,
                21.633166
              ],
              [
                103.19957,
                21.633169
              ],
              [
                103.199551,
                21.633172
              ],
              [
                103.199523,
                21.633173
              ],
              [
                103.199511,
                21.633175
              ],
              [
                103.199497,
                21.633173
              ],
              [
                103.199488,
                21.633168
              ],
              [
                103.19947,
                21.633162
              ],
              [
                103.199443,
                21.63315
              ],
              [
                103.199423,
                21.633142
              ],
              [
                103.199405,
                21.633131
              ],
              [
                103.199387,
                21.633121
              ],
              [
                103.199371,
                21.633117
              ],
              [
                103.199351,
                21.633109
              ],
              [
                103.199317,
                21.633099
              ],
              [
                103.199281,
                21.633082
              ],
              [
                103.199244,
                21.633074
              ],
              [
                103.199224,
                21.633066
              ],
              [
                103.199209,
                21.633053
              ],
              [
                103.199183,
                21.633033
              ],
              [
                103.199155,
                21.633011
              ],
              [
                103.199134,
                21.632987
              ],
              [
                103.199121,
                21.632972
              ],
              [
                103.199113,
                21.632963
              ],
              [
                103.199107,
                21.632951
              ],
              [
                103.199098,
                21.632931
              ],
              [
                103.199093,
                21.632906
              ],
              [
                103.199094,
                21.632877
              ],
              [
                103.199096,
                21.632856
              ],
              [
                103.199102,
                21.632823
              ],
              [
                103.199115,
                21.632794
              ],
              [
                103.199118,
                21.632767
              ],
              [
                103.199127,
                21.632744
              ],
              [
                103.199139,
                21.632719
              ],
              [
                103.199151,
                21.632678
              ],
              [
                103.19917,
                21.632632
              ],
              [
                103.199175,
                21.632612
              ],
              [
                103.199181,
                21.632595
              ],
              [
                103.199197,
                21.632559
              ],
              [
                103.199202,
                21.632531
              ],
              [
                103.199211,
                21.632512
              ],
              [
                103.19922,
                21.632493
              ],
              [
                103.199219,
                21.632482
              ],
              [
                103.199229,
                21.632455
              ],
              [
                103.199239,
                21.632431
              ],
              [
                103.199243,
                21.632412
              ],
              [
                103.199245,
                21.632395
              ],
              [
                103.199252,
                21.632367
              ],
              [
                103.199264,
                21.632196
              ],
              [
                103.199255,
                21.632165
              ],
              [
                103.199188,
                21.632158
              ],
              [
                103.198963,
                21.632132
              ],
              [
                103.198785,
                21.632126
              ],
              [
                103.198626,
                21.632135
              ],
              [
                103.198544,
                21.63216
              ],
              [
                103.198435,
                21.63222
              ],
              [
                103.198319,
                21.63233
              ],
              [
                103.198205,
                21.632566
              ],
              [
                103.19806,
                21.632779
              ],
              [
                103.197856,
                21.633164
              ],
              [
                103.197639,
                21.633622
              ],
              [
                103.197531,
                21.633841
              ],
              [
                103.197181,
                21.634653
              ],
              [
                103.197011,
                21.634949
              ],
              [
                103.196899,
                21.635223
              ],
              [
                103.196837,
                21.635385
              ],
              [
                103.196713,
                21.635713
              ],
              [
                103.196561,
                21.636049
              ],
              [
                103.196475,
                21.636337
              ],
              [
                103.196426,
                21.636661
              ],
              [
                103.196435,
                21.637081
              ],
              [
                103.196398,
                21.637487
              ],
              [
                103.19642,
                21.637738
              ],
              [
                103.196428,
                21.638088
              ],
              [
                103.196408,
                21.638222
              ],
              [
                103.196291,
                21.638394
              ],
              [
                103.196077,
                21.638606
              ],
              [
                103.195767,
                21.638866
              ],
              [
                103.195586,
                21.639103
              ],
              [
                103.195429,
                21.639328
              ],
              [
                103.195253,
                21.639637
              ],
              [
                103.195146,
                21.639928
              ],
              [
                103.194463,
                21.643741
              ],
              [
                103.194293,
                21.644689
              ],
              [
                103.194135,
                21.644642
              ],
              [
                103.193934,
                21.644581
              ],
              [
                103.193633,
                21.644623
              ],
              [
                103.193479,
                21.644655
              ],
              [
                103.193172,
                21.644672
              ],
              [
                103.192037,
                21.644609
              ],
              [
                103.191731,
                21.644567
              ],
              [
                103.191061,
                21.644863
              ],
              [
                103.190711,
                21.645008
              ],
              [
                103.188559,
                21.645347
              ],
              [
                103.188485,
                21.645375
              ],
              [
                103.18806,
                21.645492
              ],
              [
                103.187683,
                21.645426
              ],
              [
                103.187378,
                21.645292
              ],
              [
                103.18689,
                21.645034
              ],
              [
                103.185712,
                21.643942
              ],
              [
                103.185287,
                21.643637
              ],
              [
                103.184932,
                21.643253
              ],
              [
                103.184632,
                21.642858
              ],
              [
                103.184493,
                21.642675
              ],
              [
                103.184318,
                21.642445
              ],
              [
                103.183268,
                21.641844
              ],
              [
                103.182247,
                21.64131
              ],
              [
                103.181509,
                21.640686
              ],
              [
                103.181156,
                21.640586
              ],
              [
                103.18078,
                21.640589
              ],
              [
                103.180404,
                21.640649
              ],
              [
                103.17978,
                21.640719
              ],
              [
                103.179226,
                21.640725
              ],
              [
                103.178751,
                21.640569
              ],
              [
                103.178299,
                21.640334
              ],
              [
                103.177792,
                21.640017
              ],
              [
                103.17636,
                21.639439
              ],
              [
                103.175943,
                21.639181
              ],
              [
                103.175807,
                21.639022
              ],
              [
                103.175574,
                21.638676
              ],
              [
                103.175461,
                21.638538
              ],
              [
                103.174797,
                21.63828
              ],
              [
                103.17427,
                21.638059
              ],
              [
                103.174018,
                21.637992
              ],
              [
                103.173666,
                21.637974
              ],
              [
                103.173314,
                21.638073
              ],
              [
                103.172858,
                21.638166
              ],
              [
                103.172544,
                21.638234
              ],
              [
                103.172217,
                21.638368
              ],
              [
                103.171739,
                21.638745
              ],
              [
                103.171258,
                21.639082
              ],
              [
                103.170917,
                21.639341
              ],
              [
                103.170602,
                21.6394
              ],
              [
                103.170186,
                21.639552
              ],
              [
                103.169878,
                21.639611
              ],
              [
                103.169872,
                21.639613
              ],
              [
                103.169741,
                21.63959
              ],
              [
                103.169724,
                21.63958
              ],
              [
                103.169361,
                21.639378
              ],
              [
                103.169164,
                21.639253
              ],
              [
                103.168942,
                21.639165
              ],
              [
                103.168413,
                21.639181
              ],
              [
                103.167992,
                21.639155
              ],
              [
                103.167447,
                21.639149
              ],
              [
                103.166979,
                21.639186
              ],
              [
                103.16648,
                21.63921
              ],
              [
                103.166044,
                21.639155
              ],
              [
                103.16576,
                21.639187
              ],
              [
                103.165076,
                21.639323
              ],
              [
                103.164811,
                21.639311
              ],
              [
                103.164417,
                21.639239
              ],
              [
                103.164087,
                21.639082
              ],
              [
                103.163806,
                21.638834
              ],
              [
                103.163513,
                21.638631
              ],
              [
                103.162318,
                21.638641
              ],
              [
                103.162116,
                21.638664
              ],
              [
                103.161328,
                21.638908
              ],
              [
                103.160868,
                21.63907
              ],
              [
                103.160105,
                21.639583
              ],
              [
                103.159466,
                21.639921
              ],
              [
                103.158884,
                21.640096
              ],
              [
                103.158302,
                21.640293
              ],
              [
                103.157465,
                21.640424
              ],
              [
                103.156804,
                21.640403
              ],
              [
                103.156663,
                21.640361
              ],
              [
                103.156053,
                21.64007
              ],
              [
                103.155091,
                21.639804
              ],
              [
                103.154377,
                21.639652
              ],
              [
                103.15427,
                21.639629
              ],
              [
                103.153669,
                21.639689
              ],
              [
                103.15294,
                21.639716
              ],
              [
                103.152236,
                21.639767
              ],
              [
                103.151921,
                21.639848
              ],
              [
                103.151456,
                21.640178
              ],
              [
                103.151399,
                21.640219
              ],
              [
                103.151494,
                21.640271
              ],
              [
                103.151541,
                21.640258
              ],
              [
                103.151986,
                21.640137
              ],
              [
                103.152775,
                21.640222
              ],
              [
                103.153407,
                21.640411
              ],
              [
                103.154259,
                21.640825
              ],
              [
                103.154528,
                21.64114
              ],
              [
                103.154889,
                21.641529
              ],
              [
                103.155268,
                21.641912
              ],
              [
                103.155646,
                21.642261
              ],
              [
                103.155729,
                21.642349
              ],
              [
                103.15576,
                21.642365
              ],
              [
                103.15588,
                21.642416
              ],
              [
                103.156023,
                21.642439
              ],
              [
                103.156145,
                21.642416
              ],
              [
                103.156248,
                21.642356
              ],
              [
                103.156357,
                21.642285
              ],
              [
                103.156439,
                21.64225
              ],
              [
                103.156608,
                21.642206
              ],
              [
                103.156945,
                21.642306
              ],
              [
                103.157215,
                21.642403
              ],
              [
                103.157469,
                21.642467
              ],
              [
                103.157634,
                21.642493
              ],
              [
                103.1578,
                21.642559
              ],
              [
                103.157914,
                21.642628
              ],
              [
                103.158001,
                21.642702
              ],
              [
                103.15807,
                21.642778
              ],
              [
                103.158144,
                21.642871
              ],
              [
                103.158211,
                21.642959
              ],
              [
                103.158266,
                21.643032
              ],
              [
                103.15834,
                21.643096
              ],
              [
                103.158408,
                21.643132
              ],
              [
                103.158458,
                21.643155
              ],
              [
                103.15853,
                21.643187
              ],
              [
                103.15858,
                21.643207
              ],
              [
                103.158642,
                21.643231
              ],
              [
                103.158779,
                21.643287
              ],
              [
                103.158851,
                21.643312
              ],
              [
                103.158949,
                21.643331
              ],
              [
                103.159046,
                21.643339
              ],
              [
                103.159113,
                21.643341
              ],
              [
                103.159173,
                21.643344
              ],
              [
                103.159237,
                21.643344
              ],
              [
                103.159307,
                21.643343
              ],
              [
                103.15935,
                21.643339
              ],
              [
                103.159414,
                21.643333
              ],
              [
                103.159482,
                21.643333
              ],
              [
                103.159558,
                21.643344
              ],
              [
                103.159647,
                21.643376
              ],
              [
                103.15971,
                21.64342
              ],
              [
                103.159761,
                21.643476
              ],
              [
                103.159824,
                21.643567
              ],
              [
                103.159947,
                21.643752
              ],
              [
                103.160015,
                21.643851
              ],
              [
                103.160093,
                21.643996
              ],
              [
                103.160135,
                21.64407
              ],
              [
                103.160193,
                21.644161
              ],
              [
                103.160241,
                21.644235
              ],
              [
                103.16029,
                21.644299
              ],
              [
                103.160347,
                21.644363
              ],
              [
                103.160418,
                21.644414
              ],
              [
                103.160511,
                21.644451
              ],
              [
                103.160609,
                21.64448
              ],
              [
                103.160731,
                21.644506
              ],
              [
                103.160828,
                21.644521
              ],
              [
                103.160923,
                21.644533
              ],
              [
                103.161052,
                21.644544
              ],
              [
                103.161234,
                21.644566
              ],
              [
                103.161337,
                21.644584
              ],
              [
                103.161499,
                21.644626
              ],
              [
                103.16165,
                21.644694
              ],
              [
                103.161751,
                21.644785
              ],
              [
                103.16182,
                21.644888
              ],
              [
                103.161894,
                21.64502
              ],
              [
                103.161963,
                21.645119
              ],
              [
                103.162036,
                21.645194
              ],
              [
                103.162135,
                21.645257
              ],
              [
                103.162236,
                21.645288
              ],
              [
                103.162334,
                21.645292
              ],
              [
                103.162458,
                21.645282
              ],
              [
                103.162563,
                21.645266
              ],
              [
                103.16272,
                21.645258
              ],
              [
                103.162879,
                21.64526
              ],
              [
                103.163043,
                21.645267
              ],
              [
                103.163209,
                21.645271
              ],
              [
                103.163359,
                21.64525
              ],
              [
                103.163482,
                21.645226
              ],
              [
                103.16359,
                21.645221
              ],
              [
                103.163716,
                21.645258
              ],
              [
                103.163823,
                21.645336
              ],
              [
                103.163905,
                21.645482
              ],
              [
                103.163928,
                21.645645
              ],
              [
                103.163949,
                21.645828
              ],
              [
                103.163965,
                21.645925
              ],
              [
                103.164007,
                21.646031
              ],
              [
                103.164074,
                21.646148
              ],
              [
                103.164146,
                21.646223
              ],
              [
                103.164261,
                21.646301
              ],
              [
                103.164353,
                21.646342
              ],
              [
                103.164452,
                21.646367
              ],
              [
                103.164562,
                21.646394
              ],
              [
                103.164633,
                21.646415
              ],
              [
                103.164684,
                21.646438
              ],
              [
                103.164769,
                21.646483
              ],
              [
                103.164772,
                21.646485
              ],
              [
                103.164874,
                21.646545
              ],
              [
                103.16494,
                21.64659
              ],
              [
                103.165,
                21.646647
              ],
              [
                103.165043,
                21.646695
              ],
              [
                103.16509,
                21.646753
              ],
              [
                103.165136,
                21.646808
              ],
              [
                103.165191,
                21.64687
              ],
              [
                103.165241,
                21.646902
              ],
              [
                103.165353,
                21.646931
              ],
              [
                103.16545,
                21.646941
              ],
              [
                103.165647,
                21.646952
              ],
              [
                103.165819,
                21.64694
              ],
              [
                103.165921,
                21.646943
              ],
              [
                103.166014,
                21.646962
              ],
              [
                103.166147,
                21.647008
              ],
              [
                103.166252,
                21.647063
              ],
              [
                103.166324,
                21.64716
              ],
              [
                103.166455,
                21.647305
              ],
              [
                103.16656,
                21.647502
              ],
              [
                103.16668,
                21.647704
              ],
              [
                103.166765,
                21.647862
              ],
              [
                103.166843,
                21.647987
              ],
              [
                103.16688,
                21.648045
              ],
              [
                103.16697,
                21.648113
              ],
              [
                103.167067,
                21.648186
              ],
              [
                103.167112,
                21.648208
              ],
              [
                103.167322,
                21.648308
              ],
              [
                103.167459,
                21.648367
              ],
              [
                103.167551,
                21.648368
              ],
              [
                103.167777,
                21.648294
              ],
              [
                103.167944,
                21.648198
              ],
              [
                103.168018,
                21.648154
              ],
              [
                103.168339,
                21.647856
              ],
              [
                103.168479,
                21.647757
              ],
              [
                103.168633,
                21.647721
              ],
              [
                103.168776,
                21.647732
              ],
              [
                103.168813,
                21.647747
              ],
              [
                103.168892,
                21.647781
              ],
              [
                103.169044,
                21.647959
              ],
              [
                103.169327,
                21.648187
              ],
              [
                103.169591,
                21.6483
              ],
              [
                103.169775,
                21.648335
              ],
              [
                103.169935,
                21.648324
              ],
              [
                103.170155,
                21.648295
              ],
              [
                103.170227,
                21.648275
              ],
              [
                103.170284,
                21.648258
              ],
              [
                103.170474,
                21.648163
              ],
              [
                103.170541,
                21.648145
              ],
              [
                103.170718,
                21.648116
              ],
              [
                103.170782,
                21.648114
              ],
              [
                103.170923,
                21.648109
              ],
              [
                103.17095,
                21.64812
              ],
              [
                103.171205,
                21.648234
              ],
              [
                103.171503,
                21.648297
              ],
              [
                103.171682,
                21.648289
              ],
              [
                103.171784,
                21.648329
              ],
              [
                103.171844,
                21.648411
              ],
              [
                103.17185,
                21.648474
              ],
              [
                103.171853,
                21.648516
              ],
              [
                103.171815,
                21.648683
              ],
              [
                103.17169,
                21.648897
              ],
              [
                103.171555,
                21.649096
              ],
              [
                103.171435,
                21.649257
              ],
              [
                103.171351,
                21.649428
              ],
              [
                103.171356,
                21.649467
              ],
              [
                103.17137,
                21.649572
              ],
              [
                103.171429,
                21.649706
              ],
              [
                103.17153,
                21.649822
              ],
              [
                103.171779,
                21.649954
              ],
              [
                103.171982,
                21.650047
              ],
              [
                103.172313,
                21.650126
              ],
              [
                103.172502,
                21.650172
              ],
              [
                103.172951,
                21.650287
              ],
              [
                103.173083,
                21.65037
              ],
              [
                103.173168,
                21.650466
              ],
              [
                103.173202,
                21.650595
              ],
              [
                103.173246,
                21.650801
              ],
              [
                103.173289,
                21.651031
              ],
              [
                103.173344,
                21.651147
              ],
              [
                103.173475,
                21.651291
              ],
              [
                103.173641,
                21.651379
              ],
              [
                103.173682,
                21.651401
              ],
              [
                103.17414,
                21.651643
              ],
              [
                103.174561,
                21.65191
              ],
              [
                103.17473,
                21.652053
              ],
              [
                103.174819,
                21.652128
              ],
              [
                103.174955,
                21.652302
              ],
              [
                103.175018,
                21.652537
              ],
              [
                103.175014,
                21.652669
              ],
              [
                103.17501,
                21.652819
              ],
              [
                103.175069,
                21.652972
              ],
              [
                103.175109,
                21.653013
              ],
              [
                103.1752,
                21.653107
              ],
              [
                103.175228,
                21.653119
              ],
              [
                103.175358,
                21.653176
              ],
              [
                103.175474,
                21.653163
              ],
              [
                103.175476,
                21.653163
              ],
              [
                103.17561,
                21.653078
              ],
              [
                103.175653,
                21.653017
              ],
              [
                103.175735,
                21.652903
              ],
              [
                103.175853,
                21.652804
              ],
              [
                103.175904,
                21.652809
              ],
              [
                103.176025,
                21.652949
              ],
              [
                103.176106,
                21.653038
              ],
              [
                103.176151,
                21.653089
              ],
              [
                103.176294,
                21.653162
              ],
              [
                103.176493,
                21.653203
              ],
              [
                103.176599,
                21.653252
              ],
              [
                103.176659,
                21.653295
              ],
              [
                103.176685,
                21.653315
              ],
              [
                103.17671,
                21.653377
              ],
              [
                103.176716,
                21.653477
              ],
              [
                103.176717,
                21.653503
              ],
              [
                103.176723,
                21.653597
              ],
              [
                103.17673,
                21.653827
              ],
              [
                103.176797,
                21.653941
              ],
              [
                103.17686,
                21.654048
              ],
              [
                103.177108,
                21.654237
              ],
              [
                103.177224,
                21.654396
              ],
              [
                103.177263,
                21.654511
              ],
              [
                103.177267,
                21.654597
              ],
              [
                103.177241,
                21.654697
              ],
              [
                103.177065,
                21.654848
              ],
              [
                103.17681,
                21.654998
              ],
              [
                103.176598,
                21.655125
              ],
              [
                103.176474,
                21.655216
              ],
              [
                103.176378,
                21.655295
              ],
              [
                103.176317,
                21.655424
              ],
              [
                103.176349,
                21.655545
              ],
              [
                103.176438,
                21.655655
              ],
              [
                103.176956,
                21.655799
              ],
              [
                103.177537,
                21.655817
              ],
              [
                103.177921,
                21.655732
              ],
              [
                103.178178,
                21.655681
              ],
              [
                103.178625,
                21.655623
              ],
              [
                103.178856,
                21.655593
              ],
              [
                103.179128,
                21.655591
              ],
              [
                103.179348,
                21.655588
              ],
              [
                103.179589,
                21.655561
              ],
              [
                103.179847,
                21.655487
              ],
              [
                103.180443,
                21.655105
              ],
              [
                103.180591,
                21.655082
              ],
              [
                103.180731,
                21.655084
              ],
              [
                103.180782,
                21.655144
              ],
              [
                103.180791,
                21.655185
              ],
              [
                103.180812,
                21.655276
              ],
              [
                103.18079,
                21.655461
              ],
              [
                103.180683,
                21.655635
              ],
              [
                103.180673,
                21.655651
              ],
              [
                103.180451,
                21.656019
              ],
              [
                103.180366,
                21.656185
              ],
              [
                103.180346,
                21.656268
              ],
              [
                103.180355,
                21.656505
              ],
              [
                103.180356,
                21.656507
              ],
              [
                103.180424,
                21.65667
              ],
              [
                103.18055,
                21.656761
              ],
              [
                103.18071,
                21.656768
              ],
              [
                103.18093,
                21.656597
              ],
              [
                103.181239,
                21.656368
              ],
              [
                103.181412,
                21.656352
              ],
              [
                103.181616,
                21.65642
              ],
              [
                103.181818,
                21.656577
              ],
              [
                103.18195,
                21.6568
              ],
              [
                103.182004,
                21.657021
              ],
              [
                103.18207,
                21.657404
              ],
              [
                103.182144,
                21.657608
              ],
              [
                103.182245,
                21.657711
              ],
              [
                103.182397,
                21.657826
              ],
              [
                103.182562,
                21.657882
              ],
              [
                103.182748,
                21.657878
              ],
              [
                103.182918,
                21.657861
              ],
              [
                103.183216,
                21.657816
              ],
              [
                103.183341,
                21.65783
              ],
              [
                103.183358,
                21.657834
              ],
              [
                103.183522,
                21.657876
              ],
              [
                103.183732,
                21.657939
              ],
              [
                103.183936,
                21.658015
              ],
              [
                103.184101,
                21.658092
              ],
              [
                103.184251,
                21.658147
              ],
              [
                103.184413,
                21.658206
              ],
              [
                103.184488,
                21.658233
              ],
              [
                103.184552,
                21.658297
              ],
              [
                103.184571,
                21.658364
              ],
              [
                103.184593,
                21.658511
              ],
              [
                103.184581,
                21.658645
              ],
              [
                103.184537,
                21.658874
              ],
              [
                103.184595,
                21.65919
              ],
              [
                103.184692,
                21.659564
              ],
              [
                103.184811,
                21.659894
              ],
              [
                103.184811,
                21.659897
              ],
              [
                103.184814,
                21.659908
              ],
              [
                103.184872,
                21.660055
              ],
              [
                103.185004,
                21.6602
              ],
              [
                103.18534,
                21.660407
              ],
              [
                103.185892,
                21.660676
              ],
              [
                103.185979,
                21.660729
              ],
              [
                103.186229,
                21.660883
              ],
              [
                103.186553,
                21.660994
              ],
              [
                103.186611,
                21.660996
              ],
              [
                103.186745,
                21.661002
              ],
              [
                103.18695,
                21.660932
              ],
              [
                103.187421,
                21.660585
              ],
              [
                103.187665,
                21.660468
              ],
              [
                103.187845,
                21.66044
              ],
              [
                103.188042,
                21.660466
              ],
              [
                103.188079,
                21.660484
              ],
              [
                103.188217,
                21.660553
              ],
              [
                103.188222,
                21.660555
              ],
              [
                103.188303,
                21.660595
              ],
              [
                103.188362,
                21.66069
              ],
              [
                103.188591,
                21.661058
              ],
              [
                103.188778,
                21.661299
              ],
              [
                103.188873,
                21.661402
              ],
              [
                103.189101,
                21.661586
              ],
              [
                103.189312,
                21.661721
              ],
              [
                103.189501,
                21.661856
              ],
              [
                103.189787,
                21.662039
              ],
              [
                103.189822,
                21.662058
              ],
              [
                103.190066,
                21.662191
              ],
              [
                103.190588,
                21.662727
              ],
              [
                103.190665,
                21.662807
              ],
              [
                103.191006,
                21.663199
              ],
              [
                103.19103,
                21.663319
              ],
              [
                103.191009,
                21.66342
              ],
              [
                103.190938,
                21.663515
              ],
              [
                103.190557,
                21.663803
              ],
              [
                103.190048,
                21.664126
              ],
              [
                103.189888,
                21.66433
              ],
              [
                103.189866,
                21.664357
              ],
              [
                103.189902,
                21.664537
              ],
              [
                103.18997,
                21.664729
              ],
              [
                103.190177,
                21.66503
              ],
              [
                103.190348,
                21.665181
              ],
              [
                103.190666,
                21.66531
              ],
              [
                103.190998,
                21.665361
              ],
              [
                103.191284,
                21.665496
              ],
              [
                103.1916,
                21.66575
              ],
              [
                103.191751,
                21.665955
              ],
              [
                103.191768,
                21.666111
              ],
              [
                103.191676,
                21.666361
              ],
              [
                103.191533,
                21.666532
              ],
              [
                103.191492,
                21.666735
              ],
              [
                103.191502,
                21.666898
              ],
              [
                103.191508,
                21.666992
              ],
              [
                103.19157,
                21.66716
              ],
              [
                103.191697,
                21.667309
              ],
              [
                103.192181,
                21.667731
              ],
              [
                103.192237,
                21.667833
              ],
              [
                103.192251,
                21.667902
              ],
              [
                103.192235,
                21.668105
              ],
              [
                103.192103,
                21.668462
              ],
              [
                103.192095,
                21.668564
              ],
              [
                103.192188,
                21.668804
              ],
              [
                103.192237,
                21.668989
              ],
              [
                103.192229,
                21.669162
              ],
              [
                103.192123,
                21.669394
              ],
              [
                103.192133,
                21.669627
              ],
              [
                103.192453,
                21.670103
              ],
              [
                103.192758,
                21.670279
              ],
              [
                103.193312,
                21.670441
              ],
              [
                103.193752,
                21.670529
              ],
              [
                103.194237,
                21.670594
              ],
              [
                103.194489,
                21.670623
              ],
              [
                103.194824,
                21.67066
              ],
              [
                103.195034,
                21.670698
              ],
              [
                103.195348,
                21.67063
              ],
              [
                103.195803,
                21.670522
              ],
              [
                103.19604,
                21.670542
              ],
              [
                103.196465,
                21.670756
              ],
              [
                103.196678,
                21.670881
              ],
              [
                103.196795,
                21.670932
              ],
              [
                103.196853,
                21.670957
              ],
              [
                103.19698,
                21.670971
              ],
              [
                103.19746,
                21.670904
              ],
              [
                103.197741,
                21.670913
              ],
              [
                103.198042,
                21.670922
              ],
              [
                103.198399,
                21.670962
              ],
              [
                103.19859,
                21.671048
              ],
              [
                103.198862,
                21.671236
              ],
              [
                103.199007,
                21.671417
              ],
              [
                103.199101,
                21.671597
              ],
              [
                103.199118,
                21.671729
              ],
              [
                103.19911,
                21.671872
              ],
              [
                103.199011,
                21.671989
              ],
              [
                103.198929,
                21.672085
              ],
              [
                103.198785,
                21.67234
              ],
              [
                103.198712,
                21.672578
              ],
              [
                103.198716,
                21.67271
              ],
              [
                103.198731,
                21.672759
              ],
              [
                103.198778,
                21.672914
              ],
              [
                103.199054,
                21.673299
              ],
              [
                103.199354,
                21.673606
              ],
              [
                103.19942,
                21.673673
              ],
              [
                103.199625,
                21.6738
              ],
              [
                103.199744,
                21.673874
              ],
              [
                103.200258,
                21.674172
              ],
              [
                103.200695,
                21.674427
              ],
              [
                103.200727,
                21.674446
              ],
              [
                103.200829,
                21.674515
              ],
              [
                103.20145,
                21.674932
              ],
              [
                103.201907,
                21.675194
              ],
              [
                103.202136,
                21.675257
              ],
              [
                103.202155,
                21.675262
              ],
              [
                103.202159,
                21.675263
              ],
              [
                103.202436,
                21.675315
              ],
              [
                103.202799,
                21.675365
              ],
              [
                103.202977,
                21.675462
              ],
              [
                103.203172,
                21.675733
              ],
              [
                103.203276,
                21.676069
              ],
              [
                103.203341,
                21.676524
              ],
              [
                103.203421,
                21.67674
              ],
              [
                103.203522,
                21.676866
              ],
              [
                103.203796,
                21.676989
              ],
              [
                103.204229,
                21.677101
              ],
              [
                103.204854,
                21.677161
              ],
              [
                103.205224,
                21.677243
              ],
              [
                103.205408,
                21.677347
              ],
              [
                103.205681,
                21.677523
              ],
              [
                103.205776,
                21.677634
              ],
              [
                103.205964,
                21.677855
              ],
              [
                103.206242,
                21.67812
              ],
              [
                103.20642,
                21.6782
              ],
              [
                103.206426,
                21.678204
              ],
              [
                103.206845,
                21.678473
              ],
              [
                103.207035,
                21.678655
              ],
              [
                103.207056,
                21.678695
              ],
              [
                103.207131,
                21.678836
              ],
              [
                103.20716,
                21.678889
              ],
              [
                103.207294,
                21.67941
              ],
              [
                103.207295,
                21.679415
              ],
              [
                103.207421,
                21.679985
              ],
              [
                103.207421,
                21.679999
              ],
              [
                103.207422,
                21.680433
              ],
              [
                103.207468,
                21.680846
              ],
              [
                103.207548,
                21.68105
              ],
              [
                103.2078,
                21.681357
              ],
              [
                103.208126,
                21.681608
              ],
              [
                103.208256,
                21.681709
              ],
              [
                103.208302,
                21.681785
              ],
              [
                103.20831,
                21.681797
              ],
              [
                103.208425,
                21.681985
              ],
              [
                103.20854,
                21.682247
              ],
              [
                103.208584,
                21.682348
              ],
              [
                103.208724,
                21.682664
              ],
              [
                103.208906,
                21.682911
              ],
              [
                103.209097,
                21.683017
              ],
              [
                103.209103,
                21.68302
              ],
              [
                103.209281,
                21.683052
              ],
              [
                103.209478,
                21.683033
              ],
              [
                103.209832,
                21.682998
              ],
              [
                103.21028,
                21.682937
              ],
              [
                103.210573,
                21.68297
              ],
              [
                103.210655,
                21.683085
              ],
              [
                103.210799,
                21.683349
              ],
              [
                103.210861,
                21.68352
              ],
              [
                103.21096,
                21.683793
              ],
              [
                103.211007,
                21.683852
              ],
              [
                103.211142,
                21.684022
              ],
              [
                103.211384,
                21.684126
              ],
              [
                103.211709,
                21.684166
              ],
              [
                103.211972,
                21.684109
              ],
              [
                103.212203,
                21.684027
              ],
              [
                103.212294,
                21.683909
              ],
              [
                103.212304,
                21.683622
              ],
              [
                103.212377,
                21.683378
              ],
              [
                103.212545,
                21.683213
              ],
              [
                103.212636,
                21.6831
              ],
              [
                103.212851,
                21.68284
              ],
              [
                103.212853,
                21.682838
              ],
              [
                103.213121,
                21.682645
              ],
              [
                103.213282,
                21.682593
              ],
              [
                103.213337,
                21.682588
              ],
              [
                103.213455,
                21.682577
              ],
              [
                103.213678,
                21.682621
              ],
              [
                103.214034,
                21.682763
              ],
              [
                103.214505,
                21.682923
              ],
              [
                103.214856,
                21.682951
              ],
              [
                103.215277,
                21.683033
              ],
              [
                103.215601,
                21.68318
              ],
              [
                103.215842,
                21.683362
              ],
              [
                103.216069,
                21.683633
              ],
              [
                103.216074,
                21.68366
              ],
              [
                103.216189,
                21.683573
              ],
              [
                103.21635,
                21.683509
              ],
              [
                103.216507,
                21.68345
              ],
              [
                103.216657,
                21.683429
              ],
              [
                103.216803,
                21.683428
              ],
              [
                103.217221,
                21.683475
              ],
              [
                103.217352,
                21.683494
              ],
              [
                103.217461,
                21.683496
              ],
              [
                103.217623,
                21.6835
              ],
              [
                103.217843,
                21.683459
              ],
              [
                103.218163,
                21.683255
              ],
              [
                103.218419,
                21.683049
              ],
              [
                103.218728,
                21.682866
              ],
              [
                103.218863,
                21.682825
              ],
              [
                103.219118,
                21.682775
              ],
              [
                103.219505,
                21.682728
              ],
              [
                103.219515,
                21.682727
              ],
              [
                103.219816,
                21.682704
              ],
              [
                103.220054,
                21.682666
              ],
              [
                103.220293,
                21.682615
              ],
              [
                103.22056,
                21.682514
              ],
              [
                103.220863,
                21.682303
              ],
              [
                103.221135,
                21.682082
              ],
              [
                103.221428,
                21.681935
              ],
              [
                103.221787,
                21.681734
              ],
              [
                103.22213,
                21.681468
              ],
              [
                103.222294,
                21.681365
              ],
              [
                103.222623,
                21.681237
              ],
              [
                103.222782,
                21.681208
              ],
              [
                103.222944,
                21.681211
              ],
              [
                103.223105,
                21.681227
              ],
              [
                103.223391,
                21.681301
              ],
              [
                103.223631,
                21.681402
              ],
              [
                103.223748,
                21.681405
              ],
              [
                103.223832,
                21.681351
              ],
              [
                103.223849,
                21.681278
              ],
              [
                103.223882,
                21.681161
              ],
              [
                103.223943,
                21.681062
              ],
              [
                103.224075,
                21.680964
              ],
              [
                103.224281,
                21.680872
              ],
              [
                103.224745,
                21.680857
              ],
              [
                103.224888,
                21.680862
              ],
              [
                103.22501,
                21.680928
              ],
              [
                103.225082,
                21.681023
              ],
              [
                103.225258,
                21.681438
              ],
              [
                103.225372,
                21.681762
              ],
              [
                103.225595,
                21.682062
              ],
              [
                103.225713,
                21.68212
              ],
              [
                103.22582,
                21.682139
              ],
              [
                103.226039,
                21.682145
              ],
              [
                103.226312,
                21.682116
              ],
              [
                103.226608,
                21.681997
              ],
              [
                103.22676,
                21.681827
              ],
              [
                103.226784,
                21.681763
              ],
              [
                103.226785,
                21.68168
              ],
              [
                103.226748,
                21.681515
              ],
              [
                103.226653,
                21.681339
              ],
              [
                103.226599,
                21.681225
              ],
              [
                103.226571,
                21.68113
              ],
              [
                103.226561,
                21.681033
              ],
              [
                103.226558,
                21.680965
              ],
              [
                103.226563,
                21.680929
              ],
              [
                103.226655,
                21.68081
              ],
              [
                103.226755,
                21.680748
              ],
              [
                103.22686,
                21.680728
              ],
              [
                103.226981,
                21.68073
              ],
              [
                103.227171,
                21.680774
              ],
              [
                103.227919,
                21.68095
              ],
              [
                103.228166,
                21.680992
              ],
              [
                103.228369,
                21.681063
              ],
              [
                103.228475,
                21.681125
              ],
              [
                103.228563,
                21.68121
              ],
              [
                103.228786,
                21.681458
              ],
              [
                103.228935,
                21.681628
              ],
              [
                103.229122,
                21.681841
              ],
              [
                103.229221,
                21.681914
              ],
              [
                103.229356,
                21.681955
              ],
              [
                103.229673,
                21.682001
              ],
              [
                103.230075,
                21.68202
              ],
              [
                103.23047,
                21.682013
              ],
              [
                103.230654,
                21.682012
              ],
              [
                103.230864,
                21.682075
              ],
              [
                103.231083,
                21.682099
              ],
              [
                103.231298,
                21.682073
              ],
              [
                103.231324,
                21.682062
              ],
              [
                103.231483,
                21.681996
              ],
              [
                103.231705,
                21.681824
              ],
              [
                103.231711,
                21.681819
              ],
              [
                103.231714,
                21.681815
              ],
              [
                103.23186,
                21.681602
              ],
              [
                103.231995,
                21.681478
              ],
              [
                103.232177,
                21.681376
              ],
              [
                103.2325,
                21.681293
              ],
              [
                103.23268,
                21.681291
              ],
              [
                103.232764,
                21.6813
              ],
              [
                103.233006,
                21.681324
              ],
              [
                103.233201,
                21.681336
              ],
              [
                103.233443,
                21.681332
              ],
              [
                103.233683,
                21.681263
              ],
              [
                103.234383,
                21.680944
              ],
              [
                103.234507,
                21.680877
              ],
              [
                103.234729,
                21.680793
              ],
              [
                103.234914,
                21.680526
              ],
              [
                103.235044,
                21.680322
              ],
              [
                103.235164,
                21.680103
              ],
              [
                103.23522,
                21.680031
              ],
              [
                103.235268,
                21.67997
              ],
              [
                103.235382,
                21.679847
              ],
              [
                103.23561,
                21.679638
              ],
              [
                103.235749,
                21.679545
              ],
              [
                103.23591,
                21.67937
              ],
              [
                103.236014,
                21.679204
              ],
              [
                103.236067,
                21.679028
              ],
              [
                103.236075,
                21.678822
              ],
              [
                103.236112,
                21.678609
              ],
              [
                103.236095,
                21.678283
              ],
              [
                103.236062,
                21.67804
              ],
              [
                103.236054,
                21.677756
              ],
              [
                103.236074,
                21.677633
              ],
              [
                103.236084,
                21.677586
              ],
              [
                103.236124,
                21.677304
              ],
              [
                103.236124,
                21.677303
              ],
              [
                103.236145,
                21.677227
              ],
              [
                103.236217,
                21.677184
              ],
              [
                103.23634,
                21.677157
              ],
              [
                103.236383,
                21.677159
              ],
              [
                103.236443,
                21.677163
              ],
              [
                103.236713,
                21.677214
              ],
              [
                103.236958,
                21.677254
              ],
              [
                103.237101,
                21.677251
              ],
              [
                103.237193,
                21.677233
              ],
              [
                103.237245,
                21.6772
              ],
              [
                103.237292,
                21.677115
              ],
              [
                103.237328,
                21.677
              ],
              [
                103.237462,
                21.676576
              ],
              [
                103.237589,
                21.676229
              ],
              [
                103.237658,
                21.676116
              ],
              [
                103.237727,
                21.676005
              ],
              [
                103.237848,
                21.675607
              ],
              [
                103.237863,
                21.675558
              ],
              [
                103.237888,
                21.6755
              ],
              [
                103.237913,
                21.675444
              ],
              [
                103.237968,
                21.675315
              ],
              [
                103.238083,
                21.675173
              ],
              [
                103.238316,
                21.674927
              ],
              [
                103.238584,
                21.674724
              ],
              [
                103.238754,
                21.674616
              ],
              [
                103.238903,
                21.674584
              ],
              [
                103.239056,
                21.674577
              ],
              [
                103.239061,
                21.674576
              ],
              [
                103.239343,
                21.674577
              ],
              [
                103.239446,
                21.674563
              ],
              [
                103.239834,
                21.674508
              ],
              [
                103.24008,
                21.674449
              ],
              [
                103.240318,
                21.674368
              ],
              [
                103.240755,
                21.674073
              ],
              [
                103.240997,
                21.673885
              ],
              [
                103.241032,
                21.673856
              ],
              [
                103.241223,
                21.673698
              ],
              [
                103.241308,
                21.673545
              ],
              [
                103.241308,
                21.673512
              ],
              [
                103.241309,
                21.67344
              ],
              [
                103.241282,
                21.673314
              ],
              [
                103.241237,
                21.673188
              ],
              [
                103.241223,
                21.673149
              ],
              [
                103.24118,
                21.67309
              ],
              [
                103.241031,
                21.672885
              ],
              [
                103.240887,
                21.672671
              ],
              [
                103.24082,
                21.672514
              ],
              [
                103.240794,
                21.672439
              ],
              [
                103.240777,
                21.672378
              ],
              [
                103.240742,
                21.672248
              ],
              [
                103.240715,
                21.672063
              ],
              [
                103.240671,
                21.671909
              ],
              [
                103.240669,
                21.671904
              ],
              [
                103.240668,
                21.6719
              ],
              [
                103.240555,
                21.671571
              ],
              [
                103.24051,
                21.671429
              ],
              [
                103.240515,
                21.671218
              ],
              [
                103.240562,
                21.671045
              ],
              [
                103.240641,
                21.670819
              ],
              [
                103.240719,
                21.670677
              ],
              [
                103.240784,
                21.670618
              ],
              [
                103.240877,
                21.670607
              ],
              [
                103.241101,
                21.6706
              ],
              [
                103.241187,
                21.670583
              ],
              [
                103.241261,
                21.670521
              ],
              [
                103.241281,
                21.670459
              ],
              [
                103.241283,
                21.670132
              ],
              [
                103.241338,
                21.670026
              ],
              [
                103.241434,
                21.669976
              ],
              [
                103.241732,
                21.669944
              ],
              [
                103.241895,
                21.66991
              ],
              [
                103.241989,
                21.669827
              ],
              [
                103.2421,
                21.669622
              ],
              [
                103.242304,
                21.669276
              ],
              [
                103.242469,
                21.669093
              ],
              [
                103.242706,
                21.668885
              ],
              [
                103.243069,
                21.66853
              ],
              [
                103.243194,
                21.668393
              ],
              [
                103.243266,
                21.668341
              ],
              [
                103.243333,
                21.668321
              ],
              [
                103.243381,
                21.668321
              ],
              [
                103.245383,
                21.669663
              ],
              [
                103.251889,
                21.673928
              ],
              [
                103.251896,
                21.673932
              ],
              [
                103.256075,
                21.676449
              ],
              [
                103.256075,
                21.676454
              ],
              [
                103.256055,
                21.676674
              ],
              [
                103.25607,
                21.676766
              ],
              [
                103.256122,
                21.677037
              ],
              [
                103.256197,
                21.677286
              ],
              [
                103.256219,
                21.677375
              ],
              [
                103.25622,
                21.677389
              ],
              [
                103.256258,
                21.677669
              ],
              [
                103.256306,
                21.678113
              ],
              [
                103.256313,
                21.678388
              ],
              [
                103.256311,
                21.678597
              ],
              [
                103.256307,
                21.678855
              ],
              [
                103.25629,
                21.678937
              ],
              [
                103.256242,
                21.679179
              ],
              [
                103.256218,
                21.679343
              ],
              [
                103.256209,
                21.679459
              ],
              [
                103.256214,
                21.679564
              ],
              [
                103.256236,
                21.679661
              ],
              [
                103.256271,
                21.679766
              ],
              [
                103.256364,
                21.68001
              ],
              [
                103.256497,
                21.680398
              ],
              [
                103.256591,
                21.680627
              ],
              [
                103.256631,
                21.680698
              ],
              [
                103.25673,
                21.680765
              ],
              [
                103.256819,
                21.6808
              ],
              [
                103.257002,
                21.680842
              ],
              [
                103.25716,
                21.680867
              ],
              [
                103.257507,
                21.68085
              ],
              [
                103.2577,
                21.680839
              ],
              [
                103.258042,
                21.680788
              ],
              [
                103.258407,
                21.680724
              ],
              [
                103.25858,
                21.680719
              ],
              [
                103.259011,
                21.680714
              ],
              [
                103.259361,
                21.680756
              ],
              [
                103.259703,
                21.68077
              ],
              [
                103.259791,
                21.680767
              ],
              [
                103.260072,
                21.680691
              ],
              [
                103.260403,
                21.680584
              ],
              [
                103.260707,
                21.680497
              ],
              [
                103.260987,
                21.680465
              ],
              [
                103.261217,
                21.680474
              ],
              [
                103.261626,
                21.680561
              ],
              [
                103.261921,
                21.6806
              ],
              [
                103.26227,
                21.680668
              ],
              [
                103.262648,
                21.680797
              ],
              [
                103.262927,
                21.68089
              ],
              [
                103.263156,
                21.680978
              ],
              [
                103.26337,
                21.681148
              ],
              [
                103.264281,
                21.681989
              ],
              [
                103.264397,
                21.681701
              ],
              [
                103.264503,
                21.681154
              ],
              [
                103.264687,
                21.680461
              ],
              [
                103.265103,
                21.680414
              ],
              [
                103.265452,
                21.680379
              ],
              [
                103.26558,
                21.680326
              ],
              [
                103.266016,
                21.680098
              ],
              [
                103.266367,
                21.67994
              ],
              [
                103.266594,
                21.679867
              ],
              [
                103.266747,
                21.679865
              ],
              [
                103.267056,
                21.6799
              ],
              [
                103.26714,
                21.679909
              ],
              [
                103.267193,
                21.67975
              ],
              [
                103.267256,
                21.679616
              ],
              [
                103.267347,
                21.67938
              ],
              [
                103.267438,
                21.679202
              ],
              [
                103.267562,
                21.679039
              ],
              [
                103.267905,
                21.678562
              ],
              [
                103.268274,
                21.678028
              ],
              [
                103.268948,
                21.678097
              ],
              [
                103.269539,
                21.678129
              ],
              [
                103.270355,
                21.67814
              ],
              [
                103.270975,
                21.678174
              ],
              [
                103.271736,
                21.678341
              ],
              [
                103.271961,
                21.678396
              ],
              [
                103.272084,
                21.678397
              ],
              [
                103.272165,
                21.678384
              ],
              [
                103.27233,
                21.678343
              ],
              [
                103.272541,
                21.678298
              ],
              [
                103.272791,
                21.678269
              ],
              [
                103.272953,
                21.678291
              ],
              [
                103.273061,
                21.678305
              ],
              [
                103.27348,
                21.678302
              ],
              [
                103.273693,
                21.677902
              ],
              [
                103.273822,
                21.677659
              ],
              [
                103.273937,
                21.677406
              ],
              [
                103.274027,
                21.677199
              ],
              [
                103.274099,
                21.67697
              ],
              [
                103.274171,
                21.67672
              ],
              [
                103.274229,
                21.676384
              ],
              [
                103.274347,
                21.675779
              ],
              [
                103.274455,
                21.675422
              ],
              [
                103.27458,
                21.674907
              ],
              [
                103.274667,
                21.67436
              ],
              [
                103.274685,
                21.674253
              ],
              [
                103.274734,
                21.673948
              ],
              [
                103.27475,
                21.673835
              ],
              [
                103.274817,
                21.673507
              ],
              [
                103.274887,
                21.673183
              ],
              [
                103.274931,
                21.672994
              ],
              [
                103.274969,
                21.672904
              ],
              [
                103.275014,
                21.672843
              ],
              [
                103.275069,
                21.672801
              ],
              [
                103.275199,
                21.672751
              ],
              [
                103.27537,
                21.672699
              ],
              [
                103.275713,
                21.672595
              ],
              [
                103.276083,
                21.672432
              ],
              [
                103.276357,
                21.672311
              ],
              [
                103.276533,
                21.672248
              ],
              [
                103.276661,
                21.672207
              ],
              [
                103.276874,
                21.672156
              ],
              [
                103.276958,
                21.672136
              ],
              [
                103.277075,
                21.672123
              ],
              [
                103.277148,
                21.672128
              ],
              [
                103.277357,
                21.672153
              ],
              [
                103.277571,
                21.672195
              ],
              [
                103.277718,
                21.672226
              ],
              [
                103.278003,
                21.672317
              ],
              [
                103.278266,
                21.672423
              ],
              [
                103.278495,
                21.672513
              ],
              [
                103.278711,
                21.672595
              ],
              [
                103.278913,
                21.672667
              ],
              [
                103.279045,
                21.672702
              ],
              [
                103.279227,
                21.672728
              ],
              [
                103.279612,
                21.672822
              ],
              [
                103.279981,
                21.67291
              ],
              [
                103.280196,
                21.672962
              ],
              [
                103.280336,
                21.672983
              ],
              [
                103.280678,
                21.673005
              ],
              [
                103.281201,
                21.672997
              ],
              [
                103.281985,
                21.672971
              ],
              [
                103.282478,
                21.673016
              ],
              [
                103.282709,
                21.673007
              ],
              [
                103.282955,
                21.672973
              ],
              [
                103.283496,
                21.672885
              ],
              [
                103.283876,
                21.672864
              ],
              [
                103.284071,
                21.672832
              ],
              [
                103.284327,
                21.672779
              ],
              [
                103.284615,
                21.672656
              ],
              [
                103.284832,
                21.672484
              ],
              [
                103.285201,
                21.672232
              ],
              [
                103.285339,
                21.672138
              ],
              [
                103.285411,
                21.672131
              ],
              [
                103.285538,
                21.672132
              ],
              [
                103.285664,
                21.672149
              ],
              [
                103.285842,
                21.672193
              ],
              [
                103.285984,
                21.672263
              ],
              [
                103.286151,
                21.672343
              ],
              [
                103.286282,
                21.672144
              ],
              [
                103.286387,
                21.671934
              ],
              [
                103.28655,
                21.671575
              ],
              [
                103.286726,
                21.671223
              ],
              [
                103.286865,
                21.671073
              ],
              [
                103.28701,
                21.670958
              ],
              [
                103.287166,
                21.67086
              ],
              [
                103.287351,
                21.670794
              ],
              [
                103.287505,
                21.670751
              ],
              [
                103.28773,
                21.670732
              ],
              [
                103.287859,
                21.670734
              ],
              [
                103.288018,
                21.670753
              ],
              [
                103.288267,
                21.67079
              ],
              [
                103.288474,
                21.670818
              ],
              [
                103.28858,
                21.670816
              ],
              [
                103.288709,
                21.670777
              ],
              [
                103.288915,
                21.670685
              ],
              [
                103.28923,
                21.670497
              ],
              [
                103.289438,
                21.670406
              ],
              [
                103.289536,
                21.670373
              ],
              [
                103.289684,
                21.670355
              ],
              [
                103.289899,
                21.670342
              ],
              [
                103.290142,
                21.67036
              ],
              [
                103.29043,
                21.670418
              ],
              [
                103.290625,
                21.670479
              ],
              [
                103.290755,
                21.67054
              ],
              [
                103.291015,
                21.670711
              ],
              [
                103.291206,
                21.670858
              ],
              [
                103.291519,
                21.67116
              ],
              [
                103.291723,
                21.671406
              ],
              [
                103.291781,
                21.671179
              ],
              [
                103.291934,
                21.67085
              ],
              [
                103.292109,
                21.670539
              ],
              [
                103.29231,
                21.67021
              ],
              [
                103.292666,
                21.669677
              ],
              [
                103.292789,
                21.66946
              ],
              [
                103.292908,
                21.669216
              ],
              [
                103.293057,
                21.668935
              ],
              [
                103.293151,
                21.668724
              ],
              [
                103.293157,
                21.668702
              ],
              [
                103.293215,
                21.668522
              ],
              [
                103.293267,
                21.668316
              ],
              [
                103.293311,
                21.668055
              ],
              [
                103.293323,
                21.667913
              ],
              [
                103.293349,
                21.667601
              ],
              [
                103.293388,
                21.66743
              ],
              [
                103.293446,
                21.667312
              ],
              [
                103.293529,
                21.667185
              ],
              [
                103.293695,
                21.667014
              ],
              [
                103.293831,
                21.666907
              ],
              [
                103.294044,
                21.666777
              ],
              [
                103.294243,
                21.66671
              ],
              [
                103.294451,
                21.666667
              ],
              [
                103.294883,
                21.666631
              ],
              [
                103.295088,
                21.666607
              ],
              [
                103.295292,
                21.666558
              ],
              [
                103.295487,
                21.666494
              ],
              [
                103.29569,
                21.666417
              ],
              [
                103.295741,
                21.666395
              ],
              [
                103.295889,
                21.66632
              ],
              [
                103.296202,
                21.66612
              ],
              [
                103.296252,
                21.666083
              ],
              [
                103.296478,
                21.665915
              ],
              [
                103.296653,
                21.665765
              ],
              [
                103.296826,
                21.665628
              ],
              [
                103.29716,
                21.665411
              ],
              [
                103.297543,
                21.665224
              ],
              [
                103.297878,
                21.665088
              ],
              [
                103.298186,
                21.664982
              ],
              [
                103.298447,
                21.664874
              ],
              [
                103.29866,
                21.664846
              ],
              [
                103.298868,
                21.664838
              ],
              [
                103.299161,
                21.664843
              ],
              [
                103.299907,
                21.664843
              ],
              [
                103.300451,
                21.664841
              ],
              [
                103.300899,
                21.664869
              ],
              [
                103.301137,
                21.664842
              ],
              [
                103.301294,
                21.664831
              ],
              [
                103.301388,
                21.664837
              ],
              [
                103.301478,
                21.664857
              ],
              [
                103.301586,
                21.664918
              ],
              [
                103.301727,
                21.665028
              ],
              [
                103.301979,
                21.665228
              ],
              [
                103.302094,
                21.665313
              ],
              [
                103.302206,
                21.665368
              ],
              [
                103.302367,
                21.665404
              ],
              [
                103.302772,
                21.665414
              ],
              [
                103.302938,
                21.665427
              ],
              [
                103.303341,
                21.665568
              ],
              [
                103.303604,
                21.665676
              ],
              [
                103.303714,
                21.665706
              ],
              [
                103.303775,
                21.665703
              ],
              [
                103.304167,
                21.665637
              ],
              [
                103.304213,
                21.66563
              ],
              [
                103.304509,
                21.665581
              ],
              [
                103.304744,
                21.665546
              ],
              [
                103.304889,
                21.665532
              ],
              [
                103.305038,
                21.6655
              ],
              [
                103.305104,
                21.665465
              ],
              [
                103.305213,
                21.66536
              ],
              [
                103.305291,
                21.665261
              ],
              [
                103.305349,
                21.66522
              ],
              [
                103.305397,
                21.665202
              ],
              [
                103.305578,
                21.665172
              ],
              [
                103.305916,
                21.665139
              ],
              [
                103.306136,
                21.665114
              ],
              [
                103.306465,
                21.665078
              ],
              [
                103.306641,
                21.665081
              ],
              [
                103.306757,
                21.665098
              ],
              [
                103.306975,
                21.66515
              ],
              [
                103.307192,
                21.665157
              ],
              [
                103.307507,
                21.66516
              ],
              [
                103.307749,
                21.665175
              ],
              [
                103.307824,
                21.665195
              ],
              [
                103.307994,
                21.665244
              ],
              [
                103.308172,
                21.665309
              ],
              [
                103.308397,
                21.665404
              ],
              [
                103.308652,
                21.665493
              ],
              [
                103.308851,
                21.665536
              ],
              [
                103.309005,
                21.665557
              ],
              [
                103.309518,
                21.665569
              ],
              [
                103.309879,
                21.665616
              ],
              [
                103.310098,
                21.665638
              ],
              [
                103.310313,
                21.665623
              ],
              [
                103.310719,
                21.665524
              ],
              [
                103.311058,
                21.665436
              ],
              [
                103.311304,
                21.665349
              ],
              [
                103.311598,
                21.665235
              ],
              [
                103.311812,
                21.665175
              ],
              [
                103.311937,
                21.665149
              ],
              [
                103.312066,
                21.665129
              ],
              [
                103.312159,
                21.66512
              ],
              [
                103.312318,
                21.665143
              ],
              [
                103.312508,
                21.665164
              ],
              [
                103.312586,
                21.665159
              ],
              [
                103.312699,
                21.665133
              ],
              [
                103.312957,
                21.665048
              ],
              [
                103.313297,
                21.664908
              ],
              [
                103.313572,
                21.66479
              ],
              [
                103.313742,
                21.664746
              ],
              [
                103.314078,
                21.664714
              ],
              [
                103.314492,
                21.664687
              ],
              [
                103.314778,
                21.664678
              ],
              [
                103.315096,
                21.664672
              ],
              [
                103.315201,
                21.664649
              ],
              [
                103.315395,
                21.66456
              ],
              [
                103.315737,
                21.66502
              ],
              [
                103.315921,
                21.665277
              ],
              [
                103.316008,
                21.665455
              ],
              [
                103.316055,
                21.665613
              ],
              [
                103.316076,
                21.665797
              ],
              [
                103.316073,
                21.665954
              ],
              [
                103.31605,
                21.666177
              ],
              [
                103.316016,
                21.666518
              ],
              [
                103.315996,
                21.66696
              ],
              [
                103.316055,
                21.66719
              ],
              [
                103.316117,
                21.667298
              ],
              [
                103.316196,
                21.667364
              ],
              [
                103.316454,
                21.667505
              ],
              [
                103.316559,
                21.667559
              ],
              [
                103.316964,
                21.667725
              ],
              [
                103.31674,
                21.668093
              ],
              [
                103.316671,
                21.668298
              ],
              [
                103.316671,
                21.668301
              ],
              [
                103.31667,
                21.668382
              ],
              [
                103.316698,
                21.668552
              ],
              [
                103.316765,
                21.66876
              ],
              [
                103.316922,
                21.669097
              ],
              [
                103.317077,
                21.669428
              ],
              [
                103.317253,
                21.6697
              ],
              [
                103.317514,
                21.670082
              ],
              [
                103.317553,
                21.670221
              ],
              [
                103.317563,
                21.670487
              ],
              [
                103.317624,
                21.670772
              ],
              [
                103.317836,
                21.671238
              ],
              [
                103.318025,
                21.671486
              ],
              [
                103.317935,
                21.671705
              ],
              [
                103.317785,
                21.672083
              ],
              [
                103.317744,
                21.672298
              ],
              [
                103.317729,
                21.672513
              ],
              [
                103.317753,
                21.672705
              ],
              [
                103.317759,
                21.672743
              ],
              [
                103.317821,
                21.672957
              ],
              [
                103.317915,
                21.673133
              ],
              [
                103.318114,
                21.673337
              ],
              [
                103.318273,
                21.673481
              ],
              [
                103.318246,
                21.67358
              ],
              [
                103.318147,
                21.673735
              ],
              [
                103.317961,
                21.673941
              ],
              [
                103.317633,
                21.674221
              ],
              [
                103.317473,
                21.674356
              ],
              [
                103.317407,
                21.674454
              ],
              [
                103.31738,
                21.674583
              ],
              [
                103.317359,
                21.674699
              ],
              [
                103.317338,
                21.674908
              ],
              [
                103.31728,
                21.67525
              ],
              [
                103.317166,
                21.675577
              ],
              [
                103.317052,
                21.675824
              ],
              [
                103.316957,
                21.675975
              ],
              [
                103.316827,
                21.676126
              ],
              [
                103.316719,
                21.676243
              ],
              [
                103.316608,
                21.676315
              ],
              [
                103.316451,
                21.676387
              ],
              [
                103.316223,
                21.676547
              ],
              [
                103.31611,
                21.676654
              ],
              [
                103.316026,
                21.676749
              ],
              [
                103.315978,
                21.676847
              ],
              [
                103.315939,
                21.676959
              ],
              [
                103.315935,
                21.67705
              ],
              [
                103.315945,
                21.677129
              ],
              [
                103.315976,
                21.677232
              ],
              [
                103.316125,
                21.677613
              ],
              [
                103.316185,
                21.677771
              ],
              [
                103.316212,
                21.677922
              ],
              [
                103.316234,
                21.678248
              ],
              [
                103.316248,
                21.678515
              ],
              [
                103.316291,
                21.678663
              ],
              [
                103.316334,
                21.678745
              ],
              [
                103.316509,
                21.67893
              ],
              [
                103.316632,
                21.679106
              ],
              [
                103.316674,
                21.679186
              ],
              [
                103.316776,
                21.679584
              ],
              [
                103.316826,
                21.679764
              ],
              [
                103.316854,
                21.679942
              ],
              [
                103.31688,
                21.680213
              ],
              [
                103.316927,
                21.680512
              ],
              [
                103.317012,
                21.680768
              ],
              [
                103.31714,
                21.681099
              ],
              [
                103.317513,
                21.681101
              ],
              [
                103.317972,
                21.681201
              ],
              [
                103.318234,
                21.681226
              ],
              [
                103.318729,
                21.681294
              ],
              [
                103.318885,
                21.681323
              ],
              [
                103.319068,
                21.681402
              ],
              [
                103.319306,
                21.681545
              ],
              [
                103.319443,
                21.681595
              ],
              [
                103.319567,
                21.681645
              ],
              [
                103.319665,
                21.681661
              ],
              [
                103.31976,
                21.681653
              ],
              [
                103.319822,
                21.681634
              ],
              [
                103.319989,
                21.681501
              ],
              [
                103.320151,
                21.681398
              ],
              [
                103.320314,
                21.681345
              ],
              [
                103.320408,
                21.681343
              ],
              [
                103.320655,
                21.681358
              ],
              [
                103.320946,
                21.681367
              ],
              [
                103.321173,
                21.681412
              ],
              [
                103.321295,
                21.681458
              ],
              [
                103.321379,
                21.681502
              ],
              [
                103.321443,
                21.681545
              ],
              [
                103.321563,
                21.681713
              ],
              [
                103.32166,
                21.681854
              ],
              [
                103.321775,
                21.681963
              ],
              [
                103.321822,
                21.681992
              ],
              [
                103.321931,
                21.682019
              ],
              [
                103.322077,
                21.682026
              ],
              [
                103.322379,
                21.682019
              ],
              [
                103.322639,
                21.681986
              ],
              [
                103.322709,
                21.681994
              ],
              [
                103.322813,
                21.68204
              ],
              [
                103.323026,
                21.682175
              ],
              [
                103.323274,
                21.682337
              ],
              [
                103.323476,
                21.682436
              ],
              [
                103.323613,
                21.682476
              ],
              [
                103.323613,
                21.682433
              ],
              [
                103.323537,
                21.68217
              ],
              [
                103.323518,
                21.682043
              ],
              [
                103.323521,
                21.682
              ],
              [
                103.323545,
                21.681935
              ],
              [
                103.323591,
                21.681882
              ],
              [
                103.323623,
                21.681863
              ],
              [
                103.323659,
                21.68185
              ],
              [
                103.323739,
                21.681846
              ],
              [
                103.323804,
                21.681859
              ],
              [
                103.323878,
                21.681889
              ],
              [
                103.32393,
                21.681929
              ],
              [
                103.323972,
                21.681977
              ],
              [
                103.324077,
                21.682168
              ],
              [
                103.32414,
                21.682246
              ],
              [
                103.324223,
                21.682299
              ],
              [
                103.324261,
                21.682311
              ],
              [
                103.324323,
                21.682315
              ],
              [
                103.324426,
                21.682292
              ],
              [
                103.32459,
                21.682224
              ],
              [
                103.324992,
                21.681984
              ],
              [
                103.32542,
                21.681799
              ],
              [
                103.325472,
                21.681762
              ],
              [
                103.3255,
                21.681717
              ],
              [
                103.32551,
                21.681683
              ],
              [
                103.325509,
                21.681619
              ],
              [
                103.32549,
                21.681536
              ],
              [
                103.32549,
                21.681535
              ],
              [
                103.325571,
                21.681484
              ],
              [
                103.325694,
                21.681417
              ],
              [
                103.325859,
                21.681344
              ],
              [
                103.326157,
                21.681221
              ],
              [
                103.32685,
                21.68097
              ],
              [
                103.327345,
                21.680841
              ],
              [
                103.32754,
                21.680762
              ],
              [
                103.327725,
                21.680682
              ],
              [
                103.327808,
                21.68063
              ],
              [
                103.327844,
                21.680576
              ],
              [
                103.327956,
                21.680441
              ],
              [
                103.328032,
                21.680284
              ],
              [
                103.328234,
                21.679997
              ],
              [
                103.328263,
                21.679968
              ],
              [
                103.328309,
                21.679969
              ],
              [
                103.328588,
                21.680082
              ],
              [
                103.32862,
                21.680098
              ],
              [
                103.328912,
                21.680249
              ],
              [
                103.329399,
                21.680472
              ],
              [
                103.329704,
                21.680592
              ],
              [
                103.329822,
                21.680611
              ],
              [
                103.329944,
                21.680612
              ],
              [
                103.330139,
                21.680578
              ],
              [
                103.330431,
                21.680494
              ],
              [
                103.331034,
                21.680315
              ],
              [
                103.331604,
                21.680151
              ],
              [
                103.332096,
                21.679961
              ],
              [
                103.332304,
                21.679916
              ],
              [
                103.33246,
                21.67992
              ],
              [
                103.332537,
                21.679939
              ],
              [
                103.332993,
                21.68026
              ],
              [
                103.333493,
                21.680555
              ],
              [
                103.333795,
                21.680717
              ],
              [
                103.334577,
                21.681148
              ],
              [
                103.335056,
                21.681363
              ],
              [
                103.335057,
                21.681369
              ],
              [
                103.335432,
                21.682185
              ],
              [
                103.336069,
                21.683137
              ],
              [
                103.336171,
                21.68329
              ],
              [
                103.336671,
                21.683546
              ],
              [
                103.337087,
                21.683754
              ],
              [
                103.337443,
                21.683923
              ],
              [
                103.337623,
                21.684005
              ],
              [
                103.337714,
                21.68406
              ],
              [
                103.337822,
                21.684156
              ],
              [
                103.337852,
                21.684215
              ],
              [
                103.33788,
                21.684303
              ],
              [
                103.337902,
                21.684458
              ],
              [
                103.337941,
                21.684911
              ],
              [
                103.337965,
                21.685204
              ],
              [
                103.337997,
                21.685382
              ],
              [
                103.338029,
                21.685501
              ],
              [
                103.338178,
                21.685608
              ],
              [
                103.338422,
                21.685773
              ],
              [
                103.338638,
                21.685933
              ],
              [
                103.338813,
                21.686081
              ],
              [
                103.338969,
                21.686236
              ],
              [
                103.339115,
                21.68638
              ],
              [
                103.339295,
                21.686456
              ],
              [
                103.339633,
                21.686616
              ],
              [
                103.340098,
                21.686784
              ],
              [
                103.3402,
                21.686851
              ],
              [
                103.340483,
                21.687024
              ],
              [
                103.340604,
                21.6871
              ],
              [
                103.340764,
                21.687198
              ],
              [
                103.340846,
                21.687194
              ],
              [
                103.341155,
                21.687179
              ],
              [
                103.341174,
                21.687178
              ],
              [
                103.341742,
                21.687122
              ],
              [
                103.342305,
                21.687123
              ],
              [
                103.342922,
                21.687177
              ],
              [
                103.343151,
                21.687192
              ],
              [
                103.343573,
                21.687205
              ],
              [
                103.344206,
                21.687271
              ],
              [
                103.344497,
                21.687293
              ],
              [
                103.344835,
                21.687253
              ],
              [
                103.345554,
                21.687169
              ],
              [
                103.346126,
                21.687151
              ],
              [
                103.346936,
                21.687112
              ],
              [
                103.347604,
                21.686991
              ],
              [
                103.34885,
                21.686585
              ],
              [
                103.348981,
                21.686542
              ],
              [
                103.349284,
                21.686454
              ],
              [
                103.349468,
                21.68641
              ],
              [
                103.349643,
                21.686384
              ],
              [
                103.349868,
                21.686364
              ],
              [
                103.350144,
                21.686362
              ],
              [
                103.35041,
                21.686348
              ],
              [
                103.350722,
                21.686316
              ],
              [
                103.351031,
                21.686241
              ],
              [
                103.351342,
                21.686176
              ],
              [
                103.351564,
                21.686147
              ],
              [
                103.351749,
                21.686136
              ],
              [
                103.351904,
                21.686142
              ],
              [
                103.35217,
                21.686187
              ],
              [
                103.352303,
                21.68623
              ],
              [
                103.352439,
                21.68628
              ],
              [
                103.352608,
                21.686361
              ],
              [
                103.352755,
                21.686431
              ],
              [
                103.352981,
                21.686499
              ],
              [
                103.353162,
                21.686549
              ],
              [
                103.353448,
                21.68658
              ],
              [
                103.353649,
                21.686573
              ],
              [
                103.353899,
                21.686564
              ],
              [
                103.354331,
                21.686512
              ],
              [
                103.354582,
                21.686494
              ],
              [
                103.354779,
                21.686485
              ],
              [
                103.355137,
                21.686522
              ],
              [
                103.355503,
                21.686551
              ],
              [
                103.355714,
                21.686556
              ],
              [
                103.35583,
                21.686551
              ],
              [
                103.355878,
                21.686542
              ],
              [
                103.355986,
                21.686503
              ],
              [
                103.35618,
                21.686411
              ],
              [
                103.356354,
                21.686329
              ],
              [
                103.356531,
                21.686247
              ],
              [
                103.356707,
                21.686174
              ],
              [
                103.356891,
                21.686107
              ],
              [
                103.357044,
                21.686061
              ],
              [
                103.357147,
                21.686046
              ],
              [
                103.357223,
                21.686044
              ],
              [
                103.357362,
                21.686072
              ],
              [
                103.357472,
                21.686105
              ],
              [
                103.35757,
                21.686147
              ],
              [
                103.357716,
                21.686218
              ],
              [
                103.357855,
                21.686301
              ],
              [
                103.357981,
                21.686377
              ],
              [
                103.358072,
                21.686429
              ],
              [
                103.358135,
                21.686451
              ],
              [
                103.358289,
                21.686479
              ],
              [
                103.35834,
                21.686484
              ],
              [
                103.358415,
                21.686481
              ],
              [
                103.358512,
                21.686456
              ],
              [
                103.35861,
                21.686414
              ],
              [
                103.358801,
                21.686321
              ],
              [
                103.358977,
                21.68623
              ],
              [
                103.359035,
                21.686207
              ],
              [
                103.359054,
                21.686207
              ],
              [
                103.359082,
                21.686207
              ],
              [
                103.359241,
                21.68627
              ],
              [
                103.359459,
                21.686362
              ],
              [
                103.35961,
                21.686436
              ],
              [
                103.359814,
                21.68654
              ],
              [
                103.359857,
                21.686564
              ],
              [
                103.359915,
                21.68662
              ],
              [
                103.359964,
                21.686676
              ],
              [
                103.360019,
                21.686768
              ],
              [
                103.360052,
                21.68683
              ],
              [
                103.360109,
                21.686957
              ],
              [
                103.360539,
                21.687008
              ],
              [
                103.360779,
                21.687022
              ],
              [
                103.36085,
                21.687021
              ],
              [
                103.361034,
                21.68701
              ],
              [
                103.361491,
                21.686984
              ],
              [
                103.361765,
                21.686978
              ],
              [
                103.361946,
                21.687069
              ],
              [
                103.362108,
                21.687135
              ],
              [
                103.362317,
                21.687201
              ],
              [
                103.362513,
                21.687237
              ],
              [
                103.362735,
                21.687279
              ],
              [
                103.362962,
                21.687331
              ],
              [
                103.363311,
                21.687396
              ],
              [
                103.363465,
                21.687417
              ],
              [
                103.363585,
                21.687413
              ],
              [
                103.363877,
                21.68737
              ],
              [
                103.364215,
                21.687336
              ],
              [
                103.364571,
                21.687291
              ],
              [
                103.364837,
                21.687256
              ],
              [
                103.36499,
                21.687255
              ],
              [
                103.365144,
                21.687263
              ],
              [
                103.365325,
                21.687287
              ],
              [
                103.365552,
                21.687327
              ],
              [
                103.36594,
                21.687427
              ],
              [
                103.366304,
                21.687514
              ],
              [
                103.366562,
                21.687579
              ],
              [
                103.366822,
                21.687634
              ],
              [
                103.367246,
                21.687695
              ],
              [
                103.367447,
                21.687728
              ],
              [
                103.367672,
                21.687797
              ],
              [
                103.367822,
                21.687859
              ],
              [
                103.367959,
                21.687917
              ],
              [
                103.368089,
                21.688
              ],
              [
                103.368396,
                21.688211
              ],
              [
                103.368607,
                21.688332
              ],
              [
                103.36881,
                21.688468
              ],
              [
                103.368954,
                21.688551
              ],
              [
                103.369107,
                21.68861
              ],
              [
                103.369204,
                21.688623
              ],
              [
                103.369327,
                21.688624
              ],
              [
                103.369734,
                21.68858
              ],
              [
                103.370225,
                21.688531
              ],
              [
                103.370402,
                21.688515
              ],
              [
                103.37108,
                21.68845
              ],
              [
                103.371546,
                21.688414
              ],
              [
                103.37202,
                21.688368
              ],
              [
                103.372411,
                21.688339
              ],
              [
                103.372798,
                21.688297
              ],
              [
                103.373295,
                21.688225
              ],
              [
                103.37351,
                21.688208
              ],
              [
                103.373655,
                21.688217
              ],
              [
                103.373826,
                21.688266
              ],
              [
                103.373994,
                21.688328
              ],
              [
                103.374101,
                21.688346
              ],
              [
                103.37427,
                21.688357
              ],
              [
                103.374546,
                21.688362
              ],
              [
                103.374807,
                21.68835
              ],
              [
                103.375229,
                21.68834
              ],
              [
                103.375508,
                21.688328
              ],
              [
                103.375643,
                21.688339
              ],
              [
                103.375947,
                21.688421
              ],
              [
                103.376118,
                21.688459
              ],
              [
                103.376493,
                21.688505
              ],
              [
                103.376887,
                21.688544
              ],
              [
                103.376889,
                21.688545
              ],
              [
                103.377358,
                21.68859
              ],
              [
                103.377731,
                21.688804
              ],
              [
                103.378043,
                21.688912
              ],
              [
                103.378456,
                21.688928
              ],
              [
                103.379019,
                21.688922
              ],
              [
                103.379543,
                21.689021
              ],
              [
                103.380036,
                21.68936
              ],
              [
                103.380284,
                21.689619
              ],
              [
                103.380604,
                21.689813
              ],
              [
                103.381006,
                21.689984
              ],
              [
                103.382777,
                21.690191
              ],
              [
                103.382796,
                21.690189
              ],
              [
                103.383516,
                21.690269
              ],
              [
                103.383819,
                21.690252
              ],
              [
                103.383819,
                21.690252
              ]
            ]
          ]
        ]
      },
      "properties": {
        "code": "03283",
        "name": "Chiềng Sinh",
        "nameEn": "Chieng Sinh",
        "fullName": "Xã Chiềng Sinh",
        "fullNameEn": "Chieng Sinh Commune",
        "codeName": "chieng_sinh",
        "postalCode": "32521",
        "postalCodePrefix": "",
        "gisServerId": "diaphanhanhchinhcapxa_2025.2257",
        "areaKm2": 218.01
      }
    }
  ]
}