{
  "type": "FeatureCollection",
  "bbox": [
    102.867005,
    21.113111,
    103.024552,
    21.301862
  ],
  "features": [
    {
      "type": "Feature",
      "id": "03356",
      "bbox": [
        102.867005,
        21.113111,
        103.024552,
        21.301862
      ],
      "geometry": {
        "type": "MultiPolygon",
        "coordinates": [
          [
            [
              [
                103.012806,
                21.283167
              ],
              [
                103.012658,
                21.282798
              ],
              [
                103.012602,
                21.282669
              ],
              [
                103.012526,
                21.282595
              ],
              [
                103.012438,
                21.282434
              ],
              [
                103.012295,
                21.282529
              ],
              [
                103.012147,
                21.281894
              ],
              [
                103.012087,
                21.281901
              ],
              [
                103.012086,
                21.281776
              ],
              [
                103.01205,
                21.281545
              ],
              [
                103.01202,
                21.281477
              ],
              [
                103.011967,
                21.281274
              ],
              [
                103.01196,
                21.281047
              ],
              [
                103.011943,
                21.281022
              ],
              [
                103.01183,
                21.281051
              ],
              [
                103.011691,
                21.280731
              ],
              [
                103.011674,
                21.280633
              ],
              [
                103.011791,
                21.280631
              ],
              [
                103.011897,
                21.280405
              ],
              [
                103.011943,
                21.28026
              ],
              [
                103.011755,
                21.279824
              ],
              [
                103.011611,
                21.279631
              ],
              [
                103.011528,
                21.279577
              ],
              [
                103.011351,
                21.279479
              ],
              [
                103.011238,
                21.279379
              ],
              [
                103.011132,
                21.279211
              ],
              [
                103.011013,
                21.279054
              ],
              [
                103.010695,
                21.278748
              ],
              [
                103.010651,
                21.278676
              ],
              [
                103.010543,
                21.278206
              ],
              [
                103.010455,
                21.2779
              ],
              [
                103.010296,
                21.277644
              ],
              [
                103.010174,
                21.277476
              ],
              [
                103.009943,
                21.277297
              ],
              [
                103.00969,
                21.277144
              ],
              [
                103.009476,
                21.276981
              ],
              [
                103.00936,
                21.276842
              ],
              [
                103.009287,
                21.276699
              ],
              [
                103.009267,
                21.27667
              ],
              [
                103.009119,
                21.27648
              ],
              [
                103.009107,
                21.276482
              ],
              [
                103.009023,
                21.276495
              ],
              [
                103.008953,
                21.276504
              ],
              [
                103.008904,
                21.27651
              ],
              [
                103.008867,
                21.276519
              ],
              [
                103.008831,
                21.276529
              ],
              [
                103.008797,
                21.276538
              ],
              [
                103.00876,
                21.276546
              ],
              [
                103.008713,
                21.276553
              ],
              [
                103.008655,
                21.276565
              ],
              [
                103.008604,
                21.276588
              ],
              [
                103.008563,
                21.276614
              ],
              [
                103.008513,
                21.276634
              ],
              [
                103.008454,
                21.276644
              ],
              [
                103.008403,
                21.27665
              ],
              [
                103.008363,
                21.276655
              ],
              [
                103.008327,
                21.276655
              ],
              [
                103.008294,
                21.276652
              ],
              [
                103.008265,
                21.276647
              ],
              [
                103.008236,
                21.276646
              ],
              [
                103.008205,
                21.276646
              ],
              [
                103.008165,
                21.27665
              ],
              [
                103.008115,
                21.276659
              ],
              [
                103.00807,
                21.276666
              ],
              [
                103.008024,
                21.276674
              ],
              [
                103.00797,
                21.276689
              ],
              [
                103.007921,
                21.276706
              ],
              [
                103.007879,
                21.276726
              ],
              [
                103.00784,
                21.276749
              ],
              [
                103.0078,
                21.276771
              ],
              [
                103.007764,
                21.27679
              ],
              [
                103.007752,
                21.276796
              ],
              [
                103.00768,
                21.276832
              ],
              [
                103.007588,
                21.27688
              ],
              [
                103.007544,
                21.276903
              ],
              [
                103.007539,
                21.276799
              ],
              [
                103.007533,
                21.276674
              ],
              [
                103.007937,
                21.27649
              ],
              [
                103.008169,
                21.276299
              ],
              [
                103.008281,
                21.276232
              ],
              [
                103.008742,
                21.276076
              ],
              [
                103.009061,
                21.27582
              ],
              [
                103.0095,
                21.275484
              ],
              [
                103.009716,
                21.275373
              ],
              [
                103.010173,
                21.275272
              ],
              [
                103.010595,
                21.27523
              ],
              [
                103.010709,
                21.275175
              ],
              [
                103.010864,
                21.275101
              ],
              [
                103.010968,
                21.274947
              ],
              [
                103.010959,
                21.274682
              ],
              [
                103.010957,
                21.273889
              ],
              [
                103.01098,
                21.273728
              ],
              [
                103.011071,
                21.273072
              ],
              [
                103.011084,
                21.272901
              ],
              [
                103.01105,
                21.272802
              ],
              [
                103.011053,
                21.272754
              ],
              [
                103.011108,
                21.272653
              ],
              [
                103.011235,
                21.272484
              ],
              [
                103.011381,
                21.272259
              ],
              [
                103.011424,
                21.272149
              ],
              [
                103.011466,
                21.271985
              ],
              [
                103.011472,
                21.271969
              ],
              [
                103.011481,
                21.271934
              ],
              [
                103.011508,
                21.271848
              ],
              [
                103.011583,
                21.271754
              ],
              [
                103.011729,
                21.27163
              ],
              [
                103.011739,
                21.271576
              ],
              [
                103.011768,
                21.271405
              ],
              [
                103.011849,
                21.271072
              ],
              [
                103.011937,
                21.270874
              ],
              [
                103.012187,
                21.270583
              ],
              [
                103.012247,
                21.270457
              ],
              [
                103.012257,
                21.270433
              ],
              [
                103.012303,
                21.270227
              ],
              [
                103.01234,
                21.269891
              ],
              [
                103.012351,
                21.26979
              ],
              [
                103.012351,
                21.269757
              ],
              [
                103.012346,
                21.269528
              ],
              [
                103.012282,
                21.269225
              ],
              [
                103.012125,
                21.268817
              ],
              [
                103.012094,
                21.268738
              ],
              [
                103.012085,
                21.268714
              ],
              [
                103.01185,
                21.268285
              ],
              [
                103.011768,
                21.267957
              ],
              [
                103.01167,
                21.267709
              ],
              [
                103.011562,
                21.267353
              ],
              [
                103.011493,
                21.267202
              ],
              [
                103.011374,
                21.26703
              ],
              [
                103.011311,
                21.266929
              ],
              [
                103.011242,
                21.266847
              ],
              [
                103.01116,
                21.266781
              ],
              [
                103.011012,
                21.266695
              ],
              [
                103.010734,
                21.266498
              ],
              [
                103.010605,
                21.266389
              ],
              [
                103.010492,
                21.266259
              ],
              [
                103.010407,
                21.266139
              ],
              [
                103.01037,
                21.266043
              ],
              [
                103.010343,
                21.265905
              ],
              [
                103.010254,
                21.265497
              ],
              [
                103.010205,
                21.26533
              ],
              [
                103.010203,
                21.265225
              ],
              [
                103.010233,
                21.265118
              ],
              [
                103.010393,
                21.264854
              ],
              [
                103.010455,
                21.264741
              ],
              [
                103.010518,
                21.264569
              ],
              [
                103.010568,
                21.264351
              ],
              [
                103.01057,
                21.264211
              ],
              [
                103.010551,
                21.263978
              ],
              [
                103.010539,
                21.263718
              ],
              [
                103.010543,
                21.263637
              ],
              [
                103.010596,
                21.263477
              ],
              [
                103.010629,
                21.263396
              ],
              [
                103.01083,
                21.263136
              ],
              [
                103.010989,
                21.262887
              ],
              [
                103.011029,
                21.262789
              ],
              [
                103.0111,
                21.262449
              ],
              [
                103.011166,
                21.26228
              ],
              [
                103.011432,
                21.261963
              ],
              [
                103.011732,
                21.261665
              ],
              [
                103.011807,
                21.261531
              ],
              [
                103.011902,
                21.261341
              ],
              [
                103.011959,
                21.261133
              ],
              [
                103.012026,
                21.260892
              ],
              [
                103.012059,
                21.260626
              ],
              [
                103.012079,
                21.260564
              ],
              [
                103.012173,
                21.260437
              ],
              [
                103.012367,
                21.260221
              ],
              [
                103.012536,
                21.259954
              ],
              [
                103.012569,
                21.259868
              ],
              [
                103.012717,
                21.259559
              ],
              [
                103.012775,
                21.259473
              ],
              [
                103.012969,
                21.259269
              ],
              [
                103.013027,
                21.259201
              ],
              [
                103.013256,
                21.259001
              ],
              [
                103.013375,
                21.258957
              ],
              [
                103.013538,
                21.258923
              ],
              [
                103.013841,
                21.258882
              ],
              [
                103.014096,
                21.258876
              ],
              [
                103.014184,
                21.258922
              ],
              [
                103.014422,
                21.259035
              ],
              [
                103.0146,
                21.259082
              ],
              [
                103.014705,
                21.25908
              ],
              [
                103.01481,
                21.259049
              ],
              [
                103.014869,
                21.258999
              ],
              [
                103.01494,
                21.25888
              ],
              [
                103.014954,
                21.258696
              ],
              [
                103.014922,
                21.258388
              ],
              [
                103.014929,
                21.258324
              ],
              [
                103.014996,
                21.258228
              ],
              [
                103.015122,
                21.258103
              ],
              [
                103.015155,
                21.258071
              ],
              [
                103.0152,
                21.257995
              ],
              [
                103.015264,
                21.257831
              ],
              [
                103.015269,
                21.257818
              ],
              [
                103.015447,
                21.2576
              ],
              [
                103.015458,
                21.257523
              ],
              [
                103.0154,
                21.257319
              ],
              [
                103.015396,
                21.257305
              ],
              [
                103.015394,
                21.257298
              ],
              [
                103.015389,
                21.257239
              ],
              [
                103.015521,
                21.25683
              ],
              [
                103.015606,
                21.256648
              ],
              [
                103.015676,
                21.256554
              ],
              [
                103.016004,
                21.256311
              ],
              [
                103.016088,
                21.256208
              ],
              [
                103.01611,
                21.25615
              ],
              [
                103.016187,
                21.255948
              ],
              [
                103.016223,
                21.25578
              ],
              [
                103.016313,
                21.255359
              ],
              [
                103.016393,
                21.255096
              ],
              [
                103.016425,
                21.255055
              ],
              [
                103.016486,
                21.255015
              ],
              [
                103.016554,
                21.255006
              ],
              [
                103.016832,
                21.25508
              ],
              [
                103.016883,
                21.255075
              ],
              [
                103.016926,
                21.255048
              ],
              [
                103.017243,
                21.254576
              ],
              [
                103.017311,
                21.254507
              ],
              [
                103.017544,
                21.254317
              ],
              [
                103.01759,
                21.254267
              ],
              [
                103.017609,
                21.254221
              ],
              [
                103.017601,
                21.254155
              ],
              [
                103.017487,
                21.25396
              ],
              [
                103.017465,
                21.253822
              ],
              [
                103.01746,
                21.253592
              ],
              [
                103.017424,
                21.253407
              ],
              [
                103.017371,
                21.253257
              ],
              [
                103.017229,
                21.252945
              ],
              [
                103.017181,
                21.252776
              ],
              [
                103.01719,
                21.25272
              ],
              [
                103.017313,
                21.252478
              ],
              [
                103.017325,
                21.252385
              ],
              [
                103.017282,
                21.252309
              ],
              [
                103.01707,
                21.252035
              ],
              [
                103.017057,
                21.251997
              ],
              [
                103.017076,
                21.251966
              ],
              [
                103.017126,
                21.251949
              ],
              [
                103.017377,
                21.251921
              ],
              [
                103.017794,
                21.251818
              ],
              [
                103.017882,
                21.251768
              ],
              [
                103.017936,
                21.251723
              ],
              [
                103.018036,
                21.251557
              ],
              [
                103.018078,
                21.251515
              ],
              [
                103.018168,
                21.251479
              ],
              [
                103.01848,
                21.25139
              ],
              [
                103.018751,
                21.25125
              ],
              [
                103.018823,
                21.251226
              ],
              [
                103.018938,
                21.251225
              ],
              [
                103.019165,
                21.251264
              ],
              [
                103.019533,
                21.251234
              ],
              [
                103.019723,
                21.251238
              ],
              [
                103.019787,
                21.251263
              ],
              [
                103.019818,
                21.251294
              ],
              [
                103.019955,
                21.251372
              ],
              [
                103.020029,
                21.251373
              ],
              [
                103.020091,
                21.251357
              ],
              [
                103.020203,
                21.251304
              ],
              [
                103.020392,
                21.251254
              ],
              [
                103.020475,
                21.251256
              ],
              [
                103.02055,
                21.251272
              ],
              [
                103.020577,
                21.251277
              ],
              [
                103.020998,
                21.251429
              ],
              [
                103.021142,
                21.251421
              ],
              [
                103.021369,
                21.251365
              ],
              [
                103.021323,
                21.251319
              ],
              [
                103.021314,
                21.251284
              ],
              [
                103.021328,
                21.251269
              ],
              [
                103.021351,
                21.251243
              ],
              [
                103.021397,
                21.251228
              ],
              [
                103.021662,
                21.251138
              ],
              [
                103.021701,
                21.251108
              ],
              [
                103.021731,
                21.251064
              ],
              [
                103.021723,
                21.250942
              ],
              [
                103.021636,
                21.250738
              ],
              [
                103.021575,
                21.250676
              ],
              [
                103.02152,
                21.25062
              ],
              [
                103.021464,
                21.250563
              ],
              [
                103.021421,
                21.25052
              ],
              [
                103.021316,
                21.250522
              ],
              [
                103.021114,
                21.250705
              ],
              [
                103.021089,
                21.25071
              ],
              [
                103.021043,
                21.250719
              ],
              [
                103.020997,
                21.250713
              ],
              [
                103.020964,
                21.250678
              ],
              [
                103.020941,
                21.250627
              ],
              [
                103.020948,
                21.25038
              ],
              [
                103.020977,
                21.250079
              ],
              [
                103.021004,
                21.24994
              ],
              [
                103.021055,
                21.249886
              ],
              [
                103.021138,
                21.249863
              ],
              [
                103.021329,
                21.2499
              ],
              [
                103.021637,
                21.250047
              ],
              [
                103.021684,
                21.250035
              ],
              [
                103.021727,
                21.249989
              ],
              [
                103.021746,
                21.249912
              ],
              [
                103.021832,
                21.249545
              ],
              [
                103.021853,
                21.249456
              ],
              [
                103.02184,
                21.249334
              ],
              [
                103.021788,
                21.249261
              ],
              [
                103.021747,
                21.249239
              ],
              [
                103.021652,
                21.24919
              ],
              [
                103.021093,
                21.24905
              ],
              [
                103.021028,
                21.249034
              ],
              [
                103.020919,
                21.248973
              ],
              [
                103.020652,
                21.248607
              ],
              [
                103.020442,
                21.248418
              ],
              [
                103.02034,
                21.248367
              ],
              [
                103.020195,
                21.24833
              ],
              [
                103.020001,
                21.248252
              ],
              [
                103.019907,
                21.24822
              ],
              [
                103.019786,
                21.248179
              ],
              [
                103.019587,
                21.248146
              ],
              [
                103.019387,
                21.248137
              ],
              [
                103.019336,
                21.248115
              ],
              [
                103.019308,
                21.248076
              ],
              [
                103.019327,
                21.247976
              ],
              [
                103.019345,
                21.247798
              ],
              [
                103.019352,
                21.247562
              ],
              [
                103.019331,
                21.247352
              ],
              [
                103.019286,
                21.247203
              ],
              [
                103.019238,
                21.247115
              ],
              [
                103.019254,
                21.247017
              ],
              [
                103.019363,
                21.246797
              ],
              [
                103.019463,
                21.246627
              ],
              [
                103.019512,
                21.246574
              ],
              [
                103.019565,
                21.246537
              ],
              [
                103.019624,
                21.246537
              ],
              [
                103.019685,
                21.246546
              ],
              [
                103.019858,
                21.246555
              ],
              [
                103.019992,
                21.246549
              ],
              [
                103.020204,
                21.246444
              ],
              [
                103.020391,
                21.246337
              ],
              [
                103.020477,
                21.246255
              ],
              [
                103.020506,
                21.246086
              ],
              [
                103.020455,
                21.245825
              ],
              [
                103.020411,
                21.245732
              ],
              [
                103.020358,
                21.245682
              ],
              [
                103.020286,
                21.245667
              ],
              [
                103.020104,
                21.245644
              ],
              [
                103.019975,
                21.245607
              ],
              [
                103.019829,
                21.245517
              ],
              [
                103.019678,
                21.245369
              ],
              [
                103.019573,
                21.245227
              ],
              [
                103.019493,
                21.245057
              ],
              [
                103.019437,
                21.244908
              ],
              [
                103.019415,
                21.244831
              ],
              [
                103.019423,
                21.244774
              ],
              [
                103.019467,
                21.24472
              ],
              [
                103.019563,
                21.244674
              ],
              [
                103.019629,
                21.244651
              ],
              [
                103.019775,
                21.244494
              ],
              [
                103.019776,
                21.244488
              ],
              [
                103.019738,
                21.24443
              ],
              [
                103.019595,
                21.244333
              ],
              [
                103.019351,
                21.24424
              ],
              [
                103.019247,
                21.244196
              ],
              [
                103.019209,
                21.244146
              ],
              [
                103.019165,
                21.244022
              ],
              [
                103.019127,
                21.243865
              ],
              [
                103.019144,
                21.243732
              ],
              [
                103.019191,
                21.243619
              ],
              [
                103.019176,
                21.24351
              ],
              [
                103.019012,
                21.243289
              ],
              [
                103.018939,
                21.243193
              ],
              [
                103.01893,
                21.243124
              ],
              [
                103.018999,
                21.243042
              ],
              [
                103.019135,
                21.243007
              ],
              [
                103.019219,
                21.242989
              ],
              [
                103.019254,
                21.24295
              ],
              [
                103.019254,
                21.242836
              ],
              [
                103.019224,
                21.242645
              ],
              [
                103.019244,
                21.242535
              ],
              [
                103.019235,
                21.242465
              ],
              [
                103.019108,
                21.242253
              ],
              [
                103.018986,
                21.242065
              ],
              [
                103.018883,
                21.241977
              ],
              [
                103.018697,
                21.241895
              ],
              [
                103.018612,
                21.241812
              ],
              [
                103.018574,
                21.241703
              ],
              [
                103.018636,
                21.241537
              ],
              [
                103.018896,
                21.241225
              ],
              [
                103.019071,
                21.241043
              ],
              [
                103.019191,
                21.240906
              ],
              [
                103.019232,
                21.240864
              ],
              [
                103.019246,
                21.240839
              ],
              [
                103.019237,
                21.240792
              ],
              [
                103.019178,
                21.240686
              ],
              [
                103.019104,
                21.240552
              ],
              [
                103.019058,
                21.240366
              ],
              [
                103.019092,
                21.240227
              ],
              [
                103.019175,
                21.240114
              ],
              [
                103.019212,
                21.23999
              ],
              [
                103.019204,
                21.239859
              ],
              [
                103.019146,
                21.239603
              ],
              [
                103.018977,
                21.23914
              ],
              [
                103.018796,
                21.238852
              ],
              [
                103.01858,
                21.238601
              ],
              [
                103.018413,
                21.238471
              ],
              [
                103.018123,
                21.238299
              ],
              [
                103.017946,
                21.238187
              ],
              [
                103.017905,
                21.238145
              ],
              [
                103.017844,
                21.237943
              ],
              [
                103.01781,
                21.237844
              ],
              [
                103.017743,
                21.23772
              ],
              [
                103.017678,
                21.237654
              ],
              [
                103.017577,
                21.237635
              ],
              [
                103.017371,
                21.237693
              ],
              [
                103.017051,
                21.237867
              ],
              [
                103.016699,
                21.238036
              ],
              [
                103.016491,
                21.238082
              ],
              [
                103.016329,
                21.238085
              ],
              [
                103.016249,
                21.238092
              ],
              [
                103.016191,
                21.238072
              ],
              [
                103.016102,
                21.238039
              ],
              [
                103.01598,
                21.237934
              ],
              [
                103.015905,
                21.237856
              ],
              [
                103.015831,
                21.237758
              ],
              [
                103.015712,
                21.237383
              ],
              [
                103.015648,
                21.237075
              ],
              [
                103.015504,
                21.236612
              ],
              [
                103.015414,
                21.236261
              ],
              [
                103.015317,
                21.236048
              ],
              [
                103.015163,
                21.235845
              ],
              [
                103.015132,
                21.235836
              ],
              [
                103.015073,
                21.23582
              ],
              [
                103.014998,
                21.235841
              ],
              [
                103.014923,
                21.235891
              ],
              [
                103.014777,
                21.235966
              ],
              [
                103.014636,
                21.235992
              ],
              [
                103.01452,
                21.235955
              ],
              [
                103.014388,
                21.235842
              ],
              [
                103.014347,
                21.235774
              ],
              [
                103.014241,
                21.235675
              ],
              [
                103.014138,
                21.235638
              ],
              [
                103.014022,
                21.235608
              ],
              [
                103.013865,
                21.235611
              ],
              [
                103.013753,
                21.235616
              ],
              [
                103.013642,
                21.235608
              ],
              [
                103.013495,
                21.235563
              ],
              [
                103.013334,
                21.235485
              ],
              [
                103.013161,
                21.235326
              ],
              [
                103.013032,
                21.235246
              ],
              [
                103.012912,
                21.235237
              ],
              [
                103.012791,
                21.235295
              ],
              [
                103.012688,
                21.235392
              ],
              [
                103.012558,
                21.235522
              ],
              [
                103.012436,
                21.235578
              ],
              [
                103.012351,
                21.235582
              ],
              [
                103.01229,
                21.235559
              ],
              [
                103.012253,
                21.235521
              ],
              [
                103.012184,
                21.235422
              ],
              [
                103.01209,
                21.235301
              ],
              [
                103.011855,
                21.235092
              ],
              [
                103.011566,
                21.23485
              ],
              [
                103.011404,
                21.234795
              ],
              [
                103.011223,
                21.234797
              ],
              [
                103.011179,
                21.234786
              ],
              [
                103.011031,
                21.234689
              ],
              [
                103.010922,
                21.234618
              ],
              [
                103.010821,
                21.234572
              ],
              [
                103.010729,
                21.234555
              ],
              [
                103.010623,
                21.234543
              ],
              [
                103.010503,
                21.234533
              ],
              [
                103.010368,
                21.234483
              ],
              [
                103.010198,
                21.234378
              ],
              [
                103.01,
                21.234235
              ],
              [
                103.009754,
                21.234034
              ],
              [
                103.009521,
                21.233805
              ],
              [
                103.009336,
                21.233621
              ],
              [
                103.00922,
                21.233575
              ],
              [
                103.008969,
                21.233524
              ],
              [
                103.008588,
                21.233469
              ],
              [
                103.00834,
                21.233446
              ],
              [
                103.008175,
                21.233454
              ],
              [
                103.007995,
                21.233488
              ],
              [
                103.007866,
                21.233502
              ],
              [
                103.007711,
                21.233488
              ],
              [
                103.007533,
                21.233461
              ],
              [
                103.007282,
                21.233373
              ],
              [
                103.007021,
                21.233253
              ],
              [
                103.006841,
                21.233199
              ],
              [
                103.006727,
                21.233191
              ],
              [
                103.006586,
                21.233217
              ],
              [
                103.006466,
                21.233197
              ],
              [
                103.006327,
                21.233143
              ],
              [
                103.005988,
                21.233008
              ],
              [
                103.005751,
                21.232958
              ],
              [
                103.005381,
                21.232911
              ],
              [
                103.005055,
                21.232927
              ],
              [
                103.00501,
                21.232911
              ],
              [
                103.004945,
                21.232827
              ],
              [
                103.004836,
                21.232688
              ],
              [
                103.004764,
                21.232619
              ],
              [
                103.004684,
                21.232562
              ],
              [
                103.004493,
                21.232513
              ],
              [
                103.004284,
                21.232467
              ],
              [
                103.004,
                21.232402
              ],
              [
                103.003675,
                21.232307
              ],
              [
                103.003447,
                21.23219
              ],
              [
                103.003289,
                21.232135
              ],
              [
                103.00302,
                21.232072
              ],
              [
                103.0026,
                21.232023
              ],
              [
                103.00234,
                21.231968
              ],
              [
                103.002172,
                21.231941
              ],
              [
                103.001973,
                21.23195
              ],
              [
                103.001884,
                21.231957
              ],
              [
                103.001883,
                21.231957
              ],
              [
                103.001767,
                21.231961
              ],
              [
                103.001663,
                21.231893
              ],
              [
                103.001476,
                21.231814
              ],
              [
                103.001269,
                21.231842
              ],
              [
                103.000939,
                21.231953
              ],
              [
                103.000505,
                21.232002
              ],
              [
                103.00007,
                21.232048
              ],
              [
                102.999656,
                21.232134
              ],
              [
                102.999354,
                21.23224
              ],
              [
                102.999045,
                21.232257
              ],
              [
                102.998648,
                21.232207
              ],
              [
                102.998071,
                21.232142
              ],
              [
                102.997783,
                21.232046
              ],
              [
                102.997272,
                21.231711
              ],
              [
                102.996973,
                21.231578
              ],
              [
                102.996654,
                21.231503
              ],
              [
                102.996278,
                21.231497
              ],
              [
                102.995854,
                21.231517
              ],
              [
                102.995584,
                21.231447
              ],
              [
                102.995488,
                21.2313
              ],
              [
                102.995341,
                21.23087
              ],
              [
                102.995193,
                21.230589
              ],
              [
                102.995058,
                21.230424
              ],
              [
                102.994744,
                21.230265
              ],
              [
                102.994523,
                21.230134
              ],
              [
                102.994291,
                21.229897
              ],
              [
                102.994148,
                21.229634
              ],
              [
                102.993988,
                21.229412
              ],
              [
                102.993736,
                21.229092
              ],
              [
                102.993548,
                21.228894
              ],
              [
                102.993223,
                21.228693
              ],
              [
                102.992863,
                21.228523
              ],
              [
                102.992539,
                21.228355
              ],
              [
                102.992167,
                21.228097
              ],
              [
                102.991888,
                21.227871
              ],
              [
                102.991619,
                21.227642
              ],
              [
                102.991554,
                21.227588
              ],
              [
                102.991518,
                21.227595
              ],
              [
                102.991445,
                21.227682
              ],
              [
                102.991377,
                21.228019
              ],
              [
                102.991348,
                21.228231
              ],
              [
                102.991327,
                21.228394
              ],
              [
                102.991338,
                21.228576
              ],
              [
                102.991371,
                21.228763
              ],
              [
                102.991394,
                21.228885
              ],
              [
                102.991404,
                21.22901
              ],
              [
                102.991383,
                21.229127
              ],
              [
                102.991331,
                21.22936
              ],
              [
                102.991262,
                21.22956
              ],
              [
                102.991224,
                21.229634
              ],
              [
                102.991193,
                21.229672
              ],
              [
                102.991119,
                21.229708
              ],
              [
                102.991034,
                21.229735
              ],
              [
                102.99089,
                21.229754
              ],
              [
                102.990727,
                21.229759
              ],
              [
                102.990458,
                21.229706
              ],
              [
                102.990184,
                21.229601
              ],
              [
                102.989931,
                21.229511
              ],
              [
                102.989759,
                21.229465
              ],
              [
                102.989646,
                21.229462
              ],
              [
                102.989514,
                21.22947
              ],
              [
                102.989276,
                21.229523
              ],
              [
                102.989117,
                21.229542
              ],
              [
                102.988731,
                21.229522
              ],
              [
                102.988609,
                21.229508
              ],
              [
                102.988472,
                21.229454
              ],
              [
                102.988196,
                21.22935
              ],
              [
                102.987849,
                21.229209
              ],
              [
                102.987559,
                21.229087
              ],
              [
                102.987349,
                21.228988
              ],
              [
                102.986336,
                21.228412
              ],
              [
                102.985541,
                21.227768
              ],
              [
                102.985326,
                21.227627
              ],
              [
                102.985166,
                21.227549
              ],
              [
                102.984813,
                21.22743
              ],
              [
                102.984514,
                21.227302
              ],
              [
                102.984189,
                21.227166
              ],
              [
                102.983925,
                21.226975
              ],
              [
                102.983424,
                21.226552
              ],
              [
                102.983079,
                21.226333
              ],
              [
                102.982723,
                21.226197
              ],
              [
                102.982551,
                21.226166
              ],
              [
                102.982398,
                21.226174
              ],
              [
                102.982202,
                21.226225
              ],
              [
                102.981967,
                21.226344
              ],
              [
                102.981558,
                21.226463
              ],
              [
                102.981207,
                21.226515
              ],
              [
                102.980715,
                21.226528
              ],
              [
                102.980562,
                21.226503
              ],
              [
                102.980673,
                21.226262
              ],
              [
                102.980799,
                21.226088
              ],
              [
                102.980933,
                21.225982
              ],
              [
                102.981469,
                21.225606
              ],
              [
                102.981688,
                21.225354
              ],
              [
                102.982079,
                21.224841
              ],
              [
                102.98247,
                21.224404
              ],
              [
                102.982665,
                21.22411
              ],
              [
                102.98278,
                21.22387
              ],
              [
                102.982864,
                21.223608
              ],
              [
                102.982863,
                21.223352
              ],
              [
                102.982851,
                21.2232
              ],
              [
                102.982941,
                21.222902
              ],
              [
                102.982961,
                21.222744
              ],
              [
                102.982937,
                21.222581
              ],
              [
                102.982809,
                21.222294
              ],
              [
                102.982622,
                21.221947
              ],
              [
                102.982458,
                21.221655
              ],
              [
                102.982283,
                21.221449
              ],
              [
                102.981882,
                21.221219
              ],
              [
                102.981453,
                21.220951
              ],
              [
                102.981279,
                21.220809
              ],
              [
                102.980965,
                21.220518
              ],
              [
                102.980749,
                21.220318
              ],
              [
                102.980543,
                21.220173
              ],
              [
                102.980685,
                21.219952
              ],
              [
                102.980836,
                21.219729
              ],
              [
                102.980859,
                21.219567
              ],
              [
                102.980827,
                21.219289
              ],
              [
                102.980804,
                21.219079
              ],
              [
                102.980816,
                21.218935
              ],
              [
                102.980874,
                21.218831
              ],
              [
                102.981059,
                21.21868
              ],
              [
                102.981173,
                21.218529
              ],
              [
                102.981242,
                21.218357
              ],
              [
                102.981267,
                21.218009
              ],
              [
                102.981327,
                21.217752
              ],
              [
                102.981406,
                21.217566
              ],
              [
                102.981478,
                21.217449
              ],
              [
                102.981726,
                21.217165
              ],
              [
                102.981919,
                21.216976
              ],
              [
                102.982043,
                21.216858
              ],
              [
                102.98227,
                21.216616
              ],
              [
                102.982691,
                21.216308
              ],
              [
                102.982849,
                21.21619
              ],
              [
                102.98298,
                21.216081
              ],
              [
                102.983027,
                21.216022
              ],
              [
                102.983068,
                21.215918
              ],
              [
                102.98311,
                21.215844
              ],
              [
                102.983146,
                21.215783
              ],
              [
                102.9834,
                21.215699
              ],
              [
                102.983704,
                21.215606
              ],
              [
                102.984078,
                21.215565
              ],
              [
                102.984605,
                21.215562
              ],
              [
                102.985165,
                21.215435
              ],
              [
                102.985345,
                21.215389
              ],
              [
                102.985552,
                21.215271
              ],
              [
                102.985704,
                21.215153
              ],
              [
                102.985731,
                21.215081
              ],
              [
                102.985731,
                21.215036
              ],
              [
                102.985731,
                21.215035
              ],
              [
                102.985629,
                21.214828
              ],
              [
                102.985402,
                21.214267
              ],
              [
                102.985327,
                21.214075
              ],
              [
                102.985238,
                21.213782
              ],
              [
                102.985108,
                21.213515
              ],
              [
                102.985019,
                21.2134
              ],
              [
                102.984971,
                21.213323
              ],
              [
                102.984797,
                21.213129
              ],
              [
                102.984706,
                21.212967
              ],
              [
                102.984705,
                21.212863
              ],
              [
                102.984732,
                21.212831
              ],
              [
                102.984883,
                21.212775
              ],
              [
                102.985084,
                21.21274
              ],
              [
                102.985213,
                21.21269
              ],
              [
                102.985307,
                21.212634
              ],
              [
                102.985356,
                21.212594
              ],
              [
                102.985494,
                21.212495
              ],
              [
                102.985759,
                21.212362
              ],
              [
                102.985921,
                21.212274
              ],
              [
                102.986199,
                21.212023
              ],
              [
                102.98637,
                21.211878
              ],
              [
                102.986613,
                21.211698
              ],
              [
                102.986701,
                21.21163
              ],
              [
                102.986813,
                21.211565
              ],
              [
                102.9869,
                21.211474
              ],
              [
                102.986903,
                21.211405
              ],
              [
                102.986887,
                21.21135
              ],
              [
                102.98687,
                21.211254
              ],
              [
                102.986864,
                21.211184
              ],
              [
                102.986873,
                21.210833
              ],
              [
                102.986866,
                21.210682
              ],
              [
                102.986857,
                21.210105
              ],
              [
                102.986854,
                21.20988
              ],
              [
                102.986856,
                21.209736
              ],
              [
                102.986829,
                21.209635
              ],
              [
                102.986726,
                21.209439
              ],
              [
                102.986661,
                21.209313
              ],
              [
                102.986625,
                21.209142
              ],
              [
                102.986618,
                21.208951
              ],
              [
                102.986639,
                21.208841
              ],
              [
                102.986692,
                21.208689
              ],
              [
                102.986766,
                21.2086
              ],
              [
                102.986905,
                21.208491
              ],
              [
                102.986969,
                21.208461
              ],
              [
                102.987248,
                21.208314
              ],
              [
                102.987394,
                21.208212
              ],
              [
                102.987461,
                21.208094
              ],
              [
                102.987564,
                21.20778
              ],
              [
                102.98769,
                21.207513
              ],
              [
                102.987942,
                21.207293
              ],
              [
                102.988085,
                21.207177
              ],
              [
                102.988366,
                21.20699
              ],
              [
                102.988678,
                21.206836
              ],
              [
                102.988977,
                21.206765
              ],
              [
                102.989461,
                21.206623
              ],
              [
                102.989758,
                21.206405
              ],
              [
                102.990137,
                21.206076
              ],
              [
                102.990377,
                21.205864
              ],
              [
                102.990428,
                21.205733
              ],
              [
                102.990543,
                21.205356
              ],
              [
                102.990562,
                21.205156
              ],
              [
                102.990524,
                21.204887
              ],
              [
                102.990445,
                21.204517
              ],
              [
                102.990406,
                21.204371
              ],
              [
                102.99029,
                21.203987
              ],
              [
                102.990206,
                21.203761
              ],
              [
                102.990073,
                21.203416
              ],
              [
                102.990015,
                21.203185
              ],
              [
                102.990043,
                21.202999
              ],
              [
                102.990102,
                21.202761
              ],
              [
                102.990114,
                21.202613
              ],
              [
                102.990032,
                21.202287
              ],
              [
                102.989874,
                21.201951
              ],
              [
                102.989574,
                21.201536
              ],
              [
                102.989455,
                21.201253
              ],
              [
                102.98933,
                21.200916
              ],
              [
                102.989227,
                21.200605
              ],
              [
                102.989187,
                21.200053
              ],
              [
                102.989136,
                21.199631
              ],
              [
                102.989083,
                21.199447
              ],
              [
                102.989019,
                21.199279
              ],
              [
                102.988986,
                21.199186
              ],
              [
                102.988933,
                21.199071
              ],
              [
                102.988894,
                21.19885
              ],
              [
                102.988866,
                21.198487
              ],
              [
                102.988821,
                21.198214
              ],
              [
                102.988737,
                21.197969
              ],
              [
                102.988541,
                21.197609
              ],
              [
                102.988474,
                21.197432
              ],
              [
                102.988421,
                21.197139
              ],
              [
                102.988435,
                21.197016
              ],
              [
                102.98847,
                21.196797
              ],
              [
                102.9885,
                21.196603
              ],
              [
                102.988475,
                21.196436
              ],
              [
                102.988416,
                21.196321
              ],
              [
                102.988413,
                21.196315
              ],
              [
                102.988357,
                21.196205
              ],
              [
                102.988298,
                21.196055
              ],
              [
                102.988224,
                21.195821
              ],
              [
                102.988192,
                21.195469
              ],
              [
                102.988123,
                21.195317
              ],
              [
                102.988117,
                21.195304
              ],
              [
                102.988098,
                21.195281
              ],
              [
                102.988069,
                21.195246
              ],
              [
                102.987844,
                21.194976
              ],
              [
                102.987367,
                21.194498
              ],
              [
                102.987635,
                21.19424
              ],
              [
                102.987744,
                21.194142
              ],
              [
                102.98785,
                21.194022
              ],
              [
                102.987898,
                21.193951
              ],
              [
                102.988001,
                21.193758
              ],
              [
                102.988058,
                21.193533
              ],
              [
                102.988136,
                21.193383
              ],
              [
                102.988284,
                21.193184
              ],
              [
                102.988459,
                21.193011
              ],
              [
                102.988614,
                21.192855
              ],
              [
                102.988742,
                21.192677
              ],
              [
                102.98884,
                21.192524
              ],
              [
                102.988853,
                21.192417
              ],
              [
                102.988831,
                21.192316
              ],
              [
                102.988727,
                21.192114
              ],
              [
                102.988638,
                21.191923
              ],
              [
                102.988613,
                21.191747
              ],
              [
                102.988644,
                21.191504
              ],
              [
                102.988658,
                21.191392
              ],
              [
                102.988737,
                21.191232
              ],
              [
                102.9888,
                21.191111
              ],
              [
                102.988888,
                21.190926
              ],
              [
                102.988943,
                21.190805
              ],
              [
                102.988993,
                21.190515
              ],
              [
                102.989019,
                21.190322
              ],
              [
                102.989025,
                21.190161
              ],
              [
                102.988992,
                21.190013
              ],
              [
                102.989158,
                21.189879
              ],
              [
                102.989433,
                21.189667
              ],
              [
                102.989584,
                21.189501
              ],
              [
                102.989706,
                21.18935
              ],
              [
                102.989797,
                21.189083
              ],
              [
                102.989881,
                21.188789
              ],
              [
                102.989945,
                21.188511
              ],
              [
                102.989988,
                21.188147
              ],
              [
                102.990011,
                21.187831
              ],
              [
                102.990024,
                21.187353
              ],
              [
                102.990041,
                21.187084
              ],
              [
                102.989981,
                21.186862
              ],
              [
                102.989998,
                21.186747
              ],
              [
                102.990191,
                21.186614
              ],
              [
                102.990583,
                21.186482
              ],
              [
                102.990952,
                21.186307
              ],
              [
                102.991476,
                21.185948
              ],
              [
                102.99203,
                21.185696
              ],
              [
                102.992431,
                21.185422
              ],
              [
                102.99254,
                21.185294
              ],
              [
                102.992504,
                21.185143
              ],
              [
                102.992325,
                21.184804
              ],
              [
                102.991936,
                21.184168
              ],
              [
                102.991851,
                21.183651
              ],
              [
                102.991909,
                21.183329
              ],
              [
                102.992243,
                21.182989
              ],
              [
                102.993021,
                21.18261
              ],
              [
                102.992986,
                21.182535
              ],
              [
                102.992934,
                21.182326
              ],
              [
                102.99291,
                21.182112
              ],
              [
                102.99292,
                21.18185
              ],
              [
                102.992962,
                21.181561
              ],
              [
                102.993085,
                21.181283
              ],
              [
                102.993218,
                21.181063
              ],
              [
                102.993298,
                21.180918
              ],
              [
                102.99334,
                21.180707
              ],
              [
                102.993288,
                21.18053
              ],
              [
                102.993239,
                21.180469
              ],
              [
                102.993181,
                21.180418
              ],
              [
                102.993144,
                21.180394
              ],
              [
                102.993005,
                21.18037
              ],
              [
                102.992878,
                21.180376
              ],
              [
                102.992699,
                21.180427
              ],
              [
                102.992456,
                21.18054
              ],
              [
                102.992172,
                21.180719
              ],
              [
                102.992034,
                21.180776
              ],
              [
                102.991948,
                21.180802
              ],
              [
                102.99185,
                21.180802
              ],
              [
                102.991703,
                21.180718
              ],
              [
                102.991572,
                21.180573
              ],
              [
                102.99157,
                21.18057
              ],
              [
                102.991399,
                21.180359
              ],
              [
                102.991259,
                21.18019
              ],
              [
                102.991258,
                21.180189
              ],
              [
                102.991125,
                21.179977
              ],
              [
                102.99097,
                21.179788
              ],
              [
                102.990487,
                21.179442
              ],
              [
                102.990326,
                21.179339
              ],
              [
                102.990132,
                21.179268
              ],
              [
                102.989973,
                21.17923
              ],
              [
                102.989839,
                21.179153
              ],
              [
                102.98977,
                21.179031
              ],
              [
                102.989749,
                21.178846
              ],
              [
                102.989814,
                21.178449
              ],
              [
                102.989796,
                21.178271
              ],
              [
                102.989664,
                21.178015
              ],
              [
                102.989542,
                21.177842
              ],
              [
                102.989424,
                21.177771
              ],
              [
                102.98929,
                21.17774
              ],
              [
                102.988978,
                21.177732
              ],
              [
                102.988647,
                21.177757
              ],
              [
                102.988343,
                21.177863
              ],
              [
                102.988077,
                21.178023
              ],
              [
                102.987926,
                21.178085
              ],
              [
                102.987725,
                21.178078
              ],
              [
                102.987484,
                21.177972
              ],
              [
                102.98733,
                21.177868
              ],
              [
                102.987255,
                21.177818
              ],
              [
                102.987137,
                21.177606
              ],
              [
                102.987187,
                21.177407
              ],
              [
                102.987284,
                21.17718
              ],
              [
                102.987285,
                21.17718
              ],
              [
                102.987435,
                21.176922
              ],
              [
                102.987559,
                21.176733
              ],
              [
                102.987766,
                21.176576
              ],
              [
                102.988027,
                21.176423
              ],
              [
                102.988249,
                21.176237
              ],
              [
                102.988384,
                21.176086
              ],
              [
                102.988518,
                21.175909
              ],
              [
                102.988622,
                21.175731
              ],
              [
                102.988715,
                21.175493
              ],
              [
                102.988724,
                21.175302
              ],
              [
                102.988727,
                21.175081
              ],
              [
                102.988784,
                21.174855
              ],
              [
                102.988794,
                21.174813
              ],
              [
                102.9889,
                21.174551
              ],
              [
                102.988941,
                21.174325
              ],
              [
                102.988924,
                21.174127
              ],
              [
                102.988894,
                21.17399
              ],
              [
                102.988763,
                21.173833
              ],
              [
                102.988621,
                21.17372
              ],
              [
                102.988464,
                21.173575
              ],
              [
                102.988363,
                21.173524
              ],
              [
                102.988294,
                21.173464
              ],
              [
                102.988323,
                21.17335
              ],
              [
                102.988415,
                21.173189
              ],
              [
                102.988706,
                21.17284
              ],
              [
                102.98881,
                21.17271
              ],
              [
                102.988861,
                21.172524
              ],
              [
                102.988847,
                21.172416
              ],
              [
                102.988722,
                21.172085
              ],
              [
                102.988716,
                21.17198
              ],
              [
                102.98871,
                21.171869
              ],
              [
                102.988776,
                21.17176
              ],
              [
                102.988908,
                21.17154
              ],
              [
                102.989022,
                21.171154
              ],
              [
                102.989038,
                21.170893
              ],
              [
                102.989038,
                21.170892
              ],
              [
                102.989001,
                21.17077
              ],
              [
                102.988955,
                21.170743
              ],
              [
                102.988899,
                21.17073
              ],
              [
                102.98865,
                21.170721
              ],
              [
                102.98835,
                21.170774
              ],
              [
                102.988186,
                21.170766
              ],
              [
                102.988114,
                21.170731
              ],
              [
                102.988082,
                21.170655
              ],
              [
                102.988128,
                21.170558
              ],
              [
                102.988341,
                21.170329
              ],
              [
                102.988347,
                21.170322
              ],
              [
                102.988562,
                21.170134
              ],
              [
                102.98879,
                21.169916
              ],
              [
                102.98879,
                21.169915
              ],
              [
                102.988925,
                21.169697
              ],
              [
                102.98902,
                21.16944
              ],
              [
                102.988963,
                21.169182
              ],
              [
                102.98874,
                21.169074
              ],
              [
                102.988586,
                21.169139
              ],
              [
                102.988541,
                21.16918
              ],
              [
                102.988328,
                21.169375
              ],
              [
                102.987989,
                21.169562
              ],
              [
                102.987826,
                21.16957
              ],
              [
                102.987818,
                21.169417
              ],
              [
                102.98783,
                21.169388
              ],
              [
                102.987913,
                21.169188
              ],
              [
                102.987997,
                21.168989
              ],
              [
                102.988195,
                21.168656
              ],
              [
                102.988376,
                21.168123
              ],
              [
                102.988608,
                21.167549
              ],
              [
                102.988648,
                21.167492
              ],
              [
                102.989156,
                21.166947
              ],
              [
                102.989294,
                21.166557
              ],
              [
                102.989225,
                21.166384
              ],
              [
                102.989021,
                21.166334
              ],
              [
                102.988623,
                21.166406
              ],
              [
                102.988386,
                21.166369
              ],
              [
                102.988359,
                21.166364
              ],
              [
                102.988331,
                21.166154
              ],
              [
                102.988495,
                21.165787
              ],
              [
                102.988575,
                21.165549
              ],
              [
                102.988477,
                21.165237
              ],
              [
                102.988272,
                21.165035
              ],
              [
                102.988182,
                21.164876
              ],
              [
                102.988086,
                21.164638
              ],
              [
                102.988105,
                21.16438
              ],
              [
                102.988139,
                21.164137
              ],
              [
                102.988209,
                21.16403
              ],
              [
                102.988355,
                21.163982
              ],
              [
                102.988596,
                21.163984
              ],
              [
                102.988886,
                21.164178
              ],
              [
                102.989077,
                21.164217
              ],
              [
                102.989243,
                21.164195
              ],
              [
                102.989355,
                21.164086
              ],
              [
                102.989449,
                21.163994
              ],
              [
                102.989606,
                21.163709
              ],
              [
                102.989964,
                21.162294
              ],
              [
                102.989987,
                21.162117
              ],
              [
                102.990059,
                21.161576
              ],
              [
                102.990042,
                21.161385
              ],
              [
                102.989994,
                21.161199
              ],
              [
                102.9899,
                21.161108
              ],
              [
                102.98976,
                21.161059
              ],
              [
                102.989515,
                21.16102
              ],
              [
                102.989083,
                21.160967
              ],
              [
                102.988906,
                21.160857
              ],
              [
                102.988845,
                21.160677
              ],
              [
                102.988898,
                21.160499
              ],
              [
                102.989056,
                21.160236
              ],
              [
                102.989114,
                21.16001
              ],
              [
                102.989108,
                21.159939
              ],
              [
                102.989077,
                21.159863
              ],
              [
                102.988908,
                21.15972
              ],
              [
                102.988728,
                21.159616
              ],
              [
                102.988556,
                21.159559
              ],
              [
                102.988297,
                21.159645
              ],
              [
                102.988032,
                21.159819
              ],
              [
                102.98784,
                21.160024
              ],
              [
                102.987711,
                21.160124
              ],
              [
                102.987561,
                21.160115
              ],
              [
                102.987455,
                21.160051
              ],
              [
                102.987309,
                21.159836
              ],
              [
                102.987113,
                21.159442
              ],
              [
                102.986986,
                21.159057
              ],
              [
                102.986914,
                21.158758
              ],
              [
                102.986833,
                21.158446
              ],
              [
                102.986686,
                21.15813
              ],
              [
                102.986593,
                21.157826
              ],
              [
                102.986598,
                21.157602
              ],
              [
                102.986694,
                21.157342
              ],
              [
                102.986844,
                21.157052
              ],
              [
                102.986979,
                21.156829
              ],
              [
                102.987049,
                21.156702
              ],
              [
                102.987092,
                21.156621
              ],
              [
                102.987118,
                21.156483
              ],
              [
                102.987088,
                21.156326
              ],
              [
                102.986994,
                21.156192
              ],
              [
                102.986894,
                21.156156
              ],
              [
                102.986814,
                21.156163
              ],
              [
                102.98675,
                21.156176
              ],
              [
                102.986606,
                21.156276
              ],
              [
                102.986413,
                21.156398
              ],
              [
                102.986222,
                21.156459
              ],
              [
                102.986071,
                21.156429
              ],
              [
                102.985886,
                21.15633
              ],
              [
                102.985743,
                21.156171
              ],
              [
                102.985533,
                21.155896
              ],
              [
                102.985207,
                21.155615
              ],
              [
                102.985202,
                21.155611
              ],
              [
                102.985026,
                21.155488
              ],
              [
                102.984972,
                21.155396
              ],
              [
                102.985002,
                21.155256
              ],
              [
                102.985101,
                21.155112
              ],
              [
                102.985153,
                21.155029
              ],
              [
                102.985168,
                21.154868
              ],
              [
                102.985078,
                21.154667
              ],
              [
                102.98494,
                21.15453
              ],
              [
                102.984751,
                21.154308
              ],
              [
                102.984587,
                21.15409
              ],
              [
                102.98452,
                21.153924
              ],
              [
                102.984591,
                21.153653
              ],
              [
                102.984756,
                21.153463
              ],
              [
                102.984993,
                21.153256
              ],
              [
                102.98508,
                21.152894
              ],
              [
                102.98499,
                21.152335
              ],
              [
                102.985011,
                21.152181
              ],
              [
                102.985081,
                21.152037
              ],
              [
                102.985172,
                21.151857
              ],
              [
                102.985187,
                21.151782
              ],
              [
                102.985193,
                21.151663
              ],
              [
                102.985151,
                21.151556
              ],
              [
                102.984973,
                21.151334
              ],
              [
                102.984972,
                21.151136
              ],
              [
                102.985017,
                21.151021
              ],
              [
                102.985063,
                21.150954
              ],
              [
                102.985221,
                21.150866
              ],
              [
                102.985613,
                21.150671
              ],
              [
                102.985681,
                21.150645
              ],
              [
                102.986063,
                21.150499
              ],
              [
                102.986203,
                21.150446
              ],
              [
                102.986286,
                21.150424
              ],
              [
                102.98633,
                21.150383
              ],
              [
                102.986342,
                21.150325
              ],
              [
                102.986342,
                21.150322
              ],
              [
                102.986335,
                21.150152
              ],
              [
                102.986325,
                21.149886
              ],
              [
                102.986293,
                21.149706
              ],
              [
                102.986273,
                21.149602
              ],
              [
                102.98622,
                21.149359
              ],
              [
                102.986202,
                21.149125
              ],
              [
                102.986193,
                21.148999
              ],
              [
                102.986183,
                21.148727
              ],
              [
                102.986179,
                21.148646
              ],
              [
                102.986168,
                21.148339
              ],
              [
                102.986176,
                21.147977
              ],
              [
                102.986176,
                21.147952
              ],
              [
                102.986208,
                21.147763
              ],
              [
                102.986228,
                21.147715
              ],
              [
                102.986321,
                21.147491
              ],
              [
                102.986357,
                21.147406
              ],
              [
                102.986376,
                21.147359
              ],
              [
                102.9864,
                21.147347
              ],
              [
                102.986622,
                21.147227
              ],
              [
                102.986821,
                21.147128
              ],
              [
                102.986893,
                21.147099
              ],
              [
                102.98692,
                21.147063
              ],
              [
                102.986927,
                21.147022
              ],
              [
                102.986927,
                21.147021
              ],
              [
                102.98692,
                21.146976
              ],
              [
                102.986898,
                21.146874
              ],
              [
                102.986876,
                21.146787
              ],
              [
                102.986873,
                21.146774
              ],
              [
                102.986834,
                21.146623
              ],
              [
                102.98679,
                21.146387
              ],
              [
                102.986682,
                21.146167
              ],
              [
                102.986441,
                21.145924
              ],
              [
                102.986169,
                21.145734
              ],
              [
                102.985854,
                21.145602
              ],
              [
                102.985769,
                21.145539
              ],
              [
                102.985736,
                21.145359
              ],
              [
                102.98576,
                21.145159
              ],
              [
                102.98574,
                21.145079
              ],
              [
                102.985612,
                21.144872
              ],
              [
                102.985543,
                21.144798
              ],
              [
                102.985491,
                21.144744
              ],
              [
                102.985298,
                21.144541
              ],
              [
                102.984998,
                21.144258
              ],
              [
                102.984754,
                21.144041
              ],
              [
                102.984608,
                21.14381
              ],
              [
                102.984366,
                21.143469
              ],
              [
                102.98423,
                21.14323
              ],
              [
                102.984106,
                21.142914
              ],
              [
                102.984067,
                21.142607
              ],
              [
                102.984252,
                21.141724
              ],
              [
                102.984273,
                21.141577
              ],
              [
                102.984284,
                21.141535
              ],
              [
                102.984326,
                21.141255
              ],
              [
                102.984354,
                21.141069
              ],
              [
                102.984308,
                21.140891
              ],
              [
                102.9843,
                21.140858
              ],
              [
                102.984217,
                21.140779
              ],
              [
                102.984141,
                21.14075
              ],
              [
                102.984132,
                21.140747
              ],
              [
                102.984085,
                21.140729
              ],
              [
                102.984084,
                21.140729
              ],
              [
                102.983978,
                21.140744
              ],
              [
                102.983863,
                21.140823
              ],
              [
                102.983715,
                21.140963
              ],
              [
                102.983282,
                21.1418
              ],
              [
                102.983128,
                21.142068
              ],
              [
                102.982976,
                21.142157
              ],
              [
                102.982801,
                21.142163
              ],
              [
                102.982596,
                21.142068
              ],
              [
                102.98241,
                21.141837
              ],
              [
                102.982357,
                21.14174
              ],
              [
                102.98223,
                21.141506
              ],
              [
                102.982146,
                21.141281
              ],
              [
                102.982007,
                21.141164
              ],
              [
                102.981809,
                21.141031
              ],
              [
                102.981756,
                21.140996
              ],
              [
                102.981662,
                21.140933
              ],
              [
                102.981554,
                21.140929
              ],
              [
                102.981481,
                21.140958
              ],
              [
                102.981446,
                21.140994
              ],
              [
                102.981384,
                21.141056
              ],
              [
                102.981331,
                21.141089
              ],
              [
                102.981284,
                21.141117
              ],
              [
                102.981224,
                21.141138
              ],
              [
                102.981197,
                21.141134
              ],
              [
                102.981173,
                21.141131
              ],
              [
                102.981141,
                21.141089
              ],
              [
                102.98108,
                21.14093
              ],
              [
                102.981009,
                21.140751
              ],
              [
                102.980999,
                21.140319
              ],
              [
                102.980986,
                21.140003
              ],
              [
                102.980973,
                21.139942
              ],
              [
                102.980946,
                21.139815
              ],
              [
                102.980788,
                21.139546
              ],
              [
                102.980626,
                21.139365
              ],
              [
                102.980516,
                21.139252
              ],
              [
                102.980459,
                21.13923
              ],
              [
                102.980413,
                21.139222
              ],
              [
                102.98022,
                21.139288
              ],
              [
                102.980071,
                21.139396
              ],
              [
                102.979954,
                21.13948
              ],
              [
                102.979863,
                21.139516
              ],
              [
                102.979768,
                21.139509
              ],
              [
                102.979658,
                21.139472
              ],
              [
                102.979595,
                21.139432
              ],
              [
                102.979473,
                21.139354
              ],
              [
                102.979472,
                21.139353
              ],
              [
                102.979363,
                21.139262
              ],
              [
                102.979183,
                21.139112
              ],
              [
                102.979068,
                21.13905
              ],
              [
                102.978991,
                21.139008
              ],
              [
                102.978794,
                21.138842
              ],
              [
                102.978791,
                21.138836
              ],
              [
                102.978704,
                21.13867
              ],
              [
                102.978635,
                21.138578
              ],
              [
                102.978634,
                21.138577
              ],
              [
                102.978628,
                21.13857
              ],
              [
                102.978497,
                21.138429
              ],
              [
                102.978323,
                21.138363
              ],
              [
                102.978251,
                21.138338
              ],
              [
                102.978064,
                21.138274
              ],
              [
                102.977912,
                21.1382
              ],
              [
                102.977815,
                21.138041
              ],
              [
                102.977651,
                21.137774
              ],
              [
                102.977524,
                21.137565
              ],
              [
                102.977487,
                21.137428
              ],
              [
                102.977512,
                21.137285
              ],
              [
                102.977714,
                21.137065
              ],
              [
                102.977761,
                21.13693
              ],
              [
                102.977747,
                21.136836
              ],
              [
                102.977559,
                21.136626
              ],
              [
                102.977502,
                21.13657
              ],
              [
                102.977175,
                21.136249
              ],
              [
                102.977031,
                21.136104
              ],
              [
                102.97701,
                21.135981
              ],
              [
                102.977042,
                21.135874
              ],
              [
                102.977112,
                21.135825
              ],
              [
                102.977249,
                21.135827
              ],
              [
                102.977492,
                21.13593
              ],
              [
                102.977543,
                21.135926
              ],
              [
                102.977653,
                21.135917
              ],
              [
                102.977823,
                21.135783
              ],
              [
                102.977863,
                21.135662
              ],
              [
                102.977822,
                21.135457
              ],
              [
                102.977813,
                21.13541
              ],
              [
                102.977815,
                21.135239
              ],
              [
                102.977839,
                21.135142
              ],
              [
                102.977913,
                21.135032
              ],
              [
                102.978006,
                21.134947
              ],
              [
                102.978226,
                21.134803
              ],
              [
                102.978437,
                21.134694
              ],
              [
                102.978887,
                21.134506
              ],
              [
                102.97942,
                21.134411
              ],
              [
                102.979531,
                21.134391
              ],
              [
                102.979656,
                21.134369
              ],
              [
                102.979737,
                21.134354
              ],
              [
                102.979838,
                21.134332
              ],
              [
                102.979953,
                21.134303
              ],
              [
                102.980119,
                21.134262
              ],
              [
                102.980236,
                21.134231
              ],
              [
                102.980341,
                21.134169
              ],
              [
                102.980409,
                21.134123
              ],
              [
                102.980441,
                21.13408
              ],
              [
                102.980447,
                21.134009
              ],
              [
                102.980417,
                21.133816
              ],
              [
                102.980348,
                21.133615
              ],
              [
                102.980269,
                21.13345
              ],
              [
                102.980242,
                21.13337
              ],
              [
                102.980254,
                21.133174
              ],
              [
                102.980305,
                21.132983
              ],
              [
                102.980318,
                21.132891
              ],
              [
                102.980298,
                21.13283
              ],
              [
                102.980212,
                21.13272
              ],
              [
                102.980002,
                21.13258
              ],
              [
                102.979739,
                21.132453
              ],
              [
                102.979569,
                21.13234
              ],
              [
                102.979169,
                21.132161
              ],
              [
                102.978559,
                21.13187
              ],
              [
                102.978093,
                21.131695
              ],
              [
                102.977779,
                21.13158
              ],
              [
                102.977484,
                21.13152
              ],
              [
                102.977193,
                21.131448
              ],
              [
                102.977088,
                21.131428
              ],
              [
                102.976862,
                21.131383
              ],
              [
                102.976692,
                21.131347
              ],
              [
                102.976528,
                21.131244
              ],
              [
                102.976167,
                21.130976
              ],
              [
                102.975753,
                21.130647
              ],
              [
                102.975648,
                21.130539
              ],
              [
                102.975528,
                21.130406
              ],
              [
                102.975468,
                21.13031
              ],
              [
                102.975386,
                21.130189
              ],
              [
                102.975275,
                21.130107
              ],
              [
                102.975137,
                21.130051
              ],
              [
                102.974843,
                21.129943
              ],
              [
                102.97461,
                21.129863
              ],
              [
                102.974541,
                21.129817
              ],
              [
                102.974418,
                21.129694
              ],
              [
                102.974294,
                21.129556
              ],
              [
                102.974175,
                21.129354
              ],
              [
                102.974122,
                21.129275
              ],
              [
                102.974076,
                21.12922
              ],
              [
                102.973892,
                21.129074
              ],
              [
                102.973347,
                21.128653
              ],
              [
                102.97298,
                21.128441
              ],
              [
                102.972789,
                21.128337
              ],
              [
                102.972589,
                21.128221
              ],
              [
                102.972348,
                21.128086
              ],
              [
                102.97215,
                21.127944
              ],
              [
                102.971986,
                21.127828
              ],
              [
                102.971642,
                21.127597
              ],
              [
                102.971374,
                21.127412
              ],
              [
                102.971093,
                21.127214
              ],
              [
                102.97082,
                21.126963
              ],
              [
                102.970664,
                21.126798
              ],
              [
                102.97061,
                21.126711
              ],
              [
                102.970467,
                21.126492
              ],
              [
                102.970369,
                21.126314
              ],
              [
                102.970261,
                21.126166
              ],
              [
                102.97006,
                21.12599
              ],
              [
                102.969869,
                21.12577
              ],
              [
                102.969708,
                21.125576
              ],
              [
                102.96959,
                21.125432
              ],
              [
                102.969409,
                21.124854
              ],
              [
                102.969283,
                21.124604
              ],
              [
                102.969201,
                21.124358
              ],
              [
                102.96917,
                21.124259
              ],
              [
                102.969154,
                21.12415
              ],
              [
                102.969163,
                21.124053
              ],
              [
                102.969155,
                21.123985
              ],
              [
                102.969132,
                21.12383
              ],
              [
                102.969119,
                21.12369
              ],
              [
                102.969102,
                21.123513
              ],
              [
                102.969076,
                21.123373
              ],
              [
                102.969059,
                21.123298
              ],
              [
                102.969054,
                21.123264
              ],
              [
                102.969031,
                21.123237
              ],
              [
                102.968937,
                21.123174
              ],
              [
                102.96888,
                21.123139
              ],
              [
                102.968482,
                21.122847
              ],
              [
                102.967638,
                21.122296
              ],
              [
                102.96725,
                21.121988
              ],
              [
                102.967153,
                21.121911
              ],
              [
                102.967035,
                21.12165
              ],
              [
                102.966942,
                21.121355
              ],
              [
                102.966637,
                21.121158
              ],
              [
                102.966284,
                21.121041
              ],
              [
                102.96606,
                21.120857
              ],
              [
                102.965864,
                21.12025
              ],
              [
                102.965867,
                21.120197
              ],
              [
                102.965897,
                21.119556
              ],
              [
                102.965908,
                21.119311
              ],
              [
                102.965939,
                21.119101
              ],
              [
                102.966423,
                21.117977
              ],
              [
                102.96597,
                21.117374
              ],
              [
                102.965674,
                21.116996
              ],
              [
                102.965652,
                21.116977
              ],
              [
                102.965603,
                21.116938
              ],
              [
                102.96549,
                21.116859
              ],
              [
                102.965373,
                21.116778
              ],
              [
                102.965275,
                21.116721
              ],
              [
                102.965107,
                21.116632
              ],
              [
                102.964923,
                21.116535
              ],
              [
                102.964803,
                21.116469
              ],
              [
                102.964596,
                21.116311
              ],
              [
                102.964536,
                21.116266
              ],
              [
                102.964132,
                21.115837
              ],
              [
                102.963723,
                21.115555
              ],
              [
                102.963582,
                21.115254
              ],
              [
                102.963632,
                21.114619
              ],
              [
                102.96361,
                21.114554
              ],
              [
                102.962365,
                21.113597
              ],
              [
                102.962002,
                21.113399
              ],
              [
                102.96158,
                21.113168
              ],
              [
                102.961528,
                21.11314
              ],
              [
                102.961373,
                21.113111
              ],
              [
                102.961401,
                21.113144
              ],
              [
                102.9614,
                21.11318
              ],
              [
                102.961384,
                21.113237
              ],
              [
                102.961341,
                21.113331
              ],
              [
                102.961085,
                21.113682
              ],
              [
                102.96056,
                21.114134
              ],
              [
                102.959988,
                21.114558
              ],
              [
                102.959952,
                21.114579
              ],
              [
                102.959807,
                21.114663
              ],
              [
                102.959638,
                21.114747
              ],
              [
                102.959435,
                21.114852
              ],
              [
                102.959259,
                21.114907
              ],
              [
                102.959033,
                21.114961
              ],
              [
                102.958973,
                21.114978
              ],
              [
                102.958858,
                21.114996
              ],
              [
                102.958827,
                21.114998
              ],
              [
                102.958718,
                21.115001
              ],
              [
                102.958507,
                21.115006
              ],
              [
                102.958369,
                21.115041
              ],
              [
                102.958279,
                21.115064
              ],
              [
                102.958003,
                21.115151
              ],
              [
                102.957613,
                21.115347
              ],
              [
                102.957332,
                21.115454
              ],
              [
                102.957187,
                21.115487
              ],
              [
                102.957082,
                21.115512
              ],
              [
                102.956884,
                21.11556
              ],
              [
                102.956641,
                21.115635
              ],
              [
                102.956401,
                21.115695
              ],
              [
                102.956276,
                21.115739
              ],
              [
                102.956216,
                21.11578
              ],
              [
                102.955887,
                21.116041
              ],
              [
                102.955548,
                21.116279
              ],
              [
                102.955288,
                21.116427
              ],
              [
                102.955115,
                21.116551
              ],
              [
                102.955096,
                21.116564
              ],
              [
                102.955039,
                21.116624
              ],
              [
                102.954993,
                21.116673
              ],
              [
                102.954936,
                21.116776
              ],
              [
                102.954866,
                21.116905
              ],
              [
                102.954821,
                21.117027
              ],
              [
                102.954782,
                21.117218
              ],
              [
                102.954787,
                21.117264
              ],
              [
                102.954772,
                21.117344
              ],
              [
                102.954758,
                21.117417
              ],
              [
                102.954757,
                21.117485
              ],
              [
                102.954792,
                21.118091
              ],
              [
                102.954777,
                21.118308
              ],
              [
                102.954766,
                21.118468
              ],
              [
                102.954672,
                21.119021
              ],
              [
                102.954622,
                21.119148
              ],
              [
                102.954546,
                21.119285
              ],
              [
                102.954443,
                21.119406
              ],
              [
                102.954301,
                21.1195
              ],
              [
                102.954117,
                21.119591
              ],
              [
                102.953854,
                21.11968
              ],
              [
                102.953839,
                21.119686
              ],
              [
                102.953635,
                21.119776
              ],
              [
                102.95342,
                21.11986
              ],
              [
                102.953249,
                21.119922
              ],
              [
                102.953083,
                21.11997
              ],
              [
                102.953002,
                21.119976
              ],
              [
                102.952928,
                21.119978
              ],
              [
                102.95264,
                21.119934
              ],
              [
                102.95249,
                21.119918
              ],
              [
                102.95244,
                21.119914
              ],
              [
                102.952342,
                21.119906
              ],
              [
                102.951743,
                21.119875
              ],
              [
                102.951593,
                21.119865
              ],
              [
                102.951304,
                21.119906
              ],
              [
                102.951302,
                21.119961
              ],
              [
                102.951356,
                21.120105
              ],
              [
                102.951394,
                21.120222
              ],
              [
                102.951457,
                21.120414
              ],
              [
                102.951475,
                21.12047
              ],
              [
                102.951474,
                21.12052
              ],
              [
                102.951405,
                21.120601
              ],
              [
                102.951378,
                21.120623
              ],
              [
                102.951285,
                21.120679
              ],
              [
                102.951264,
                21.12069
              ],
              [
                102.950734,
                21.120967
              ],
              [
                102.950271,
                21.12126
              ],
              [
                102.950107,
                21.121349
              ],
              [
                102.949791,
                21.121516
              ],
              [
                102.949727,
                21.12155
              ],
              [
                102.949723,
                21.121552
              ],
              [
                102.949597,
                21.121607
              ],
              [
                102.949534,
                21.121635
              ],
              [
                102.949533,
                21.121636
              ],
              [
                102.949395,
                21.12167
              ],
              [
                102.949392,
                21.12167
              ],
              [
                102.949213,
                21.121691
              ],
              [
                102.948945,
                21.121721
              ],
              [
                102.948729,
                21.121741
              ],
              [
                102.948656,
                21.12176
              ],
              [
                102.948611,
                21.121773
              ],
              [
                102.94854,
                21.121812
              ],
              [
                102.948475,
                21.121898
              ],
              [
                102.94842,
                21.122022
              ],
              [
                102.948366,
                21.122159
              ],
              [
                102.948334,
                21.122239
              ],
              [
                102.948317,
                21.122308
              ],
              [
                102.948284,
                21.122445
              ],
              [
                102.948282,
                21.122548
              ],
              [
                102.948263,
                21.122829
              ],
              [
                102.948237,
                21.122908
              ],
              [
                102.948224,
                21.122936
              ],
              [
                102.948193,
                21.122967
              ],
              [
                102.948167,
                21.122988
              ],
              [
                102.948016,
                21.123046
              ],
              [
                102.947968,
                21.123056
              ],
              [
                102.947873,
                21.123075
              ],
              [
                102.947817,
                21.12308
              ],
              [
                102.947404,
                21.12312
              ],
              [
                102.947024,
                21.123198
              ],
              [
                102.946612,
                21.12332
              ],
              [
                102.946336,
                21.123421
              ],
              [
                102.945748,
                21.123685
              ],
              [
                102.945709,
                21.1237
              ],
              [
                102.945703,
                21.123703
              ],
              [
                102.945692,
                21.123706
              ],
              [
                102.945577,
                21.123743
              ],
              [
                102.945432,
                21.123756
              ],
              [
                102.945167,
                21.123735
              ],
              [
                102.945154,
                21.123732
              ],
              [
                102.94473,
                21.123647
              ],
              [
                102.944462,
                21.123593
              ],
              [
                102.94382,
                21.12343
              ],
              [
                102.943612,
                21.1234
              ],
              [
                102.943502,
                21.123417
              ],
              [
                102.943392,
                21.123481
              ],
              [
                102.943071,
                21.123846
              ],
              [
                102.942883,
                21.124059
              ],
              [
                102.942677,
                21.124247
              ],
              [
                102.942587,
                21.124342
              ],
              [
                102.942566,
                21.124437
              ],
              [
                102.942582,
                21.12464
              ],
              [
                102.942653,
                21.124857
              ],
              [
                102.942655,
                21.124943
              ],
              [
                102.942612,
                21.125074
              ],
              [
                102.942506,
                21.125129
              ],
              [
                102.942159,
                21.125125
              ],
              [
                102.942007,
                21.125099
              ],
              [
                102.941955,
                21.125128
              ],
              [
                102.941798,
                21.125347
              ],
              [
                102.941717,
                21.125473
              ],
              [
                102.941577,
                21.125672
              ],
              [
                102.941335,
                21.125836
              ],
              [
                102.940884,
                21.126079
              ],
              [
                102.940641,
                21.126287
              ],
              [
                102.940563,
                21.126412
              ],
              [
                102.940643,
                21.126545
              ],
              [
                102.940677,
                21.126665
              ],
              [
                102.9407,
                21.126861
              ],
              [
                102.940706,
                21.127129
              ],
              [
                102.940712,
                21.127415
              ],
              [
                102.94064,
                21.12751
              ],
              [
                102.940398,
                21.127665
              ],
              [
                102.940238,
                21.127811
              ],
              [
                102.939937,
                21.128233
              ],
              [
                102.939662,
                21.128617
              ],
              [
                102.939434,
                21.128905
              ],
              [
                102.939432,
                21.12901
              ],
              [
                102.939619,
                21.129184
              ],
              [
                102.939789,
                21.129344
              ],
              [
                102.93992,
                21.12947
              ],
              [
                102.940196,
                21.129933
              ],
              [
                102.940293,
                21.130096
              ],
              [
                102.940364,
                21.130489
              ],
              [
                102.940356,
                21.130732
              ],
              [
                102.940468,
                21.131064
              ],
              [
                102.940627,
                21.1314
              ],
              [
                102.940891,
                21.131795
              ],
              [
                102.941067,
                21.131976
              ],
              [
                102.941528,
                21.132171
              ],
              [
                102.942054,
                21.132407
              ],
              [
                102.942545,
                21.132661
              ],
              [
                102.942915,
                21.132828
              ],
              [
                102.943137,
                21.132969
              ],
              [
                102.943411,
                21.133011
              ],
              [
                102.943753,
                21.132991
              ],
              [
                102.944099,
                21.133
              ],
              [
                102.944387,
                21.133152
              ],
              [
                102.944508,
                21.133292
              ],
              [
                102.944544,
                21.133574
              ],
              [
                102.944576,
                21.133842
              ],
              [
                102.944612,
                21.134206
              ],
              [
                102.944602,
                21.134583
              ],
              [
                102.944701,
                21.134752
              ],
              [
                102.944882,
                21.134983
              ],
              [
                102.944955,
                21.135171
              ],
              [
                102.945043,
                21.135468
              ],
              [
                102.945126,
                21.135722
              ],
              [
                102.945289,
                21.136088
              ],
              [
                102.945465,
                21.136257
              ],
              [
                102.945734,
                21.136401
              ],
              [
                102.945878,
                21.13646
              ],
              [
                102.946114,
                21.136506
              ],
              [
                102.946278,
                21.136526
              ],
              [
                102.946614,
                21.136562
              ],
              [
                102.946852,
                21.136645
              ],
              [
                102.946866,
                21.136652
              ],
              [
                102.947178,
                21.13687
              ],
              [
                102.947555,
                21.137238
              ],
              [
                102.947721,
                21.137388
              ],
              [
                102.948168,
                21.137489
              ],
              [
                102.948433,
                21.137577
              ],
              [
                102.9485,
                21.137615
              ],
              [
                102.948993,
                21.137891
              ],
              [
                102.949157,
                21.137983
              ],
              [
                102.949377,
                21.138142
              ],
              [
                102.949549,
                21.138362
              ],
              [
                102.949608,
                21.138626
              ],
              [
                102.949258,
                21.138982
              ],
              [
                102.949153,
                21.139139
              ],
              [
                102.948997,
                21.139373
              ],
              [
                102.948887,
                21.139576
              ],
              [
                102.948909,
                21.139902
              ],
              [
                102.949039,
                21.140273
              ],
              [
                102.949078,
                21.140349
              ],
              [
                102.949388,
                21.140725
              ],
              [
                102.949516,
                21.140873
              ],
              [
                102.949583,
                21.140974
              ],
              [
                102.949612,
                21.141071
              ],
              [
                102.949592,
                21.141157
              ],
              [
                102.949549,
                21.141236
              ],
              [
                102.94941,
                21.141306
              ],
              [
                102.949274,
                21.141338
              ],
              [
                102.949059,
                21.141369
              ],
              [
                102.948552,
                21.141396
              ],
              [
                102.948168,
                21.141441
              ],
              [
                102.947941,
                21.141569
              ],
              [
                102.947817,
                21.141672
              ],
              [
                102.94775,
                21.141753
              ],
              [
                102.947671,
                21.141919
              ],
              [
                102.947547,
                21.142075
              ],
              [
                102.947452,
                21.142135
              ],
              [
                102.947321,
                21.142167
              ],
              [
                102.946919,
                21.142178
              ],
              [
                102.946709,
                21.142241
              ],
              [
                102.946269,
                21.14253
              ],
              [
                102.94579,
                21.143097
              ],
              [
                102.945279,
                21.143484
              ],
              [
                102.944645,
                21.143934
              ],
              [
                102.944276,
                21.144255
              ],
              [
                102.944102,
                21.144442
              ],
              [
                102.944039,
                21.144581
              ],
              [
                102.944025,
                21.144728
              ],
              [
                102.943971,
                21.145029
              ],
              [
                102.943881,
                21.14521
              ],
              [
                102.943715,
                21.145355
              ],
              [
                102.943424,
                21.145624
              ],
              [
                102.943373,
                21.145713
              ],
              [
                102.943237,
                21.146174
              ],
              [
                102.943102,
                21.146531
              ],
              [
                102.942662,
                21.146873
              ],
              [
                102.942583,
                21.147087
              ],
              [
                102.942269,
                21.147635
              ],
              [
                102.942139,
                21.147954
              ],
              [
                102.94202,
                21.148167
              ],
              [
                102.942012,
                21.148242
              ],
              [
                102.942037,
                21.148493
              ],
              [
                102.942039,
                21.148603
              ],
              [
                102.942028,
                21.148702
              ],
              [
                102.942009,
                21.14874
              ],
              [
                102.941907,
                21.14882
              ],
              [
                102.941801,
                21.148868
              ],
              [
                102.941539,
                21.148959
              ],
              [
                102.941374,
                21.149047
              ],
              [
                102.941261,
                21.149146
              ],
              [
                102.941056,
                21.149359
              ],
              [
                102.940808,
                21.149596
              ],
              [
                102.940727,
                21.149656
              ],
              [
                102.940555,
                21.1497
              ],
              [
                102.940405,
                21.149738
              ],
              [
                102.94032,
                21.149805
              ],
              [
                102.940243,
                21.149904
              ],
              [
                102.940106,
                21.150168
              ],
              [
                102.939801,
                21.150681
              ],
              [
                102.93945,
                21.151225
              ],
              [
                102.939425,
                21.151909
              ],
              [
                102.939383,
                21.152156
              ],
              [
                102.939272,
                21.152397
              ],
              [
                102.938942,
                21.15286
              ],
              [
                102.938801,
                21.15306
              ],
              [
                102.938721,
                21.153095
              ],
              [
                102.93864,
                21.15313
              ],
              [
                102.938525,
                21.153157
              ],
              [
                102.938425,
                21.153167
              ],
              [
                102.93828,
                21.153165
              ],
              [
                102.938071,
                21.153216
              ],
              [
                102.937912,
                21.153278
              ],
              [
                102.937742,
                21.153451
              ],
              [
                102.937657,
                21.153766
              ],
              [
                102.937473,
                21.15427
              ],
              [
                102.937356,
                21.154474
              ],
              [
                102.936825,
                21.155082
              ],
              [
                102.936708,
                21.15528
              ],
              [
                102.936648,
                21.155445
              ],
              [
                102.936626,
                21.155559
              ],
              [
                102.936635,
                21.155655
              ],
              [
                102.9367,
                21.155742
              ],
              [
                102.936806,
                21.155829
              ],
              [
                102.936947,
                21.155965
              ],
              [
                102.937089,
                21.156181
              ],
              [
                102.937277,
                21.156406
              ],
              [
                102.937559,
                21.156668
              ],
              [
                102.937824,
                21.156857
              ],
              [
                102.937993,
                21.157064
              ],
              [
                102.938114,
                21.157492
              ],
              [
                102.938205,
                21.157779
              ],
              [
                102.938076,
                21.158007
              ],
              [
                102.937717,
                21.158297
              ],
              [
                102.937419,
                21.15854
              ],
              [
                102.937266,
                21.158804
              ],
              [
                102.93718,
                21.159061
              ],
              [
                102.936836,
                21.159225
              ],
              [
                102.936384,
                21.159331
              ],
              [
                102.936066,
                21.15937
              ],
              [
                102.935711,
                21.159398
              ],
              [
                102.935083,
                21.159437
              ],
              [
                102.934247,
                21.159409
              ],
              [
                102.933389,
                21.15944
              ],
              [
                102.932971,
                21.159386
              ],
              [
                102.93196,
                21.159308
              ],
              [
                102.931523,
                21.159369
              ],
              [
                102.931295,
                21.159464
              ],
              [
                102.930954,
                21.159813
              ],
              [
                102.930671,
                21.160005
              ],
              [
                102.930446,
                21.160088
              ],
              [
                102.930083,
                21.160175
              ],
              [
                102.929938,
                21.160331
              ],
              [
                102.929867,
                21.160645
              ],
              [
                102.929787,
                21.160965
              ],
              [
                102.929619,
                21.161264
              ],
              [
                102.929206,
                21.161708
              ],
              [
                102.928812,
                21.162195
              ],
              [
                102.928512,
                21.162497
              ],
              [
                102.928209,
                21.162651
              ],
              [
                102.927945,
                21.162661
              ],
              [
                102.927559,
                21.162514
              ],
              [
                102.927123,
                21.162337
              ],
              [
                102.926374,
                21.161993
              ],
              [
                102.92595,
                21.161673
              ],
              [
                102.925779,
                21.161614
              ],
              [
                102.925347,
                21.161474
              ],
              [
                102.925119,
                21.161423
              ],
              [
                102.924864,
                21.161387
              ],
              [
                102.924395,
                21.160726
              ],
              [
                102.924179,
                21.160093
              ],
              [
                102.924159,
                21.159758
              ],
              [
                102.924147,
                21.159736
              ],
              [
                102.924003,
                21.159507
              ],
              [
                102.923863,
                21.159312
              ],
              [
                102.923776,
                21.159161
              ],
              [
                102.923749,
                21.159035
              ],
              [
                102.923706,
                21.158883
              ],
              [
                102.923623,
                21.158351
              ],
              [
                102.923548,
                21.157863
              ],
              [
                102.923476,
                21.157556
              ],
              [
                102.923065,
                21.157092
              ],
              [
                102.922731,
                21.156567
              ],
              [
                102.922498,
                21.15627
              ],
              [
                102.922323,
                21.1561
              ],
              [
                102.922111,
                21.156002
              ],
              [
                102.92191,
                21.155935
              ],
              [
                102.921763,
                21.155924
              ],
              [
                102.921699,
                21.15594
              ],
              [
                102.921711,
                21.156166
              ],
              [
                102.921706,
                21.156273
              ],
              [
                102.921706,
                21.156646
              ],
              [
                102.921538,
                21.156983
              ],
              [
                102.921302,
                21.157453
              ],
              [
                102.921085,
                21.157694
              ],
              [
                102.920701,
                21.157905
              ],
              [
                102.920079,
                21.15823
              ],
              [
                102.919343,
                21.158409
              ],
              [
                102.919126,
                21.158578
              ],
              [
                102.919147,
                21.158889
              ],
              [
                102.919083,
                21.159118
              ],
              [
                102.91881,
                21.159692
              ],
              [
                102.918607,
                21.160034
              ],
              [
                102.918296,
                21.160417
              ],
              [
                102.918089,
                21.160635
              ],
              [
                102.917868,
                21.160742
              ],
              [
                102.917677,
                21.160954
              ],
              [
                102.917357,
                21.161216
              ],
              [
                102.917191,
                21.161285
              ],
              [
                102.916966,
                21.161282
              ],
              [
                102.916752,
                21.161247
              ],
              [
                102.916554,
                21.161205
              ],
              [
                102.916436,
                21.161175
              ],
              [
                102.916334,
                21.161092
              ],
              [
                102.916194,
                21.160986
              ],
              [
                102.915886,
                21.160903
              ],
              [
                102.915566,
                21.160851
              ],
              [
                102.915141,
                21.160883
              ],
              [
                102.914919,
                21.160881
              ],
              [
                102.914682,
                21.160888
              ],
              [
                102.914533,
                21.160879
              ],
              [
                102.914307,
                21.160977
              ],
              [
                102.914026,
                21.161067
              ],
              [
                102.913797,
                21.161089
              ],
              [
                102.91364,
                21.161083
              ],
              [
                102.913262,
                21.161068
              ],
              [
                102.912998,
                21.161108
              ],
              [
                102.91286,
                21.161135
              ],
              [
                102.912791,
                21.161181
              ],
              [
                102.912751,
                21.161277
              ],
              [
                102.912676,
                21.161455
              ],
              [
                102.912578,
                21.161637
              ],
              [
                102.912424,
                21.161714
              ],
              [
                102.912321,
                21.16173
              ],
              [
                102.912122,
                21.161756
              ],
              [
                102.911926,
                21.161793
              ],
              [
                102.911673,
                21.161866
              ],
              [
                102.911455,
                21.161877
              ],
              [
                102.91131,
                21.161893
              ],
              [
                102.911087,
                21.161991
              ],
              [
                102.910813,
                21.162142
              ],
              [
                102.910552,
                21.162228
              ],
              [
                102.910276,
                21.162321
              ],
              [
                102.910077,
                21.16241
              ],
              [
                102.909588,
                21.16247
              ],
              [
                102.909298,
                21.162417
              ],
              [
                102.909017,
                21.162284
              ],
              [
                102.908639,
                21.162534
              ],
              [
                102.907924,
                21.162869
              ],
              [
                102.907533,
                21.163191
              ],
              [
                102.907379,
                21.163531
              ],
              [
                102.907229,
                21.16375
              ],
              [
                102.907109,
                21.163874
              ],
              [
                102.907012,
                21.164019
              ],
              [
                102.906918,
                21.16423
              ],
              [
                102.906888,
                21.164379
              ],
              [
                102.906838,
                21.164569
              ],
              [
                102.90677,
                21.164765
              ],
              [
                102.906557,
                21.164978
              ],
              [
                102.906225,
                21.165178
              ],
              [
                102.905954,
                21.16521
              ],
              [
                102.90553,
                21.165191
              ],
              [
                102.905054,
                21.165092
              ],
              [
                102.904577,
                21.165003
              ],
              [
                102.904145,
                21.165063
              ],
              [
                102.903776,
                21.165201
              ],
              [
                102.903575,
                21.165339
              ],
              [
                102.903424,
                21.165604
              ],
              [
                102.902971,
                21.165926
              ],
              [
                102.902763,
                21.166063
              ],
              [
                102.902606,
                21.166198
              ],
              [
                102.902594,
                21.166255
              ],
              [
                102.902592,
                21.166341
              ],
              [
                102.902599,
                21.166413
              ],
              [
                102.902655,
                21.166492
              ],
              [
                102.902761,
                21.166551
              ],
              [
                102.90283,
                21.166595
              ],
              [
                102.902922,
                21.166685
              ],
              [
                102.903239,
                21.167202
              ],
              [
                102.903332,
                21.167439
              ],
              [
                102.903341,
                21.167612
              ],
              [
                102.903128,
                21.16777
              ],
              [
                102.902931,
                21.167951
              ],
              [
                102.90282,
                21.168225
              ],
              [
                102.902757,
                21.168594
              ],
              [
                102.902731,
                21.168823
              ],
              [
                102.902734,
                21.169135
              ],
              [
                102.902686,
                21.169471
              ],
              [
                102.902706,
                21.169683
              ],
              [
                102.902776,
                21.169863
              ],
              [
                102.902877,
                21.170018
              ],
              [
                102.903028,
                21.170142
              ],
              [
                102.903125,
                21.170269
              ],
              [
                102.903239,
                21.170378
              ],
              [
                102.903363,
                21.170508
              ],
              [
                102.903458,
                21.170685
              ],
              [
                102.90347,
                21.170739
              ],
              [
                102.903467,
                21.170952
              ],
              [
                102.903417,
                21.171739
              ],
              [
                102.903349,
                21.1722
              ],
              [
                102.903317,
                21.17255
              ],
              [
                102.903376,
                21.172712
              ],
              [
                102.903504,
                21.172857
              ],
              [
                102.903889,
                21.173203
              ],
              [
                102.90368,
                21.173336
              ],
              [
                102.903532,
                21.173524
              ],
              [
                102.903467,
                21.173864
              ],
              [
                102.903503,
                21.17428
              ],
              [
                102.903558,
                21.174693
              ],
              [
                102.903604,
                21.174948
              ],
              [
                102.90371,
                21.175032
              ],
              [
                102.90401,
                21.17519
              ],
              [
                102.904211,
                21.175282
              ],
              [
                102.904805,
                21.175411
              ],
              [
                102.905242,
                21.175606
              ],
              [
                102.905454,
                21.175749
              ],
              [
                102.905737,
                21.175967
              ],
              [
                102.906101,
                21.176162
              ],
              [
                102.906537,
                21.175931
              ],
              [
                102.906837,
                21.17569
              ],
              [
                102.906898,
                21.175664
              ],
              [
                102.90712,
                21.175583
              ],
              [
                102.9072,
                21.175624
              ],
              [
                102.907283,
                21.175729
              ],
              [
                102.907407,
                21.175831
              ],
              [
                102.907494,
                21.175896
              ],
              [
                102.907616,
                21.175962
              ],
              [
                102.907767,
                21.176036
              ],
              [
                102.907959,
                21.1761
              ],
              [
                102.90799,
                21.176118
              ],
              [
                102.908049,
                21.176283
              ],
              [
                102.908106,
                21.176549
              ],
              [
                102.908137,
                21.176796
              ],
              [
                102.908081,
                21.176957
              ],
              [
                102.907887,
                21.177148
              ],
              [
                102.907668,
                21.177285
              ],
              [
                102.907679,
                21.177533
              ],
              [
                102.907713,
                21.177942
              ],
              [
                102.907745,
                21.178106
              ],
              [
                102.90795,
                21.17842
              ],
              [
                102.90831,
                21.178899
              ],
              [
                102.908612,
                21.179207
              ],
              [
                102.908785,
                21.179468
              ],
              [
                102.909136,
                21.179854
              ],
              [
                102.909211,
                21.179993
              ],
              [
                102.909198,
                21.180268
              ],
              [
                102.909192,
                21.18034
              ],
              [
                102.90911,
                21.18081
              ],
              [
                102.909007,
                21.18094
              ],
              [
                102.908858,
                21.181064
              ],
              [
                102.908787,
                21.181182
              ],
              [
                102.908753,
                21.181301
              ],
              [
                102.908777,
                21.181439
              ],
              [
                102.908775,
                21.181564
              ],
              [
                102.908748,
                21.181684
              ],
              [
                102.908644,
                21.181808
              ],
              [
                102.908387,
                21.18204
              ],
              [
                102.908164,
                21.18232
              ],
              [
                102.907949,
                21.182518
              ],
              [
                102.907638,
                21.182916
              ],
              [
                102.907472,
                21.183315
              ],
              [
                102.907447,
                21.183447
              ],
              [
                102.907432,
                21.183734
              ],
              [
                102.907286,
                21.184047
              ],
              [
                102.907122,
                21.184289
              ],
              [
                102.907002,
                21.184374
              ],
              [
                102.9068,
                21.184525
              ],
              [
                102.906703,
                21.184554
              ],
              [
                102.906201,
                21.184758
              ],
              [
                102.905976,
                21.184947
              ],
              [
                102.90582,
                21.18513
              ],
              [
                102.905748,
                21.18526
              ],
              [
                102.905759,
                21.185434
              ],
              [
                102.905781,
                21.185625
              ],
              [
                102.905882,
                21.185904
              ],
              [
                102.905919,
                21.186106
              ],
              [
                102.905861,
                21.186205
              ],
              [
                102.905555,
                21.186492
              ],
              [
                102.905356,
                21.186726
              ],
              [
                102.905107,
                21.187046
              ],
              [
                102.904887,
                21.187321
              ],
              [
                102.90481,
                21.187823
              ],
              [
                102.904758,
                21.188217
              ],
              [
                102.904685,
                21.188413
              ],
              [
                102.904361,
                21.188721
              ],
              [
                102.903948,
                21.189033
              ],
              [
                102.903698,
                21.189234
              ],
              [
                102.903553,
                21.18943
              ],
              [
                102.903527,
                21.189611
              ],
              [
                102.9034,
                21.189931
              ],
              [
                102.903509,
                21.190251
              ],
              [
                102.903871,
                21.190592
              ],
              [
                102.904067,
                21.190807
              ],
              [
                102.904345,
                21.191164
              ],
              [
                102.904425,
                21.191501
              ],
              [
                102.904487,
                21.19186
              ],
              [
                102.904524,
                21.192113
              ],
              [
                102.904598,
                21.192263
              ],
              [
                102.904742,
                21.192497
              ],
              [
                102.905042,
                21.192642
              ],
              [
                102.905549,
                21.192843
              ],
              [
                102.905922,
                21.193149
              ],
              [
                102.906311,
                21.19365
              ],
              [
                102.906394,
                21.19391
              ],
              [
                102.906421,
                21.194182
              ],
              [
                102.906568,
                21.19461
              ],
              [
                102.906667,
                21.194768
              ],
              [
                102.906818,
                21.194933
              ],
              [
                102.906979,
                21.195029
              ],
              [
                102.907589,
                21.195474
              ],
              [
                102.907988,
                21.195741
              ],
              [
                102.908159,
                21.195906
              ],
              [
                102.908497,
                21.196168
              ],
              [
                102.908821,
                21.196322
              ],
              [
                102.90852,
                21.196666
              ],
              [
                102.908281,
                21.197021
              ],
              [
                102.908095,
                21.197535
              ],
              [
                102.907785,
                21.1982
              ],
              [
                102.90757,
                21.198661
              ],
              [
                102.907502,
                21.198922
              ],
              [
                102.907441,
                21.199205
              ],
              [
                102.907508,
                21.199354
              ],
              [
                102.90757,
                21.19949
              ],
              [
                102.907644,
                21.19989
              ],
              [
                102.907742,
                21.200188
              ],
              [
                102.908059,
                21.200488
              ],
              [
                102.908325,
                21.200768
              ],
              [
                102.908466,
                21.200866
              ],
              [
                102.908673,
                21.201016
              ],
              [
                102.908866,
                21.201425
              ],
              [
                102.90908,
                21.201762
              ],
              [
                102.909316,
                21.201994
              ],
              [
                102.909695,
                21.202286
              ],
              [
                102.91016,
                21.202903
              ],
              [
                102.910465,
                21.203285
              ],
              [
                102.910778,
                21.203549
              ],
              [
                102.911194,
                21.203923
              ],
              [
                102.910819,
                21.204302
              ],
              [
                102.910437,
                21.204584
              ],
              [
                102.910136,
                21.205021
              ],
              [
                102.909912,
                21.205233
              ],
              [
                102.909603,
                21.205445
              ],
              [
                102.909387,
                21.205564
              ],
              [
                102.909118,
                21.2057
              ],
              [
                102.908991,
                21.205828
              ],
              [
                102.908929,
                21.206146
              ],
              [
                102.908962,
                21.206536
              ],
              [
                102.909091,
                21.206768
              ],
              [
                102.909424,
                21.207197
              ],
              [
                102.909503,
                21.207366
              ],
              [
                102.909638,
                21.20757
              ],
              [
                102.909682,
                21.207704
              ],
              [
                102.90968,
                21.207838
              ],
              [
                102.909657,
                21.208058
              ],
              [
                102.909613,
                21.208267
              ],
              [
                102.909605,
                21.208449
              ],
              [
                102.909643,
                21.208674
              ],
              [
                102.909719,
                21.20901
              ],
              [
                102.909719,
                21.209059
              ],
              [
                102.909782,
                21.209429
              ],
              [
                102.909915,
                21.209897
              ],
              [
                102.910025,
                21.210195
              ],
              [
                102.910046,
                21.210335
              ],
              [
                102.910028,
                21.210561
              ],
              [
                102.910003,
                21.210775
              ],
              [
                102.909944,
                21.211187
              ],
              [
                102.909931,
                21.211402
              ],
              [
                102.909948,
                21.211593
              ],
              [
                102.909976,
                21.211928
              ],
              [
                102.909964,
                21.212372
              ],
              [
                102.909912,
                21.212759
              ],
              [
                102.909813,
                21.212858
              ],
              [
                102.909684,
                21.212995
              ],
              [
                102.909663,
                21.213057
              ],
              [
                102.909686,
                21.213205
              ],
              [
                102.909689,
                21.213358
              ],
              [
                102.909718,
                21.213516
              ],
              [
                102.909791,
                21.213708
              ],
              [
                102.909784,
                21.213927
              ],
              [
                102.909728,
                21.214199
              ],
              [
                102.909735,
                21.214543
              ],
              [
                102.909741,
                21.214927
              ],
              [
                102.90975,
                21.21507
              ],
              [
                102.909736,
                21.215288
              ],
              [
                102.909672,
                21.215485
              ],
              [
                102.909669,
                21.215714
              ],
              [
                102.909706,
                21.216009
              ],
              [
                102.909694,
                21.216176
              ],
              [
                102.909501,
                21.216519
              ],
              [
                102.909395,
                21.216653
              ],
              [
                102.909213,
                21.216859
              ],
              [
                102.909078,
                21.217071
              ],
              [
                102.908548,
                21.217282
              ],
              [
                102.908133,
                21.217542
              ],
              [
                102.907808,
                21.217906
              ],
              [
                102.907775,
                21.218034
              ],
              [
                102.907651,
                21.218398
              ],
              [
                102.907644,
                21.218546
              ],
              [
                102.907683,
                21.218676
              ],
              [
                102.907762,
                21.218839
              ],
              [
                102.907871,
                21.219061
              ],
              [
                102.907935,
                21.219229
              ],
              [
                102.907953,
                21.219387
              ],
              [
                102.907935,
                21.219544
              ],
              [
                102.907872,
                21.219687
              ],
              [
                102.907871,
                21.219801
              ],
              [
                102.907929,
                21.219998
              ],
              [
                102.907931,
                21.220203
              ],
              [
                102.907902,
                21.220456
              ],
              [
                102.907844,
                21.220689
              ],
              [
                102.907811,
                21.221181
              ],
              [
                102.907812,
                21.221275
              ],
              [
                102.90779,
                21.221615
              ],
              [
                102.9078,
                21.221776
              ],
              [
                102.907819,
                21.221942
              ],
              [
                102.907833,
                21.222029
              ],
              [
                102.907893,
                21.222224
              ],
              [
                102.907941,
                21.222435
              ],
              [
                102.908045,
                21.222594
              ],
              [
                102.908181,
                21.22272
              ],
              [
                102.908342,
                21.222889
              ],
              [
                102.908416,
                21.223019
              ],
              [
                102.908451,
                21.223125
              ],
              [
                102.908412,
                21.223316
              ],
              [
                102.908349,
                21.223449
              ],
              [
                102.908246,
                21.223686
              ],
              [
                102.9082,
                21.224072
              ],
              [
                102.908222,
                21.224297
              ],
              [
                102.908274,
                21.224515
              ],
              [
                102.908364,
                21.224835
              ],
              [
                102.908677,
                21.22537
              ],
              [
                102.908846,
                21.225433
              ],
              [
                102.909004,
                21.225483
              ],
              [
                102.909272,
                21.225606
              ],
              [
                102.909413,
                21.225722
              ],
              [
                102.909756,
                21.226013
              ],
              [
                102.909897,
                21.226096
              ],
              [
                102.910105,
                21.226151
              ],
              [
                102.910369,
                21.226231
              ],
              [
                102.910598,
                21.226296
              ],
              [
                102.910852,
                21.226357
              ],
              [
                102.911157,
                21.226399
              ],
              [
                102.911355,
                21.226449
              ],
              [
                102.91146,
                21.226534
              ],
              [
                102.911498,
                21.226593
              ],
              [
                102.911688,
                21.22682
              ],
              [
                102.911795,
                21.22686
              ],
              [
                102.912136,
                21.226859
              ],
              [
                102.912564,
                21.226955
              ],
              [
                102.912554,
                21.227228
              ],
              [
                102.912572,
                21.227749
              ],
              [
                102.912517,
                21.228083
              ],
              [
                102.912456,
                21.228388
              ],
              [
                102.912387,
                21.228607
              ],
              [
                102.912219,
                21.228958
              ],
              [
                102.912098,
                21.229243
              ],
              [
                102.911916,
                21.229518
              ],
              [
                102.911838,
                21.229579
              ],
              [
                102.911785,
                21.22962
              ],
              [
                102.911489,
                21.229872
              ],
              [
                102.911325,
                21.230029
              ],
              [
                102.911219,
                21.230137
              ],
              [
                102.911022,
                21.230274
              ],
              [
                102.910694,
                21.230467
              ],
              [
                102.910581,
                21.230504
              ],
              [
                102.910314,
                21.230648
              ],
              [
                102.91011,
                21.23078
              ],
              [
                102.910037,
                21.230824
              ],
              [
                102.909918,
                21.230932
              ],
              [
                102.909825,
                21.230993
              ],
              [
                102.909601,
                21.231029
              ],
              [
                102.909416,
                21.231069
              ],
              [
                102.909146,
                21.231075
              ],
              [
                102.908892,
                21.231058
              ],
              [
                102.908658,
                21.231031
              ],
              [
                102.908429,
                21.231009
              ],
              [
                102.908234,
                21.230982
              ],
              [
                102.907969,
                21.231032
              ],
              [
                102.907652,
                21.231129
              ],
              [
                102.907442,
                21.231231
              ],
              [
                102.907128,
                21.231452
              ],
              [
                102.906943,
                21.231526
              ],
              [
                102.906716,
                21.231507
              ],
              [
                102.906567,
                21.231436
              ],
              [
                102.906454,
                21.231375
              ],
              [
                102.906204,
                21.231214
              ],
              [
                102.906014,
                21.231131
              ],
              [
                102.905889,
                21.231115
              ],
              [
                102.905762,
                21.231115
              ],
              [
                102.905585,
                21.23114
              ],
              [
                102.905483,
                21.231174
              ],
              [
                102.905298,
                21.231253
              ],
              [
                102.905068,
                21.231369
              ],
              [
                102.904987,
                21.231407
              ],
              [
                102.904892,
                21.231441
              ],
              [
                102.904696,
                21.231482
              ],
              [
                102.904451,
                21.231521
              ],
              [
                102.904101,
                21.231592
              ],
              [
                102.903965,
                21.231633
              ],
              [
                102.903845,
                21.23168
              ],
              [
                102.903687,
                21.23177
              ],
              [
                102.903285,
                21.232083
              ],
              [
                102.903032,
                21.232287
              ],
              [
                102.902846,
                21.23242
              ],
              [
                102.90273,
                21.232509
              ],
              [
                102.902565,
                21.232708
              ],
              [
                102.902336,
                21.232936
              ],
              [
                102.901948,
                21.233358
              ],
              [
                102.901603,
                21.233656
              ],
              [
                102.901252,
                21.233893
              ],
              [
                102.901001,
                21.234053
              ],
              [
                102.90083,
                21.234209
              ],
              [
                102.900705,
                21.234383
              ],
              [
                102.900463,
                21.234771
              ],
              [
                102.900102,
                21.235447
              ],
              [
                102.899898,
                21.235847
              ],
              [
                102.89959,
                21.236226
              ],
              [
                102.899437,
                21.236451
              ],
              [
                102.899252,
                21.236856
              ],
              [
                102.899112,
                21.237281
              ],
              [
                102.899054,
                21.237529
              ],
              [
                102.898974,
                21.237874
              ],
              [
                102.898859,
                21.238152
              ],
              [
                102.898555,
                21.238463
              ],
              [
                102.898405,
                21.238674
              ],
              [
                102.898354,
                21.238893
              ],
              [
                102.898346,
                21.239264
              ],
              [
                102.89823,
                21.239675
              ],
              [
                102.898033,
                21.240058
              ],
              [
                102.897861,
                21.240301
              ],
              [
                102.897699,
                21.240531
              ],
              [
                102.897627,
                21.240674
              ],
              [
                102.897521,
                21.240886
              ],
              [
                102.897411,
                21.24107
              ],
              [
                102.897297,
                21.241305
              ],
              [
                102.897132,
                21.241475
              ],
              [
                102.896836,
                21.241718
              ],
              [
                102.896568,
                21.241973
              ],
              [
                102.8963,
                21.242267
              ],
              [
                102.896052,
                21.242551
              ],
              [
                102.895746,
                21.242809
              ],
              [
                102.895318,
                21.243097
              ],
              [
                102.895018,
                21.24323
              ],
              [
                102.894913,
                21.243278
              ],
              [
                102.89481,
                21.243374
              ],
              [
                102.894721,
                21.243557
              ],
              [
                102.894609,
                21.24383
              ],
              [
                102.894595,
                21.244039
              ],
              [
                102.89459,
                21.244107
              ],
              [
                102.894568,
                21.244255
              ],
              [
                102.894289,
                21.2445
              ],
              [
                102.894047,
                21.244693
              ],
              [
                102.893789,
                21.2449
              ],
              [
                102.893481,
                21.245011
              ],
              [
                102.89318,
                21.245069
              ],
              [
                102.893046,
                21.24512
              ],
              [
                102.892865,
                21.245309
              ],
              [
                102.892632,
                21.245621
              ],
              [
                102.89247,
                21.245804
              ],
              [
                102.892323,
                21.245934
              ],
              [
                102.892078,
                21.246182
              ],
              [
                102.891941,
                21.246354
              ],
              [
                102.891832,
                21.246454
              ],
              [
                102.891695,
                21.246525
              ],
              [
                102.891424,
                21.246525
              ],
              [
                102.891373,
                21.246503
              ],
              [
                102.891178,
                21.246299
              ],
              [
                102.891094,
                21.246275
              ],
              [
                102.891011,
                21.246256
              ],
              [
                102.890893,
                21.246253
              ],
              [
                102.89089,
                21.246254
              ],
              [
                102.890565,
                21.246384
              ],
              [
                102.890469,
                21.246383
              ],
              [
                102.890368,
                21.246316
              ],
              [
                102.890298,
                21.246248
              ],
              [
                102.890274,
                21.246225
              ],
              [
                102.89009,
                21.246181
              ],
              [
                102.889898,
                21.246209
              ],
              [
                102.88982,
                21.246315
              ],
              [
                102.889777,
                21.246378
              ],
              [
                102.889709,
                21.246475
              ],
              [
                102.889613,
                21.246534
              ],
              [
                102.889479,
                21.246532
              ],
              [
                102.889362,
                21.246479
              ],
              [
                102.889302,
                21.246452
              ],
              [
                102.889206,
                21.246451
              ],
              [
                102.889027,
                21.246481
              ],
              [
                102.888942,
                21.246454
              ],
              [
                102.888874,
                21.246419
              ],
              [
                102.888793,
                21.246396
              ],
              [
                102.888735,
                21.246397
              ],
              [
                102.888699,
                21.246402
              ],
              [
                102.88863,
                21.246423
              ],
              [
                102.888557,
                21.246447
              ],
              [
                102.888519,
                21.246463
              ],
              [
                102.888485,
                21.246576
              ],
              [
                102.888465,
                21.246645
              ],
              [
                102.88831,
                21.246762
              ],
              [
                102.888163,
                21.246784
              ],
              [
                102.88807,
                21.246749
              ],
              [
                102.888049,
                21.246741
              ],
              [
                102.887935,
                21.24671
              ],
              [
                102.887864,
                21.246774
              ],
              [
                102.887856,
                21.246848
              ],
              [
                102.887849,
                21.246906
              ],
              [
                102.887797,
                21.246959
              ],
              [
                102.887702,
                21.24697
              ],
              [
                102.887552,
                21.246938
              ],
              [
                102.887473,
                21.246933
              ],
              [
                102.887383,
                21.24695
              ],
              [
                102.887337,
                21.246958
              ],
              [
                102.887268,
                21.247002
              ],
              [
                102.886714,
                21.247352
              ],
              [
                102.886647,
                21.247394
              ],
              [
                102.88658,
                21.24745
              ],
              [
                102.886287,
                21.247692
              ],
              [
                102.885828,
                21.248014
              ],
              [
                102.885509,
                21.248253
              ],
              [
                102.885305,
                21.248362
              ],
              [
                102.885278,
                21.248369
              ],
              [
                102.885228,
                21.248395
              ],
              [
                102.885113,
                21.248467
              ],
              [
                102.885077,
                21.248524
              ],
              [
                102.884972,
                21.248693
              ],
              [
                102.884893,
                21.248746
              ],
              [
                102.884833,
                21.248807
              ],
              [
                102.88468,
                21.248843
              ],
              [
                102.884578,
                21.248812
              ],
              [
                102.884489,
                21.248764
              ],
              [
                102.884466,
                21.248758
              ],
              [
                102.88438,
                21.248734
              ],
              [
                102.884311,
                21.248738
              ],
              [
                102.88425,
                21.248741
              ],
              [
                102.88396,
                21.248793
              ],
              [
                102.883912,
                21.248827
              ],
              [
                102.883827,
                21.24891
              ],
              [
                102.883707,
                21.249048
              ],
              [
                102.883623,
                21.249112
              ],
              [
                102.8835,
                21.249211
              ],
              [
                102.883368,
                21.249268
              ],
              [
                102.883243,
                21.249348
              ],
              [
                102.883223,
                21.249361
              ],
              [
                102.883148,
                21.249412
              ],
              [
                102.883106,
                21.249408
              ],
              [
                102.883102,
                21.249408
              ],
              [
                102.883027,
                21.24938
              ],
              [
                102.882972,
                21.249359
              ],
              [
                102.88291,
                21.249364
              ],
              [
                102.882843,
                21.249395
              ],
              [
                102.882735,
                21.249464
              ],
              [
                102.882724,
                21.249471
              ],
              [
                102.882625,
                21.249545
              ],
              [
                102.882595,
                21.249592
              ],
              [
                102.882581,
                21.249679
              ],
              [
                102.882587,
                21.249798
              ],
              [
                102.882559,
                21.249862
              ],
              [
                102.882535,
                21.24988
              ],
              [
                102.882491,
                21.249913
              ],
              [
                102.882232,
                21.250081
              ],
              [
                102.882083,
                21.250164
              ],
              [
                102.881991,
                21.250203
              ],
              [
                102.881934,
                21.250202
              ],
              [
                102.881874,
                21.250171
              ],
              [
                102.881789,
                21.250123
              ],
              [
                102.881754,
                21.250113
              ],
              [
                102.881708,
                21.250117
              ],
              [
                102.881681,
                21.250126
              ],
              [
                102.881658,
                21.250134
              ],
              [
                102.881619,
                21.250173
              ],
              [
                102.881587,
                21.250257
              ],
              [
                102.881556,
                21.250366
              ],
              [
                102.881464,
                21.250523
              ],
              [
                102.881374,
                21.250661
              ],
              [
                102.881322,
                21.250707
              ],
              [
                102.881265,
                21.250748
              ],
              [
                102.881182,
                21.250778
              ],
              [
                102.881158,
                21.250782
              ],
              [
                102.881072,
                21.250797
              ],
              [
                102.880943,
                21.250795
              ],
              [
                102.880834,
                21.250785
              ],
              [
                102.880719,
                21.250755
              ],
              [
                102.880636,
                21.250709
              ],
              [
                102.880497,
                21.250576
              ],
              [
                102.880372,
                21.250431
              ],
              [
                102.880342,
                21.250395
              ],
              [
                102.880312,
                21.250337
              ],
              [
                102.880253,
                21.250222
              ],
              [
                102.880126,
                21.250076
              ],
              [
                102.880082,
                21.25004
              ],
              [
                102.880013,
                21.250027
              ],
              [
                102.879975,
                21.250039
              ],
              [
                102.879947,
                21.250049
              ],
              [
                102.87988,
                21.250105
              ],
              [
                102.879829,
                21.250174
              ],
              [
                102.879793,
                21.250252
              ],
              [
                102.879777,
                21.250298
              ],
              [
                102.879799,
                21.25034
              ],
              [
                102.879791,
                21.250391
              ],
              [
                102.879757,
                21.250452
              ],
              [
                102.8796,
                21.25068
              ],
              [
                102.879473,
                21.250935
              ],
              [
                102.87939,
                21.251111
              ],
              [
                102.879356,
                21.251199
              ],
              [
                102.879285,
                21.251291
              ],
              [
                102.879162,
                21.251368
              ],
              [
                102.879011,
                21.251425
              ],
              [
                102.878933,
                21.251471
              ],
              [
                102.878845,
                21.251533
              ],
              [
                102.878791,
                21.251558
              ],
              [
                102.87874,
                21.251567
              ],
              [
                102.878681,
                21.25156
              ],
              [
                102.878533,
                21.251538
              ],
              [
                102.878365,
                21.251548
              ],
              [
                102.878275,
                21.251568
              ],
              [
                102.878206,
                21.251605
              ],
              [
                102.878149,
                21.251663
              ],
              [
                102.878113,
                21.251732
              ],
              [
                102.877971,
                21.251826
              ],
              [
                102.877851,
                21.251854
              ],
              [
                102.877662,
                21.251834
              ],
              [
                102.877517,
                21.251821
              ],
              [
                102.877395,
                21.25182
              ],
              [
                102.877353,
                21.251823
              ],
              [
                102.877264,
                21.251829
              ],
              [
                102.877153,
                21.251878
              ],
              [
                102.877127,
                21.251911
              ],
              [
                102.877075,
                21.251977
              ],
              [
                102.877035,
                21.252095
              ],
              [
                102.877005,
                21.252231
              ],
              [
                102.876991,
                21.252368
              ],
              [
                102.876979,
                21.252483
              ],
              [
                102.876959,
                21.252604
              ],
              [
                102.87695,
                21.252636
              ],
              [
                102.876915,
                21.25265
              ],
              [
                102.876883,
                21.252655
              ],
              [
                102.87684,
                21.252654
              ],
              [
                102.87672,
                21.252714
              ],
              [
                102.876646,
                21.252813
              ],
              [
                102.876507,
                21.252916
              ],
              [
                102.876411,
                21.25295
              ],
              [
                102.876339,
                21.252946
              ],
              [
                102.876274,
                21.252898
              ],
              [
                102.876233,
                21.252822
              ],
              [
                102.876174,
                21.252707
              ],
              [
                102.876055,
                21.252498
              ],
              [
                102.875905,
                21.252291
              ],
              [
                102.875796,
                21.252143
              ],
              [
                102.875712,
                21.252103
              ],
              [
                102.875605,
                21.252108
              ],
              [
                102.875413,
                21.252203
              ],
              [
                102.875288,
                21.252327
              ],
              [
                102.8752,
                21.252394
              ],
              [
                102.87513,
                21.252436
              ],
              [
                102.875042,
                21.252442
              ],
              [
                102.874943,
                21.252412
              ],
              [
                102.874856,
                21.252393
              ],
              [
                102.874802,
                21.252385
              ],
              [
                102.874745,
                21.252381
              ],
              [
                102.874633,
                21.252415
              ],
              [
                102.874522,
                21.252482
              ],
              [
                102.874422,
                21.252527
              ],
              [
                102.874318,
                21.252537
              ],
              [
                102.874104,
                21.252534
              ],
              [
                102.873898,
                21.25251
              ],
              [
                102.873738,
                21.252501
              ],
              [
                102.873619,
                21.252524
              ],
              [
                102.873565,
                21.252567
              ],
              [
                102.87356,
                21.252645
              ],
              [
                102.873612,
                21.252703
              ],
              [
                102.873817,
                21.252803
              ],
              [
                102.873973,
                21.252887
              ],
              [
                102.874105,
                21.253011
              ],
              [
                102.874191,
                21.253134
              ],
              [
                102.874201,
                21.253241
              ],
              [
                102.874161,
                21.253345
              ],
              [
                102.874041,
                21.253479
              ],
              [
                102.873757,
                21.253551
              ],
              [
                102.873465,
                21.253633
              ],
              [
                102.873281,
                21.253674
              ],
              [
                102.873082,
                21.253675
              ],
              [
                102.872884,
                21.253665
              ],
              [
                102.872685,
                21.253634
              ],
              [
                102.872533,
                21.253554
              ],
              [
                102.872416,
                21.253448
              ],
              [
                102.872321,
                21.253404
              ],
              [
                102.872153,
                21.253387
              ],
              [
                102.871989,
                21.253393
              ],
              [
                102.871817,
                21.253387
              ],
              [
                102.871729,
                21.253371
              ],
              [
                102.871666,
                21.253259
              ],
              [
                102.871642,
                21.253062
              ],
              [
                102.871637,
                21.252883
              ],
              [
                102.87161,
                21.252754
              ],
              [
                102.871499,
                21.252644
              ],
              [
                102.871324,
                21.25256
              ],
              [
                102.871076,
                21.252532
              ],
              [
                102.870884,
                21.252565
              ],
              [
                102.870734,
                21.252671
              ],
              [
                102.870644,
                21.252806
              ],
              [
                102.870599,
                21.252977
              ],
              [
                102.870548,
                21.253131
              ],
              [
                102.870464,
                21.253327
              ],
              [
                102.87034,
                21.253454
              ],
              [
                102.87024,
                21.253489
              ],
              [
                102.870125,
                21.253516
              ],
              [
                102.870007,
                21.253522
              ],
              [
                102.869862,
                21.253495
              ],
              [
                102.869755,
                21.253479
              ],
              [
                102.869609,
                21.253506
              ],
              [
                102.869371,
                21.253585
              ],
              [
                102.869113,
                21.253743
              ],
              [
                102.868939,
                21.253863
              ],
              [
                102.868816,
                21.253897
              ],
              [
                102.868595,
                21.253884
              ],
              [
                102.868392,
                21.253903
              ],
              [
                102.868122,
                21.254053
              ],
              [
                102.867449,
                21.254299
              ],
              [
                102.86713,
                21.254457
              ],
              [
                102.867014,
                21.254552
              ],
              [
                102.867005,
                21.254576
              ],
              [
                102.867284,
                21.254603
              ],
              [
                102.867568,
                21.25464
              ],
              [
                102.868076,
                21.254823
              ],
              [
                102.868242,
                21.254925
              ],
              [
                102.868405,
                21.254975
              ],
              [
                102.868542,
                21.254972
              ],
              [
                102.868788,
                21.254928
              ],
              [
                102.869058,
                21.254912
              ],
              [
                102.869394,
                21.254959
              ],
              [
                102.869851,
                21.25507
              ],
              [
                102.870314,
                21.255133
              ],
              [
                102.870869,
                21.255222
              ],
              [
                102.871883,
                21.255557
              ],
              [
                102.872609,
                21.255793
              ],
              [
                102.873061,
                21.255894
              ],
              [
                102.873407,
                21.255956
              ],
              [
                102.873793,
                21.256057
              ],
              [
                102.874524,
                21.256295
              ],
              [
                102.874833,
                21.256423
              ],
              [
                102.87511,
                21.256637
              ],
              [
                102.875318,
                21.256726
              ],
              [
                102.875481,
                21.256742
              ],
              [
                102.875778,
                21.256631
              ],
              [
                102.875962,
                21.2566
              ],
              [
                102.876278,
                21.256614
              ],
              [
                102.876669,
                21.256666
              ],
              [
                102.876884,
                21.25669
              ],
              [
                102.878903,
                21.256841
              ],
              [
                102.879977,
                21.257502
              ],
              [
                102.880883,
                21.25754
              ],
              [
                102.881263,
                21.257668
              ],
              [
                102.881722,
                21.258459
              ],
              [
                102.881731,
                21.258959
              ],
              [
                102.881846,
                21.25971
              ],
              [
                102.882023,
                21.259841
              ],
              [
                102.882187,
                21.259891
              ],
              [
                102.882746,
                21.260043
              ],
              [
                102.883015,
                21.260117
              ],
              [
                102.883208,
                21.260183
              ],
              [
                102.883281,
                21.260244
              ],
              [
                102.883323,
                21.260335
              ],
              [
                102.883422,
                21.260525
              ],
              [
                102.883534,
                21.260577
              ],
              [
                102.883702,
                21.260562
              ],
              [
                102.883978,
                21.260522
              ],
              [
                102.884331,
                21.260474
              ],
              [
                102.884549,
                21.260461
              ],
              [
                102.88468,
                21.260455
              ],
              [
                102.884759,
                21.260463
              ],
              [
                102.884939,
                21.260525
              ],
              [
                102.885291,
                21.260673
              ],
              [
                102.885615,
                21.260885
              ],
              [
                102.885902,
                21.261077
              ],
              [
                102.886039,
                21.261134
              ],
              [
                102.886164,
                21.261145
              ],
              [
                102.88631,
                21.261104
              ],
              [
                102.886501,
                21.261073
              ],
              [
                102.886805,
                21.261065
              ],
              [
                102.887081,
                21.26103
              ],
              [
                102.887369,
                21.260981
              ],
              [
                102.887589,
                21.260931
              ],
              [
                102.887673,
                21.260937
              ],
              [
                102.887866,
                21.261001
              ],
              [
                102.888525,
                21.261164
              ],
              [
                102.888632,
                21.261188
              ],
              [
                102.890868,
                21.261815
              ],
              [
                102.891318,
                21.262358
              ],
              [
                102.891483,
                21.262467
              ],
              [
                102.891772,
                21.262566
              ],
              [
                102.891835,
                21.262571
              ],
              [
                102.892078,
                21.262564
              ],
              [
                102.8935,
                21.261843
              ],
              [
                102.893646,
                21.261825
              ],
              [
                102.893862,
                21.261825
              ],
              [
                102.894014,
                21.26184
              ],
              [
                102.894041,
                21.261835
              ],
              [
                102.894249,
                21.261866
              ],
              [
                102.894528,
                21.261965
              ],
              [
                102.895001,
                21.262043
              ],
              [
                102.895386,
                21.262129
              ],
              [
                102.895828,
                21.26227
              ],
              [
                102.896188,
                21.262469
              ],
              [
                102.896458,
                21.262534
              ],
              [
                102.896894,
                21.262683
              ],
              [
                102.897281,
                21.262731
              ],
              [
                102.897587,
                21.262692
              ],
              [
                102.898465,
                21.262631
              ],
              [
                102.898843,
                21.26255
              ],
              [
                102.899064,
                21.262414
              ],
              [
                102.899254,
                21.262344
              ],
              [
                102.899521,
                21.262228
              ],
              [
                102.899864,
                21.262075
              ],
              [
                102.900023,
                21.262039
              ],
              [
                102.900228,
                21.261984
              ],
              [
                102.90031,
                21.261947
              ],
              [
                102.900367,
                21.261861
              ],
              [
                102.900389,
                21.261742
              ],
              [
                102.900351,
                21.261565
              ],
              [
                102.900337,
                21.261459
              ],
              [
                102.900741,
                21.26135
              ],
              [
                102.901333,
                21.261362
              ],
              [
                102.901734,
                21.261472
              ],
              [
                102.902341,
                21.26179
              ],
              [
                102.902766,
                21.262034
              ],
              [
                102.902987,
                21.262271
              ],
              [
                102.903348,
                21.262701
              ],
              [
                102.903828,
                21.263257
              ],
              [
                102.904017,
                21.263491
              ],
              [
                102.904226,
                21.263687
              ],
              [
                102.904438,
                21.263843
              ],
              [
                102.904699,
                21.264094
              ],
              [
                102.904857,
                21.264324
              ],
              [
                102.90509,
                21.264974
              ],
              [
                102.905304,
                21.265359
              ],
              [
                102.905477,
                21.265681
              ],
              [
                102.905627,
                21.265888
              ],
              [
                102.905928,
                21.266231
              ],
              [
                102.906295,
                21.266594
              ],
              [
                102.906462,
                21.266692
              ],
              [
                102.906655,
                21.266752
              ],
              [
                102.906828,
                21.266816
              ],
              [
                102.906959,
                21.266894
              ],
              [
                102.90713,
                21.267078
              ],
              [
                102.907279,
                21.267328
              ],
              [
                102.907296,
                21.267572
              ],
              [
                102.907317,
                21.267917
              ],
              [
                102.907289,
                21.268093
              ],
              [
                102.907144,
                21.268432
              ],
              [
                102.90688,
                21.269096
              ],
              [
                102.906688,
                21.269467
              ],
              [
                102.906497,
                21.269655
              ],
              [
                102.906403,
                21.269783
              ],
              [
                102.906371,
                21.269888
              ],
              [
                102.906354,
                21.270003
              ],
              [
                102.906374,
                21.270079
              ],
              [
                102.906514,
                21.270282
              ],
              [
                102.906572,
                21.270445
              ],
              [
                102.906616,
                21.270641
              ],
              [
                102.906581,
                21.270894
              ],
              [
                102.906558,
                21.270957
              ],
              [
                102.906336,
                21.271216
              ],
              [
                102.906256,
                21.271533
              ],
              [
                102.906165,
                21.272198
              ],
              [
                102.905979,
                21.27246
              ],
              [
                102.905567,
                21.272774
              ],
              [
                102.905109,
                21.273277
              ],
              [
                102.904978,
                21.273515
              ],
              [
                102.904819,
                21.273901
              ],
              [
                102.904789,
                21.274078
              ],
              [
                102.904713,
                21.274548
              ],
              [
                102.904772,
                21.275114
              ],
              [
                102.905085,
                21.275694
              ],
              [
                102.905266,
                21.276177
              ],
              [
                102.905552,
                21.276726
              ],
              [
                102.905725,
                21.277036
              ],
              [
                102.905801,
                21.277139
              ],
              [
                102.905875,
                21.277214
              ],
              [
                102.905929,
                21.277227
              ],
              [
                102.906082,
                21.277226
              ],
              [
                102.906286,
                21.277202
              ],
              [
                102.906385,
                21.277209
              ],
              [
                102.90648,
                21.277246
              ],
              [
                102.906575,
                21.277316
              ],
              [
                102.906685,
                21.277437
              ],
              [
                102.906918,
                21.277729
              ],
              [
                102.907122,
                21.277791
              ],
              [
                102.907265,
                21.277841
              ],
              [
                102.907335,
                21.277861
              ],
              [
                102.907404,
                21.277855
              ],
              [
                102.907515,
                21.277833
              ],
              [
                102.907707,
                21.277793
              ],
              [
                102.907916,
                21.277746
              ],
              [
                102.908075,
                21.277729
              ],
              [
                102.908167,
                21.277743
              ],
              [
                102.908282,
                21.277815
              ],
              [
                102.908462,
                21.277957
              ],
              [
                102.908558,
                21.278031
              ],
              [
                102.908618,
                21.278075
              ],
              [
                102.90871,
                21.278132
              ],
              [
                102.908938,
                21.278183
              ],
              [
                102.909176,
                21.278214
              ],
              [
                102.909461,
                21.27823
              ],
              [
                102.909535,
                21.278244
              ],
              [
                102.909629,
                21.278312
              ],
              [
                102.909702,
                21.278377
              ],
              [
                102.90976,
                21.278426
              ],
              [
                102.909784,
                21.278465
              ],
              [
                102.909779,
                21.27854
              ],
              [
                102.909752,
                21.278625
              ],
              [
                102.909787,
                21.278811
              ],
              [
                102.90982,
                21.278983
              ],
              [
                102.909822,
                21.279072
              ],
              [
                102.909756,
                21.279434
              ],
              [
                102.909723,
                21.27961
              ],
              [
                102.909677,
                21.27966
              ],
              [
                102.908975,
                21.280418
              ],
              [
                102.908946,
                21.280901
              ],
              [
                102.908836,
                21.281318
              ],
              [
                102.908708,
                21.281714
              ],
              [
                102.908531,
                21.282148
              ],
              [
                102.90843,
                21.282427
              ],
              [
                102.908381,
                21.282667
              ],
              [
                102.908268,
                21.282843
              ],
              [
                102.908486,
                21.282927
              ],
              [
                102.90891,
                21.283064
              ],
              [
                102.909536,
                21.283256
              ],
              [
                102.909843,
                21.283319
              ],
              [
                102.910317,
                21.283411
              ],
              [
                102.910546,
                21.283456
              ],
              [
                102.910882,
                21.283464
              ],
              [
                102.911059,
                21.283306
              ],
              [
                102.911315,
                21.283209
              ],
              [
                102.911534,
                21.283129
              ],
              [
                102.91188,
                21.282977
              ],
              [
                102.912419,
                21.282726
              ],
              [
                102.912562,
                21.28268
              ],
              [
                102.912659,
                21.282684
              ],
              [
                102.912765,
                21.28274
              ],
              [
                102.91296,
                21.282867
              ],
              [
                102.913106,
                21.282973
              ],
              [
                102.913236,
                21.283001
              ],
              [
                102.913715,
                21.282997
              ],
              [
                102.915941,
                21.283
              ],
              [
                102.916717,
                21.283036
              ],
              [
                102.91726,
                21.282918
              ],
              [
                102.917715,
                21.282801
              ],
              [
                102.918297,
                21.282586
              ],
              [
                102.918502,
                21.282488
              ],
              [
                102.918716,
                21.282343
              ],
              [
                102.919179,
                21.282119
              ],
              [
                102.919537,
                21.28195
              ],
              [
                102.919963,
                21.281825
              ],
              [
                102.92022,
                21.281766
              ],
              [
                102.920402,
                21.28175
              ],
              [
                102.920559,
                21.281783
              ],
              [
                102.920861,
                21.281949
              ],
              [
                102.92096,
                21.281987
              ],
              [
                102.921273,
                21.282001
              ],
              [
                102.921686,
                21.281995
              ],
              [
                102.921994,
                21.281969
              ],
              [
                102.922221,
                21.281949
              ],
              [
                102.922439,
                21.281896
              ],
              [
                102.922779,
                21.281693
              ],
              [
                102.922979,
                21.281569
              ],
              [
                102.923149,
                21.281484
              ],
              [
                102.923292,
                21.281452
              ],
              [
                102.923724,
                21.281518
              ],
              [
                102.9239,
                21.281518
              ],
              [
                102.924065,
                21.281466
              ],
              [
                102.924201,
                21.281375
              ],
              [
                102.924316,
                21.281355
              ],
              [
                102.924384,
                21.281377
              ],
              [
                102.92465,
                21.281524
              ],
              [
                102.924831,
                21.281673
              ],
              [
                102.92506,
                21.281962
              ],
              [
                102.925298,
                21.282188
              ],
              [
                102.925548,
                21.282434
              ],
              [
                102.925719,
                21.282626
              ],
              [
                102.925937,
                21.282886
              ],
              [
                102.926137,
                21.283008
              ],
              [
                102.926358,
                21.283129
              ],
              [
                102.926479,
                21.283219
              ],
              [
                102.926723,
                21.283483
              ],
              [
                102.926968,
                21.283697
              ],
              [
                102.927382,
                21.284057
              ],
              [
                102.927611,
                21.283994
              ],
              [
                102.92779,
                21.283942
              ],
              [
                102.928212,
                21.283818
              ],
              [
                102.928479,
                21.283692
              ],
              [
                102.928801,
                21.283617
              ],
              [
                102.929065,
                21.283549
              ],
              [
                102.929315,
                21.283513
              ],
              [
                102.92942,
                21.283498
              ],
              [
                102.929724,
                21.283418
              ],
              [
                102.92992,
                21.28343
              ],
              [
                102.930146,
                21.283495
              ],
              [
                102.930261,
                21.283563
              ],
              [
                102.930808,
                21.283917
              ],
              [
                102.931278,
                21.283983
              ],
              [
                102.931411,
                21.283984
              ],
              [
                102.931718,
                21.283985
              ],
              [
                102.932168,
                21.284022
              ],
              [
                102.932607,
                21.284118
              ],
              [
                102.932873,
                21.284176
              ],
              [
                102.933252,
                21.284217
              ],
              [
                102.93377,
                21.284335
              ],
              [
                102.93433,
                21.284481
              ],
              [
                102.93463,
                21.284556
              ],
              [
                102.93482,
                21.284649
              ],
              [
                102.935308,
                21.284977
              ],
              [
                102.935615,
                21.285191
              ],
              [
                102.935829,
                21.285309
              ],
              [
                102.936063,
                21.285403
              ],
              [
                102.936274,
                21.285441
              ],
              [
                102.936524,
                21.285397
              ],
              [
                102.936714,
                21.285337
              ],
              [
                102.936918,
                21.285289
              ],
              [
                102.937197,
                21.285238
              ],
              [
                102.937284,
                21.285217
              ],
              [
                102.937597,
                21.285252
              ],
              [
                102.937754,
                21.285284
              ],
              [
                102.937915,
                21.285299
              ],
              [
                102.938012,
                21.285274
              ],
              [
                102.938092,
                21.285191
              ],
              [
                102.938235,
                21.28504
              ],
              [
                102.938387,
                21.284899
              ],
              [
                102.938462,
                21.284842
              ],
              [
                102.938613,
                21.284801
              ],
              [
                102.938751,
                21.28476
              ],
              [
                102.938927,
                21.284733
              ],
              [
                102.93905,
                21.284704
              ],
              [
                102.939247,
                21.284632
              ],
              [
                102.939476,
                21.284506
              ],
              [
                102.939927,
                21.28417
              ],
              [
                102.940004,
                21.28411
              ],
              [
                102.940303,
                21.283923
              ],
              [
                102.940475,
                21.283813
              ],
              [
                102.940803,
                21.283695
              ],
              [
                102.941139,
                21.283539
              ],
              [
                102.941285,
                21.283515
              ],
              [
                102.94145,
                21.283522
              ],
              [
                102.941707,
                21.283572
              ],
              [
                102.941931,
                21.283594
              ],
              [
                102.942175,
                21.283636
              ],
              [
                102.94229,
                21.283632
              ],
              [
                102.942428,
                21.283593
              ],
              [
                102.942615,
                21.283555
              ],
              [
                102.942876,
                21.283515
              ],
              [
                102.943017,
                21.283452
              ],
              [
                102.943209,
                21.283342
              ],
              [
                102.943513,
                21.283148
              ],
              [
                102.943771,
                21.2829
              ],
              [
                102.943916,
                21.282792
              ],
              [
                102.944016,
                21.282745
              ],
              [
                102.944113,
                21.282711
              ],
              [
                102.944287,
                21.282686
              ],
              [
                102.944381,
                21.282674
              ],
              [
                102.944616,
                21.282626
              ],
              [
                102.94489,
                21.282518
              ],
              [
                102.945196,
                21.282419
              ],
              [
                102.945499,
                21.282572
              ],
              [
                102.945683,
                21.282723
              ],
              [
                102.945758,
                21.282843
              ],
              [
                102.945766,
                21.282984
              ],
              [
                102.945747,
                21.283271
              ],
              [
                102.945639,
                21.283542
              ],
              [
                102.945561,
                21.283674
              ],
              [
                102.9455,
                21.28381
              ],
              [
                102.945392,
                21.284234
              ],
              [
                102.945375,
                21.284401
              ],
              [
                102.945398,
                21.284571
              ],
              [
                102.945478,
                21.28482
              ],
              [
                102.945533,
                21.284919
              ],
              [
                102.945574,
                21.285181
              ],
              [
                102.945597,
                21.285475
              ],
              [
                102.945619,
                21.285759
              ],
              [
                102.94567,
                21.286015
              ],
              [
                102.945678,
                21.286061
              ],
              [
                102.945687,
                21.2861
              ],
              [
                102.945825,
                21.286543
              ],
              [
                102.945878,
                21.286689
              ],
              [
                102.945959,
                21.286909
              ],
              [
                102.946222,
                21.287724
              ],
              [
                102.946425,
                21.288306
              ],
              [
                102.947166,
                21.288173
              ],
              [
                102.948638,
                21.288185
              ],
              [
                102.949888,
                21.28823
              ],
              [
                102.950638,
                21.288189
              ],
              [
                102.951445,
                21.288042
              ],
              [
                102.952489,
                21.287727
              ],
              [
                102.953478,
                21.287244
              ],
              [
                102.954177,
                21.286746
              ],
              [
                102.954722,
                21.286456
              ],
              [
                102.955189,
                21.286278
              ],
              [
                102.95557,
                21.28618
              ],
              [
                102.956268,
                21.286107
              ],
              [
                102.957084,
                21.286016
              ],
              [
                102.957915,
                21.285862
              ],
              [
                102.958346,
                21.285775
              ],
              [
                102.958521,
                21.285711
              ],
              [
                102.958683,
                21.285634
              ],
              [
                102.959144,
                21.285282
              ],
              [
                102.959563,
                21.284959
              ],
              [
                102.96,
                21.284677
              ],
              [
                102.960353,
                21.284484
              ],
              [
                102.960744,
                21.284342
              ],
              [
                102.961001,
                21.284276
              ],
              [
                102.961366,
                21.284233
              ],
              [
                102.961742,
                21.284226
              ],
              [
                102.962126,
                21.284275
              ],
              [
                102.962459,
                21.284315
              ],
              [
                102.962943,
                21.284366
              ],
              [
                102.963705,
                21.284619
              ],
              [
                102.964177,
                21.284796
              ],
              [
                102.964648,
                21.285003
              ],
              [
                102.96509,
                21.285137
              ],
              [
                102.965426,
                21.285184
              ],
              [
                102.965839,
                21.285175
              ],
              [
                102.966682,
                21.285042
              ],
              [
                102.967727,
                21.284682
              ],
              [
                102.967831,
                21.284605
              ],
              [
                102.968171,
                21.284357
              ],
              [
                102.968394,
                21.284039
              ],
              [
                102.968629,
                21.283617
              ],
              [
                102.968717,
                21.282738
              ],
              [
                102.968729,
                21.282302
              ],
              [
                102.9686,
                21.281945
              ],
              [
                102.968137,
                21.281152
              ],
              [
                102.967646,
                21.280226
              ],
              [
                102.967392,
                21.279548
              ],
              [
                102.967502,
                21.279186
              ],
              [
                102.967754,
                21.279006
              ],
              [
                102.968104,
                21.278985
              ],
              [
                102.968591,
                21.279061
              ],
              [
                102.969036,
                21.27932
              ],
              [
                102.96965,
                21.279735
              ],
              [
                102.97018,
                21.280156
              ],
              [
                102.970376,
                21.28029
              ],
              [
                102.971017,
                21.280679
              ],
              [
                102.97126,
                21.280787
              ],
              [
                102.971534,
                21.280867
              ],
              [
                102.971952,
                21.28092
              ],
              [
                102.972857,
                21.280998
              ],
              [
                102.973527,
                21.281015
              ],
              [
                102.97455,
                21.281042
              ],
              [
                102.975055,
                21.281033
              ],
              [
                102.976174,
                21.280885
              ],
              [
                102.976706,
                21.280738
              ],
              [
                102.977179,
                21.280514
              ],
              [
                102.978145,
                21.279933
              ],
              [
                102.978287,
                21.279796
              ],
              [
                102.978521,
                21.279551
              ],
              [
                102.978584,
                21.279184
              ],
              [
                102.978506,
                21.278867
              ],
              [
                102.978188,
                21.278248
              ],
              [
                102.977834,
                21.277738
              ],
              [
                102.977729,
                21.277519
              ],
              [
                102.977669,
                21.277318
              ],
              [
                102.977815,
                21.276629
              ],
              [
                102.977963,
                21.276274
              ],
              [
                102.978079,
                21.276035
              ],
              [
                102.978323,
                21.275747
              ],
              [
                102.978523,
                21.275557
              ],
              [
                102.978715,
                21.275407
              ],
              [
                102.978876,
                21.27531
              ],
              [
                102.979234,
                21.275285
              ],
              [
                102.979691,
                21.275447
              ],
              [
                102.980001,
                21.275586
              ],
              [
                102.980616,
                21.275975
              ],
              [
                102.981051,
                21.276227
              ],
              [
                102.981647,
                21.276551
              ],
              [
                102.98194,
                21.276678
              ],
              [
                102.982149,
                21.276728
              ],
              [
                102.982304,
                21.276734
              ],
              [
                102.982534,
                21.276693
              ],
              [
                102.982876,
                21.276609
              ],
              [
                102.983436,
                21.276522
              ],
              [
                102.983957,
                21.276408
              ],
              [
                102.98451,
                21.276233
              ],
              [
                102.984837,
                21.276156
              ],
              [
                102.985043,
                21.276148
              ],
              [
                102.985279,
                21.276176
              ],
              [
                102.9857,
                21.276269
              ],
              [
                102.986562,
                21.276523
              ],
              [
                102.987481,
                21.276821
              ],
              [
                102.98909,
                21.277225
              ],
              [
                102.990432,
                21.277511
              ],
              [
                102.991555,
                21.277826
              ],
              [
                102.992086,
                21.277884
              ],
              [
                102.992454,
                21.277873
              ],
              [
                102.992695,
                21.277887
              ],
              [
                102.992934,
                21.277941
              ],
              [
                102.993309,
                21.27808
              ],
              [
                102.99364,
                21.278233
              ],
              [
                102.994067,
                21.2785
              ],
              [
                102.994636,
                21.278896
              ],
              [
                102.99527,
                21.279304
              ],
              [
                102.99587,
                21.279675
              ],
              [
                102.996266,
                21.279905
              ],
              [
                102.996439,
                21.280027
              ],
              [
                102.996597,
                21.280149
              ],
              [
                102.996735,
                21.280451
              ],
              [
                102.996953,
                21.281019
              ],
              [
                102.99696,
                21.281069
              ],
              [
                102.997182,
                21.281607
              ],
              [
                102.997895,
                21.282416
              ],
              [
                102.998621,
                21.283055
              ],
              [
                102.998746,
                21.283149
              ],
              [
                102.999029,
                21.283371
              ],
              [
                102.99909,
                21.283459
              ],
              [
                102.999115,
                21.283491
              ],
              [
                102.999465,
                21.284013
              ],
              [
                102.999517,
                21.284218
              ],
              [
                102.999682,
                21.284612
              ],
              [
                102.999803,
                21.284836
              ],
              [
                102.999948,
                21.285005
              ],
              [
                103.000132,
                21.285171
              ],
              [
                103.000789,
                21.28564
              ],
              [
                103.001182,
                21.285852
              ],
              [
                103.001506,
                21.285995
              ],
              [
                103.001885,
                21.286101
              ],
              [
                103.002358,
                21.286301
              ],
              [
                103.002389,
                21.286314
              ],
              [
                103.002421,
                21.286328
              ],
              [
                103.002447,
                21.286339
              ],
              [
                103.002465,
                21.286347
              ],
              [
                103.002513,
                21.286368
              ],
              [
                103.00263,
                21.286419
              ],
              [
                103.002771,
                21.286481
              ],
              [
                103.002791,
                21.28649
              ],
              [
                103.002928,
                21.286554
              ],
              [
                103.003019,
                21.286604
              ],
              [
                103.003089,
                21.286648
              ],
              [
                103.003153,
                21.28669
              ],
              [
                103.003208,
                21.286731
              ],
              [
                103.003252,
                21.286774
              ],
              [
                103.003293,
                21.286821
              ],
              [
                103.003329,
                21.286867
              ],
              [
                103.003365,
                21.286917
              ],
              [
                103.003403,
                21.286973
              ],
              [
                103.003418,
                21.286999
              ],
              [
                103.003434,
                21.287026
              ],
              [
                103.003456,
                21.287078
              ],
              [
                103.00346,
                21.28709
              ],
              [
                103.003474,
                21.287143
              ],
              [
                103.003488,
                21.287231
              ],
              [
                103.003499,
                21.287334
              ],
              [
                103.003507,
                21.287439
              ],
              [
                103.00351,
                21.287524
              ],
              [
                103.003511,
                21.28753
              ],
              [
                103.00351,
                21.287593
              ],
              [
                103.003509,
                21.287636
              ],
              [
                103.003506,
                21.287676
              ],
              [
                103.0035,
                21.287723
              ],
              [
                103.003487,
                21.28778
              ],
              [
                103.00347,
                21.287841
              ],
              [
                103.003452,
                21.287904
              ],
              [
                103.003433,
                21.287969
              ],
              [
                103.003413,
                21.288031
              ],
              [
                103.003391,
                21.288092
              ],
              [
                103.003368,
                21.288152
              ],
              [
                103.00334,
                21.288216
              ],
              [
                103.003305,
                21.288281
              ],
              [
                103.003266,
                21.288343
              ],
              [
                103.003226,
                21.288404
              ],
              [
                103.003184,
                21.288462
              ],
              [
                103.003139,
                21.288514
              ],
              [
                103.003124,
                21.288531
              ],
              [
                103.003092,
                21.288566
              ],
              [
                103.003045,
                21.288616
              ],
              [
                103.002995,
                21.288666
              ],
              [
                103.002958,
                21.2887
              ],
              [
                103.00294,
                21.288717
              ],
              [
                103.00288,
                21.288769
              ],
              [
                103.00282,
                21.288821
              ],
              [
                103.002762,
                21.288866
              ],
              [
                103.002712,
                21.2889
              ],
              [
                103.002667,
                21.288926
              ],
              [
                103.002641,
                21.288941
              ],
              [
                103.002623,
                21.288951
              ],
              [
                103.002612,
                21.288957
              ],
              [
                103.002577,
                21.288974
              ],
              [
                103.00253,
                21.288993
              ],
              [
                103.002481,
                21.289011
              ],
              [
                103.002433,
                21.289027
              ],
              [
                103.002385,
                21.289044
              ],
              [
                103.00234,
                21.289061
              ],
              [
                103.002297,
                21.289076
              ],
              [
                103.001885,
                21.289257
              ],
              [
                103.00168,
                21.289385
              ],
              [
                103.001272,
                21.289713
              ],
              [
                103.001131,
                21.289861
              ],
              [
                103.001074,
                21.289991
              ],
              [
                103.001023,
                21.29016
              ],
              [
                103.00102,
                21.290336
              ],
              [
                103.001051,
                21.29061
              ],
              [
                103.001155,
                21.291165
              ],
              [
                103.001292,
                21.291634
              ],
              [
                103.001313,
                21.291776
              ],
              [
                103.001287,
                21.292501
              ],
              [
                103.001149,
                21.292834
              ],
              [
                103.000971,
                21.293116
              ],
              [
                103.00042,
                21.293831
              ],
              [
                103.000133,
                21.294122
              ],
              [
                103,
                21.294328
              ],
              [
                102.999967,
                21.294507
              ],
              [
                103.000079,
                21.29468
              ],
              [
                103.000521,
                21.294815
              ],
              [
                103.001666,
                21.29501
              ],
              [
                103.001777,
                21.295028
              ],
              [
                103.001885,
                21.295042
              ],
              [
                103.001991,
                21.295058
              ],
              [
                103.00238,
                21.295127
              ],
              [
                103.002443,
                21.295138
              ],
              [
                103.002596,
                21.295189
              ],
              [
                103.002907,
                21.295292
              ],
              [
                103.002912,
                21.295293
              ],
              [
                103.003024,
                21.295352
              ],
              [
                103.003227,
                21.295325
              ],
              [
                103.003472,
                21.295293
              ],
              [
                103.003642,
                21.295212
              ],
              [
                103.003709,
                21.295107
              ],
              [
                103.00379,
                21.294982
              ],
              [
                103.003803,
                21.294962
              ],
              [
                103.003806,
                21.294957
              ],
              [
                103.003919,
                21.294904
              ],
              [
                103.004036,
                21.29488
              ],
              [
                103.004433,
                21.29506
              ],
              [
                103.004932,
                21.295222
              ],
              [
                103.005009,
                21.295231
              ],
              [
                103.0051,
                21.29524
              ],
              [
                103.005308,
                21.295361
              ],
              [
                103.005511,
                21.295454
              ],
              [
                103.005642,
                21.295451
              ],
              [
                103.006078,
                21.295448
              ],
              [
                103.006169,
                21.295455
              ],
              [
                103.006189,
                21.295582
              ],
              [
                103.006249,
                21.295967
              ],
              [
                103.0063,
                21.296382
              ],
              [
                103.006337,
                21.296538
              ],
              [
                103.006365,
                21.296694
              ],
              [
                103.006364,
                21.29679
              ],
              [
                103.006363,
                21.296841
              ],
              [
                103.006357,
                21.296988
              ],
              [
                103.006418,
                21.297393
              ],
              [
                103.006425,
                21.29744
              ],
              [
                103.006465,
                21.297649
              ],
              [
                103.006524,
                21.297826
              ],
              [
                103.006599,
                21.298051
              ],
              [
                103.006645,
                21.298231
              ],
              [
                103.006755,
                21.298317
              ],
              [
                103.006871,
                21.298445
              ],
              [
                103.006887,
                21.298555
              ],
              [
                103.006955,
                21.298699
              ],
              [
                103.007054,
                21.298762
              ],
              [
                103.007114,
                21.298775
              ],
              [
                103.00721,
                21.298796
              ],
              [
                103.007386,
                21.298792
              ],
              [
                103.007537,
                21.298788
              ],
              [
                103.007646,
                21.298797
              ],
              [
                103.007798,
                21.298873
              ],
              [
                103.007973,
                21.299124
              ],
              [
                103.007986,
                21.299135
              ],
              [
                103.008046,
                21.299186
              ],
              [
                103.008133,
                21.299179
              ],
              [
                103.008255,
                21.29918
              ],
              [
                103.00834,
                21.299201
              ],
              [
                103.008523,
                21.299244
              ],
              [
                103.008551,
                21.299256
              ],
              [
                103.008592,
                21.29928
              ],
              [
                103.008672,
                21.299361
              ],
              [
                103.008718,
                21.299397
              ],
              [
                103.008751,
                21.299408
              ],
              [
                103.008797,
                21.299409
              ],
              [
                103.008884,
                21.299373
              ],
              [
                103.008934,
                21.299365
              ],
              [
                103.008964,
                21.299368
              ],
              [
                103.009,
                21.299384
              ],
              [
                103.009022,
                21.299415
              ],
              [
                103.0091,
                21.299517
              ],
              [
                103.00914,
                21.299576
              ],
              [
                103.009265,
                21.299679
              ],
              [
                103.00944,
                21.299811
              ],
              [
                103.009503,
                21.299851
              ],
              [
                103.009564,
                21.299867
              ],
              [
                103.009569,
                21.299867
              ],
              [
                103.009659,
                21.299911
              ],
              [
                103.009825,
                21.299901
              ],
              [
                103.009912,
                21.299905
              ],
              [
                103.009923,
                21.29993
              ],
              [
                103.009929,
                21.299972
              ],
              [
                103.009917,
                21.300009
              ],
              [
                103.009895,
                21.300033
              ],
              [
                103.009792,
                21.300089
              ],
              [
                103.009758,
                21.300123
              ],
              [
                103.009748,
                21.300165
              ],
              [
                103.009747,
                21.300199
              ],
              [
                103.009764,
                21.300258
              ],
              [
                103.009783,
                21.300289
              ],
              [
                103.009822,
                21.30032
              ],
              [
                103.009908,
                21.300372
              ],
              [
                103.009984,
                21.300418
              ],
              [
                103.010047,
                21.300463
              ],
              [
                103.010085,
                21.300504
              ],
              [
                103.010139,
                21.300572
              ],
              [
                103.010217,
                21.30064
              ],
              [
                103.010371,
                21.300748
              ],
              [
                103.010481,
                21.300816
              ],
              [
                103.010534,
                21.300851
              ],
              [
                103.010588,
                21.300865
              ],
              [
                103.010685,
                21.300868
              ],
              [
                103.010759,
                21.300871
              ],
              [
                103.010976,
                21.300865
              ],
              [
                103.011037,
                21.300874
              ],
              [
                103.011088,
                21.300891
              ],
              [
                103.01112,
                21.300898
              ],
              [
                103.011286,
                21.300873
              ],
              [
                103.011339,
                21.300878
              ],
              [
                103.011371,
                21.300882
              ],
              [
                103.011408,
                21.30089
              ],
              [
                103.011449,
                21.300906
              ],
              [
                103.011475,
                21.300925
              ],
              [
                103.011514,
                21.300957
              ],
              [
                103.011544,
                21.301004
              ],
              [
                103.011578,
                21.301058
              ],
              [
                103.011602,
                21.301085
              ],
              [
                103.011656,
                21.301121
              ],
              [
                103.011708,
                21.301158
              ],
              [
                103.011802,
                21.3012
              ],
              [
                103.01183,
                21.301214
              ],
              [
                103.011842,
                21.301232
              ],
              [
                103.01184,
                21.301266
              ],
              [
                103.011843,
                21.301291
              ],
              [
                103.011858,
                21.301309
              ],
              [
                103.011899,
                21.301331
              ],
              [
                103.012096,
                21.301388
              ],
              [
                103.012212,
                21.301415
              ],
              [
                103.012249,
                21.301416
              ],
              [
                103.01229,
                21.301407
              ],
              [
                103.012324,
                21.301405
              ],
              [
                103.01235,
                21.301414
              ],
              [
                103.012371,
                21.301429
              ],
              [
                103.012383,
                21.30145
              ],
              [
                103.012406,
                21.30147
              ],
              [
                103.012444,
                21.301484
              ],
              [
                103.012477,
                21.301487
              ],
              [
                103.012504,
                21.301466
              ],
              [
                103.012535,
                21.301397
              ],
              [
                103.01255,
                21.301365
              ],
              [
                103.012571,
                21.301347
              ],
              [
                103.012602,
                21.301349
              ],
              [
                103.012638,
                21.30136
              ],
              [
                103.012687,
                21.301379
              ],
              [
                103.012764,
                21.301426
              ],
              [
                103.012858,
                21.301462
              ],
              [
                103.012963,
                21.301487
              ],
              [
                103.013159,
                21.301519
              ],
              [
                103.013582,
                21.301541
              ],
              [
                103.013652,
                21.301537
              ],
              [
                103.013698,
                21.301534
              ],
              [
                103.013753,
                21.301537
              ],
              [
                103.013846,
                21.301556
              ],
              [
                103.013924,
                21.301581
              ],
              [
                103.01407,
                21.30163
              ],
              [
                103.014117,
                21.301656
              ],
              [
                103.014159,
                21.301697
              ],
              [
                103.014218,
                21.301724
              ],
              [
                103.014311,
                21.301744
              ],
              [
                103.01457,
                21.301753
              ],
              [
                103.014821,
                21.301783
              ],
              [
                103.014955,
                21.301797
              ],
              [
                103.015061,
                21.301828
              ],
              [
                103.015212,
                21.30186
              ],
              [
                103.015262,
                21.301862
              ],
              [
                103.015331,
                21.301846
              ],
              [
                103.015689,
                21.301671
              ],
              [
                103.015783,
                21.301658
              ],
              [
                103.016055,
                21.301526
              ],
              [
                103.016247,
                21.301451
              ],
              [
                103.016535,
                21.301466
              ],
              [
                103.01677,
                21.301489
              ],
              [
                103.017218,
                21.301494
              ],
              [
                103.017373,
                21.301496
              ],
              [
                103.017755,
                21.301586
              ],
              [
                103.017998,
                21.301675
              ],
              [
                103.01802,
                21.301694
              ],
              [
                103.018125,
                21.301655
              ],
              [
                103.018144,
                21.301651
              ],
              [
                103.018173,
                21.301658
              ],
              [
                103.018209,
                21.301678
              ],
              [
                103.018243,
                21.301706
              ],
              [
                103.018264,
                21.301736
              ],
              [
                103.01828,
                21.301764
              ],
              [
                103.018295,
                21.301784
              ],
              [
                103.018321,
                21.301797
              ],
              [
                103.018364,
                21.301797
              ],
              [
                103.018423,
                21.30178
              ],
              [
                103.018445,
                21.301765
              ],
              [
                103.018455,
                21.301737
              ],
              [
                103.018454,
                21.30158
              ],
              [
                103.018115,
                21.301412
              ],
              [
                103.018452,
                21.300767
              ],
              [
                103.01857,
                21.300559
              ],
              [
                103.018779,
                21.300174
              ],
              [
                103.018891,
                21.299922
              ],
              [
                103.019033,
                21.299669
              ],
              [
                103.019109,
                21.299488
              ],
              [
                103.019119,
                21.299435
              ],
              [
                103.019111,
                21.29939
              ],
              [
                103.019085,
                21.299356
              ],
              [
                103.019013,
                21.299284
              ],
              [
                103.019007,
                21.299233
              ],
              [
                103.019008,
                21.299173
              ],
              [
                103.019031,
                21.299147
              ],
              [
                103.019098,
                21.299127
              ],
              [
                103.019124,
                21.299073
              ],
              [
                103.019116,
                21.29901
              ],
              [
                103.019094,
                21.298971
              ],
              [
                103.019028,
                21.298917
              ],
              [
                103.01887,
                21.29878
              ],
              [
                103.018692,
                21.298671
              ],
              [
                103.01874,
                21.298591
              ],
              [
                103.018954,
                21.29872
              ],
              [
                103.019064,
                21.298789
              ],
              [
                103.019207,
                21.298826
              ],
              [
                103.019366,
                21.298858
              ],
              [
                103.019458,
                21.298898
              ],
              [
                103.019613,
                21.29901
              ],
              [
                103.019692,
                21.299032
              ],
              [
                103.019842,
                21.299058
              ],
              [
                103.020163,
                21.29913
              ],
              [
                103.020309,
                21.29918
              ],
              [
                103.020413,
                21.299235
              ],
              [
                103.020483,
                21.299259
              ],
              [
                103.020553,
                21.299269
              ],
              [
                103.020757,
                21.299218
              ],
              [
                103.020985,
                21.299161
              ],
              [
                103.021077,
                21.299153
              ],
              [
                103.02115,
                21.299157
              ],
              [
                103.02122,
                21.299158
              ],
              [
                103.021332,
                21.299129
              ],
              [
                103.021556,
                21.29909
              ],
              [
                103.021642,
                21.299076
              ],
              [
                103.021725,
                21.299083
              ],
              [
                103.021779,
                21.299095
              ],
              [
                103.021871,
                21.299097
              ],
              [
                103.021967,
                21.299077
              ],
              [
                103.022242,
                21.299026
              ],
              [
                103.022408,
                21.29904
              ],
              [
                103.022684,
                21.299094
              ],
              [
                103.022932,
                21.299127
              ],
              [
                103.023129,
                21.299168
              ],
              [
                103.023314,
                21.299188
              ],
              [
                103.023441,
                21.299214
              ],
              [
                103.023537,
                21.299221
              ],
              [
                103.023639,
                21.299201
              ],
              [
                103.023847,
                21.299123
              ],
              [
                103.023943,
                21.299094
              ],
              [
                103.02409,
                21.299084
              ],
              [
                103.024275,
                21.299086
              ],
              [
                103.024457,
                21.29906
              ],
              [
                103.024458,
                21.299032
              ],
              [
                103.024459,
                21.2988
              ],
              [
                103.024457,
                21.298188
              ],
              [
                103.024469,
                21.298098
              ],
              [
                103.024531,
                21.298046
              ],
              [
                103.024552,
                21.298008
              ],
              [
                103.024547,
                21.29795
              ],
              [
                103.02452,
                21.29791
              ],
              [
                103.024459,
                21.297856
              ],
              [
                103.024306,
                21.297731
              ],
              [
                103.024016,
                21.297489
              ],
              [
                103.023918,
                21.29739
              ],
              [
                103.023903,
                21.297288
              ],
              [
                103.02391,
                21.297207
              ],
              [
                103.023977,
                21.297112
              ],
              [
                103.023953,
                21.296988
              ],
              [
                103.023873,
                21.296905
              ],
              [
                103.023756,
                21.296851
              ],
              [
                103.023696,
                21.296812
              ],
              [
                103.023671,
                21.29676
              ],
              [
                103.023672,
                21.29665
              ],
              [
                103.023643,
                21.296535
              ],
              [
                103.023502,
                21.296399
              ],
              [
                103.023468,
                21.296322
              ],
              [
                103.023458,
                21.296251
              ],
              [
                103.023464,
                21.296198
              ],
              [
                103.023542,
                21.296127
              ],
              [
                103.023603,
                21.296018
              ],
              [
                103.023578,
                21.295833
              ],
              [
                103.023493,
                21.295756
              ],
              [
                103.023314,
                21.295687
              ],
              [
                103.023246,
                21.295703
              ],
              [
                103.022874,
                21.295843
              ],
              [
                103.021754,
                21.29532
              ],
              [
                103.021284,
                21.295153
              ],
              [
                103.01977,
                21.294476
              ],
              [
                103.019382,
                21.294263
              ],
              [
                103.019196,
                21.294153
              ],
              [
                103.019249,
                21.294122
              ],
              [
                103.01975,
                21.293871
              ],
              [
                103.019749,
                21.293869
              ],
              [
                103.019695,
                21.293791
              ],
              [
                103.019648,
                21.293671
              ],
              [
                103.019675,
                21.293659
              ],
              [
                103.019819,
                21.293507
              ],
              [
                103.019928,
                21.293351
              ],
              [
                103.01996,
                21.293222
              ],
              [
                103.019957,
                21.293093
              ],
              [
                103.019938,
                21.293002
              ],
              [
                103.019717,
                21.292698
              ],
              [
                103.019505,
                21.292557
              ],
              [
                103.019404,
                21.292494
              ],
              [
                103.019389,
                21.292427
              ],
              [
                103.019405,
                21.292408
              ],
              [
                103.019477,
                21.292375
              ],
              [
                103.020188,
                21.292202
              ],
              [
                103.020484,
                21.292167
              ],
              [
                103.020576,
                21.292178
              ],
              [
                103.020667,
                21.292188
              ],
              [
                103.020755,
                21.292161
              ],
              [
                103.020811,
                21.292118
              ],
              [
                103.020833,
                21.292018
              ],
              [
                103.020808,
                21.291951
              ],
              [
                103.020688,
                21.291787
              ],
              [
                103.020539,
                21.291625
              ],
              [
                103.020621,
                21.290847
              ],
              [
                103.020627,
                21.290741
              ],
              [
                103.020552,
                21.290739
              ],
              [
                103.016923,
                21.29079
              ],
              [
                103.017072,
                21.289989
              ],
              [
                103.017493,
                21.288199
              ],
              [
                103.017255,
                21.288152
              ],
              [
                103.016717,
                21.28802
              ],
              [
                103.016607,
                21.287962
              ],
              [
                103.016543,
                21.2879
              ],
              [
                103.016464,
                21.287766
              ],
              [
                103.016465,
                21.287716
              ],
              [
                103.016489,
                21.287666
              ],
              [
                103.016577,
                21.287621
              ],
              [
                103.016688,
                21.287654
              ],
              [
                103.016734,
                21.287598
              ],
              [
                103.016594,
                21.287492
              ],
              [
                103.016534,
                21.287412
              ],
              [
                103.016501,
                21.287333
              ],
              [
                103.016375,
                21.287278
              ],
              [
                103.016113,
                21.287189
              ],
              [
                103.01572,
                21.287098
              ],
              [
                103.015697,
                21.287066
              ],
              [
                103.015695,
                21.286997
              ],
              [
                103.015727,
                21.286894
              ],
              [
                103.015769,
                21.28683
              ],
              [
                103.015843,
                21.286784
              ],
              [
                103.01587,
                21.286724
              ],
              [
                103.015871,
                21.286681
              ],
              [
                103.015841,
                21.28663
              ],
              [
                103.015799,
                21.286601
              ],
              [
                103.015785,
                21.286561
              ],
              [
                103.015935,
                21.286445
              ],
              [
                103.01593,
                21.286291
              ],
              [
                103.015881,
                21.286291
              ],
              [
                103.015692,
                21.286295
              ],
              [
                103.015593,
                21.286326
              ],
              [
                103.015542,
                21.286372
              ],
              [
                103.015538,
                21.286429
              ],
              [
                103.015533,
                21.286526
              ],
              [
                103.015501,
                21.286576
              ],
              [
                103.015467,
                21.286593
              ],
              [
                103.015382,
                21.286603
              ],
              [
                103.015296,
                21.286601
              ],
              [
                103.015188,
                21.28657
              ],
              [
                103.01515,
                21.286504
              ],
              [
                103.015151,
                21.286426
              ],
              [
                103.015152,
                21.286372
              ],
              [
                103.015182,
                21.286026
              ],
              [
                103.01514,
                21.285846
              ],
              [
                103.015034,
                21.285654
              ],
              [
                103.014947,
                21.285539
              ],
              [
                103.014808,
                21.2854
              ],
              [
                103.014669,
                21.285309
              ],
              [
                103.014517,
                21.285277
              ],
              [
                103.014179,
                21.285261
              ],
              [
                103.013764,
                21.28531
              ],
              [
                103.013624,
                21.285303
              ],
              [
                103.013555,
                21.285248
              ],
              [
                103.013511,
                21.285152
              ],
              [
                103.013428,
                21.284911
              ],
              [
                103.013211892,
                21.28419894
              ],
              [
                103.012973,
                21.283539
              ],
              [
                103.012806,
                21.283167
              ]
            ]
          ],
          [
            [
              [
                103.013211,
                21.284196
              ],
              [
                103.013211892,
                21.28419894
              ],
              [
                103.013213,
                21.284202
              ],
              [
                103.013211,
                21.284196
              ]
            ]
          ]
        ]
      },
      "properties": {
        "code": "03356",
        "name": "Sam Mứn",
        "nameEn": "Sam Mun",
        "fullName": "Xã Sam Mứn",
        "fullNameEn": "Sam Mun Commune",
        "codeName": "sam_mun",
        "postalCode": "32231",
        "postalCodePrefix": "",
        "gisServerId": "diaphanhanhchinhcapxa_2025.2266",
        "areaKm2": 156.12
      }
    }
  ]
}