{
  "type": "FeatureCollection",
  "bbox": [
    109.195569,
    12.813282,
    109.33082,
    12.990383
  ],
  "features": [
    {
      "type": "Feature",
      "id": "22276",
      "bbox": [
        109.195569,
        12.813282,
        109.33082,
        12.990383
      ],
      "geometry": {
        "type": "MultiPolygon",
        "coordinates": [
          [
            [
              [
                109.220822,
                12.99016
              ],
              [
                109.221024,
                12.990155
              ],
              [
                109.221039,
                12.99022
              ],
              [
                109.22106,
                12.990223
              ],
              [
                109.221266,
                12.990222
              ],
              [
                109.221375,
                12.990217
              ],
              [
                109.221584,
                12.990179
              ],
              [
                109.221974,
                12.990106
              ],
              [
                109.221985,
                12.990138
              ],
              [
                109.222026,
                12.990254
              ],
              [
                109.222147,
                12.990236
              ],
              [
                109.222366,
                12.99019
              ],
              [
                109.222684,
                12.990131
              ],
              [
                109.222775,
                12.990113
              ],
              [
                109.222783,
                12.990133
              ],
              [
                109.223012,
                12.990091
              ],
              [
                109.223149,
                12.990047
              ],
              [
                109.223425,
                12.990068
              ],
              [
                109.223438,
                12.990093
              ],
              [
                109.223796,
                12.990051
              ],
              [
                109.223813,
                12.990205
              ],
              [
                109.224157,
                12.99018
              ],
              [
                109.224489,
                12.990158
              ],
              [
                109.224482,
                12.990094
              ],
              [
                109.224631,
                12.99009
              ],
              [
                109.224878,
                12.99007
              ],
              [
                109.22488,
                12.990046
              ],
              [
                109.224856,
                12.989885
              ],
              [
                109.224834,
                12.989687
              ],
              [
                109.224808,
                12.989418
              ],
              [
                109.224808,
                12.989411
              ],
              [
                109.224809,
                12.98939
              ],
              [
                109.224797,
                12.989009
              ],
              [
                109.224776,
                12.988868
              ],
              [
                109.224769,
                12.988682
              ],
              [
                109.224761,
                12.98853
              ],
              [
                109.22478,
                12.988359
              ],
              [
                109.224786,
                12.988147
              ],
              [
                109.224804,
                12.987998
              ],
              [
                109.224836,
                12.987963
              ],
              [
                109.224866,
                12.987955
              ],
              [
                109.22515,
                12.987936
              ],
              [
                109.225289,
                12.987926
              ],
              [
                109.225657,
                12.987819
              ],
              [
                109.225963,
                12.987743
              ],
              [
                109.226357,
                12.987673
              ],
              [
                109.226499,
                12.987661
              ],
              [
                109.22655,
                12.987667
              ],
              [
                109.22686,
                12.98767
              ],
              [
                109.227107,
                12.987702
              ],
              [
                109.227129,
                12.987603
              ],
              [
                109.227171,
                12.987033
              ],
              [
                109.227867,
                12.987084
              ],
              [
                109.227865,
                12.98782
              ],
              [
                109.228706,
                12.987848
              ],
              [
                109.228769,
                12.987579
              ],
              [
                109.228791,
                12.987597
              ],
              [
                109.228813,
                12.987604
              ],
              [
                109.229025,
                12.987603
              ],
              [
                109.229446,
                12.987622
              ],
              [
                109.229535,
                12.987622
              ],
              [
                109.229564,
                12.987623
              ],
              [
                109.229683,
                12.987626
              ],
              [
                109.229812,
                12.98763
              ],
              [
                109.229881,
                12.98762
              ],
              [
                109.229978,
                12.987496
              ],
              [
                109.230042,
                12.987392
              ],
              [
                109.230244,
                12.987482
              ],
              [
                109.230414,
                12.987486
              ],
              [
                109.23062,
                12.987579
              ],
              [
                109.23063,
                12.987586
              ],
              [
                109.230715,
                12.987495
              ],
              [
                109.230735,
                12.987487
              ],
              [
                109.230847,
                12.987567
              ],
              [
                109.231001,
                12.987414
              ],
              [
                109.231177,
                12.987569
              ],
              [
                109.231327,
                12.987648
              ],
              [
                109.231404,
                12.987688
              ],
              [
                109.231641,
                12.987851
              ],
              [
                109.231902,
                12.988031
              ],
              [
                109.232047,
                12.988141
              ],
              [
                109.232154,
                12.988194
              ],
              [
                109.232278,
                12.988267
              ],
              [
                109.232351,
                12.988274
              ],
              [
                109.232413,
                12.988199
              ],
              [
                109.232587,
                12.988294
              ],
              [
                109.232703,
                12.988315
              ],
              [
                109.232721,
                12.988308
              ],
              [
                109.232877,
                12.98829
              ],
              [
                109.232977,
                12.98849
              ],
              [
                109.233035,
                12.98847
              ],
              [
                109.233184,
                12.988695
              ],
              [
                109.233369,
                12.988866
              ],
              [
                109.233516,
                12.988807
              ],
              [
                109.233577,
                12.988792
              ],
              [
                109.233638,
                12.988746
              ],
              [
                109.233676,
                12.988679
              ],
              [
                109.233687,
                12.98866
              ],
              [
                109.233987,
                12.988498
              ],
              [
                109.234043,
                12.988665
              ],
              [
                109.234075,
                12.98882
              ],
              [
                109.234304,
                12.988793
              ],
              [
                109.234278,
                12.988887
              ],
              [
                109.234445,
                12.98893
              ],
              [
                109.234482,
                12.988948
              ],
              [
                109.234471,
                12.988986
              ],
              [
                109.234471,
                12.989019
              ],
              [
                109.234479,
                12.989052
              ],
              [
                109.234492,
                12.989077
              ],
              [
                109.234576,
                12.989046
              ],
              [
                109.234602,
                12.989138
              ],
              [
                109.234499,
                12.989155
              ],
              [
                109.234507,
                12.989425
              ],
              [
                109.234532,
                12.989467
              ],
              [
                109.234626,
                12.989436
              ],
              [
                109.235103,
                12.989366
              ],
              [
                109.235123,
                12.989397
              ],
              [
                109.235264,
                12.989322
              ],
              [
                109.235223,
                12.988897
              ],
              [
                109.235303,
                12.988873
              ],
              [
                109.235609,
                12.988774
              ],
              [
                109.235569,
                12.988518
              ],
              [
                109.235662,
                12.988388
              ],
              [
                109.23575,
                12.988278
              ],
              [
                109.236093,
                12.987997
              ],
              [
                109.236103,
                12.98799
              ],
              [
                109.236213,
                12.988151
              ],
              [
                109.237,
                12.989234
              ],
              [
                109.237147,
                12.989124
              ],
              [
                109.237207,
                12.989108
              ],
              [
                109.23729,
                12.989103
              ],
              [
                109.237393,
                12.989123
              ],
              [
                109.237463,
                12.989111
              ],
              [
                109.237556,
                12.989011
              ],
              [
                109.237659,
                12.988895
              ],
              [
                109.237712,
                12.988843
              ],
              [
                109.237761,
                12.988807
              ],
              [
                109.237822,
                12.988804
              ],
              [
                109.237848,
                12.98873
              ],
              [
                109.237917,
                12.988505
              ],
              [
                109.237932,
                12.988474
              ],
              [
                109.23785,
                12.988351
              ],
              [
                109.237837,
                12.988323
              ],
              [
                109.237822,
                12.988279
              ],
              [
                109.237782,
                12.988125
              ],
              [
                109.238122,
                12.987992
              ],
              [
                109.238546,
                12.987876
              ],
              [
                109.238788,
                12.98779
              ],
              [
                109.238833,
                12.987761
              ],
              [
                109.238852,
                12.987836
              ],
              [
                109.239122,
                12.988238
              ],
              [
                109.239145,
                12.988272
              ],
              [
                109.240176,
                12.98737
              ],
              [
                109.240392,
                12.987182
              ],
              [
                109.240448,
                12.987166
              ],
              [
                109.240424,
                12.987129
              ],
              [
                109.240391,
                12.987062
              ],
              [
                109.240454,
                12.987014
              ],
              [
                109.240559,
                12.986939
              ],
              [
                109.240956,
                12.986657
              ],
              [
                109.241144,
                12.986527
              ],
              [
                109.241346,
                12.986384
              ],
              [
                109.241559,
                12.986231
              ],
              [
                109.241604,
                12.986198
              ],
              [
                109.241756,
                12.986091
              ],
              [
                109.241784,
                12.986074
              ],
              [
                109.241832,
                12.986037
              ],
              [
                109.241888,
                12.985998
              ],
              [
                109.241943,
                12.985958
              ],
              [
                109.242009,
                12.985911
              ],
              [
                109.242065,
                12.985868
              ],
              [
                109.242077,
                12.985861
              ],
              [
                109.242134,
                12.985822
              ],
              [
                109.24219,
                12.985783
              ],
              [
                109.242299,
                12.985708
              ],
              [
                109.242425,
                12.985627
              ],
              [
                109.24255,
                12.98554
              ],
              [
                109.242651,
                12.985468
              ],
              [
                109.242754,
                12.985394
              ],
              [
                109.242819,
                12.985349
              ],
              [
                109.242902,
                12.985291
              ],
              [
                109.242952,
                12.985258
              ],
              [
                109.243104,
                12.985153
              ],
              [
                109.243215,
                12.985076
              ],
              [
                109.243318,
                12.985004
              ],
              [
                109.243362,
                12.984975
              ],
              [
                109.243476,
                12.98489
              ],
              [
                109.243545,
                12.984843
              ],
              [
                109.243697,
                12.984742
              ],
              [
                109.243758,
                12.984706
              ],
              [
                109.243961,
                12.984555
              ],
              [
                109.244183,
                12.98443
              ],
              [
                109.244195,
                12.984449
              ],
              [
                109.2442,
                12.984451
              ],
              [
                109.244526,
                12.984329
              ],
              [
                109.244549,
                12.98432
              ],
              [
                109.244553,
                12.984319
              ],
              [
                109.244632,
                12.984276
              ],
              [
                109.244713,
                12.984245
              ],
              [
                109.245081,
                12.984116
              ],
              [
                109.24528,
                12.984042
              ],
              [
                109.245536,
                12.98395
              ],
              [
                109.245823,
                12.983849
              ],
              [
                109.246008,
                12.98371
              ],
              [
                109.246243,
                12.983529
              ],
              [
                109.246452,
                12.983373
              ],
              [
                109.246638,
                12.98323
              ],
              [
                109.246737,
                12.983139
              ],
              [
                109.246848,
                12.983049
              ],
              [
                109.246992,
                12.982935
              ],
              [
                109.247307,
                12.982672
              ],
              [
                109.247626,
                12.982404
              ],
              [
                109.247791,
                12.982265
              ],
              [
                109.247956,
                12.982119
              ],
              [
                109.248185,
                12.981938
              ],
              [
                109.248346,
                12.981799
              ],
              [
                109.248603,
                12.9816
              ],
              [
                109.24881,
                12.981429
              ],
              [
                109.248935,
                12.981321
              ],
              [
                109.249028,
                12.981235
              ],
              [
                109.249058,
                12.981211
              ],
              [
                109.249257,
                12.981427
              ],
              [
                109.249425,
                12.981605
              ],
              [
                109.249461,
                12.981655
              ],
              [
                109.24948,
                12.981681
              ],
              [
                109.249494,
                12.981685
              ],
              [
                109.24951,
                12.981688
              ],
              [
                109.249526,
                12.981688
              ],
              [
                109.249546,
                12.981682
              ],
              [
                109.249583,
                12.98167
              ],
              [
                109.24966,
                12.981623
              ],
              [
                109.249681,
                12.98161
              ],
              [
                109.249717,
                12.981595
              ],
              [
                109.249745,
                12.981707
              ],
              [
                109.249759,
                12.981767
              ],
              [
                109.249809,
                12.981998
              ],
              [
                109.249817,
                12.982065
              ],
              [
                109.249864,
                12.982241
              ],
              [
                109.249883,
                12.982313
              ],
              [
                109.250223,
                12.982196
              ],
              [
                109.250242,
                12.982299
              ],
              [
                109.250259,
                12.982405
              ],
              [
                109.25028,
                12.982491
              ],
              [
                109.250485,
                12.982895
              ],
              [
                109.250697,
                12.983126
              ],
              [
                109.25082,
                12.983232
              ],
              [
                109.250939,
                12.983147
              ],
              [
                109.250974,
                12.983132
              ],
              [
                109.250976,
                12.983131
              ],
              [
                109.25098,
                12.983146
              ],
              [
                109.250983,
                12.983153
              ],
              [
                109.251004,
                12.983196
              ],
              [
                109.251076,
                12.983349
              ],
              [
                109.251116,
                12.983434
              ],
              [
                109.251137,
                12.983478
              ],
              [
                109.251196,
                12.98344
              ],
              [
                109.251286,
                12.983386
              ],
              [
                109.251478,
                12.983261
              ],
              [
                109.251592,
                12.983183
              ],
              [
                109.251676,
                12.983121
              ],
              [
                109.251734,
                12.98307
              ],
              [
                109.251787,
                12.983008
              ],
              [
                109.251787,
                12.983008
              ],
              [
                109.251874,
                12.982907
              ],
              [
                109.251927,
                12.982837
              ],
              [
                109.251978,
                12.982771
              ],
              [
                109.252002,
                12.982746
              ],
              [
                109.252022,
                12.982727
              ],
              [
                109.252068,
                12.982698
              ],
              [
                109.252117,
                12.982674
              ],
              [
                109.252164,
                12.982653
              ],
              [
                109.252209,
                12.982615
              ],
              [
                109.252223,
                12.982591
              ],
              [
                109.252225,
                12.982563
              ],
              [
                109.252224,
                12.982555
              ],
              [
                109.252222,
                12.98253
              ],
              [
                109.252212,
                12.982492
              ],
              [
                109.252198,
                12.982452
              ],
              [
                109.252182,
                12.982399
              ],
              [
                109.25218,
                12.982325
              ],
              [
                109.25219,
                12.982249
              ],
              [
                109.252227,
                12.982099
              ],
              [
                109.252265,
                12.981859
              ],
              [
                109.252306,
                12.981714
              ],
              [
                109.252338,
                12.981571
              ],
              [
                109.252367,
                12.981374
              ],
              [
                109.252372,
                12.98124
              ],
              [
                109.252378,
                12.981085
              ],
              [
                109.252415,
                12.98081
              ],
              [
                109.252422,
                12.980772
              ],
              [
                109.25243,
                12.980726
              ],
              [
                109.252446,
                12.980656
              ],
              [
                109.252461,
                12.980592
              ],
              [
                109.252461,
                12.980508
              ],
              [
                109.252454,
                12.980426
              ],
              [
                109.252442,
                12.980341
              ],
              [
                109.252439,
                12.980285
              ],
              [
                109.252435,
                12.980209
              ],
              [
                109.252449,
                12.980133
              ],
              [
                109.252476,
                12.980038
              ],
              [
                109.252504,
                12.979963
              ],
              [
                109.252541,
                12.979878
              ],
              [
                109.25259,
                12.979784
              ],
              [
                109.252609,
                12.97975
              ],
              [
                109.252651,
                12.979675
              ],
              [
                109.252694,
                12.979606
              ],
              [
                109.252721,
                12.979575
              ],
              [
                109.252725,
                12.979571
              ],
              [
                109.25273,
                12.979569
              ],
              [
                109.252775,
                12.979551
              ],
              [
                109.252794,
                12.979544
              ],
              [
                109.252838,
                12.979543
              ],
              [
                109.252839,
                12.979543
              ],
              [
                109.252892,
                12.979548
              ],
              [
                109.252957,
                12.979562
              ],
              [
                109.25307,
                12.979579
              ],
              [
                109.253126,
                12.97958
              ],
              [
                109.253251,
                12.979575
              ],
              [
                109.253316,
                12.979559
              ],
              [
                109.253393,
                12.979532
              ],
              [
                109.253454,
                12.97951
              ],
              [
                109.253503,
                12.979478
              ],
              [
                109.253528,
                12.979441
              ],
              [
                109.253535,
                12.979404
              ],
              [
                109.253549,
                12.979337
              ],
              [
                109.253572,
                12.979177
              ],
              [
                109.253577,
                12.97914
              ],
              [
                109.253568,
                12.978977
              ],
              [
                109.253569,
                12.978966
              ],
              [
                109.253577,
                12.978904
              ],
              [
                109.25359,
                12.978825
              ],
              [
                109.253617,
                12.978719
              ],
              [
                109.253636,
                12.978678
              ],
              [
                109.25365,
                12.978649
              ],
              [
                109.253661,
                12.978596
              ],
              [
                109.253662,
                12.978539
              ],
              [
                109.253663,
                12.978497
              ],
              [
                109.253661,
                12.978479
              ],
              [
                109.253657,
                12.978443
              ],
              [
                109.253654,
                12.978402
              ],
              [
                109.253654,
                12.978362
              ],
              [
                109.253655,
                12.978323
              ],
              [
                109.25366,
                12.978257
              ],
              [
                109.253663,
                12.978169
              ],
              [
                109.253689,
                12.978137
              ],
              [
                109.253728,
                12.978106
              ],
              [
                109.253786,
                12.978087
              ],
              [
                109.253856,
                12.978072
              ],
              [
                109.253932,
                12.978063
              ],
              [
                109.253936,
                12.978063
              ],
              [
                109.254,
                12.97805
              ],
              [
                109.254012,
                12.978045
              ],
              [
                109.254058,
                12.978021
              ],
              [
                109.254101,
                12.977983
              ],
              [
                109.254123,
                12.977935
              ],
              [
                109.25412,
                12.977839
              ],
              [
                109.254112,
                12.977798
              ],
              [
                109.254095,
                12.977738
              ],
              [
                109.254081,
                12.977663
              ],
              [
                109.254082,
                12.977453
              ],
              [
                109.25412,
                12.977276
              ],
              [
                109.254142,
                12.977198
              ],
              [
                109.254166,
                12.977135
              ],
              [
                109.25419,
                12.977092
              ],
              [
                109.254222,
                12.977055
              ],
              [
                109.254252,
                12.977032
              ],
              [
                109.254296,
                12.977014
              ],
              [
                109.254354,
                12.977004
              ],
              [
                109.254455,
                12.977013
              ],
              [
                109.254502,
                12.977018
              ],
              [
                109.254546,
                12.977011
              ],
              [
                109.254573,
                12.976993
              ],
              [
                109.254589,
                12.976969
              ],
              [
                109.254598,
                12.976922
              ],
              [
                109.254601,
                12.976891
              ],
              [
                109.254601,
                12.976867
              ],
              [
                109.254604,
                12.976839
              ],
              [
                109.254609,
                12.976799
              ],
              [
                109.254617,
                12.976763
              ],
              [
                109.254634,
                12.976729
              ],
              [
                109.254654,
                12.976706
              ],
              [
                109.254693,
                12.97669
              ],
              [
                109.254725,
                12.976688
              ],
              [
                109.254743,
                12.976687
              ],
              [
                109.25476,
                12.976687
              ],
              [
                109.25481,
                12.976695
              ],
              [
                109.254864,
                12.976706
              ],
              [
                109.254919,
                12.976724
              ],
              [
                109.254958,
                12.976735
              ],
              [
                109.254981,
                12.976742
              ],
              [
                109.255047,
                12.976769
              ],
              [
                109.255102,
                12.976787
              ],
              [
                109.255154,
                12.976799
              ],
              [
                109.255217,
                12.976799
              ],
              [
                109.255292,
                12.976795
              ],
              [
                109.255411,
                12.97679
              ],
              [
                109.255456,
                12.976788
              ],
              [
                109.255556,
                12.976787
              ],
              [
                109.255583,
                12.976791
              ],
              [
                109.25566,
                12.976804
              ],
              [
                109.255822,
                12.976889
              ],
              [
                109.255874,
                12.976931
              ],
              [
                109.256041,
                12.977069
              ],
              [
                109.25612,
                12.977153
              ],
              [
                109.256292,
                12.977292
              ],
              [
                109.256353,
                12.977351
              ],
              [
                109.256382,
                12.977374
              ],
              [
                109.256401,
                12.97739
              ],
              [
                109.25642,
                12.977416
              ],
              [
                109.256436,
                12.977438
              ],
              [
                109.256446,
                12.977452
              ],
              [
                109.256485,
                12.977541
              ],
              [
                109.256537,
                12.977706
              ],
              [
                109.256563,
                12.97776
              ],
              [
                109.256599,
                12.97781
              ],
              [
                109.256616,
                12.977834
              ],
              [
                109.256656,
                12.977855
              ],
              [
                109.256694,
                12.977862
              ],
              [
                109.256754,
                12.977861
              ],
              [
                109.256843,
                12.977856
              ],
              [
                109.256857,
                12.977855
              ],
              [
                109.256928,
                12.977853
              ],
              [
                109.256959,
                12.977856
              ],
              [
                109.256963,
                12.977856
              ],
              [
                109.256963,
                12.977856
              ],
              [
                109.257013,
                12.97786
              ],
              [
                109.257014,
                12.977861
              ],
              [
                109.257063,
                12.977875
              ],
              [
                109.257088,
                12.977883
              ],
              [
                109.257157,
                12.977911
              ],
              [
                109.257205,
                12.977978
              ],
              [
                109.25723,
                12.97803
              ],
              [
                109.25725,
                12.978069
              ],
              [
                109.257258,
                12.978082
              ],
              [
                109.257273,
                12.978107
              ],
              [
                109.257319,
                12.978131
              ],
              [
                109.25737,
                12.978145
              ],
              [
                109.257468,
                12.978165
              ],
              [
                109.257567,
                12.97818
              ],
              [
                109.257749,
                12.978226
              ],
              [
                109.257937,
                12.978255
              ],
              [
                109.257945,
                12.978256
              ],
              [
                109.258029,
                12.978277
              ],
              [
                109.25804,
                12.97828
              ],
              [
                109.258089,
                12.978295
              ],
              [
                109.258187,
                12.97832
              ],
              [
                109.258242,
                12.978337
              ],
              [
                109.258297,
                12.978352
              ],
              [
                109.258338,
                12.978357
              ],
              [
                109.258362,
                12.978357
              ],
              [
                109.258392,
                12.978354
              ],
              [
                109.258396,
                12.978353
              ],
              [
                109.258425,
                12.978343
              ],
              [
                109.258451,
                12.978323
              ],
              [
                109.258473,
                12.978285
              ],
              [
                109.258496,
                12.978227
              ],
              [
                109.25852,
                12.978171
              ],
              [
                109.258576,
                12.978064
              ],
              [
                109.258615,
                12.977989
              ],
              [
                109.258632,
                12.977956
              ],
              [
                109.258656,
                12.977904
              ],
              [
                109.258668,
                12.977863
              ],
              [
                109.258679,
                12.977817
              ],
              [
                109.258681,
                12.97781
              ],
              [
                109.258697,
                12.97777
              ],
              [
                109.258734,
                12.97772
              ],
              [
                109.258776,
                12.977685
              ],
              [
                109.258799,
                12.977666
              ],
              [
                109.258817,
                12.977642
              ],
              [
                109.258824,
                12.977623
              ],
              [
                109.258823,
                12.97757
              ],
              [
                109.25882,
                12.977543
              ],
              [
                109.258818,
                12.977521
              ],
              [
                109.258808,
                12.977463
              ],
              [
                109.258807,
                12.977421
              ],
              [
                109.258811,
                12.977388
              ],
              [
                109.258848,
                12.977251
              ],
              [
                109.258936,
                12.977072
              ],
              [
                109.259007,
                12.97699
              ],
              [
                109.259075,
                12.976943
              ],
              [
                109.259076,
                12.976942
              ],
              [
                109.259092,
                12.976933
              ],
              [
                109.259143,
                12.9769
              ],
              [
                109.259191,
                12.976875
              ],
              [
                109.259248,
                12.976843
              ],
              [
                109.259278,
                12.976821
              ],
              [
                109.259284,
                12.976816
              ],
              [
                109.259333,
                12.976757
              ],
              [
                109.259359,
                12.97672
              ],
              [
                109.25938,
                12.976684
              ],
              [
                109.259404,
                12.976633
              ],
              [
                109.259425,
                12.976576
              ],
              [
                109.259434,
                12.976539
              ],
              [
                109.259439,
                12.976453
              ],
              [
                109.259426,
                12.976404
              ],
              [
                109.259406,
                12.976358
              ],
              [
                109.259384,
                12.976306
              ],
              [
                109.259345,
                12.976238
              ],
              [
                109.259306,
                12.976186
              ],
              [
                109.259274,
                12.976145
              ],
              [
                109.259228,
                12.976094
              ],
              [
                109.259167,
                12.976017
              ],
              [
                109.259143,
                12.975984
              ],
              [
                109.259114,
                12.975934
              ],
              [
                109.2591,
                12.975897
              ],
              [
                109.259089,
                12.975851
              ],
              [
                109.259106,
                12.975773
              ],
              [
                109.259137,
                12.975708
              ],
              [
                109.25917,
                12.97566
              ],
              [
                109.259206,
                12.975632
              ],
              [
                109.259223,
                12.975619
              ],
              [
                109.25927,
                12.975576
              ],
              [
                109.2593,
                12.975539
              ],
              [
                109.25933,
                12.975489
              ],
              [
                109.259367,
                12.975426
              ],
              [
                109.259398,
                12.975366
              ],
              [
                109.259444,
                12.975278
              ],
              [
                109.259479,
                12.975212
              ],
              [
                109.259649,
                12.974909
              ],
              [
                109.259722,
                12.974738
              ],
              [
                109.259781,
                12.974649
              ],
              [
                109.259823,
                12.974585
              ],
              [
                109.259857,
                12.974564
              ],
              [
                109.259896,
                12.974561
              ],
              [
                109.259926,
                12.974564
              ],
              [
                109.259943,
                12.974565
              ],
              [
                109.259985,
                12.974581
              ],
              [
                109.260019,
                12.974585
              ],
              [
                109.260059,
                12.974581
              ],
              [
                109.260099,
                12.974559
              ],
              [
                109.260102,
                12.974558
              ],
              [
                109.260135,
                12.974511
              ],
              [
                109.260156,
                12.974466
              ],
              [
                109.260162,
                12.974453
              ],
              [
                109.260177,
                12.974424
              ],
              [
                109.260196,
                12.97435
              ],
              [
                109.260199,
                12.974309
              ],
              [
                109.260201,
                12.974268
              ],
              [
                109.260201,
                12.974263
              ],
              [
                109.260211,
                12.974206
              ],
              [
                109.260231,
                12.974175
              ],
              [
                109.260232,
                12.974174
              ],
              [
                109.260251,
                12.974152
              ],
              [
                109.260258,
                12.974144
              ],
              [
                109.260282,
                12.974132
              ],
              [
                109.260291,
                12.974128
              ],
              [
                109.260294,
                12.974126
              ],
              [
                109.260348,
                12.974116
              ],
              [
                109.260403,
                12.974112
              ],
              [
                109.260458,
                12.974108
              ],
              [
                109.260524,
                12.974105
              ],
              [
                109.260631,
                12.974106
              ],
              [
                109.260646,
                12.974106
              ],
              [
                109.260673,
                12.974098
              ],
              [
                109.260688,
                12.974076
              ],
              [
                109.260692,
                12.97404
              ],
              [
                109.260691,
                12.973988
              ],
              [
                109.260691,
                12.973978
              ],
              [
                109.260683,
                12.973909
              ],
              [
                109.26069,
                12.973823
              ],
              [
                109.260697,
                12.973782
              ],
              [
                109.260698,
                12.973732
              ],
              [
                109.260698,
                12.973687
              ],
              [
                109.260696,
                12.973643
              ],
              [
                109.260689,
                12.973567
              ],
              [
                109.260713,
                12.973475
              ],
              [
                109.260746,
                12.973437
              ],
              [
                109.260764,
                12.973427
              ],
              [
                109.260773,
                12.973421
              ],
              [
                109.260807,
                12.973401
              ],
              [
                109.260866,
                12.973378
              ],
              [
                109.260944,
                12.973368
              ],
              [
                109.261017,
                12.97336
              ],
              [
                109.261024,
                12.973359
              ],
              [
                109.261047,
                12.973362
              ],
              [
                109.261048,
                12.973358
              ],
              [
                109.261052,
                12.973303
              ],
              [
                109.261052,
                12.973273
              ],
              [
                109.261054,
                12.97323
              ],
              [
                109.261063,
                12.973053
              ],
              [
                109.260766,
                12.973094
              ],
              [
                109.260726,
                12.972913
              ],
              [
                109.260726,
                12.972777
              ],
              [
                109.260711,
                12.972415
              ],
              [
                109.260703,
                12.972217
              ],
              [
                109.260689,
                12.972052
              ],
              [
                109.260683,
                12.971989
              ],
              [
                109.261175,
                12.97188
              ],
              [
                109.261331,
                12.971842
              ],
              [
                109.261418,
                12.971823
              ],
              [
                109.261568,
                12.97178
              ],
              [
                109.261733,
                12.971736
              ],
              [
                109.262024,
                12.971662
              ],
              [
                109.262407,
                12.97157
              ],
              [
                109.262629,
                12.971513
              ],
              [
                109.262652,
                12.971387
              ],
              [
                109.262892,
                12.971344
              ],
              [
                109.262959,
                12.971334
              ],
              [
                109.263115,
                12.971301
              ],
              [
                109.263309,
                12.971258
              ],
              [
                109.263471,
                12.971224
              ],
              [
                109.263836,
                12.971142
              ],
              [
                109.264027,
                12.971101
              ],
              [
                109.26427,
                12.97104
              ],
              [
                109.264613,
                12.97096
              ],
              [
                109.264755,
                12.970926
              ],
              [
                109.264771,
                12.970991
              ],
              [
                109.264777,
                12.971015
              ],
              [
                109.264852,
                12.971227
              ],
              [
                109.264882,
                12.97132
              ],
              [
                109.264903,
                12.97137
              ],
              [
                109.264993,
                12.971647
              ],
              [
                109.264998,
                12.971693
              ],
              [
                109.26501,
                12.971815
              ],
              [
                109.26501,
                12.971877
              ],
              [
                109.265012,
                12.971939
              ],
              [
                109.265018,
                12.972102
              ],
              [
                109.265021,
                12.972171
              ],
              [
                109.265041,
                12.972181
              ],
              [
                109.265114,
                12.972206
              ],
              [
                109.265164,
                12.972206
              ],
              [
                109.265239,
                12.972216
              ],
              [
                109.265302,
                12.972228
              ],
              [
                109.265395,
                12.972241
              ],
              [
                109.265467,
                12.972248
              ],
              [
                109.265507,
                12.972256
              ],
              [
                109.265548,
                12.972269
              ],
              [
                109.265589,
                12.972291
              ],
              [
                109.265612,
                12.972313
              ],
              [
                109.265631,
                12.972334
              ],
              [
                109.265669,
                12.972368
              ],
              [
                109.265716,
                12.972375
              ],
              [
                109.265768,
                12.972359
              ],
              [
                109.265862,
                12.97229
              ],
              [
                109.265947,
                12.972224
              ],
              [
                109.26603,
                12.972166
              ],
              [
                109.26609,
                12.97212
              ],
              [
                109.266141,
                12.972089
              ],
              [
                109.266141,
                12.972089
              ],
              [
                109.266164,
                12.972074
              ],
              [
                109.266218,
                12.972057
              ],
              [
                109.266254,
                12.97206
              ],
              [
                109.26629,
                12.972078
              ],
              [
                109.266309,
                12.972105
              ],
              [
                109.266332,
                12.972153
              ],
              [
                109.266349,
                12.972192
              ],
              [
                109.266377,
                12.972246
              ],
              [
                109.2664,
                12.972264
              ],
              [
                109.266424,
                12.972272
              ],
              [
                109.266443,
                12.972278
              ],
              [
                109.266475,
                12.972269
              ],
              [
                109.266498,
                12.972263
              ],
              [
                109.266512,
                12.972241
              ],
              [
                109.266523,
                12.972202
              ],
              [
                109.266524,
                12.97217
              ],
              [
                109.266521,
                12.972098
              ],
              [
                109.266518,
                12.972084
              ],
              [
                109.266506,
                12.972043
              ],
              [
                109.266504,
                12.972034
              ],
              [
                109.26647,
                12.971899
              ],
              [
                109.266469,
                12.971896
              ],
              [
                109.266477,
                12.971884
              ],
              [
                109.266483,
                12.971877
              ],
              [
                109.266488,
                12.971874
              ],
              [
                109.266516,
                12.971858
              ],
              [
                109.266551,
                12.971848
              ],
              [
                109.266589,
                12.971849
              ],
              [
                109.26662,
                12.971878
              ],
              [
                109.266664,
                12.971957
              ],
              [
                109.266705,
                12.972006
              ],
              [
                109.266758,
                12.972051
              ],
              [
                109.266798,
                12.972076
              ],
              [
                109.26684,
                12.972075
              ],
              [
                109.266895,
                12.972041
              ],
              [
                109.266939,
                12.971956
              ],
              [
                109.266971,
                12.971911
              ],
              [
                109.267033,
                12.971869
              ],
              [
                109.267084,
                12.971853
              ],
              [
                109.267166,
                12.971836
              ],
              [
                109.26723,
                12.971828
              ],
              [
                109.26728,
                12.97181
              ],
              [
                109.267299,
                12.971785
              ],
              [
                109.267301,
                12.971744
              ],
              [
                109.267288,
                12.971718
              ],
              [
                109.267271,
                12.971679
              ],
              [
                109.267238,
                12.971614
              ],
              [
                109.267217,
                12.971531
              ],
              [
                109.267229,
                12.97149
              ],
              [
                109.267257,
                12.971464
              ],
              [
                109.267316,
                12.971421
              ],
              [
                109.267373,
                12.971386
              ],
              [
                109.267434,
                12.97135
              ],
              [
                109.267478,
                12.971316
              ],
              [
                109.2675,
                12.971296
              ],
              [
                109.267507,
                12.971267
              ],
              [
                109.267504,
                12.97124
              ],
              [
                109.267488,
                12.971204
              ],
              [
                109.267427,
                12.971166
              ],
              [
                109.26721,
                12.971073
              ],
              [
                109.267175,
                12.97103
              ],
              [
                109.267165,
                12.970978
              ],
              [
                109.267175,
                12.970893
              ],
              [
                109.26719,
                12.970826
              ],
              [
                109.26722,
                12.970778
              ],
              [
                109.267259,
                12.970752
              ],
              [
                109.267304,
                12.970746
              ],
              [
                109.267359,
                12.970743
              ],
              [
                109.267431,
                12.970724
              ],
              [
                109.267466,
                12.970696
              ],
              [
                109.26748,
                12.970677
              ],
              [
                109.267485,
                12.970669
              ],
              [
                109.267488,
                12.970654
              ],
              [
                109.267495,
                12.970622
              ],
              [
                109.267517,
                12.970519
              ],
              [
                109.26752,
                12.970483
              ],
              [
                109.267524,
                12.970427
              ],
              [
                109.267482,
                12.970344
              ],
              [
                109.267464,
                12.970309
              ],
              [
                109.267436,
                12.970256
              ],
              [
                109.267421,
                12.970191
              ],
              [
                109.267416,
                12.970118
              ],
              [
                109.267416,
                12.970045
              ],
              [
                109.267396,
                12.969969
              ],
              [
                109.267362,
                12.969929
              ],
              [
                109.267353,
                12.96992
              ],
              [
                109.267329,
                12.96991
              ],
              [
                109.267257,
                12.969899
              ],
              [
                109.267196,
                12.96992
              ],
              [
                109.267088,
                12.969976
              ],
              [
                109.267086,
                12.969977
              ],
              [
                109.267028,
                12.969996
              ],
              [
                109.267006,
                12.969997
              ],
              [
                109.266976,
                12.969998
              ],
              [
                109.266869,
                12.969996
              ],
              [
                109.26678,
                12.969984
              ],
              [
                109.266751,
                12.969978
              ],
              [
                109.266714,
                12.969965
              ],
              [
                109.26669,
                12.969951
              ],
              [
                109.266666,
                12.96991
              ],
              [
                109.266665,
                12.969871
              ],
              [
                109.266664,
                12.969866
              ],
              [
                109.266667,
                12.969861
              ],
              [
                109.266703,
                12.969804
              ],
              [
                109.266793,
                12.969748
              ],
              [
                109.266864,
                12.969711
              ],
              [
                109.266927,
                12.969677
              ],
              [
                109.267033,
                12.969631
              ],
              [
                109.267084,
                12.969609
              ],
              [
                109.267122,
                12.969592
              ],
              [
                109.267161,
                12.969571
              ],
              [
                109.267187,
                12.969552
              ],
              [
                109.267203,
                12.969533
              ],
              [
                109.267207,
                12.969504
              ],
              [
                109.267204,
                12.969485
              ],
              [
                109.267199,
                12.969463
              ],
              [
                109.267144,
                12.969375
              ],
              [
                109.267085,
                12.969312
              ],
              [
                109.267015,
                12.96924
              ],
              [
                109.266978,
                12.969174
              ],
              [
                109.26696,
                12.969116
              ],
              [
                109.266964,
                12.969033
              ],
              [
                109.266992,
                12.968941
              ],
              [
                109.267081,
                12.968884
              ],
              [
                109.267151,
                12.968853
              ],
              [
                109.267221,
                12.968839
              ],
              [
                109.26725,
                12.968848
              ],
              [
                109.267272,
                12.968857
              ],
              [
                109.267302,
                12.968868
              ],
              [
                109.267342,
                12.968884
              ],
              [
                109.267396,
                12.96891
              ],
              [
                109.267433,
                12.968927
              ],
              [
                109.267513,
                12.968984
              ],
              [
                109.267589,
                12.969069
              ],
              [
                109.267645,
                12.969155
              ],
              [
                109.267724,
                12.969256
              ],
              [
                109.267749,
                12.969275
              ],
              [
                109.267856,
                12.969355
              ],
              [
                109.26795,
                12.969386
              ],
              [
                109.267948,
                12.969242
              ],
              [
                109.267952,
                12.969042
              ],
              [
                109.267902,
                12.96864
              ],
              [
                109.26781,
                12.96826
              ],
              [
                109.267733,
                12.968033
              ],
              [
                109.267733,
                12.968032
              ],
              [
                109.267733,
                12.968031
              ],
              [
                109.267662,
                12.967858
              ],
              [
                109.267254,
                12.967991
              ],
              [
                109.267211,
                12.968004
              ],
              [
                109.267083,
                12.968029
              ],
              [
                109.267057,
                12.968033
              ],
              [
                109.267023,
                12.968033
              ],
              [
                109.266784,
                12.968031
              ],
              [
                109.266523,
                12.967985
              ],
              [
                109.266482,
                12.967978
              ],
              [
                109.266267,
                12.967908
              ],
              [
                109.266238,
                12.967891
              ],
              [
                109.266023,
                12.967771
              ],
              [
                109.265659,
                12.967434
              ],
              [
                109.265473,
                12.967247
              ],
              [
                109.265187,
                12.966808
              ],
              [
                109.265055,
                12.96655
              ],
              [
                109.265047,
                12.966516
              ],
              [
                109.264995,
                12.966307
              ],
              [
                109.264965,
                12.96624
              ],
              [
                109.264902,
                12.966117
              ],
              [
                109.264873,
                12.966007
              ],
              [
                109.264872,
                12.966006
              ],
              [
                109.264927,
                12.9658
              ],
              [
                109.265051,
                12.965503
              ],
              [
                109.2652,
                12.965232
              ],
              [
                109.265311,
                12.9651
              ],
              [
                109.265379,
                12.96502
              ],
              [
                109.265423,
                12.964966
              ],
              [
                109.265604,
                12.964845
              ],
              [
                109.265789,
                12.964676
              ],
              [
                109.265826,
                12.964625
              ],
              [
                109.265846,
                12.964598
              ],
              [
                109.265863,
                12.964526
              ],
              [
                109.265849,
                12.964459
              ],
              [
                109.265841,
                12.964418
              ],
              [
                109.265844,
                12.964416
              ],
              [
                109.265845,
                12.964416
              ],
              [
                109.266005,
                12.964348
              ],
              [
                109.266026,
                12.964337
              ],
              [
                109.266393,
                12.964152
              ],
              [
                109.266445,
                12.964126
              ],
              [
                109.266732,
                12.964006
              ],
              [
                109.266776,
                12.964025
              ],
              [
                109.266879,
                12.963963
              ],
              [
                109.267128,
                12.963787
              ],
              [
                109.267121,
                12.963752
              ],
              [
                109.267093,
                12.963734
              ],
              [
                109.267069,
                12.963714
              ],
              [
                109.267066,
                12.963709
              ],
              [
                109.267049,
                12.963675
              ],
              [
                109.267045,
                12.963649
              ],
              [
                109.267062,
                12.963614
              ],
              [
                109.267113,
                12.963503
              ],
              [
                109.267165,
                12.963393
              ],
              [
                109.267239,
                12.963321
              ],
              [
                109.267339,
                12.963178
              ],
              [
                109.267404,
                12.963029
              ],
              [
                109.267421,
                12.962992
              ],
              [
                109.267435,
                12.962854
              ],
              [
                109.267448,
                12.962739
              ],
              [
                109.267462,
                12.962592
              ],
              [
                109.267494,
                12.962424
              ],
              [
                109.267492,
                12.96235
              ],
              [
                109.26746,
                12.96221
              ],
              [
                109.267425,
                12.962135
              ],
              [
                109.267486,
                12.962049
              ],
              [
                109.267726,
                12.961954
              ],
              [
                109.267797,
                12.961953
              ],
              [
                109.26779,
                12.961746
              ],
              [
                109.267816,
                12.961506
              ],
              [
                109.267764,
                12.961279
              ],
              [
                109.267746,
                12.961201
              ],
              [
                109.267745,
                12.960585
              ],
              [
                109.267771,
                12.959613
              ],
              [
                109.267777,
                12.959372
              ],
              [
                109.267796,
                12.957457
              ],
              [
                109.267861,
                12.954191
              ],
              [
                109.267865,
                12.95411
              ],
              [
                109.267866,
                12.954094
              ],
              [
                109.267909,
                12.953541
              ],
              [
                109.267955,
                12.953149
              ],
              [
                109.267957,
                12.953131
              ],
              [
                109.268017,
                12.952748
              ],
              [
                109.268018,
                12.95274
              ],
              [
                109.26804,
                12.952247
              ],
              [
                109.268067,
                12.951858
              ],
              [
                109.268082,
                12.951697
              ],
              [
                109.268101,
                12.951497
              ],
              [
                109.268199,
                12.951433
              ],
              [
                109.268279,
                12.951341
              ],
              [
                109.268374,
                12.951262
              ],
              [
                109.268455,
                12.951224
              ],
              [
                109.268613,
                12.95118
              ],
              [
                109.269413,
                12.951074
              ],
              [
                109.269684,
                12.951066
              ],
              [
                109.269947,
                12.951014
              ],
              [
                109.270128,
                12.95096
              ],
              [
                109.270242,
                12.950911
              ],
              [
                109.270269,
                12.950911
              ],
              [
                109.270351,
                12.950939
              ],
              [
                109.270497,
                12.951002
              ],
              [
                109.270703,
                12.951153
              ],
              [
                109.270776,
                12.951193
              ],
              [
                109.270791,
                12.951202
              ],
              [
                109.27084,
                12.951214
              ],
              [
                109.27091,
                12.951217
              ],
              [
                109.270914,
                12.951217
              ],
              [
                109.271001,
                12.951215
              ],
              [
                109.271052,
                12.951224
              ],
              [
                109.271076,
                12.951223
              ],
              [
                109.271119,
                12.951232
              ],
              [
                109.271186,
                12.951264
              ],
              [
                109.271199,
                12.951273
              ],
              [
                109.27134,
                12.951368
              ],
              [
                109.271404,
                12.951403
              ],
              [
                109.271445,
                12.951415
              ],
              [
                109.271485,
                12.95141
              ],
              [
                109.27151,
                12.951403
              ],
              [
                109.271535,
                12.951396
              ],
              [
                109.271556,
                12.951384
              ],
              [
                109.271573,
                12.951359
              ],
              [
                109.271577,
                12.951351
              ],
              [
                109.271587,
                12.951326
              ],
              [
                109.271582,
                12.951254
              ],
              [
                109.271563,
                12.951175
              ],
              [
                109.271525,
                12.951036
              ],
              [
                109.271473,
                12.950892
              ],
              [
                109.271439,
                12.950827
              ],
              [
                109.271369,
                12.950745
              ],
              [
                109.271366,
                12.950743
              ],
              [
                109.271231,
                12.950587
              ],
              [
                109.271024,
                12.950357
              ],
              [
                109.270993,
                12.950308
              ],
              [
                109.270979,
                12.950264
              ],
              [
                109.270976,
                12.950257
              ],
              [
                109.270971,
                12.95021
              ],
              [
                109.270983,
                12.950161
              ],
              [
                109.271011,
                12.950112
              ],
              [
                109.271049,
                12.950077
              ],
              [
                109.271073,
                12.950067
              ],
              [
                109.271131,
                12.950043
              ],
              [
                109.27124,
                12.950008
              ],
              [
                109.271349,
                12.94998
              ],
              [
                109.271365,
                12.949975
              ],
              [
                109.271425,
                12.949956
              ],
              [
                109.271508,
                12.949951
              ],
              [
                109.271543,
                12.949951
              ],
              [
                109.271596,
                12.949963
              ],
              [
                109.271657,
                12.949991
              ],
              [
                109.271716,
                12.950033
              ],
              [
                109.271763,
                12.950066
              ],
              [
                109.271789,
                12.950096
              ],
              [
                109.271811,
                12.95014
              ],
              [
                109.271866,
                12.950295
              ],
              [
                109.271929,
                12.950429
              ],
              [
                109.271991,
                12.950497
              ],
              [
                109.272029,
                12.950518
              ],
              [
                109.272069,
                12.95054
              ],
              [
                109.2721,
                12.950541
              ],
              [
                109.272147,
                12.950541
              ],
              [
                109.27223,
                12.950532
              ],
              [
                109.272318,
                12.950489
              ],
              [
                109.272446,
                12.95039
              ],
              [
                109.272568,
                12.950314
              ],
              [
                109.272656,
                12.950305
              ],
              [
                109.272724,
                12.95032
              ],
              [
                109.272804,
                12.950354
              ],
              [
                109.272817,
                12.950359
              ],
              [
                109.272924,
                12.95035
              ],
              [
                109.273002,
                12.950317
              ],
              [
                109.273066,
                12.950246
              ],
              [
                109.27307,
                12.950238
              ],
              [
                109.273085,
                12.9502
              ],
              [
                109.273139,
                12.950074
              ],
              [
                109.273143,
                12.95006
              ],
              [
                109.273154,
                12.950012
              ],
              [
                109.273163,
                12.949949
              ],
              [
                109.273163,
                12.949867
              ],
              [
                109.273148,
                12.949798
              ],
              [
                109.273112,
                12.94971
              ],
              [
                109.273089,
                12.949653
              ],
              [
                109.273061,
                12.949557
              ],
              [
                109.273024,
                12.949356
              ],
              [
                109.273004,
                12.949202
              ],
              [
                109.273006,
                12.949109
              ],
              [
                109.273016,
                12.949041
              ],
              [
                109.273034,
                12.948995
              ],
              [
                109.273072,
                12.948925
              ],
              [
                109.273091,
                12.948898
              ],
              [
                109.273125,
                12.948849
              ],
              [
                109.273163,
                12.948784
              ],
              [
                109.273182,
                12.948712
              ],
              [
                109.273211,
                12.94845
              ],
              [
                109.273227,
                12.948317
              ],
              [
                109.273264,
                12.948093
              ],
              [
                109.273277,
                12.947957
              ],
              [
                109.273286,
                12.947836
              ],
              [
                109.273285,
                12.947704
              ],
              [
                109.273276,
                12.947608
              ],
              [
                109.273247,
                12.947476
              ],
              [
                109.273226,
                12.947353
              ],
              [
                109.273217,
                12.947178
              ],
              [
                109.273215,
                12.947127
              ],
              [
                109.273215,
                12.947127
              ],
              [
                109.273211,
                12.947048
              ],
              [
                109.27321,
                12.947031
              ],
              [
                109.27321,
                12.947027
              ],
              [
                109.273215,
                12.94698
              ],
              [
                109.273228,
                12.946845
              ],
              [
                109.273233,
                12.946803
              ],
              [
                109.273237,
                12.946769
              ],
              [
                109.273249,
                12.94666
              ],
              [
                109.273256,
                12.946593
              ],
              [
                109.273258,
                12.946533
              ],
              [
                109.273245,
                12.946499
              ],
              [
                109.273202,
                12.946436
              ],
              [
                109.273128,
                12.946355
              ],
              [
                109.273033,
                12.946295
              ],
              [
                109.272967,
                12.946272
              ],
              [
                109.272936,
                12.946265
              ],
              [
                109.272896,
                12.946272
              ],
              [
                109.272845,
                12.946287
              ],
              [
                109.272839,
                12.946288
              ],
              [
                109.272727,
                12.94634
              ],
              [
                109.272692,
                12.946352
              ],
              [
                109.272637,
                12.946355
              ],
              [
                109.272631,
                12.946355
              ],
              [
                109.272537,
                12.946358
              ],
              [
                109.272425,
                12.946349
              ],
              [
                109.272145,
                12.946306
              ],
              [
                109.272005,
                12.946264
              ],
              [
                109.271964,
                12.946238
              ],
              [
                109.271943,
                12.946225
              ],
              [
                109.271902,
                12.946177
              ],
              [
                109.271868,
                12.946124
              ],
              [
                109.271862,
                12.94611
              ],
              [
                109.271696,
                12.94588
              ],
              [
                109.271588,
                12.945652
              ],
              [
                109.271555,
                12.945561
              ],
              [
                109.271444,
                12.945262
              ],
              [
                109.271372,
                12.945088
              ],
              [
                109.271332,
                12.944831
              ],
              [
                109.271331,
                12.944817
              ],
              [
                109.271316,
                12.944554
              ],
              [
                109.271315,
                12.944544
              ],
              [
                109.271261,
                12.944388
              ],
              [
                109.271155,
                12.9442
              ],
              [
                109.271132,
                12.944173
              ],
              [
                109.271072,
                12.944108
              ],
              [
                109.270966,
                12.943967
              ],
              [
                109.270915,
                12.943885
              ],
              [
                109.270868,
                12.94376
              ],
              [
                109.270829,
                12.943654
              ],
              [
                109.270816,
                12.94362
              ],
              [
                109.270807,
                12.94361
              ],
              [
                109.270802,
                12.943604
              ],
              [
                109.270731,
                12.943523
              ],
              [
                109.270549,
                12.943456
              ],
              [
                109.270522,
                12.943453
              ],
              [
                109.270465,
                12.943446
              ],
              [
                109.270416,
                12.943435
              ],
              [
                109.270387,
                12.943428
              ],
              [
                109.270304,
                12.943417
              ],
              [
                109.270304,
                12.943416
              ],
              [
                109.270195,
                12.943407
              ],
              [
                109.270105,
                12.94341
              ],
              [
                109.270031,
                12.943431
              ],
              [
                109.270021,
                12.943437
              ],
              [
                109.269972,
                12.943466
              ],
              [
                109.269932,
                12.943508
              ],
              [
                109.269923,
                12.943527
              ],
              [
                109.269914,
                12.943545
              ],
              [
                109.269911,
                12.943585
              ],
              [
                109.269899,
                12.94373
              ],
              [
                109.269908,
                12.943911
              ],
              [
                109.269892,
                12.944012
              ],
              [
                109.269853,
                12.944117
              ],
              [
                109.269804,
                12.944183
              ],
              [
                109.26973,
                12.944221
              ],
              [
                109.269608,
                12.94423
              ],
              [
                109.269522,
                12.944231
              ],
              [
                109.269286,
                12.944233
              ],
              [
                109.269106,
                12.944246
              ],
              [
                109.269008,
                12.944288
              ],
              [
                109.268939,
                12.944345
              ],
              [
                109.268909,
                12.944417
              ],
              [
                109.268884,
                12.944584
              ],
              [
                109.268873,
                12.944637
              ],
              [
                109.268869,
                12.944655
              ],
              [
                109.268825,
                12.944708
              ],
              [
                109.268756,
                12.944746
              ],
              [
                109.268713,
                12.944757
              ],
              [
                109.268712,
                12.944757
              ],
              [
                109.268701,
                12.944761
              ],
              [
                109.268689,
                12.944764
              ],
              [
                109.268672,
                12.944768
              ],
              [
                109.268662,
                12.94477
              ],
              [
                109.268643,
                12.944773
              ],
              [
                109.268623,
                12.944775
              ],
              [
                109.268606,
                12.944776
              ],
              [
                109.268573,
                12.944778
              ],
              [
                109.268563,
                12.944778
              ],
              [
                109.268483,
                12.944782
              ],
              [
                109.268337,
                12.944762
              ],
              [
                109.268174,
                12.944705
              ],
              [
                109.268127,
                12.944689
              ],
              [
                109.268123,
                12.944687
              ],
              [
                109.26786,
                12.944572
              ],
              [
                109.267495,
                12.944422
              ],
              [
                109.267278,
                12.944282
              ],
              [
                109.267262,
                12.944272
              ],
              [
                109.267242,
                12.944247
              ],
              [
                109.267198,
                12.94419
              ],
              [
                109.26719,
                12.94418
              ],
              [
                109.267187,
                12.944171
              ],
              [
                109.267166,
                12.944094
              ],
              [
                109.267177,
                12.943951
              ],
              [
                109.267192,
                12.943883
              ],
              [
                109.267238,
                12.943678
              ],
              [
                109.267246,
                12.943617
              ],
              [
                109.267249,
                12.943596
              ],
              [
                109.267282,
                12.943288
              ],
              [
                109.267289,
                12.943148
              ],
              [
                109.267315,
                12.942807
              ],
              [
                109.26731,
                12.942644
              ],
              [
                109.267291,
                12.94257
              ],
              [
                109.267272,
                12.942537
              ],
              [
                109.267268,
                12.942529
              ],
              [
                109.267163,
                12.942382
              ],
              [
                109.26708,
                12.942362
              ],
              [
                109.267038,
                12.94236
              ],
              [
                109.266944,
                12.942356
              ],
              [
                109.266714,
                12.942427
              ],
              [
                109.266484,
                12.942516
              ],
              [
                109.266473,
                12.94252
              ],
              [
                109.266313,
                12.942582
              ],
              [
                109.266301,
                12.942586
              ],
              [
                109.266211,
                12.942615
              ],
              [
                109.266113,
                12.942617
              ],
              [
                109.266093,
                12.942617
              ],
              [
                109.266049,
                12.942618
              ],
              [
                109.266045,
                12.942618
              ],
              [
                109.265845,
                12.942622
              ],
              [
                109.265729,
                12.942621
              ],
              [
                109.265692,
                12.94263
              ],
              [
                109.265645,
                12.942641
              ],
              [
                109.265631,
                12.942644
              ],
              [
                109.265627,
                12.942648
              ],
              [
                109.265551,
                12.942718
              ],
              [
                109.26549,
                12.942774
              ],
              [
                109.265457,
                12.94283
              ],
              [
                109.265407,
                12.9429
              ],
              [
                109.265376,
                12.942936
              ],
              [
                109.265358,
                12.942956
              ],
              [
                109.265325,
                12.942982
              ],
              [
                109.265287,
                12.942996
              ],
              [
                109.26526,
                12.943002
              ],
              [
                109.265235,
                12.943008
              ],
              [
                109.265049,
                12.943053
              ],
              [
                109.264885,
                12.943064
              ],
              [
                109.264797,
                12.943052
              ],
              [
                109.264702,
                12.943039
              ],
              [
                109.264593,
                12.943021
              ],
              [
                109.264544,
                12.943014
              ],
              [
                109.264446,
                12.942983
              ],
              [
                109.264373,
                12.942923
              ],
              [
                109.264355,
                12.942887
              ],
              [
                109.264334,
                12.942849
              ],
              [
                109.264319,
                12.942821
              ],
              [
                109.264318,
                12.942805
              ],
              [
                109.264291,
                12.942378
              ],
              [
                109.264286,
                12.94235
              ],
              [
                109.264254,
                12.94218
              ],
              [
                109.264253,
                12.942172
              ],
              [
                109.264195,
                12.942062
              ],
              [
                109.264146,
                12.942037
              ],
              [
                109.264079,
                12.942003
              ],
              [
                109.264055,
                12.942
              ],
              [
                109.263998,
                12.94199
              ],
              [
                109.263998,
                12.941989
              ],
              [
                109.263999,
                12.941917
              ],
              [
                109.263998,
                12.941788
              ],
              [
                109.263965,
                12.941457
              ],
              [
                109.264009,
                12.94144
              ],
              [
                109.264003,
                12.941217
              ],
              [
                109.264008,
                12.941067
              ],
              [
                109.264027,
                12.940931
              ],
              [
                109.26363,
                12.94092
              ],
              [
                109.263593,
                12.940331
              ],
              [
                109.263569,
                12.939862
              ],
              [
                109.263541,
                12.939374
              ],
              [
                109.263518,
                12.93899
              ],
              [
                109.263503,
                12.938588
              ],
              [
                109.263502,
                12.938535
              ],
              [
                109.263497,
                12.938163
              ],
              [
                109.263496,
                12.938064
              ],
              [
                109.263493,
                12.937862
              ],
              [
                109.263485,
                12.937775
              ],
              [
                109.263488,
                12.937762
              ],
              [
                109.263494,
                12.937727
              ],
              [
                109.263502,
                12.937688
              ],
              [
                109.263541,
                12.937485
              ],
              [
                109.263546,
                12.93746
              ],
              [
                109.263543,
                12.93723
              ],
              [
                109.263539,
                12.936991
              ],
              [
                109.263537,
                12.936826
              ],
              [
                109.263434,
                12.936495
              ],
              [
                109.263431,
                12.936464
              ],
              [
                109.263416,
                12.93634
              ],
              [
                109.26339,
                12.936064
              ],
              [
                109.263396,
                12.935709
              ],
              [
                109.263418,
                12.935679
              ],
              [
                109.263441,
                12.935646
              ],
              [
                109.264622,
                12.935721
              ],
              [
                109.264704,
                12.935456
              ],
              [
                109.264766,
                12.935184
              ],
              [
                109.264792,
                12.935068
              ],
              [
                109.264921,
                12.934392
              ],
              [
                109.264931,
                12.934339
              ],
              [
                109.264932,
                12.934329
              ],
              [
                109.264948,
                12.934139
              ],
              [
                109.264964,
                12.933914
              ],
              [
                109.264984,
                12.933709
              ],
              [
                109.265021,
                12.93358
              ],
              [
                109.265135,
                12.933259
              ],
              [
                109.265171,
                12.933079
              ],
              [
                109.265172,
                12.932943
              ],
              [
                109.265173,
                12.932941
              ],
              [
                109.265187,
                12.932817
              ],
              [
                109.265203,
                12.932728
              ],
              [
                109.26522,
                12.932681
              ],
              [
                109.265232,
                12.932649
              ],
              [
                109.265291,
                12.932581
              ],
              [
                109.26549,
                12.9324
              ],
              [
                109.265637,
                12.932271
              ],
              [
                109.265781,
                12.932176
              ],
              [
                109.265924,
                12.932123
              ],
              [
                109.266044,
                12.932084
              ],
              [
                109.266096,
                12.932034
              ],
              [
                109.266141,
                12.931941
              ],
              [
                109.266172,
                12.931879
              ],
              [
                109.266173,
                12.931878
              ],
              [
                109.266222,
                12.93178
              ],
              [
                109.266263,
                12.931669
              ],
              [
                109.266491,
                12.931646
              ],
              [
                109.266583,
                12.931617
              ],
              [
                109.266687,
                12.931573
              ],
              [
                109.2667,
                12.931567
              ],
              [
                109.266774,
                12.9315
              ],
              [
                109.266786,
                12.931486
              ],
              [
                109.266844,
                12.931421
              ],
              [
                109.266855,
                12.931405
              ],
              [
                109.266906,
                12.931328
              ],
              [
                109.266972,
                12.931161
              ],
              [
                109.266988,
                12.931121
              ],
              [
                109.267096,
                12.930869
              ],
              [
                109.267119,
                12.930817
              ],
              [
                109.267235,
                12.930459
              ],
              [
                109.267374,
                12.930031
              ],
              [
                109.267437,
                12.929837
              ],
              [
                109.267571,
                12.929826
              ],
              [
                109.267606,
                12.929823
              ],
              [
                109.267659,
                12.929812
              ],
              [
                109.267722,
                12.92979
              ],
              [
                109.267776,
                12.929757
              ],
              [
                109.267848,
                12.929677
              ],
              [
                109.267869,
                12.929648
              ],
              [
                109.267904,
                12.929599
              ],
              [
                109.267909,
                12.92959
              ],
              [
                109.267967,
                12.929524
              ],
              [
                109.268048,
                12.929461
              ],
              [
                109.268152,
                12.92941
              ],
              [
                109.268156,
                12.92941
              ],
              [
                109.268503,
                12.929199
              ],
              [
                109.268552,
                12.929171
              ],
              [
                109.268572,
                12.929162
              ],
              [
                109.268584,
                12.929157
              ],
              [
                109.268599,
                12.929154
              ],
              [
                109.26864,
                12.929146
              ],
              [
                109.2687,
                12.929141
              ],
              [
                109.26876,
                12.929146
              ],
              [
                109.268819,
                12.929176
              ],
              [
                109.268863,
                12.929196
              ],
              [
                109.268898,
                12.929213
              ],
              [
                109.268937,
                12.929229
              ],
              [
                109.268973,
                12.929239
              ],
              [
                109.269065,
                12.929248
              ],
              [
                109.269085,
                12.929251
              ],
              [
                109.269132,
                12.929265
              ],
              [
                109.269161,
                12.929284
              ],
              [
                109.269165,
                12.929286
              ],
              [
                109.269176,
                12.929296
              ],
              [
                109.26919,
                12.92931
              ],
              [
                109.26924,
                12.929342
              ],
              [
                109.269271,
                12.929359
              ],
              [
                109.269303,
                12.929371
              ],
              [
                109.269328,
                12.929377
              ],
              [
                109.269344,
                12.929378
              ],
              [
                109.269386,
                12.929383
              ],
              [
                109.269414,
                12.929382
              ],
              [
                109.269463,
                12.929377
              ],
              [
                109.269495,
                12.929365
              ],
              [
                109.269531,
                12.929348
              ],
              [
                109.269545,
                12.929342
              ],
              [
                109.269582,
                12.92932
              ],
              [
                109.269599,
                12.929305
              ],
              [
                109.269633,
                12.929275
              ],
              [
                109.26971,
                12.929219
              ],
              [
                109.26973,
                12.929213
              ],
              [
                109.269782,
                12.929205
              ],
              [
                109.269904,
                12.92919
              ],
              [
                109.269962,
                12.929195
              ],
              [
                109.270017,
                12.929203
              ],
              [
                109.270056,
                12.929221
              ],
              [
                109.270092,
                12.929255
              ],
              [
                109.270128,
                12.929302
              ],
              [
                109.270154,
                12.929346
              ],
              [
                109.270186,
                12.929394
              ],
              [
                109.270219,
                12.929434
              ],
              [
                109.270249,
                12.929461
              ],
              [
                109.270284,
                12.929481
              ],
              [
                109.270318,
                12.929493
              ],
              [
                109.270344,
                12.929495
              ],
              [
                109.270364,
                12.92949
              ],
              [
                109.27074,
                12.929585
              ],
              [
                109.270761,
                12.929594
              ],
              [
                109.270801,
                12.929604
              ],
              [
                109.270849,
                12.929612
              ],
              [
                109.270902,
                12.929615
              ],
              [
                109.270951,
                12.929613
              ],
              [
                109.271004,
                12.929607
              ],
              [
                109.27106,
                12.929599
              ],
              [
                109.271062,
                12.929587
              ],
              [
                109.271073,
                12.929462
              ],
              [
                109.27108,
                12.929348
              ],
              [
                109.271071,
                12.929109
              ],
              [
                109.271071,
                12.929093
              ],
              [
                109.271122,
                12.928884
              ],
              [
                109.271153,
                12.928676
              ],
              [
                109.271163,
                12.928613
              ],
              [
                109.271181,
                12.928488
              ],
              [
                109.271128,
                12.928139
              ],
              [
                109.271604,
                12.928081
              ],
              [
                109.272095,
                12.928005
              ],
              [
                109.272384,
                12.927968
              ],
              [
                109.272484,
                12.927979
              ],
              [
                109.2726,
                12.928047
              ],
              [
                109.27285,
                12.928267
              ],
              [
                109.273004,
                12.92849
              ],
              [
                109.273055,
                12.92852
              ],
              [
                109.273118,
                12.928517
              ],
              [
                109.273191,
                12.928497
              ],
              [
                109.273247,
                12.928483
              ],
              [
                109.27338,
                12.928406
              ],
              [
                109.273635,
                12.928187
              ],
              [
                109.273793,
                12.928101
              ],
              [
                109.273984,
                12.928061
              ],
              [
                109.274139,
                12.928021
              ],
              [
                109.274324,
                12.927937
              ],
              [
                109.274439,
                12.927889
              ],
              [
                109.274547,
                12.92783
              ],
              [
                109.27464,
                12.927788
              ],
              [
                109.274746,
                12.927718
              ],
              [
                109.274985,
                12.927538
              ],
              [
                109.275244,
                12.927372
              ],
              [
                109.275534,
                12.927237
              ],
              [
                109.275923,
                12.927124
              ],
              [
                109.276069,
                12.927163
              ],
              [
                109.276242,
                12.927269
              ],
              [
                109.276302,
                12.927289
              ],
              [
                109.276704,
                12.927377
              ],
              [
                109.276861,
                12.92736
              ],
              [
                109.277144,
                12.927273
              ],
              [
                109.277359,
                12.927246
              ],
              [
                109.277452,
                12.927269
              ],
              [
                109.27759,
                12.927352
              ],
              [
                109.277696,
                12.927425
              ],
              [
                109.277969,
                12.927479
              ],
              [
                109.278356,
                12.927485
              ],
              [
                109.279082,
                12.927466
              ],
              [
                109.279391,
                12.927407
              ],
              [
                109.279984,
                12.927189
              ],
              [
                109.280249,
                12.927018
              ],
              [
                109.280365,
                12.926959
              ],
              [
                109.280535,
                12.926931
              ],
              [
                109.280604,
                12.926959
              ],
              [
                109.280692,
                12.927052
              ],
              [
                109.280832,
                12.927181
              ],
              [
                109.280969,
                12.927308
              ],
              [
                109.281128,
                12.927434
              ],
              [
                109.281449,
                12.927621
              ],
              [
                109.281752,
                12.92774
              ],
              [
                109.28235,
                12.927928
              ],
              [
                109.282781,
                12.928026
              ],
              [
                109.283135,
                12.928047
              ],
              [
                109.283229,
                12.928071
              ],
              [
                109.283268,
                12.928098
              ],
              [
                109.283373,
                12.928201
              ],
              [
                109.283566,
                12.928454
              ],
              [
                109.283681,
                12.928805
              ],
              [
                109.283736,
                12.929008
              ],
              [
                109.283802,
                12.92919
              ],
              [
                109.283923,
                12.929568
              ],
              [
                109.283982,
                12.929676
              ],
              [
                109.284119,
                12.929835
              ],
              [
                109.284199,
                12.929926
              ],
              [
                109.284386,
                12.930067
              ],
              [
                109.284556,
                12.930138
              ],
              [
                109.284672,
                12.930152
              ],
              [
                109.284971,
                12.93007
              ],
              [
                109.285076,
                12.930035
              ],
              [
                109.285228,
                12.930064
              ],
              [
                109.28563,
                12.930236
              ],
              [
                109.285915,
                12.930283
              ],
              [
                109.286749,
                12.93022
              ],
              [
                109.286999,
                12.930178
              ],
              [
                109.287135,
                12.930157
              ],
              [
                109.287317,
                12.930186
              ],
              [
                109.287619,
                12.930326
              ],
              [
                109.28789,
                12.930454
              ],
              [
                109.288031,
                12.930458
              ],
              [
                109.288124,
                12.930407
              ],
              [
                109.288381,
                12.930117
              ],
              [
                109.288572,
                12.929927
              ],
              [
                109.288756,
                12.929784
              ],
              [
                109.289099,
                12.929675
              ],
              [
                109.289716,
                12.929618
              ],
              [
                109.289801,
                12.929589
              ],
              [
                109.289852,
                12.929534
              ],
              [
                109.289868,
                12.929502
              ],
              [
                109.289976,
                12.929216
              ],
              [
                109.289979,
                12.929214
              ],
              [
                109.290234,
                12.928888
              ],
              [
                109.290316,
                12.928691
              ],
              [
                109.290448,
                12.928363
              ],
              [
                109.29055,
                12.928102
              ],
              [
                109.290555,
                12.92809
              ],
              [
                109.290705,
                12.927865
              ],
              [
                109.290737,
                12.927832
              ],
              [
                109.291086,
                12.927608
              ],
              [
                109.291254,
                12.92746
              ],
              [
                109.291432,
                12.927307
              ],
              [
                109.291901,
                12.926881
              ],
              [
                109.292355,
                12.926692
              ],
              [
                109.292752,
                12.926594
              ],
              [
                109.29363,
                12.92704
              ],
              [
                109.293929,
                12.927164
              ],
              [
                109.294269,
                12.92736
              ],
              [
                109.294865,
                12.927728
              ],
              [
                109.295692,
                12.928189
              ],
              [
                109.295808,
                12.928228
              ],
              [
                109.295922,
                12.928243
              ],
              [
                109.296163,
                12.928242
              ],
              [
                109.296659,
                12.928186
              ],
              [
                109.296663,
                12.928184
              ],
              [
                109.297426,
                12.928009
              ],
              [
                109.297845,
                12.927888
              ],
              [
                109.29811,
                12.92789
              ],
              [
                109.298263,
                12.927954
              ],
              [
                109.298502,
                12.92814
              ],
              [
                109.298894,
                12.928335
              ],
              [
                109.299602,
                12.928618
              ],
              [
                109.300047,
                12.928777
              ],
              [
                109.300412,
                12.929043
              ],
              [
                109.30066,
                12.928474
              ],
              [
                109.300743,
                12.928359
              ],
              [
                109.301045,
                12.928088
              ],
              [
                109.301254,
                12.927933
              ],
              [
                109.301748,
                12.9277
              ],
              [
                109.301884,
                12.927658
              ],
              [
                109.302369,
                12.927561
              ],
              [
                109.302443,
                12.92754
              ],
              [
                109.302615,
                12.927356
              ],
              [
                109.303074,
                12.92671
              ],
              [
                109.303221,
                12.926559
              ],
              [
                109.303499,
                12.926431
              ],
              [
                109.303925,
                12.926186
              ],
              [
                109.304246,
                12.926006
              ],
              [
                109.30449,
                12.925784
              ],
              [
                109.304575,
                12.925665
              ],
              [
                109.304602,
                12.925573
              ],
              [
                109.304501,
                12.92539
              ],
              [
                109.304284,
                12.924922
              ],
              [
                109.304242,
                12.924794
              ],
              [
                109.304249,
                12.924756
              ],
              [
                109.304511,
                12.924322
              ],
              [
                109.304559,
                12.924182
              ],
              [
                109.304607,
                12.924003
              ],
              [
                109.304546,
                12.92378
              ],
              [
                109.304534,
                12.923689
              ],
              [
                109.304535,
                12.923358
              ],
              [
                109.304471,
                12.923044
              ],
              [
                109.304412,
                12.922828
              ],
              [
                109.304413,
                12.922602
              ],
              [
                109.30437,
                12.922425
              ],
              [
                109.303905,
                12.921583
              ],
              [
                109.303828,
                12.921294
              ],
              [
                109.303844,
                12.92106
              ],
              [
                109.304129,
                12.920581
              ],
              [
                109.304147,
                12.920482
              ],
              [
                109.30414,
                12.920353
              ],
              [
                109.304079,
                12.920162
              ],
              [
                109.304069,
                12.920003
              ],
              [
                109.304077,
                12.919861
              ],
              [
                109.304107,
                12.919551
              ],
              [
                109.304148,
                12.919435
              ],
              [
                109.304245,
                12.919311
              ],
              [
                109.30445,
                12.919149
              ],
              [
                109.304538,
                12.919065
              ],
              [
                109.304565,
                12.918992
              ],
              [
                109.304572,
                12.918874
              ],
              [
                109.304534,
                12.918722
              ],
              [
                109.304418,
                12.918206
              ],
              [
                109.304326,
                12.917975
              ],
              [
                109.304268,
                12.917806
              ],
              [
                109.30426,
                12.917648
              ],
              [
                109.304306,
                12.917444
              ],
              [
                109.304437,
                12.917219
              ],
              [
                109.304565,
                12.917043
              ],
              [
                109.304633,
                12.91692
              ],
              [
                109.304671,
                12.916762
              ],
              [
                109.304691,
                12.916488
              ],
              [
                109.304567,
                12.915796
              ],
              [
                109.304574,
                12.915545
              ],
              [
                109.304648,
                12.915216
              ],
              [
                109.304748,
                12.915025
              ],
              [
                109.304936,
                12.914793
              ],
              [
                109.305128,
                12.914553
              ],
              [
                109.305286,
                12.914438
              ],
              [
                109.305405,
                12.91441
              ],
              [
                109.305604,
                12.914401
              ],
              [
                109.305804,
                12.914369
              ],
              [
                109.3059,
                12.914274
              ],
              [
                109.305945,
                12.914221
              ],
              [
                109.305965,
                12.91412
              ],
              [
                109.305939,
                12.913958
              ],
              [
                109.305892,
                12.913792
              ],
              [
                109.305698,
                12.913494
              ],
              [
                109.305613,
                12.913336
              ],
              [
                109.305529,
                12.91306
              ],
              [
                109.305506,
                12.912642
              ],
              [
                109.305469,
                12.912171
              ],
              [
                109.305454,
                12.912099
              ],
              [
                109.305384,
                12.911927
              ],
              [
                109.305217,
                12.911727
              ],
              [
                109.304954,
                12.911389
              ],
              [
                109.304782,
                12.911143
              ],
              [
                109.304721,
                12.910902
              ],
              [
                109.304702,
                12.910619
              ],
              [
                109.304741,
                12.910356
              ],
              [
                109.304788,
                12.910107
              ],
              [
                109.304883,
                12.909848
              ],
              [
                109.304953,
                12.909419
              ],
              [
                109.304988,
                12.909196
              ],
              [
                109.305063,
                12.908949
              ],
              [
                109.305166,
                12.908806
              ],
              [
                109.305408,
                12.908499
              ],
              [
                109.305476,
                12.908347
              ],
              [
                109.305506,
                12.908176
              ],
              [
                109.305516,
                12.907675
              ],
              [
                109.305536,
                12.907557
              ],
              [
                109.305601,
                12.907461
              ],
              [
                109.305815,
                12.907237
              ],
              [
                109.305867,
                12.907177
              ],
              [
                109.305898,
                12.907103
              ],
              [
                109.305905,
                12.906593
              ],
              [
                109.305884,
                12.906411
              ],
              [
                109.305832,
                12.906243
              ],
              [
                109.305795,
                12.906083
              ],
              [
                109.305807,
                12.905906
              ],
              [
                109.305984,
                12.905565
              ],
              [
                109.306077,
                12.90539
              ],
              [
                109.306193,
                12.904825
              ],
              [
                109.306271,
                12.904626
              ],
              [
                109.306395,
                12.904357
              ],
              [
                109.306412,
                12.903721
              ],
              [
                109.306478,
                12.903465
              ],
              [
                109.306523,
                12.903311
              ],
              [
                109.306593,
                12.903238
              ],
              [
                109.306716,
                12.903193
              ],
              [
                109.306963,
                12.90322
              ],
              [
                109.307115,
                12.903176
              ],
              [
                109.307198,
                12.903111
              ],
              [
                109.307458,
                12.902877
              ],
              [
                109.307578,
                12.902656
              ],
              [
                109.30771,
                12.902492
              ],
              [
                109.307903,
                12.902391
              ],
              [
                109.308095,
                12.902286
              ],
              [
                109.308321,
                12.902172
              ],
              [
                109.308562,
                12.902106
              ],
              [
                109.308686,
                12.902072
              ],
              [
                109.309074,
                12.901907
              ],
              [
                109.309498,
                12.901832
              ],
              [
                109.309929,
                12.901748
              ],
              [
                109.310132,
                12.901773
              ],
              [
                109.310432,
                12.901867
              ],
              [
                109.310697,
                12.901915
              ],
              [
                109.310891,
                12.901863
              ],
              [
                109.311001,
                12.901797
              ],
              [
                109.311092,
                12.901677
              ],
              [
                109.311301,
                12.901458
              ],
              [
                109.311639,
                12.901151
              ],
              [
                109.311844,
                12.901039
              ],
              [
                109.312033,
                12.900956
              ],
              [
                109.312129,
                12.900897
              ],
              [
                109.312241,
                12.900776
              ],
              [
                109.312342,
                12.900569
              ],
              [
                109.312434,
                12.900378
              ],
              [
                109.312564,
                12.900113
              ],
              [
                109.312613,
                12.900047
              ],
              [
                109.312676,
                12.899934
              ],
              [
                109.312699,
                12.899844
              ],
              [
                109.312699,
                12.899692
              ],
              [
                109.312648,
                12.899449
              ],
              [
                109.312655,
                12.898843
              ],
              [
                109.312633,
                12.898736
              ],
              [
                109.312576,
                12.89859
              ],
              [
                109.312561,
                12.898358
              ],
              [
                109.312589,
                12.898221
              ],
              [
                109.312674,
                12.898113
              ],
              [
                109.312839,
                12.898007
              ],
              [
                109.312981,
                12.897945
              ],
              [
                109.313168,
                12.897903
              ],
              [
                109.31333,
                12.897819
              ],
              [
                109.314077,
                12.897004
              ],
              [
                109.314277,
                12.89679
              ],
              [
                109.314313,
                12.896769
              ],
              [
                109.314454,
                12.896706
              ],
              [
                109.31492,
                12.896441
              ],
              [
                109.315032,
                12.896409
              ],
              [
                109.315078,
                12.896403
              ],
              [
                109.315482,
                12.896279
              ],
              [
                109.315824,
                12.8961
              ],
              [
                109.315959,
                12.89603
              ],
              [
                109.316401,
                12.895945
              ],
              [
                109.316756,
                12.895897
              ],
              [
                109.316805,
                12.89588
              ],
              [
                109.316971,
                12.895764
              ],
              [
                109.317249,
                12.895653
              ],
              [
                109.317492,
                12.895645
              ],
              [
                109.31829,
                12.895791
              ],
              [
                109.317489,
                12.895418
              ],
              [
                109.317211,
                12.895277
              ],
              [
                109.317016,
                12.895179
              ],
              [
                109.316549,
                12.894827
              ],
              [
                109.316369,
                12.894672
              ],
              [
                109.315471,
                12.893429
              ],
              [
                109.315048,
                12.892584
              ],
              [
                109.315047,
                12.892579
              ],
              [
                109.314858,
                12.892101
              ],
              [
                109.314417,
                12.891067
              ],
              [
                109.314286,
                12.890759
              ],
              [
                109.314189,
                12.890458
              ],
              [
                109.314188,
                12.890441
              ],
              [
                109.314139,
                12.889899
              ],
              [
                109.314086,
                12.889696
              ],
              [
                109.313971,
                12.889516
              ],
              [
                109.313875,
                12.889422
              ],
              [
                109.313741,
                12.889326
              ],
              [
                109.313563,
                12.889199
              ],
              [
                109.313509,
                12.888988
              ],
              [
                109.313496,
                12.888906
              ],
              [
                109.313493,
                12.887845
              ],
              [
                109.313461,
                12.887628
              ],
              [
                109.313315,
                12.887236
              ],
              [
                109.313217,
                12.886841
              ],
              [
                109.313561,
                12.886093
              ],
              [
                109.314238,
                12.885049
              ],
              [
                109.314286,
                12.884987
              ],
              [
                109.314434,
                12.884794
              ],
              [
                109.314613,
                12.884454
              ],
              [
                109.31474,
                12.884311
              ],
              [
                109.31488,
                12.884212
              ],
              [
                109.314976,
                12.884168
              ],
              [
                109.315142,
                12.884146
              ],
              [
                109.316028,
                12.884096
              ],
              [
                109.316177,
                12.884083
              ],
              [
                109.316243,
                12.884061
              ],
              [
                109.316361,
                12.883891
              ],
              [
                109.316389,
                12.883805
              ],
              [
                109.316508,
                12.88338
              ],
              [
                109.316568,
                12.882902
              ],
              [
                109.316603,
                12.88279
              ],
              [
                109.316629,
                12.88276
              ],
              [
                109.316756,
                12.882669
              ],
              [
                109.317115,
                12.882507
              ],
              [
                109.317978,
                12.882164
              ],
              [
                109.318214,
                12.882043
              ],
              [
                109.318546,
                12.881755
              ],
              [
                109.318874,
                12.881337
              ],
              [
                109.319184,
                12.88109
              ],
              [
                109.319325,
                12.881077
              ],
              [
                109.319443,
                12.881094
              ],
              [
                109.319745,
                12.881226
              ],
              [
                109.319746,
                12.881226
              ],
              [
                109.320352,
                12.881493
              ],
              [
                109.320637,
                12.881567
              ],
              [
                109.32085,
                12.881582
              ],
              [
                109.32117,
                12.88155
              ],
              [
                109.321449,
                12.881428
              ],
              [
                109.321453,
                12.881426
              ],
              [
                109.321505,
                12.881415
              ],
              [
                109.321658,
                12.881345
              ],
              [
                109.321934,
                12.881293
              ],
              [
                109.322018,
                12.881297
              ],
              [
                109.3226,
                12.881382
              ],
              [
                109.322835,
                12.881323
              ],
              [
                109.323126,
                12.881165
              ],
              [
                109.323565,
                12.880759
              ],
              [
                109.323975,
                12.880481
              ],
              [
                109.324132,
                12.880412
              ],
              [
                109.324303,
                12.88037
              ],
              [
                109.324601,
                12.880335
              ],
              [
                109.325075,
                12.880303
              ],
              [
                109.325503,
                12.880315
              ],
              [
                109.326087,
                12.880279
              ],
              [
                109.326405,
                12.880313
              ],
              [
                109.326934,
                12.880446
              ],
              [
                109.327251,
                12.880583
              ],
              [
                109.32736,
                12.8806
              ],
              [
                109.32775,
                12.880497
              ],
              [
                109.327866,
                12.88048
              ],
              [
                109.329564,
                12.880231
              ],
              [
                109.329893,
                12.880209
              ],
              [
                109.32999,
                12.880187
              ],
              [
                109.330235,
                12.880078
              ],
              [
                109.330454,
                12.879957
              ],
              [
                109.33055,
                12.879879
              ],
              [
                109.330593,
                12.879815
              ],
              [
                109.330742,
                12.879659
              ],
              [
                109.330799,
                12.87956
              ],
              [
                109.33082,
                12.879459
              ],
              [
                109.33082,
                12.879424
              ],
              [
                109.330802,
                12.879347
              ],
              [
                109.330758,
                12.879205
              ],
              [
                109.330717,
                12.879132
              ],
              [
                109.33071,
                12.879119
              ],
              [
                109.330639,
                12.879016
              ],
              [
                109.330536,
                12.878871
              ],
              [
                109.330406,
                12.878687
              ],
              [
                109.330353,
                12.878622
              ],
              [
                109.330212,
                12.878447
              ],
              [
                109.330088,
                12.878254
              ],
              [
                109.330076,
                12.878221
              ],
              [
                109.330042,
                12.878127
              ],
              [
                109.33004,
                12.87812
              ],
              [
                109.330024,
                12.878056
              ],
              [
                109.32996,
                12.877796
              ],
              [
                109.329914,
                12.877579
              ],
              [
                109.329893,
                12.877477
              ],
              [
                109.329893,
                12.877455
              ],
              [
                109.329893,
                12.877349
              ],
              [
                109.329893,
                12.877335
              ],
              [
                109.329894,
                12.877317
              ],
              [
                109.329981,
                12.876293
              ],
              [
                109.329977,
                12.87621
              ],
              [
                109.32997,
                12.876068
              ],
              [
                109.329967,
                12.875996
              ],
              [
                109.329966,
                12.87599
              ],
              [
                109.32996,
                12.875944
              ],
              [
                109.329953,
                12.875893
              ],
              [
                109.329887,
                12.875603
              ],
              [
                109.329866,
                12.875519
              ],
              [
                109.329829,
                12.875375
              ],
              [
                109.329665,
                12.874809
              ],
              [
                109.329598,
                12.874491
              ],
              [
                109.329549,
                12.874267
              ],
              [
                109.329426,
                12.873964
              ],
              [
                109.329217,
                12.873285
              ],
              [
                109.328774,
                12.872365
              ],
              [
                109.328418,
                12.871801
              ],
              [
                109.328272,
                12.871383
              ],
              [
                109.328276,
                12.870862
              ],
              [
                109.328364,
                12.870363
              ],
              [
                109.328498,
                12.869323
              ],
              [
                109.328413,
                12.867749
              ],
              [
                109.328451,
                12.866854
              ],
              [
                109.328359,
                12.866322
              ],
              [
                109.328087,
                12.865821
              ],
              [
                109.328011,
                12.865628
              ],
              [
                109.327855,
                12.865231
              ],
              [
                109.327838,
                12.86519
              ],
              [
                109.328642,
                12.864822
              ],
              [
                109.328861,
                12.86469
              ],
              [
                109.328946,
                12.864432
              ],
              [
                109.328964,
                12.864047
              ],
              [
                109.328943,
                12.86367
              ],
              [
                109.328952,
                12.863456
              ],
              [
                109.329029,
                12.863212
              ],
              [
                109.329099,
                12.863006
              ],
              [
                109.329123,
                12.862725
              ],
              [
                109.329097,
                12.862133
              ],
              [
                109.328864,
                12.860926
              ],
              [
                109.328493,
                12.860029
              ],
              [
                109.328458,
                12.859622
              ],
              [
                109.328494,
                12.858721
              ],
              [
                109.328409,
                12.85784
              ],
              [
                109.328251,
                12.857084
              ],
              [
                109.327617,
                12.855258
              ],
              [
                109.327497,
                12.854309
              ],
              [
                109.327572,
                12.852612
              ],
              [
                109.327537,
                12.851435
              ],
              [
                109.327614,
                12.850998
              ],
              [
                109.327817,
                12.850635
              ],
              [
                109.328042,
                12.85023
              ],
              [
                109.328501,
                12.849588
              ],
              [
                109.328844,
                12.848913
              ],
              [
                109.328909,
                12.848284
              ],
              [
                109.32891,
                12.848272
              ],
              [
                109.328805,
                12.847832
              ],
              [
                109.328782,
                12.847403
              ],
              [
                109.328773,
                12.846887
              ],
              [
                109.328767,
                12.846687
              ],
              [
                109.328756,
                12.846286
              ],
              [
                109.32874,
                12.845871
              ],
              [
                109.32868,
                12.845427
              ],
              [
                109.328643,
                12.845041
              ],
              [
                109.328623,
                12.844852
              ],
              [
                109.32855,
                12.844422
              ],
              [
                109.328546,
                12.844397
              ],
              [
                109.328494,
                12.844247
              ],
              [
                109.328392,
                12.844076
              ],
              [
                109.32817,
                12.84373
              ],
              [
                109.327957,
                12.84343
              ],
              [
                109.32774,
                12.843204
              ],
              [
                109.327504,
                12.84294
              ],
              [
                109.327338,
                12.842762
              ],
              [
                109.327338,
                12.842762
              ],
              [
                109.327242,
                12.842555
              ],
              [
                109.327175,
                12.842083
              ],
              [
                109.327108,
                12.841739
              ],
              [
                109.327005,
                12.84136
              ],
              [
                109.326829,
                12.841117
              ],
              [
                109.326712,
                12.840996
              ],
              [
                109.326566,
                12.840896
              ],
              [
                109.326369,
                12.840847
              ],
              [
                109.326107,
                12.840848
              ],
              [
                109.325953,
                12.840834
              ],
              [
                109.325786,
                12.840784
              ],
              [
                109.325603,
                12.840695
              ],
              [
                109.325579,
                12.840691
              ],
              [
                109.325447,
                12.840659
              ],
              [
                109.325437,
                12.840657
              ],
              [
                109.325419,
                12.840658
              ],
              [
                109.32532,
                12.840663
              ],
              [
                109.325143,
                12.840682
              ],
              [
                109.324925,
                12.840712
              ],
              [
                109.324624,
                12.840783
              ],
              [
                109.324611,
                12.840784
              ],
              [
                109.324524,
                12.840795
              ],
              [
                109.324425,
                12.840802
              ],
              [
                109.324359,
                12.840807
              ],
              [
                109.324294,
                12.840796
              ],
              [
                109.324217,
                12.840773
              ],
              [
                109.324152,
                12.840745
              ],
              [
                109.324075,
                12.84067
              ],
              [
                109.323708,
                12.840324
              ],
              [
                109.323679,
                12.840302
              ],
              [
                109.323292,
                12.839999
              ],
              [
                109.323191,
                12.839941
              ],
              [
                109.323166,
                12.839926
              ],
              [
                109.322791,
                12.839704
              ],
              [
                109.322772,
                12.839692
              ],
              [
                109.322547,
                12.839628
              ],
              [
                109.32239,
                12.839594
              ],
              [
                109.322115,
                12.839591
              ],
              [
                109.32167,
                12.839601
              ],
              [
                109.321431,
                12.839579
              ],
              [
                109.321371,
                12.839553
              ],
              [
                109.321337,
                12.839499
              ],
              [
                109.321334,
                12.839494
              ],
              [
                109.321266,
                12.839089
              ],
              [
                109.321238,
                12.839031
              ],
              [
                109.321194,
                12.838837
              ],
              [
                109.32119,
                12.838742
              ],
              [
                109.321031,
                12.838136
              ],
              [
                109.320978,
                12.837988
              ],
              [
                109.3209,
                12.837786
              ],
              [
                109.320881,
                12.837718
              ],
              [
                109.320834,
                12.837549
              ],
              [
                109.320819,
                12.837259
              ],
              [
                109.32082,
                12.837097
              ],
              [
                109.320852,
                12.83672
              ],
              [
                109.320857,
                12.836655
              ],
              [
                109.320864,
                12.836556
              ],
              [
                109.320839,
                12.836321
              ],
              [
                109.320822,
                12.836256
              ],
              [
                109.320814,
                12.836226
              ],
              [
                109.320733,
                12.836098
              ],
              [
                109.320616,
                12.835991
              ],
              [
                109.320441,
                12.835898
              ],
              [
                109.320317,
                12.83587
              ],
              [
                109.3202,
                12.83587
              ],
              [
                109.320017,
                12.835917
              ],
              [
                109.31987,
                12.836019
              ],
              [
                109.319516,
                12.836273
              ],
              [
                109.319175,
                12.836546
              ],
              [
                109.318993,
                12.836683
              ],
              [
                109.318621,
                12.836798
              ],
              [
                109.318192,
                12.837036
              ],
              [
                109.317814,
                12.837295
              ],
              [
                109.31764,
                12.837481
              ],
              [
                109.31751,
                12.837544
              ],
              [
                109.317427,
                12.837559
              ],
              [
                109.317377,
                12.837568
              ],
              [
                109.317195,
                12.837583
              ],
              [
                109.317049,
                12.837583
              ],
              [
                109.316933,
                12.837641
              ],
              [
                109.316853,
                12.837741
              ],
              [
                109.31681,
                12.837863
              ],
              [
                109.316716,
                12.838107
              ],
              [
                109.316454,
                12.838451
              ],
              [
                109.316215,
                12.838753
              ],
              [
                109.315997,
                12.838889
              ],
              [
                109.315822,
                12.838969
              ],
              [
                109.315465,
                12.83907
              ],
              [
                109.315363,
                12.839142
              ],
              [
                109.315291,
                12.839242
              ],
              [
                109.315281,
                12.839254
              ],
              [
                109.315284,
                12.839307
              ],
              [
                109.315291,
                12.839471
              ],
              [
                109.315336,
                12.839722
              ],
              [
                109.315467,
                12.840033
              ],
              [
                109.315571,
                12.840251
              ],
              [
                109.315615,
                12.840358
              ],
              [
                109.31563,
                12.840451
              ],
              [
                109.31563,
                12.840451
              ],
              [
                109.31563,
                12.84058
              ],
              [
                109.315602,
                12.840716
              ],
              [
                109.315464,
                12.841045
              ],
              [
                109.315443,
                12.841146
              ],
              [
                109.315465,
                12.841246
              ],
              [
                109.315516,
                12.841332
              ],
              [
                109.315606,
                12.841405
              ],
              [
                109.31565,
                12.84147
              ],
              [
                109.315671,
                12.841501
              ],
              [
                109.31567,
                12.841574
              ],
              [
                109.315619,
                12.841675
              ],
              [
                109.315532,
                12.841804
              ],
              [
                109.315508,
                12.841908
              ],
              [
                109.315514,
                12.842053
              ],
              [
                109.315521,
                12.842256
              ],
              [
                109.315505,
                12.84254
              ],
              [
                109.315467,
                12.842702
              ],
              [
                109.315339,
                12.842944
              ],
              [
                109.315222,
                12.843227
              ],
              [
                109.314928,
                12.844042
              ],
              [
                109.314428,
                12.84343
              ],
              [
                109.314384,
                12.843368
              ],
              [
                109.314286,
                12.843275
              ],
              [
                109.314286,
                12.843275
              ],
              [
                109.314285,
                12.843275
              ],
              [
                109.314215,
                12.843263
              ],
              [
                109.313809,
                12.843277
              ],
              [
                109.313262,
                12.843221
              ],
              [
                109.31308,
                12.843179
              ],
              [
                109.31289,
                12.843179
              ],
              [
                109.312634,
                12.843237
              ],
              [
                109.312329,
                12.843346
              ],
              [
                109.312103,
                12.843325
              ],
              [
                109.311892,
                12.843283
              ],
              [
                109.311614,
                12.843155
              ],
              [
                109.311278,
                12.842891
              ],
              [
                109.311247,
                12.842865
              ],
              [
                109.311074,
                12.842806
              ],
              [
                109.31073,
                12.842556
              ],
              [
                109.310672,
                12.84247
              ],
              [
                109.310642,
                12.842399
              ],
              [
                109.310653,
                12.842218
              ],
              [
                109.310719,
                12.841987
              ],
              [
                109.310664,
                12.841721
              ],
              [
                109.310527,
                12.841379
              ],
              [
                109.310153,
                12.840909
              ],
              [
                109.30998,
                12.840759
              ],
              [
                109.309641,
                12.840562
              ],
              [
                109.309239,
                12.840461
              ],
              [
                109.308796,
                12.840305
              ],
              [
                109.308468,
                12.840091
              ],
              [
                109.308413,
                12.840055
              ],
              [
                109.307982,
                12.839648
              ],
              [
                109.307841,
                12.839516
              ],
              [
                109.307688,
                12.839395
              ],
              [
                109.307656,
                12.839387
              ],
              [
                109.307542,
                12.839359
              ],
              [
                109.307389,
                12.839374
              ],
              [
                109.307389,
                12.839374
              ],
              [
                109.30715,
                12.839421
              ],
              [
                109.30697,
                12.839468
              ],
              [
                109.306885,
                12.839474
              ],
              [
                109.306653,
                12.839484
              ],
              [
                109.306434,
                12.839484
              ],
              [
                109.306055,
                12.83945
              ],
              [
                109.305705,
                12.839429
              ],
              [
                109.305158,
                12.839417
              ],
              [
                109.304881,
                12.839432
              ],
              [
                109.304561,
                12.839454
              ],
              [
                109.304561,
                12.839454
              ],
              [
                109.30416,
                12.839446
              ],
              [
                109.303824,
                12.839434
              ],
              [
                109.303703,
                12.839431
              ],
              [
                109.303313,
                12.839413
              ],
              [
                109.303022,
                12.839409
              ],
              [
                109.303022,
                12.839409
              ],
              [
                109.303022,
                12.839409
              ],
              [
                109.302811,
                12.839467
              ],
              [
                109.302739,
                12.839524
              ],
              [
                109.302666,
                12.839582
              ],
              [
                109.302634,
                12.83964
              ],
              [
                109.302586,
                12.839725
              ],
              [
                109.302582,
                12.839738
              ],
              [
                109.302456,
                12.840098
              ],
              [
                109.302439,
                12.84015
              ],
              [
                109.302348,
                12.840442
              ],
              [
                109.302297,
                12.840563
              ],
              [
                109.302297,
                12.840563
              ],
              [
                109.302297,
                12.840564
              ],
              [
                109.302118,
                12.840764
              ],
              [
                109.301961,
                12.840879
              ],
              [
                109.301686,
                12.841002
              ],
              [
                109.301686,
                12.841002
              ],
              [
                109.301686,
                12.841002
              ],
              [
                109.300908,
                12.841541
              ],
              [
                109.300539,
                12.841718
              ],
              [
                109.300318,
                12.841786
              ],
              [
                109.300194,
                12.841787
              ],
              [
                109.29991,
                12.841737
              ],
              [
                109.299632,
                12.841652
              ],
              [
                109.299114,
                12.841461
              ],
              [
                109.298853,
                12.841336
              ],
              [
                109.298684,
                12.841255
              ],
              [
                109.298684,
                12.841255
              ],
              [
                109.298359,
                12.841035
              ],
              [
                109.298274,
                12.840974
              ],
              [
                109.298238,
                12.840948
              ],
              [
                109.298062,
                12.840784
              ],
              [
                109.297924,
                12.840656
              ],
              [
                109.297867,
                12.840568
              ],
              [
                109.297777,
                12.840427
              ],
              [
                109.297776,
                12.840426
              ],
              [
                109.297604,
                12.840092
              ],
              [
                109.297558,
                12.839932
              ],
              [
                109.29752,
                12.839698
              ],
              [
                109.297484,
                12.839641
              ],
              [
                109.297483,
                12.83964
              ],
              [
                109.297439,
                12.839569
              ],
              [
                109.297344,
                12.839476
              ],
              [
                109.297176,
                12.839434
              ],
              [
                109.296979,
                12.83942
              ],
              [
                109.296738,
                12.839335
              ],
              [
                109.296607,
                12.839242
              ],
              [
                109.296607,
                12.839242
              ],
              [
                109.296375,
                12.839018
              ],
              [
                109.296336,
                12.838921
              ],
              [
                109.296233,
                12.838578
              ],
              [
                109.296159,
                12.838349
              ],
              [
                109.296144,
                12.838163
              ],
              [
                109.296144,
                12.837977
              ],
              [
                109.296144,
                12.837977
              ],
              [
                109.296078,
                12.837827
              ],
              [
                109.295975,
                12.837705
              ],
              [
                109.295698,
                12.837563
              ],
              [
                109.295696,
                12.837562
              ],
              [
                109.295482,
                12.8374
              ],
              [
                109.295058,
                12.837173
              ],
              [
                109.295055,
                12.837171
              ],
              [
                109.294807,
                12.837086
              ],
              [
                109.294807,
                12.837086
              ],
              [
                109.294347,
                12.837038
              ],
              [
                109.293925,
                12.837024
              ],
              [
                109.293779,
                12.836987
              ],
              [
                109.293647,
                12.836954
              ],
              [
                109.293399,
                12.836826
              ],
              [
                109.293202,
                12.836662
              ],
              [
                109.293087,
                12.836526
              ],
              [
                109.292968,
                12.836442
              ],
              [
                109.29279,
                12.836137
              ],
              [
                109.292637,
                12.835902
              ],
              [
                109.292506,
                12.835709
              ],
              [
                109.292252,
                12.835542
              ],
              [
                109.291961,
                12.835447
              ],
              [
                109.291507,
                12.835374
              ],
              [
                109.291096,
                12.835398
              ],
              [
                109.291065,
                12.835396
              ],
              [
                109.290336,
                12.835382
              ],
              [
                109.290034,
                12.835376
              ],
              [
                109.289792,
                12.835377
              ],
              [
                109.289226,
                12.83521
              ],
              [
                109.288794,
                12.835066
              ],
              [
                109.288185,
                12.834877
              ],
              [
                109.287404,
                12.834645
              ],
              [
                109.287339,
                12.834627
              ],
              [
                109.286961,
                12.83461
              ],
              [
                109.286956,
                12.83461
              ],
              [
                109.286651,
                12.834593
              ],
              [
                109.286521,
                12.834582
              ],
              [
                109.286495,
                12.834579
              ],
              [
                109.286433,
                12.834576
              ],
              [
                109.286388,
                12.834573
              ],
              [
                109.286347,
                12.834551
              ],
              [
                109.286304,
                12.834502
              ],
              [
                109.286285,
                12.83448
              ],
              [
                109.286151,
                12.834366
              ],
              [
                109.286056,
                12.834301
              ],
              [
                109.285961,
                12.834252
              ],
              [
                109.285805,
                12.834231
              ],
              [
                109.285615,
                12.834206
              ],
              [
                109.285489,
                12.834162
              ],
              [
                109.285233,
                12.834041
              ],
              [
                109.284885,
                12.833769
              ],
              [
                109.284393,
                12.833385
              ],
              [
                109.284044,
                12.83318
              ],
              [
                109.283738,
                12.832995
              ],
              [
                109.283595,
                12.832906
              ],
              [
                109.283533,
                12.832902
              ],
              [
                109.283464,
                12.832913
              ],
              [
                109.283377,
                12.832949
              ],
              [
                109.283151,
                12.833029
              ],
              [
                109.282954,
                12.833083
              ],
              [
                109.282878,
                12.833137
              ],
              [
                109.282816,
                12.833198
              ],
              [
                109.282754,
                12.83328
              ],
              [
                109.282673,
                12.833368
              ],
              [
                109.282598,
                12.833395
              ],
              [
                109.282492,
                12.833392
              ],
              [
                109.282372,
                12.833371
              ],
              [
                109.282197,
                12.833296
              ],
              [
                109.281985,
                12.833204
              ],
              [
                109.281847,
                12.83314
              ],
              [
                109.281675,
                12.833037
              ],
              [
                109.281474,
                12.832934
              ],
              [
                109.281135,
                12.832856
              ],
              [
                109.28108,
                12.832863
              ],
              [
                109.281008,
                12.832917
              ],
              [
                109.280953,
                12.833014
              ],
              [
                109.280866,
                12.833139
              ],
              [
                109.280739,
                12.833308
              ],
              [
                109.28046,
                12.833616
              ],
              [
                109.280347,
                12.833749
              ],
              [
                109.280301,
                12.833793
              ],
              [
                109.280292,
                12.833797
              ],
              [
                109.280249,
                12.833817
              ],
              [
                109.28018,
                12.833828
              ],
              [
                109.279881,
                12.833797
              ],
              [
                109.279338,
                12.833791
              ],
              [
                109.278911,
                12.833728
              ],
              [
                109.278678,
                12.8337
              ],
              [
                109.278583,
                12.833676
              ],
              [
                109.278433,
                12.833565
              ],
              [
                109.278382,
                12.833544
              ],
              [
                109.278349,
                12.833544
              ],
              [
                109.27832,
                12.833551
              ],
              [
                109.278258,
                12.833608
              ],
              [
                109.278149,
                12.833688
              ],
              [
                109.278065,
                12.833713
              ],
              [
                109.277963,
                12.833713
              ],
              [
                109.277847,
                12.833692
              ],
              [
                109.27777,
                12.833699
              ],
              [
                109.277694,
                12.833739
              ],
              [
                109.277606,
                12.833796
              ],
              [
                109.277501,
                12.833879
              ],
              [
                109.277439,
                12.833965
              ],
              [
                109.277403,
                12.83404
              ],
              [
                109.277385,
                12.834144
              ],
              [
                109.277382,
                12.834255
              ],
              [
                109.277404,
                12.834423
              ],
              [
                109.277412,
                12.834549
              ],
              [
                109.277409,
                12.83462
              ],
              [
                109.27738,
                12.834706
              ],
              [
                109.277314,
                12.834807
              ],
              [
                109.277231,
                12.834911
              ],
              [
                109.277154,
                12.834954
              ],
              [
                109.277002,
                12.835004
              ],
              [
                109.276874,
                12.835015
              ],
              [
                109.276743,
                12.834998
              ],
              [
                109.276619,
                12.834977
              ],
              [
                109.276422,
                12.83492
              ],
              [
                109.276329,
                12.834862
              ],
              [
                109.276265,
                12.834806
              ],
              [
                109.276093,
                12.834724
              ],
              [
                109.275925,
                12.834653
              ],
              [
                109.275638,
                12.834544
              ],
              [
                109.275459,
                12.834519
              ],
              [
                109.275327,
                12.834466
              ],
              [
                109.275228,
                12.834375
              ],
              [
                109.275114,
                12.834211
              ],
              [
                109.27502,
                12.834037
              ],
              [
                109.274941,
                12.833883
              ],
              [
                109.274862,
                12.833782
              ],
              [
                109.274591,
                12.833556
              ],
              [
                109.274448,
                12.833484
              ],
              [
                109.274333,
                12.833485
              ],
              [
                109.274188,
                12.833518
              ],
              [
                109.273854,
                12.833659
              ],
              [
                109.27325,
                12.833912
              ],
              [
                109.273097,
                12.833961
              ],
              [
                109.272901,
                12.833961
              ],
              [
                109.272807,
                12.833928
              ],
              [
                109.272551,
                12.833745
              ],
              [
                109.272324,
                12.833625
              ],
              [
                109.272123,
                12.833573
              ],
              [
                109.271749,
                12.833487
              ],
              [
                109.271134,
                12.833402
              ],
              [
                109.270873,
                12.833359
              ],
              [
                109.270465,
                12.833269
              ],
              [
                109.270194,
                12.83326
              ],
              [
                109.269983,
                12.833294
              ],
              [
                109.269791,
                12.833352
              ],
              [
                109.269541,
                12.833435
              ],
              [
                109.26932,
                12.833528
              ],
              [
                109.268981,
                12.833707
              ],
              [
                109.268686,
                12.833843
              ],
              [
                109.268426,
                12.833931
              ],
              [
                109.268141,
                12.834013
              ],
              [
                109.267739,
                12.834133
              ],
              [
                109.267557,
                12.834209
              ],
              [
                109.267409,
                12.834325
              ],
              [
                109.267317,
                12.83449
              ],
              [
                109.267283,
                12.834663
              ],
              [
                109.267268,
                12.834837
              ],
              [
                109.267239,
                12.834953
              ],
              [
                109.267158,
                12.835058
              ],
              [
                109.266888,
                12.83524
              ],
              [
                109.266739,
                12.835374
              ],
              [
                109.266518,
                12.835602
              ],
              [
                109.266249,
                12.835844
              ],
              [
                109.266097,
                12.83599
              ],
              [
                109.265984,
                12.836116
              ],
              [
                109.265891,
                12.836227
              ],
              [
                109.265827,
                12.836271
              ],
              [
                109.265785,
                12.836283
              ],
              [
                109.265571,
                12.836213
              ],
              [
                109.265424,
                12.836166
              ],
              [
                109.265246,
                12.836132
              ],
              [
                109.26505,
                12.836109
              ],
              [
                109.264912,
                12.836061
              ],
              [
                109.264695,
                12.835922
              ],
              [
                109.264454,
                12.835724
              ],
              [
                109.264202,
                12.835556
              ],
              [
                109.264069,
                12.835542
              ],
              [
                109.263897,
                12.835557
              ],
              [
                109.263681,
                12.835615
              ],
              [
                109.263347,
                12.835708
              ],
              [
                109.263091,
                12.835757
              ],
              [
                109.262757,
                12.835792
              ],
              [
                109.262457,
                12.835793
              ],
              [
                109.262098,
                12.83576
              ],
              [
                109.26169,
                12.83579
              ],
              [
                109.261395,
                12.835844
              ],
              [
                109.261086,
                12.835937
              ],
              [
                109.260889,
                12.836029
              ],
              [
                109.260772,
                12.836116
              ],
              [
                109.260674,
                12.836242
              ],
              [
                109.260605,
                12.836373
              ],
              [
                109.260552,
                12.836552
              ],
              [
                109.260457,
                12.836649
              ],
              [
                109.260326,
                12.83676
              ],
              [
                109.259968,
                12.836968
              ],
              [
                109.259501,
                12.837182
              ],
              [
                109.258661,
                12.83746
              ],
              [
                109.258042,
                12.837587
              ],
              [
                109.257515,
                12.837675
              ],
              [
                109.257321,
                12.83771
              ],
              [
                109.257098,
                12.837727
              ],
              [
                109.256439,
                12.837708
              ],
              [
                109.256233,
                12.837699
              ],
              [
                109.256056,
                12.837709
              ],
              [
                109.255972,
                12.837752
              ],
              [
                109.255805,
                12.837888
              ],
              [
                109.25558,
                12.838111
              ],
              [
                109.255453,
                12.838271
              ],
              [
                109.255311,
                12.838435
              ],
              [
                109.255114,
                12.838499
              ],
              [
                109.254932,
                12.83846
              ],
              [
                109.254691,
                12.838355
              ],
              [
                109.254562,
                12.838239
              ],
              [
                109.254523,
                12.838148
              ],
              [
                109.254517,
                12.837955
              ],
              [
                109.254556,
                12.837679
              ],
              [
                109.25456,
                12.837506
              ],
              [
                109.254545,
                12.837341
              ],
              [
                109.2545,
                12.837202
              ],
              [
                109.254426,
                12.837149
              ],
              [
                109.254294,
                12.837106
              ],
              [
                109.254126,
                12.837101
              ],
              [
                109.253718,
                12.837083
              ],
              [
                109.253507,
                12.837069
              ],
              [
                109.253148,
                12.837003
              ],
              [
                109.252732,
                12.836892
              ],
              [
                109.252439,
                12.836787
              ],
              [
                109.25232,
                12.836672
              ],
              [
                109.252276,
                12.836561
              ],
              [
                109.252256,
                12.836416
              ],
              [
                109.25227,
                12.836204
              ],
              [
                109.252309,
                12.835996
              ],
              [
                109.252348,
                12.835866
              ],
              [
                109.252411,
                12.835759
              ],
              [
                109.252504,
                12.835691
              ],
              [
                109.252715,
                12.835599
              ],
              [
                109.252932,
                12.835531
              ],
              [
                109.253054,
                12.835497
              ],
              [
                109.253055,
                12.835497
              ],
              [
                109.253143,
                12.835434
              ],
              [
                109.253147,
                12.835418
              ],
              [
                109.253147,
                12.835418
              ],
              [
                109.253153,
                12.835395
              ],
              [
                109.253148,
                12.835362
              ],
              [
                109.253144,
                12.83534
              ],
              [
                109.252877,
                12.834779
              ],
              [
                109.2528,
                12.834565
              ],
              [
                109.252783,
                12.834462
              ],
              [
                109.252777,
                12.834422
              ],
              [
                109.252754,
                12.834308
              ],
              [
                109.252754,
                12.834257
              ],
              [
                109.252752,
                12.834239
              ],
              [
                109.252746,
                12.834184
              ],
              [
                109.252745,
                12.834035
              ],
              [
                109.252784,
                12.833721
              ],
              [
                109.252803,
                12.833566
              ],
              [
                109.252798,
                12.83347
              ],
              [
                109.252768,
                12.833393
              ],
              [
                109.252721,
                12.833359
              ],
              [
                109.252717,
                12.833356
              ],
              [
                109.252717,
                12.833356
              ],
              [
                109.252537,
                12.833321
              ],
              [
                109.252337,
                12.833295
              ],
              [
                109.25232,
                12.833292
              ],
              [
                109.252108,
                12.833258
              ],
              [
                109.252089,
                12.833254
              ],
              [
                109.25186,
                12.833188
              ],
              [
                109.251787,
                12.833166
              ],
              [
                109.251786,
                12.833166
              ],
              [
                109.251631,
                12.833121
              ],
              [
                109.251416,
                12.833123
              ],
              [
                109.251123,
                12.833223
              ],
              [
                109.250937,
                12.83328
              ],
              [
                109.250688,
                12.833321
              ],
              [
                109.250688,
                12.833321
              ],
              [
                109.250586,
                12.833322
              ],
              [
                109.250535,
                12.833322
              ],
              [
                109.250353,
                12.833298
              ],
              [
                109.250196,
                12.833257
              ],
              [
                109.24994,
                12.833154
              ],
              [
                109.24994,
                12.833154
              ],
              [
                109.24977,
                12.833053
              ],
              [
                109.249469,
                12.832818
              ],
              [
                109.249304,
                12.832681
              ],
              [
                109.249066,
                12.832433
              ],
              [
                109.249061,
                12.832427
              ],
              [
                109.24832,
                12.83165
              ],
              [
                109.2479,
                12.831406
              ],
              [
                109.247698,
                12.831255
              ],
              [
                109.24745,
                12.830996
              ],
              [
                109.247295,
                12.830838
              ],
              [
                109.247233,
                12.830728
              ],
              [
                109.247204,
                12.830617
              ],
              [
                109.247204,
                12.830462
              ],
              [
                109.247237,
                12.830263
              ],
              [
                109.247276,
                12.830097
              ],
              [
                109.247276,
                12.830003
              ],
              [
                109.247242,
                12.829898
              ],
              [
                109.247168,
                12.829837
              ],
              [
                109.247021,
                12.829727
              ],
              [
                109.246874,
                12.829628
              ],
              [
                109.246778,
                12.829528
              ],
              [
                109.246699,
                12.829396
              ],
              [
                109.246637,
                12.829236
              ],
              [
                109.246602,
                12.829075
              ],
              [
                109.24658,
                12.828937
              ],
              [
                109.246528,
                12.828782
              ],
              [
                109.246483,
                12.828677
              ],
              [
                109.246398,
                12.828556
              ],
              [
                109.246308,
                12.82844
              ],
              [
                109.246251,
                12.828307
              ],
              [
                109.24623,
                12.828126
              ],
              [
                109.246176,
                12.827909
              ],
              [
                109.246108,
                12.827727
              ],
              [
                109.246018,
                12.827511
              ],
              [
                109.245881,
                12.827246
              ],
              [
                109.245802,
                12.827141
              ],
              [
                109.245712,
                12.827047
              ],
              [
                109.245452,
                12.826834
              ],
              [
                109.245123,
                12.826605
              ],
              [
                109.244751,
                12.826307
              ],
              [
                109.243761,
                12.825558
              ],
              [
                109.243594,
                12.825452
              ],
              [
                109.243431,
                12.825395
              ],
              [
                109.24321,
                12.825381
              ],
              [
                109.243053,
                12.825367
              ],
              [
                109.24292,
                12.825319
              ],
              [
                109.242787,
                12.825223
              ],
              [
                109.242634,
                12.825103
              ],
              [
                109.242491,
                12.825023
              ],
              [
                109.242056,
                12.824911
              ],
              [
                109.24181,
                12.82485
              ],
              [
                109.24162,
                12.824782
              ],
              [
                109.241452,
                12.824623
              ],
              [
                109.241201,
                12.824349
              ],
              [
                109.241008,
                12.824161
              ],
              [
                109.240716,
                12.823949
              ],
              [
                109.240687,
                12.823932
              ],
              [
                109.240188,
                12.823654
              ],
              [
                109.239222,
                12.823295
              ],
              [
                109.23907,
                12.823043
              ],
              [
                109.239039,
                12.822991
              ],
              [
                109.238691,
                12.822001
              ],
              [
                109.238382,
                12.821684
              ],
              [
                109.238377,
                12.821678
              ],
              [
                109.238354,
                12.821684
              ],
              [
                109.237688,
                12.82185
              ],
              [
                109.237535,
                12.82181
              ],
              [
                109.237355,
                12.821652
              ],
              [
                109.23732,
                12.821596
              ],
              [
                109.237283,
                12.821465
              ],
              [
                109.237208,
                12.821276
              ],
              [
                109.237169,
                12.82098
              ],
              [
                109.237156,
                12.820805
              ],
              [
                109.237068,
                12.820492
              ],
              [
                109.236983,
                12.820354
              ],
              [
                109.236879,
                12.820276
              ],
              [
                109.236733,
                12.820156
              ],
              [
                109.236401,
                12.819958
              ],
              [
                109.23605,
                12.819773
              ],
              [
                109.235989,
                12.819741
              ],
              [
                109.235851,
                12.819691
              ],
              [
                109.235787,
                12.819659
              ],
              [
                109.235733,
                12.819631
              ],
              [
                109.235733,
                12.819631
              ],
              [
                109.23559,
                12.819504
              ],
              [
                109.235396,
                12.819331
              ],
              [
                109.235395,
                12.819331
              ],
              [
                109.235395,
                12.819331
              ],
              [
                109.235158,
                12.819197
              ],
              [
                109.234936,
                12.819115
              ],
              [
                109.234688,
                12.819047
              ],
              [
                109.234283,
                12.818863
              ],
              [
                109.234283,
                12.818863
              ],
              [
                109.234058,
                12.818731
              ],
              [
                109.233556,
                12.818378
              ],
              [
                109.233525,
                12.818356
              ],
              [
                109.233346,
                12.818163
              ],
              [
                109.233142,
                12.817963
              ],
              [
                109.233072,
                12.817894
              ],
              [
                109.232964,
                12.817822
              ],
              [
                109.232773,
                12.817756
              ],
              [
                109.232773,
                12.817756
              ],
              [
                109.232726,
                12.817721
              ],
              [
                109.232725,
                12.817721
              ],
              [
                109.232677,
                12.817685
              ],
              [
                109.232592,
                12.817586
              ],
              [
                109.232524,
                12.817464
              ],
              [
                109.232456,
                12.817353
              ],
              [
                109.232303,
                12.817232
              ],
              [
                109.232111,
                12.817083
              ],
              [
                109.231897,
                12.816863
              ],
              [
                109.231614,
                12.81657
              ],
              [
                109.231303,
                12.816184
              ],
              [
                109.230969,
                12.815703
              ],
              [
                109.230755,
                12.8154
              ],
              [
                109.230585,
                12.815196
              ],
              [
                109.230387,
                12.814925
              ],
              [
                109.230223,
                12.814721
              ],
              [
                109.230116,
                12.814625
              ],
              [
                109.229958,
                12.814484
              ],
              [
                109.229766,
                12.814396
              ],
              [
                109.22958,
                12.814346
              ],
              [
                109.22958,
                12.814346
              ],
              [
                109.229242,
                12.81428
              ],
              [
                109.229156,
                12.814269
              ],
              [
                109.228996,
                12.814248
              ],
              [
                109.228712,
                12.814166
              ],
              [
                109.228582,
                12.814139
              ],
              [
                109.228385,
                12.814112
              ],
              [
                109.228161,
                12.814062
              ],
              [
                109.228114,
                12.814052
              ],
              [
                109.228058,
                12.814019
              ],
              [
                109.228001,
                12.813941
              ],
              [
                109.227978,
                12.813875
              ],
              [
                109.22798,
                12.813767
              ],
              [
                109.227969,
                12.813578
              ],
              [
                109.227964,
                12.813438
              ],
              [
                109.227951,
                12.813348
              ],
              [
                109.227823,
                12.8133
              ],
              [
                109.227634,
                12.813282
              ],
              [
                109.227397,
                12.813283
              ],
              [
                109.227001,
                12.813303
              ],
              [
                109.226724,
                12.813333
              ],
              [
                109.226179,
                12.813368
              ],
              [
                109.226059,
                12.813376
              ],
              [
                109.225898,
                12.813386
              ],
              [
                109.225777,
                12.813411
              ],
              [
                109.225663,
                12.813449
              ],
              [
                109.22513,
                12.813989
              ],
              [
                109.224786,
                12.814398
              ],
              [
                109.2246,
                12.814609
              ],
              [
                109.224348,
                12.81482
              ],
              [
                109.224072,
                12.815036
              ],
              [
                109.223932,
                12.815164
              ],
              [
                109.223786,
                12.815352
              ],
              [
                109.22369,
                12.815474
              ],
              [
                109.223595,
                12.815552
              ],
              [
                109.223505,
                12.815607
              ],
              [
                109.223201,
                12.815702
              ],
              [
                109.222863,
                12.815814
              ],
              [
                109.222532,
                12.815928
              ],
              [
                109.221746,
                12.816161
              ],
              [
                109.220315,
                12.81659
              ],
              [
                109.21978,
                12.816618
              ],
              [
                109.219685,
                12.816625
              ],
              [
                109.219593,
                12.81667
              ],
              [
                109.219524,
                12.816743
              ],
              [
                109.219443,
                12.816839
              ],
              [
                109.219285,
                12.817079
              ],
              [
                109.219065,
                12.8174
              ],
              [
                109.218757,
                12.817941
              ],
              [
                109.218173,
                12.818831
              ],
              [
                109.217966,
                12.819175
              ],
              [
                109.217934,
                12.819276
              ],
              [
                109.217845,
                12.81943
              ],
              [
                109.217507,
                12.819791
              ],
              [
                109.217203,
                12.820176
              ],
              [
                109.217126,
                12.820272
              ],
              [
                109.216663,
                12.820846
              ],
              [
                109.216541,
                12.821106
              ],
              [
                109.216493,
                12.821222
              ],
              [
                109.216469,
                12.82135
              ],
              [
                109.216449,
                12.821524
              ],
              [
                109.216449,
                12.821632
              ],
              [
                109.216466,
                12.821752
              ],
              [
                109.216499,
                12.821964
              ],
              [
                109.216492,
                12.82232
              ],
              [
                109.216492,
                12.8224
              ],
              [
                109.21638,
                12.822883
              ],
              [
                109.216251,
                12.823511
              ],
              [
                109.216223,
                12.823791
              ],
              [
                109.216195,
                12.823962
              ],
              [
                109.216114,
                12.824154
              ],
              [
                109.216025,
                12.824402
              ],
              [
                109.215694,
                12.825379
              ],
              [
                109.215589,
                12.8256
              ],
              [
                109.215508,
                12.82572
              ],
              [
                109.215418,
                12.825828
              ],
              [
                109.21489,
                12.826362
              ],
              [
                109.214809,
                12.826438
              ],
              [
                109.214757,
                12.826549
              ],
              [
                109.214746,
                12.826659
              ],
              [
                109.214709,
                12.826748
              ],
              [
                109.214655,
                12.826824
              ],
              [
                109.214611,
                12.826895
              ],
              [
                109.214606,
                12.827057
              ],
              [
                109.214603,
                12.827341
              ],
              [
                109.214595,
                12.827389
              ],
              [
                109.214574,
                12.827446
              ],
              [
                109.214521,
                12.827507
              ],
              [
                109.21434,
                12.827641
              ],
              [
                109.21406,
                12.827785
              ],
              [
                109.213882,
                12.827877
              ],
              [
                109.213793,
                12.8279
              ],
              [
                109.213536,
                12.827971
              ],
              [
                109.213305,
                12.828008
              ],
              [
                109.212827,
                12.828095
              ],
              [
                109.212633,
                12.82814
              ],
              [
                109.212339,
                12.828148
              ],
              [
                109.212268,
                12.828107
              ],
              [
                109.212202,
                12.828068
              ],
              [
                109.212125,
                12.827988
              ],
              [
                109.212055,
                12.827915
              ],
              [
                109.21198,
                12.827895
              ],
              [
                109.211816,
                12.82791
              ],
              [
                109.211622,
                12.82794
              ],
              [
                109.211354,
                12.82801
              ],
              [
                109.211153,
                12.828098
              ],
              [
                109.210956,
                12.828227
              ],
              [
                109.21067,
                12.828411
              ],
              [
                109.210406,
                12.828591
              ],
              [
                109.210406,
                12.828591
              ],
              [
                109.210324,
                12.828642
              ],
              [
                109.210238,
                12.828686
              ],
              [
                109.209848,
                12.828797
              ],
              [
                109.209189,
                12.829069
              ],
              [
                109.209107,
                12.829114
              ],
              [
                109.209048,
                12.829172
              ],
              [
                109.208993,
                12.829417
              ],
              [
                109.208957,
                12.82958
              ],
              [
                109.208897,
                12.829739
              ],
              [
                109.208878,
                12.829776
              ],
              [
                109.208848,
                12.829813
              ],
              [
                109.208804,
                12.829828
              ],
              [
                109.208396,
                12.830002
              ],
              [
                109.208141,
                12.830073
              ],
              [
                109.207849,
                12.830153
              ],
              [
                109.207644,
                12.830185
              ],
              [
                109.207369,
                12.830326
              ],
              [
                109.207167,
                12.830452
              ],
              [
                109.207097,
                12.830464
              ],
              [
                109.206917,
                12.830494
              ],
              [
                109.206417,
                12.830476
              ],
              [
                109.205946,
                12.830452
              ],
              [
                109.205676,
                12.83026
              ],
              [
                109.205503,
                12.830048
              ],
              [
                109.205354,
                12.829846
              ],
              [
                109.205242,
                12.829714
              ],
              [
                109.205177,
                12.82963
              ],
              [
                109.205114,
                12.829545
              ],
              [
                109.205114,
                12.829545
              ],
              [
                109.205088,
                12.829509
              ],
              [
                109.205047,
                12.829479
              ],
              [
                109.205002,
                12.829461
              ],
              [
                109.204939,
                12.829461
              ],
              [
                109.204831,
                12.829465
              ],
              [
                109.204403,
                12.82952
              ],
              [
                109.204027,
                12.829575
              ],
              [
                109.203952,
                12.829568
              ],
              [
                109.203874,
                12.829554
              ],
              [
                109.203725,
                12.829491
              ],
              [
                109.203497,
                12.829453
              ],
              [
                109.203262,
                12.829391
              ],
              [
                109.203169,
                12.829373
              ],
              [
                109.20305,
                12.829368
              ],
              [
                109.202797,
                12.829409
              ],
              [
                109.202502,
                12.829424
              ],
              [
                109.202338,
                12.829421
              ],
              [
                109.202321,
                12.829417
              ],
              [
                109.202257,
                12.82942
              ],
              [
                109.2021,
                12.829406
              ],
              [
                109.201742,
                12.829318
              ],
              [
                109.201466,
                12.829213
              ],
              [
                109.200539,
                12.829185
              ],
              [
                109.200229,
                12.829224
              ],
              [
                109.20005,
                12.829272
              ],
              [
                109.199667,
                12.829396
              ],
              [
                109.19925,
                12.829532
              ],
              [
                109.198822,
                12.82969
              ],
              [
                109.198703,
                12.829738
              ],
              [
                109.19858,
                12.82983
              ],
              [
                109.198484,
                12.829943
              ],
              [
                109.198399,
                12.830075
              ],
              [
                109.198102,
                12.830464
              ],
              [
                109.197908,
                12.830629
              ],
              [
                109.197756,
                12.830754
              ],
              [
                109.197659,
                12.830856
              ],
              [
                109.197373,
                12.83111
              ],
              [
                109.197173,
                12.831304
              ],
              [
                109.196953,
                12.83152
              ],
              [
                109.196845,
                12.831597
              ],
              [
                109.196652,
                12.831697
              ],
              [
                109.19654,
                12.831741
              ],
              [
                109.196365,
                12.831782
              ],
              [
                109.195714,
                12.831908
              ],
              [
                109.195634,
                12.831912
              ],
              [
                109.195569,
                12.831896
              ],
              [
                109.19557,
                12.831932
              ],
              [
                109.195689,
                12.832368
              ],
              [
                109.19584,
                12.833235
              ],
              [
                109.195862,
                12.833733
              ],
              [
                109.195805,
                12.834487
              ],
              [
                109.195804,
                12.835026
              ],
              [
                109.196012,
                12.835547
              ],
              [
                109.196699,
                12.836181
              ],
              [
                109.196816,
                12.836315
              ],
              [
                109.196831,
                12.836597
              ],
              [
                109.196086,
                12.836973
              ],
              [
                109.195764,
                12.837285
              ],
              [
                109.195694,
                12.837533
              ],
              [
                109.195792,
                12.837965
              ],
              [
                109.19651,
                12.839063
              ],
              [
                109.196994,
                12.839862
              ],
              [
                109.197025,
                12.84016
              ],
              [
                109.196956,
                12.840458
              ],
              [
                109.19665,
                12.840754
              ],
              [
                109.196445,
                12.841117
              ],
              [
                109.196324,
                12.841531
              ],
              [
                109.196253,
                12.841978
              ],
              [
                109.196433,
                12.842725
              ],
              [
                109.196764,
                12.843605
              ],
              [
                109.196839,
                12.844964
              ],
              [
                109.196898,
                12.846191
              ],
              [
                109.197228,
                12.847318
              ],
              [
                109.19788,
                12.849616
              ],
              [
                109.199969,
                12.853086
              ],
              [
                109.201341,
                12.8547
              ],
              [
                109.202639,
                12.856166
              ],
              [
                109.204096,
                12.858539
              ],
              [
                109.204382,
                12.859034
              ],
              [
                109.204531,
                12.859466
              ],
              [
                109.204528,
                12.859797
              ],
              [
                109.204256,
                12.860127
              ],
              [
                109.203781,
                12.860538
              ],
              [
                109.203655,
                12.86066
              ],
              [
                109.203355,
                12.860946
              ],
              [
                109.203264,
                12.861211
              ],
              [
                109.203117,
                12.862427
              ],
              [
                109.203132,
                12.862795
              ],
              [
                109.203136,
                12.862907
              ],
              [
                109.203088,
                12.863404
              ],
              [
                109.202894,
                12.8639
              ],
              [
                109.202447,
                12.864746
              ],
              [
                109.202263,
                12.865134
              ],
              [
                109.20175,
                12.866108
              ],
              [
                109.201442,
                12.866719
              ],
              [
                109.201223,
                12.86702
              ],
              [
                109.200911,
                12.867406
              ],
              [
                109.200769,
                12.867759
              ],
              [
                109.200722,
                12.86812
              ],
              [
                109.200754,
                12.868871
              ],
              [
                109.201216,
                12.870625
              ],
              [
                109.201269,
                12.870828
              ],
              [
                109.201352,
                12.871109
              ],
              [
                109.201517,
                12.871599
              ],
              [
                109.201557,
                12.871856
              ],
              [
                109.201445,
                12.872187
              ],
              [
                109.200868,
                12.872655
              ],
              [
                109.200647,
                12.872852
              ],
              [
                109.200552,
                12.873142
              ],
              [
                109.20047,
                12.873969
              ],
              [
                109.200275,
                12.874937
              ],
              [
                109.200069,
                12.875685
              ],
              [
                109.199674,
                12.876697
              ],
              [
                109.19941,
                12.877422
              ],
              [
                109.198981,
                12.87825
              ],
              [
                109.19842,
                12.879365
              ],
              [
                109.198277,
                12.879733
              ],
              [
                109.198153,
                12.88054
              ],
              [
                109.198161,
                12.881105
              ],
              [
                109.198547,
                12.882002
              ],
              [
                109.198802,
                12.88242
              ],
              [
                109.199554,
                12.883706
              ],
              [
                109.200197,
                12.885008
              ],
              [
                109.200644,
                12.885758
              ],
              [
                109.20095,
                12.885992
              ],
              [
                109.201817,
                12.886406
              ],
              [
                109.203568,
                12.887112
              ],
              [
                109.204271,
                12.887579
              ],
              [
                109.204703,
                12.887956
              ],
              [
                109.205263,
                12.888226
              ],
              [
                109.205931,
                12.888462
              ],
              [
                109.206338,
                12.888753
              ],
              [
                109.206815,
                12.889438
              ],
              [
                109.207204,
                12.89046
              ],
              [
                109.207553,
                12.89105
              ],
              [
                109.207967,
                12.891589
              ],
              [
                109.208189,
                12.891979
              ],
              [
                109.208651,
                12.893168
              ],
              [
                109.209116,
                12.894043
              ],
              [
                109.209551,
                12.894519
              ],
              [
                109.210307,
                12.895196
              ],
              [
                109.211097,
                12.896327
              ],
              [
                109.211473,
                12.896129
              ],
              [
                109.212218,
                12.895779
              ],
              [
                109.212582,
                12.895497
              ],
              [
                109.213138,
                12.896265
              ],
              [
                109.213532,
                12.896979
              ],
              [
                109.213746,
                12.897354
              ],
              [
                109.213859,
                12.89805
              ],
              [
                109.213871,
                12.898148
              ],
              [
                109.213882,
                12.898255
              ],
              [
                109.213893,
                12.898336
              ],
              [
                109.213898,
                12.898403
              ],
              [
                109.213898,
                12.898468
              ],
              [
                109.213899,
                12.898521
              ],
              [
                109.213894,
                12.898606
              ],
              [
                109.213877,
                12.898695
              ],
              [
                109.213841,
                12.898813
              ],
              [
                109.213805,
                12.898903
              ],
              [
                109.213773,
                12.89899
              ],
              [
                109.213731,
                12.899083
              ],
              [
                109.21369,
                12.899183
              ],
              [
                109.213641,
                12.899273
              ],
              [
                109.213596,
                12.899391
              ],
              [
                109.213579,
                12.899484
              ],
              [
                109.213524,
                12.899587
              ],
              [
                109.213482,
                12.899815
              ],
              [
                109.213429,
                12.900326
              ],
              [
                109.213416,
                12.900852
              ],
              [
                109.213419,
                12.901149
              ],
              [
                109.213488,
                12.901661
              ],
              [
                109.213516,
                12.901867
              ],
              [
                109.213534,
                12.902077
              ],
              [
                109.213468,
                12.90246
              ],
              [
                109.213388,
                12.902727
              ],
              [
                109.213396,
                12.902923
              ],
              [
                109.213506,
                12.903268
              ],
              [
                109.213625,
                12.903656
              ],
              [
                109.213677,
                12.903953
              ],
              [
                109.213631,
                12.904226
              ],
              [
                109.213596,
                12.904383
              ],
              [
                109.213477,
                12.904569
              ],
              [
                109.213324,
                12.904831
              ],
              [
                109.212947,
                12.905163
              ],
              [
                109.212652,
                12.905501
              ],
              [
                109.21243,
                12.905834
              ],
              [
                109.21231,
                12.906297
              ],
              [
                109.212309,
                12.906304
              ],
              [
                109.212303,
                12.906508
              ],
              [
                109.212317,
                12.906603
              ],
              [
                109.212331,
                12.906699
              ],
              [
                109.212384,
                12.906857
              ],
              [
                109.212465,
                12.907073
              ],
              [
                109.212464,
                12.907207
              ],
              [
                109.212438,
                12.907365
              ],
              [
                109.212393,
                12.907632
              ],
              [
                109.212337,
                12.907948
              ],
              [
                109.212257,
                12.908196
              ],
              [
                109.212148,
                12.908487
              ],
              [
                109.212146,
                12.908745
              ],
              [
                109.212149,
                12.908994
              ],
              [
                109.212163,
                12.909123
              ],
              [
                109.212244,
                12.909296
              ],
              [
                109.21236,
                12.909454
              ],
              [
                109.212407,
                12.909718
              ],
              [
                109.212527,
                12.909996
              ],
              [
                109.212624,
                12.910087
              ],
              [
                109.212663,
                12.910136
              ],
              [
                109.212662,
                12.910265
              ],
              [
                109.21267,
                12.910442
              ],
              [
                109.212723,
                12.910576
              ],
              [
                109.212853,
                12.910802
              ],
              [
                109.212979,
                12.910908
              ],
              [
                109.213232,
                12.911015
              ],
              [
                109.213362,
                12.91114
              ],
              [
                109.213439,
                12.911298
              ],
              [
                109.213467,
                12.91148
              ],
              [
                109.21351,
                12.911643
              ],
              [
                109.213597,
                12.911797
              ],
              [
                109.213684,
                12.911864
              ],
              [
                109.213766,
                12.911937
              ],
              [
                109.213814,
                12.912018
              ],
              [
                109.213857,
                12.912224
              ],
              [
                109.213924,
                12.912445
              ],
              [
                109.213977,
                12.912536
              ],
              [
                109.214118,
                12.91259
              ],
              [
                109.21423,
                12.912595
              ],
              [
                109.214308,
                12.912601
              ],
              [
                109.214361,
                12.91263
              ],
              [
                109.214385,
                12.912745
              ],
              [
                109.214472,
                12.91287
              ],
              [
                109.214617,
                12.912981
              ],
              [
                109.214728,
                12.913134
              ],
              [
                109.214775,
                12.913331
              ],
              [
                109.214828,
                12.913551
              ],
              [
                109.214894,
                12.91381
              ],
              [
                109.214947,
                12.91393
              ],
              [
                109.214977,
                12.913945
              ],
              [
                109.21509,
                12.914002
              ],
              [
                109.215178,
                12.914032
              ],
              [
                109.215453,
                12.914136
              ],
              [
                109.215548,
                12.914178
              ],
              [
                109.215579,
                12.914235
              ],
              [
                109.215566,
                12.914328
              ],
              [
                109.215516,
                12.914522
              ],
              [
                109.215436,
                12.914772
              ],
              [
                109.215413,
                12.914892
              ],
              [
                109.21541,
                12.915049
              ],
              [
                109.215402,
                12.915159
              ],
              [
                109.215596,
                12.915218
              ],
              [
                109.215711,
                12.915333
              ],
              [
                109.215898,
                12.915579
              ],
              [
                109.215914,
                12.915914
              ],
              [
                109.215851,
                12.916182
              ],
              [
                109.215896,
                12.91651
              ],
              [
                109.215921,
                12.916697
              ],
              [
                109.216118,
                12.917615
              ],
              [
                109.216133,
                12.917633
              ],
              [
                109.216476,
                12.9192
              ],
              [
                109.216782,
                12.919914
              ],
              [
                109.217213,
                12.920993
              ],
              [
                109.217527,
                12.922221
              ],
              [
                109.217619,
                12.9231
              ],
              [
                109.217814,
                12.92395
              ],
              [
                109.218295,
                12.924892
              ],
              [
                109.218718,
                12.925374
              ],
              [
                109.219633,
                12.926109
              ],
              [
                109.220388,
                12.926406
              ],
              [
                109.221789,
                12.925549
              ],
              [
                109.222406,
                12.925233
              ],
              [
                109.222434,
                12.92537
              ],
              [
                109.222518,
                12.92642
              ],
              [
                109.222478,
                12.926811
              ],
              [
                109.222316,
                12.927521
              ],
              [
                109.22208,
                12.92851
              ],
              [
                109.221983,
                12.930292
              ],
              [
                109.221899,
                12.931217
              ],
              [
                109.221868,
                12.931623
              ],
              [
                109.22141,
                12.932572
              ],
              [
                109.220984,
                12.933833
              ],
              [
                109.220805,
                12.934342
              ],
              [
                109.220768,
                12.934427
              ],
              [
                109.220749,
                12.934497
              ],
              [
                109.220729,
                12.93462
              ],
              [
                109.220721,
                12.934715
              ],
              [
                109.220738,
                12.934973
              ],
              [
                109.220753,
                12.935274
              ],
              [
                109.220754,
                12.935285
              ],
              [
                109.220764,
                12.935364
              ],
              [
                109.220781,
                12.935421
              ],
              [
                109.220786,
                12.935436
              ],
              [
                109.220833,
                12.93549
              ],
              [
                109.221003,
                12.935721
              ],
              [
                109.221114,
                12.936037
              ],
              [
                109.221152,
                12.936317
              ],
              [
                109.221142,
                12.936564
              ],
              [
                109.221143,
                12.936665
              ],
              [
                109.22116,
                12.937224
              ],
              [
                109.22118,
                12.93748
              ],
              [
                109.221231,
                12.937781
              ],
              [
                109.221356,
                12.938243
              ],
              [
                109.221505,
                12.938722
              ],
              [
                109.221566,
                12.939038
              ],
              [
                109.221601,
                12.939148
              ],
              [
                109.221652,
                12.939308
              ],
              [
                109.221695,
                12.939434
              ],
              [
                109.221696,
                12.939439
              ],
              [
                109.22176,
                12.939506
              ],
              [
                109.221906,
                12.939578
              ],
              [
                109.222198,
                12.939667
              ],
              [
                109.223143,
                12.939961
              ],
              [
                109.223337,
                12.940033
              ],
              [
                109.223632,
                12.940112
              ],
              [
                109.223873,
                12.940111
              ],
              [
                109.224086,
                12.940055
              ],
              [
                109.224537,
                12.939905
              ],
              [
                109.224812,
                12.939889
              ],
              [
                109.225199,
                12.939895
              ],
              [
                109.225637,
                12.93996
              ],
              [
                109.226185,
                12.940042
              ],
              [
                109.226433,
                12.940118
              ],
              [
                109.226791,
                12.940361
              ],
              [
                109.227009,
                12.940673
              ],
              [
                109.22718,
                12.941148
              ],
              [
                109.227219,
                12.941572
              ],
              [
                109.227236,
                12.941972
              ],
              [
                109.227224,
                12.942146
              ],
              [
                109.227159,
                12.942408
              ],
              [
                109.227157,
                12.942422
              ],
              [
                109.227132,
                12.942602
              ],
              [
                109.227105,
                12.942795
              ],
              [
                109.227113,
                12.943066
              ],
              [
                109.227115,
                12.943136
              ],
              [
                109.227108,
                12.943195
              ],
              [
                109.227103,
                12.94324
              ],
              [
                109.227081,
                12.943436
              ],
              [
                109.227072,
                12.943521
              ],
              [
                109.227069,
                12.943542
              ],
              [
                109.226942,
                12.943829
              ],
              [
                109.226908,
                12.943906
              ],
              [
                109.226865,
                12.943963
              ],
              [
                109.226638,
                12.944259
              ],
              [
                109.226594,
                12.944316
              ],
              [
                109.226568,
                12.944369
              ],
              [
                109.226355,
                12.944792
              ],
              [
                109.226315,
                12.944872
              ],
              [
                109.226304,
                12.944894
              ],
              [
                109.22619,
                12.945095
              ],
              [
                109.226137,
                12.945174
              ],
              [
                109.226111,
                12.945213
              ],
              [
                109.22599,
                12.945393
              ],
              [
                109.225929,
                12.945486
              ],
              [
                109.225841,
                12.945631
              ],
              [
                109.225771,
                12.945748
              ],
              [
                109.225769,
                12.945764
              ],
              [
                109.22576,
                12.945833
              ],
              [
                109.225753,
                12.945889
              ],
              [
                109.225743,
                12.945969
              ],
              [
                109.225734,
                12.946034
              ],
              [
                109.225756,
                12.946083
              ],
              [
                109.225818,
                12.946227
              ],
              [
                109.225822,
                12.946235
              ],
              [
                109.225859,
                12.946322
              ],
              [
                109.225921,
                12.946388
              ],
              [
                109.22598,
                12.946449
              ],
              [
                109.226029,
                12.9465
              ],
              [
                109.22613,
                12.94658
              ],
              [
                109.226169,
                12.946611
              ],
              [
                109.226192,
                12.946619
              ],
              [
                109.226398,
                12.946685
              ],
              [
                109.226475,
                12.9467
              ],
              [
                109.22651,
                12.946707
              ],
              [
                109.226568,
                12.946719
              ],
              [
                109.226812,
                12.946704
              ],
              [
                109.226851,
                12.946702
              ],
              [
                109.227051,
                12.946659
              ],
              [
                109.227059,
                12.946657
              ],
              [
                109.227071,
                12.946656
              ],
              [
                109.227242,
                12.946652
              ],
              [
                109.227269,
                12.946652
              ],
              [
                109.227467,
                12.946688
              ],
              [
                109.22751,
                12.946699
              ],
              [
                109.227656,
                12.946735
              ],
              [
                109.227744,
                12.94678
              ],
              [
                109.227839,
                12.94683
              ],
              [
                109.227931,
                12.946878
              ],
              [
                109.228084,
                12.946969
              ],
              [
                109.228134,
                12.946982
              ],
              [
                109.228198,
                12.946999
              ],
              [
                109.228306,
                12.947
              ],
              [
                109.22842,
                12.946991
              ],
              [
                109.22852,
                12.946949
              ],
              [
                109.22861,
                12.946894
              ],
              [
                109.228762,
                12.946802
              ],
              [
                109.228836,
                12.946747
              ],
              [
                109.228903,
                12.946698
              ],
              [
                109.229083,
                12.946577
              ],
              [
                109.229118,
                12.946553
              ],
              [
                109.229165,
                12.946506
              ],
              [
                109.229193,
                12.946477
              ],
              [
                109.229256,
                12.946412
              ],
              [
                109.229405,
                12.946228
              ],
              [
                109.229425,
                12.946203
              ],
              [
                109.229507,
                12.946078
              ],
              [
                109.229539,
                12.94603
              ],
              [
                109.229594,
                12.945944
              ],
              [
                109.229616,
                12.945905
              ],
              [
                109.229654,
                12.945857
              ],
              [
                109.229755,
                12.945662
              ],
              [
                109.229757,
                12.945657
              ],
              [
                109.22984,
                12.945498
              ],
              [
                109.229875,
                12.945419
              ],
              [
                109.229919,
                12.94532
              ],
              [
                109.229966,
                12.945214
              ],
              [
                109.230024,
                12.945084
              ],
              [
                109.230025,
                12.945081
              ],
              [
                109.230164,
                12.944821
              ],
              [
                109.230183,
                12.944786
              ],
              [
                109.230212,
                12.944731
              ],
              [
                109.230301,
                12.94462
              ],
              [
                109.23031,
                12.944608
              ],
              [
                109.230497,
                12.944377
              ],
              [
                109.230604,
                12.944305
              ],
              [
                109.230617,
                12.944296
              ],
              [
                109.230642,
                12.94428
              ],
              [
                109.230777,
                12.944213
              ],
              [
                109.230868,
                12.944191
              ],
              [
                109.230881,
                12.944188
              ],
              [
                109.230897,
                12.944186
              ],
              [
                109.23105,
                12.944172
              ],
              [
                109.231123,
                12.944188
              ],
              [
                109.231158,
                12.944196
              ],
              [
                109.23121,
                12.944207
              ],
              [
                109.23129,
                12.944284
              ],
              [
                109.231375,
                12.944413
              ],
              [
                109.231413,
                12.944471
              ],
              [
                109.231428,
                12.944511
              ],
              [
                109.231475,
                12.944637
              ],
              [
                109.231483,
                12.944683
              ],
              [
                109.231497,
                12.944765
              ],
              [
                109.231504,
                12.944811
              ],
              [
                109.23152,
                12.944905
              ],
              [
                109.231545,
                12.945102
              ],
              [
                109.231547,
                12.945119
              ],
              [
                109.23155,
                12.945136
              ],
              [
                109.231555,
                12.945167
              ],
              [
                109.231558,
                12.945195
              ],
              [
                109.231559,
                12.94521
              ],
              [
                109.231559,
                12.945215
              ],
              [
                109.231571,
                12.945305
              ],
              [
                109.231597,
                12.945504
              ],
              [
                109.231607,
                12.94558
              ],
              [
                109.231608,
                12.945589
              ],
              [
                109.231612,
                12.945613
              ],
              [
                109.231625,
                12.945705
              ],
              [
                109.231627,
                12.94572
              ],
              [
                109.231635,
                12.9458
              ],
              [
                109.231645,
                12.94595
              ],
              [
                109.231643,
                12.94597
              ],
              [
                109.231634,
                12.946068
              ],
              [
                109.231632,
                12.94608
              ],
              [
                109.231626,
                12.946099
              ],
              [
                109.231588,
                12.946207
              ],
              [
                109.23155,
                12.946311
              ],
              [
                109.231386,
                12.946611
              ],
              [
                109.231361,
                12.946657
              ],
              [
                109.231245,
                12.946868
              ],
              [
                109.23124,
                12.946877
              ],
              [
                109.231225,
                12.946902
              ],
              [
                109.231166,
                12.94699
              ],
              [
                109.231117,
                12.947063
              ],
              [
                109.231116,
                12.947065
              ],
              [
                109.231086,
                12.947109
              ],
              [
                109.231075,
                12.947121
              ],
              [
                109.230961,
                12.947235
              ],
              [
                109.230895,
                12.947293
              ],
              [
                109.23081,
                12.947367
              ],
              [
                109.230657,
                12.947464
              ],
              [
                109.230649,
                12.947469
              ],
              [
                109.230519,
                12.947531
              ],
              [
                109.230377,
                12.947599
              ],
              [
                109.230324,
                12.947631
              ],
              [
                109.230275,
                12.94766
              ],
              [
                109.230164,
                12.947726
              ],
              [
                109.230161,
                12.947729
              ],
              [
                109.230061,
                12.947808
              ],
              [
                109.230005,
                12.947852
              ],
              [
                109.229919,
                12.947973
              ],
              [
                109.229874,
                12.948092
              ],
              [
                109.229873,
                12.948095
              ],
              [
                109.229864,
                12.948119
              ],
              [
                109.229862,
                12.948138
              ],
              [
                109.229855,
                12.948192
              ],
              [
                109.229832,
                12.948384
              ],
              [
                109.229831,
                12.948429
              ],
              [
                109.229837,
                12.94852
              ],
              [
                109.229844,
                12.948613
              ],
              [
                109.229846,
                12.948642
              ],
              [
                109.229862,
                12.948762
              ],
              [
                109.229879,
                12.948837
              ],
              [
                109.229892,
                12.948894
              ],
              [
                109.229937,
                12.949091
              ],
              [
                109.229962,
                12.949147
              ],
              [
                109.229992,
                12.949215
              ],
              [
                109.230014,
                12.949264
              ],
              [
                109.230025,
                12.949275
              ],
              [
                109.230039,
                12.949288
              ],
              [
                109.230128,
                12.94937
              ],
              [
                109.230261,
                12.949436
              ],
              [
                109.23029,
                12.94945
              ],
              [
                109.23042,
                12.949479
              ],
              [
                109.230478,
                12.949492
              ],
              [
                109.230692,
                12.949503
              ],
              [
                109.230746,
                12.949505
              ],
              [
                109.230849,
                12.949473
              ],
              [
                109.230883,
                12.949463
              ],
              [
                109.231112,
                12.949405
              ],
              [
                109.231406,
                12.949403
              ],
              [
                109.232054,
                12.949383
              ],
              [
                109.232256,
                12.949427
              ],
              [
                109.232327,
                12.94943
              ],
              [
                109.232328,
                12.94943
              ],
              [
                109.232408,
                12.949428
              ],
              [
                109.232488,
                12.949427
              ],
              [
                109.23249,
                12.949427
              ],
              [
                109.232598,
                12.94942
              ],
              [
                109.232641,
                12.94941
              ],
              [
                109.232723,
                12.949381
              ],
              [
                109.232926,
                12.94931
              ],
              [
                109.233029,
                12.949274
              ],
              [
                109.233051,
                12.949266
              ],
              [
                109.233075,
                12.949257
              ],
              [
                109.233174,
                12.949216
              ],
              [
                109.23334,
                12.949147
              ],
              [
                109.233433,
                12.949093
              ],
              [
                109.233504,
                12.949052
              ],
              [
                109.233543,
                12.949023
              ],
              [
                109.23361,
                12.948972
              ],
              [
                109.233674,
                12.948923
              ],
              [
                109.233699,
                12.948904
              ],
              [
                109.233728,
                12.948883
              ],
              [
                109.23381,
                12.948812
              ],
              [
                109.233872,
                12.948742
              ],
              [
                109.233891,
                12.948708
              ],
              [
                109.233896,
                12.948669
              ],
              [
                109.233896,
                12.948631
              ],
              [
                109.233893,
                12.948622
              ],
              [
                109.233874,
                12.948561
              ],
              [
                109.233842,
                12.948512
              ],
              [
                109.233806,
                12.948474
              ],
              [
                109.233733,
                12.948394
              ],
              [
                109.233679,
                12.948341
              ],
              [
                109.233656,
                12.948315
              ],
              [
                109.233652,
                12.948298
              ],
              [
                109.233646,
                12.948274
              ],
              [
                109.23365,
                12.948171
              ],
              [
                109.233659,
                12.948113
              ],
              [
                109.233756,
                12.947488
              ],
              [
                109.233805,
                12.947226
              ],
              [
                109.233854,
                12.947006
              ],
              [
                109.233907,
                12.946938
              ],
              [
                109.23391,
                12.946935
              ],
              [
                109.233962,
                12.946885
              ],
              [
                109.234018,
                12.946863
              ],
              [
                109.234038,
                12.946855
              ],
              [
                109.234072,
                12.946867
              ],
              [
                109.234128,
                12.946905
              ],
              [
                109.234138,
                12.946913
              ],
              [
                109.23419,
                12.947
              ],
              [
                109.234338,
                12.947095
              ],
              [
                109.234435,
                12.947103
              ],
              [
                109.234585,
                12.947118
              ],
              [
                109.234707,
                12.947215
              ],
              [
                109.234837,
                12.94746
              ],
              [
                109.23484,
                12.947739
              ],
              [
                109.234829,
                12.947836
              ],
              [
                109.234824,
                12.947873
              ],
              [
                109.23473,
                12.948134
              ],
              [
                109.234694,
                12.948213
              ],
              [
                109.234583,
                12.948455
              ],
              [
                109.234432,
                12.948888
              ],
              [
                109.234398,
                12.94936
              ],
              [
                109.234448,
                12.949982
              ],
              [
                109.234462,
                12.950097
              ],
              [
                109.234474,
                12.950205
              ],
              [
                109.234488,
                12.950323
              ],
              [
                109.234444,
                12.95055
              ],
              [
                109.234382,
                12.950663
              ],
              [
                109.234284,
                12.950746
              ],
              [
                109.234261,
                12.950755
              ],
              [
                109.234102,
                12.950808
              ],
              [
                109.23397,
                12.950853
              ],
              [
                109.233832,
                12.950912
              ],
              [
                109.233281,
                12.951152
              ],
              [
                109.233237,
                12.951172
              ],
              [
                109.233191,
                12.951207
              ],
              [
                109.233188,
                12.95121
              ],
              [
                109.233089,
                12.951304
              ],
              [
                109.232931,
                12.951454
              ],
              [
                109.232746,
                12.951645
              ],
              [
                109.232744,
                12.951648
              ],
              [
                109.232665,
                12.951754
              ],
              [
                109.232626,
                12.951841
              ],
              [
                109.23261,
                12.951906
              ],
              [
                109.232592,
                12.951977
              ],
              [
                109.232522,
                12.952453
              ],
              [
                109.232507,
                12.95251
              ],
              [
                109.232506,
                12.95251
              ],
              [
                109.232478,
                12.952611
              ],
              [
                109.232437,
                12.95276
              ],
              [
                109.232411,
                12.952833
              ],
              [
                109.232385,
                12.952904
              ],
              [
                109.232357,
                12.952979
              ],
              [
                109.232356,
                12.952982
              ],
              [
                109.232334,
                12.95303
              ],
              [
                109.232311,
                12.953084
              ],
              [
                109.232287,
                12.953138
              ],
              [
                109.23226,
                12.953192
              ],
              [
                109.232234,
                12.953237
              ],
              [
                109.232211,
                12.953275
              ],
              [
                109.232193,
                12.953309
              ],
              [
                109.232181,
                12.953329
              ],
              [
                109.232173,
                12.953342
              ],
              [
                109.232161,
                12.953363
              ],
              [
                109.232147,
                12.953391
              ],
              [
                109.232134,
                12.953414
              ],
              [
                109.232122,
                12.95343
              ],
              [
                109.231936,
                12.953593
              ],
              [
                109.231847,
                12.953665
              ],
              [
                109.231649,
                12.953799
              ],
              [
                109.231648,
                12.9538
              ],
              [
                109.231472,
                12.953961
              ],
              [
                109.231383,
                12.954042
              ],
              [
                109.231213,
                12.954337
              ],
              [
                109.231201,
                12.954386
              ],
              [
                109.23119,
                12.954431
              ],
              [
                109.231129,
                12.954671
              ],
              [
                109.231142,
                12.954925
              ],
              [
                109.231186,
                12.95515
              ],
              [
                109.231284,
                12.955317
              ],
              [
                109.23131,
                12.95536
              ],
              [
                109.23147,
                12.955483
              ],
              [
                109.231679,
                12.955636
              ],
              [
                109.231698,
                12.955649
              ],
              [
                109.23171,
                12.955656
              ],
              [
                109.231924,
                12.955778
              ],
              [
                109.232194,
                12.955854
              ],
              [
                109.232318,
                12.955874
              ],
              [
                109.232522,
                12.955908
              ],
              [
                109.232626,
                12.955926
              ],
              [
                109.232834,
                12.955925
              ],
              [
                109.233054,
                12.955925
              ],
              [
                109.233091,
                12.955916
              ],
              [
                109.233091,
                12.955916
              ],
              [
                109.233094,
                12.956102
              ],
              [
                109.233095,
                12.956168
              ],
              [
                109.233101,
                12.956472
              ],
              [
                109.233019,
                12.956631
              ],
              [
                109.233031,
                12.956643
              ],
              [
                109.233173,
                12.956783
              ],
              [
                109.2332,
                12.956831
              ],
              [
                109.233246,
                12.956945
              ],
              [
                109.233276,
                12.956962
              ],
              [
                109.233387,
                12.956969
              ],
              [
                109.233587,
                12.956979
              ],
              [
                109.233689,
                12.95698
              ],
              [
                109.233777,
                12.956908
              ],
              [
                109.233827,
                12.956844
              ],
              [
                109.234106,
                12.956901
              ],
              [
                109.234106,
                12.956901
              ],
              [
                109.234106,
                12.956901
              ],
              [
                109.234107,
                12.956901
              ],
              [
                109.234107,
                12.956901
              ],
              [
                109.234107,
                12.956901
              ],
              [
                109.234071,
                12.956991
              ],
              [
                109.234058,
                12.957021
              ],
              [
                109.234037,
                12.957092
              ],
              [
                109.233989,
                12.957246
              ],
              [
                109.233982,
                12.957476
              ],
              [
                109.233952,
                12.957538
              ],
              [
                109.233883,
                12.957604
              ],
              [
                109.233825,
                12.957637
              ],
              [
                109.233726,
                12.957861
              ],
              [
                109.233632,
                12.958391
              ],
              [
                109.233535,
                12.958832
              ],
              [
                109.233424,
                12.95938
              ],
              [
                109.233398,
                12.959585
              ],
              [
                109.233396,
                12.959598
              ],
              [
                109.233378,
                12.959652
              ],
              [
                109.233229,
                12.960085
              ],
              [
                109.232997,
                12.960671
              ],
              [
                109.232937,
                12.960818
              ],
              [
                109.232933,
                12.960896
              ],
              [
                109.232924,
                12.961082
              ],
              [
                109.232923,
                12.961108
              ],
              [
                109.232898,
                12.961729
              ],
              [
                109.232897,
                12.961746
              ],
              [
                109.232886,
                12.961846
              ],
              [
                109.232886,
                12.961846
              ],
              [
                109.232854,
                12.962135
              ],
              [
                109.232763,
                12.962817
              ],
              [
                109.232724,
                12.963053
              ],
              [
                109.2327,
                12.9632
              ],
              [
                109.232663,
                12.963531
              ],
              [
                109.232636,
                12.963842
              ],
              [
                109.232669,
                12.963982
              ],
              [
                109.232604,
                12.964379
              ],
              [
                109.232504,
                12.964818
              ],
              [
                109.232314,
                12.965532
              ],
              [
                109.232238,
                12.965829
              ],
              [
                109.232201,
                12.965955
              ],
              [
                109.232191,
                12.96601
              ],
              [
                109.232132,
                12.966241
              ],
              [
                109.23203,
                12.966917
              ],
              [
                109.23199,
                12.967352
              ],
              [
                109.231938,
                12.967616
              ],
              [
                109.23189,
                12.967925
              ],
              [
                109.231864,
                12.968042
              ],
              [
                109.231807,
                12.968308
              ],
              [
                109.231696,
                12.968744
              ],
              [
                109.23161,
                12.969121
              ],
              [
                109.231514,
                12.969519
              ],
              [
                109.23149,
                12.969645
              ],
              [
                109.231374,
                12.970181
              ],
              [
                109.231347,
                12.970381
              ],
              [
                109.231314,
                12.970577
              ],
              [
                109.231313,
                12.970611
              ],
              [
                109.231319,
                12.970624
              ],
              [
                109.231406,
                12.970655
              ],
              [
                109.231387,
                12.970847
              ],
              [
                109.231387,
                12.970855
              ],
              [
                109.231387,
                12.970933
              ],
              [
                109.231392,
                12.970976
              ],
              [
                109.230823,
                12.971036
              ],
              [
                109.230118,
                12.971108
              ],
              [
                109.229626,
                12.971159
              ],
              [
                109.228558,
                12.97129
              ],
              [
                109.228558,
                12.971299
              ],
              [
                109.228568,
                12.971465
              ],
              [
                109.228565,
                12.971585
              ],
              [
                109.228572,
                12.971752
              ],
              [
                109.228592,
                12.971828
              ],
              [
                109.228599,
                12.971832
              ],
              [
                109.228639,
                12.972766
              ],
              [
                109.228639,
                12.973025
              ],
              [
                109.228311,
                12.973186
              ],
              [
                109.228025,
                12.9733
              ],
              [
                109.227942,
                12.973322
              ],
              [
                109.227915,
                12.973324
              ],
              [
                109.227872,
                12.973326
              ],
              [
                109.227735,
                12.973335
              ],
              [
                109.227565,
                12.973347
              ],
              [
                109.227532,
                12.973349
              ],
              [
                109.227516,
                12.973349
              ],
              [
                109.22749,
                12.973348
              ],
              [
                109.227443,
                12.973344
              ],
              [
                109.227435,
                12.973343
              ],
              [
                109.227392,
                12.973339
              ],
              [
                109.22734,
                12.973334
              ],
              [
                109.2273,
                12.973329
              ],
              [
                109.227263,
                12.973323
              ],
              [
                109.227217,
                12.973325
              ],
              [
                109.227147,
                12.973337
              ],
              [
                109.227145,
                12.973337
              ],
              [
                109.226992,
                12.973365
              ],
              [
                109.22696,
                12.973367
              ],
              [
                109.226924,
                12.973363
              ],
              [
                109.226872,
                12.973347
              ],
              [
                109.226826,
                12.97333
              ],
              [
                109.226786,
                12.973324
              ],
              [
                109.226746,
                12.973323
              ],
              [
                109.226707,
                12.973322
              ],
              [
                109.226659,
                12.973315
              ],
              [
                109.226648,
                12.973312
              ],
              [
                109.226618,
                12.973304
              ],
              [
                109.226568,
                12.973294
              ],
              [
                109.226467,
                12.973295
              ],
              [
                109.22641,
                12.9733
              ],
              [
                109.226347,
                12.973306
              ],
              [
                109.226324,
                12.973306
              ],
              [
                109.226297,
                12.973303
              ],
              [
                109.226262,
                12.9733
              ],
              [
                109.226237,
                12.973295
              ],
              [
                109.226232,
                12.973294
              ],
              [
                109.226226,
                12.973292
              ],
              [
                109.226162,
                12.973273
              ],
              [
                109.226138,
                12.973265
              ],
              [
                109.226094,
                12.97325
              ],
              [
                109.226082,
                12.973244
              ],
              [
                109.225933,
                12.973169
              ],
              [
                109.225737,
                12.973056
              ],
              [
                109.225658,
                12.973009
              ],
              [
                109.225637,
                12.972996
              ],
              [
                109.225633,
                12.972992
              ],
              [
                109.22557,
                12.972909
              ],
              [
                109.225537,
                12.972874
              ],
              [
                109.225512,
                12.972843
              ],
              [
                109.225493,
                12.972812
              ],
              [
                109.225488,
                12.972786
              ],
              [
                109.225488,
                12.97276
              ],
              [
                109.225489,
                12.972708
              ],
              [
                109.22548,
                12.972663
              ],
              [
                109.225467,
                12.972632
              ],
              [
                109.225451,
                12.972614
              ],
              [
                109.225433,
                12.972598
              ],
              [
                109.22541,
                12.972586
              ],
              [
                109.225395,
                12.972582
              ],
              [
                109.225361,
                12.972575
              ],
              [
                109.225332,
                12.97257
              ],
              [
                109.225289,
                12.972563
              ],
              [
                109.225286,
                12.972562
              ],
              [
                109.225234,
                12.972549
              ],
              [
                109.225201,
                12.972537
              ],
              [
                109.225173,
                12.972526
              ],
              [
                109.225137,
                12.972507
              ],
              [
                109.225112,
                12.97249
              ],
              [
                109.22509,
                12.972469
              ],
              [
                109.225051,
                12.972412
              ],
              [
                109.225039,
                12.972375
              ],
              [
                109.22499,
                12.972225
              ],
              [
                109.224909,
                12.972016
              ],
              [
                109.224817,
                12.971923
              ],
              [
                109.224767,
                12.971908
              ],
              [
                109.224736,
                12.971904
              ],
              [
                109.224701,
                12.971903
              ],
              [
                109.224651,
                12.971907
              ],
              [
                109.224608,
                12.971911
              ],
              [
                109.224576,
                12.971915
              ],
              [
                109.224442,
                12.971921
              ],
              [
                109.224396,
                12.971915
              ],
              [
                109.224332,
                12.971893
              ],
              [
                109.224274,
                12.971867
              ],
              [
                109.224272,
                12.971866
              ],
              [
                109.224236,
                12.971847
              ],
              [
                109.224179,
                12.971822
              ],
              [
                109.224121,
                12.971799
              ],
              [
                109.22407,
                12.971794
              ],
              [
                109.22401,
                12.971796
              ],
              [
                109.223974,
                12.971812
              ],
              [
                109.223919,
                12.971832
              ],
              [
                109.22382,
                12.971835
              ],
              [
                109.223688,
                12.971819
              ],
              [
                109.223688,
                12.971847
              ],
              [
                109.223687,
                12.971871
              ],
              [
                109.223716,
                12.971972
              ],
              [
                109.223798,
                12.972116
              ],
              [
                109.223826,
                12.972255
              ],
              [
                109.223815,
                12.973235
              ],
              [
                109.223818,
                12.973335
              ],
              [
                109.223868,
                12.974675
              ],
              [
                109.22389,
                12.975005
              ],
              [
                109.223927,
                12.97523
              ],
              [
                109.224048,
                12.975456
              ],
              [
                109.224203,
                12.975686
              ],
              [
                109.224164,
                12.975726
              ],
              [
                109.223874,
                12.975741
              ],
              [
                109.223771,
                12.975762
              ],
              [
                109.223765,
                12.975768
              ],
              [
                109.223609,
                12.975756
              ],
              [
                109.223398,
                12.975723
              ],
              [
                109.223428,
                12.975391
              ],
              [
                109.22301,
                12.975323
              ],
              [
                109.222919,
                12.975309
              ],
              [
                109.222919,
                12.97531
              ],
              [
                109.222877,
                12.975801
              ],
              [
                109.22286,
                12.975799
              ],
              [
                109.222649,
                12.975787
              ],
              [
                109.222419,
                12.975765
              ],
              [
                109.222303,
                12.975763
              ],
              [
                109.222213,
                12.975736
              ],
              [
                109.222043,
                12.975715
              ],
              [
                109.221868,
                12.975711
              ],
              [
                109.221649,
                12.975691
              ],
              [
                109.221444,
                12.975647
              ],
              [
                109.221295,
                12.975609
              ],
              [
                109.221063,
                12.975555
              ],
              [
                109.221002,
                12.975528
              ],
              [
                109.220824,
                12.975499
              ],
              [
                109.220554,
                12.975467
              ],
              [
                109.220317,
                12.97544
              ],
              [
                109.220271,
                12.975441
              ],
              [
                109.220148,
                12.975525
              ],
              [
                109.220137,
                12.975533
              ],
              [
                109.219938,
                12.975598
              ],
              [
                109.219816,
                12.975605
              ],
              [
                109.219639,
                12.975667
              ],
              [
                109.219495,
                12.975681
              ],
              [
                109.219418,
                12.975702
              ],
              [
                109.21931,
                12.975741
              ],
              [
                109.219061,
                12.975916
              ],
              [
                109.218847,
                12.976033
              ],
              [
                109.218843,
                12.976035
              ],
              [
                109.21885,
                12.976075
              ],
              [
                109.218862,
                12.976136
              ],
              [
                109.21885,
                12.97614
              ],
              [
                109.218681,
                12.976246
              ],
              [
                109.218593,
                12.976302
              ],
              [
                109.218356,
                12.976435
              ],
              [
                109.218243,
                12.976487
              ],
              [
                109.218049,
                12.976582
              ],
              [
                109.217779,
                12.976682
              ],
              [
                109.217661,
                12.97671
              ],
              [
                109.217434,
                12.976735
              ],
              [
                109.217227,
                12.976746
              ],
              [
                109.217083,
                12.976718
              ],
              [
                109.21708,
                12.976504
              ],
              [
                109.217076,
                12.976474
              ],
              [
                109.217072,
                12.976459
              ],
              [
                109.21705,
                12.976396
              ],
              [
                109.216984,
                12.976233
              ],
              [
                109.216981,
                12.976223
              ],
              [
                109.216928,
                12.975996
              ],
              [
                109.216925,
                12.975947
              ],
              [
                109.2169,
                12.975953
              ],
              [
                109.216863,
                12.975965
              ],
              [
                109.216773,
                12.975995
              ],
              [
                109.216754,
                12.976002
              ],
              [
                109.216516,
                12.976071
              ],
              [
                109.216361,
                12.976109
              ],
              [
                109.216246,
                12.976139
              ],
              [
                109.216234,
                12.976142
              ],
              [
                109.216122,
                12.976172
              ],
              [
                109.216014,
                12.976189
              ],
              [
                109.21591,
                12.976186
              ],
              [
                109.215755,
                12.976179
              ],
              [
                109.215555,
                12.976164
              ],
              [
                109.215277,
                12.976123
              ],
              [
                109.215065,
                12.976086
              ],
              [
                109.215058,
                12.976085
              ],
              [
                109.214949,
                12.976063
              ],
              [
                109.214916,
                12.976056
              ],
              [
                109.214829,
                12.976039
              ],
              [
                109.214578,
                12.975994
              ],
              [
                109.214573,
                12.975994
              ],
              [
                109.214361,
                12.975966
              ],
              [
                109.214213,
                12.975945
              ],
              [
                109.21414,
                12.975918
              ],
              [
                109.214094,
                12.975885
              ],
              [
                109.214055,
                12.975843
              ],
              [
                109.214019,
                12.975811
              ],
              [
                109.213995,
                12.975802
              ],
              [
                109.21396,
                12.975798
              ],
              [
                109.213912,
                12.975801
              ],
              [
                109.213868,
                12.975822
              ],
              [
                109.213871,
                12.975905
              ],
              [
                109.213885,
                12.976217
              ],
              [
                109.213878,
                12.976334
              ],
              [
                109.214013,
                12.976334
              ],
              [
                109.214027,
                12.976332
              ],
              [
                109.214174,
                12.97634
              ],
              [
                109.214095,
                12.976678
              ],
              [
                109.214094,
                12.976701
              ],
              [
                109.214098,
                12.976803
              ],
              [
                109.214383,
                12.976842
              ],
              [
                109.214363,
                12.977074
              ],
              [
                109.21437,
                12.977225
              ],
              [
                109.21437,
                12.977318
              ],
              [
                109.214363,
                12.977557
              ],
              [
                109.214341,
                12.977767
              ],
              [
                109.214298,
                12.977781
              ],
              [
                109.214297,
                12.977884
              ],
              [
                109.21423,
                12.97812
              ],
              [
                109.214037,
                12.978354
              ],
              [
                109.213873,
                12.978548
              ],
              [
                109.21359,
                12.978878
              ],
              [
                109.213287,
                12.979242
              ],
              [
                109.213032,
                12.979558
              ],
              [
                109.212824,
                12.979861
              ],
              [
                109.212661,
                12.980042
              ],
              [
                109.212634,
                12.980103
              ],
              [
                109.212446,
                12.980338
              ],
              [
                109.212364,
                12.98047
              ],
              [
                109.212324,
                12.980527
              ],
              [
                109.212185,
                12.980647
              ],
              [
                109.212068,
                12.980641
              ],
              [
                109.212048,
                12.980655
              ],
              [
                109.21198,
                12.980868
              ],
              [
                109.211928,
                12.981058
              ],
              [
                109.21189,
                12.981222
              ],
              [
                109.211871,
                12.981278
              ],
              [
                109.211855,
                12.981368
              ],
              [
                109.21181,
                12.981535
              ],
              [
                109.21178,
                12.981674
              ],
              [
                109.211715,
                12.981928
              ],
              [
                109.211642,
                12.982175
              ],
              [
                109.211589,
                12.982371
              ],
              [
                109.211569,
                12.982496
              ],
              [
                109.211566,
                12.982513
              ],
              [
                109.211637,
                12.982578
              ],
              [
                109.211724,
                12.982704
              ],
              [
                109.211807,
                12.982837
              ],
              [
                109.211944,
                12.982998
              ],
              [
                109.211975,
                12.983048
              ],
              [
                109.212042,
                12.98313
              ],
              [
                109.212047,
                12.983262
              ],
              [
                109.212031,
                12.983534
              ],
              [
                109.212021,
                12.983786
              ],
              [
                109.212004,
                12.984054
              ],
              [
                109.212001,
                12.9841
              ],
              [
                109.211994,
                12.984205
              ],
              [
                109.21198,
                12.984455
              ],
              [
                109.211975,
                12.984511
              ],
              [
                109.211976,
                12.984546
              ],
              [
                109.211957,
                12.984763
              ],
              [
                109.211953,
                12.984798
              ],
              [
                109.211952,
                12.984838
              ],
              [
                109.211947,
                12.98501
              ],
              [
                109.21194,
                12.985127
              ],
              [
                109.211929,
                12.985341
              ],
              [
                109.211918,
                12.985469
              ],
              [
                109.211908,
                12.985692
              ],
              [
                109.21191,
                12.985937
              ],
              [
                109.211928,
                12.986044
              ],
              [
                109.212224,
                12.985883
              ],
              [
                109.212293,
                12.985846
              ],
              [
                109.212365,
                12.985806
              ],
              [
                109.212743,
                12.9856
              ],
              [
                109.21276,
                12.985591
              ],
              [
                109.212775,
                12.985628
              ],
              [
                109.212954,
                12.986074
              ],
              [
                109.212976,
                12.986117
              ],
              [
                109.213001,
                12.986167
              ],
              [
                109.213009,
                12.986182
              ],
              [
                109.213192,
                12.986542
              ],
              [
                109.213272,
                12.986722
              ],
              [
                109.213315,
                12.986819
              ],
              [
                109.213325,
                12.986913
              ],
              [
                109.21332,
                12.986917
              ],
              [
                109.213271,
                12.986966
              ],
              [
                109.213011,
                12.987225
              ],
              [
                109.213008,
                12.987228
              ],
              [
                109.213007,
                12.987229
              ],
              [
                109.21296,
                12.987346
              ],
              [
                109.212856,
                12.987421
              ],
              [
                109.212823,
                12.98748
              ],
              [
                109.212629,
                12.987821
              ],
              [
                109.212549,
                12.987987
              ],
              [
                109.212513,
                12.98806
              ],
              [
                109.212522,
                12.988182
              ],
              [
                109.21251,
                12.988314
              ],
              [
                109.212513,
                12.988352
              ],
              [
                109.212832,
                12.988433
              ],
              [
                109.212819,
                12.98851
              ],
              [
                109.21281,
                12.988583
              ],
              [
                109.212798,
                12.988663
              ],
              [
                109.212841,
                12.988667
              ],
              [
                109.212855,
                12.988667
              ],
              [
                109.212961,
                12.988663
              ],
              [
                109.21318,
                12.988649
              ],
              [
                109.213222,
                12.988646
              ],
              [
                109.213243,
                12.988644
              ],
              [
                109.213246,
                12.988633
              ],
              [
                109.213246,
                12.988633
              ],
              [
                109.213275,
                12.988624
              ],
              [
                109.213294,
                12.988686
              ],
              [
                109.21333,
                12.988829
              ],
              [
                109.213356,
                12.988937
              ],
              [
                109.213376,
                12.988974
              ],
              [
                109.213459,
                12.989147
              ],
              [
                109.213512,
                12.989176
              ],
              [
                109.213897,
                12.989024
              ],
              [
                109.21395,
                12.989032
              ],
              [
                109.214028,
                12.989106
              ],
              [
                109.214114,
                12.989106
              ],
              [
                109.214258,
                12.989078
              ],
              [
                109.214165,
                12.988774
              ],
              [
                109.214346,
                12.988714
              ],
              [
                109.214361,
                12.988708
              ],
              [
                109.214341,
                12.988539
              ],
              [
                109.214666,
                12.988452
              ],
              [
                109.214715,
                12.988601
              ],
              [
                109.214729,
                12.988665
              ],
              [
                109.214748,
                12.988749
              ],
              [
                109.214766,
                12.988828
              ],
              [
                109.214779,
                12.988881
              ],
              [
                109.214794,
                12.988949
              ],
              [
                109.214806,
                12.989006
              ],
              [
                109.214819,
                12.989052
              ],
              [
                109.214883,
                12.989189
              ],
              [
                109.214916,
                12.989248
              ],
              [
                109.215266,
                12.989192
              ],
              [
                109.21564,
                12.98914
              ],
              [
                109.2157,
                12.989134
              ],
              [
                109.215705,
                12.989133
              ],
              [
                109.215772,
                12.989367
              ],
              [
                109.215887,
                12.989645
              ],
              [
                109.215887,
                12.989654
              ],
              [
                109.216006,
                12.989652
              ],
              [
                109.216173,
                12.989647
              ],
              [
                109.216387,
                12.989634
              ],
              [
                109.216461,
                12.989622
              ],
              [
                109.216984,
                12.989509
              ],
              [
                109.217067,
                12.989484
              ],
              [
                109.217214,
                12.989415
              ],
              [
                109.217297,
                12.989401
              ],
              [
                109.217446,
                12.989378
              ],
              [
                109.217742,
                12.989328
              ],
              [
                109.217973,
                12.989337
              ],
              [
                109.218177,
                12.989332
              ],
              [
                109.218187,
                12.989332
              ],
              [
                109.2183,
                12.989288
              ],
              [
                109.218307,
                12.989279
              ],
              [
                109.218498,
                12.989233
              ],
              [
                109.21862,
                12.989174
              ],
              [
                109.218598,
                12.988984
              ],
              [
                109.218615,
                12.988979
              ],
              [
                109.218692,
                12.988966
              ],
              [
                109.218932,
                12.988916
              ],
              [
                109.21912,
                12.988901
              ],
              [
                109.219359,
                12.988908
              ],
              [
                109.219519,
                12.988887
              ],
              [
                109.219548,
                12.988912
              ],
              [
                109.219621,
                12.988954
              ],
              [
                109.219617,
                12.989237
              ],
              [
                109.219588,
                12.989479
              ],
              [
                109.219593,
                12.989515
              ],
              [
                109.219593,
                12.989615
              ],
              [
                109.219597,
                12.989635
              ],
              [
                109.219589,
                12.989859
              ],
              [
                109.219602,
                12.989996
              ],
              [
                109.21963,
                12.990264
              ],
              [
                109.219652,
                12.990383
              ],
              [
                109.220126,
                12.990331
              ],
              [
                109.220364,
                12.990289
              ],
              [
                109.2205,
                12.990275
              ],
              [
                109.220629,
                12.990249
              ],
              [
                109.220612,
                12.990181
              ],
              [
                109.220822,
                12.99016
              ],
              [
                109.220822,
                12.99016
              ]
            ]
          ]
        ]
      },
      "properties": {
        "code": "22276",
        "name": "Hoà Thịnh",
        "nameEn": "Hoa Thinh",
        "fullName": "Xã Hoà Thịnh",
        "fullNameEn": "Hoa Thinh Commune",
        "codeName": "hoa_thinh",
        "postalCode": "56710",
        "postalCodePrefix": "",
        "gisServerId": "diaphanhanhchinhcapxa_2025.2921",
        "areaKm2": 159.23
      }
    }
  ]
}