{
  "type": "FeatureCollection",
  "bbox": [
    106.587265,
    17.41124,
    106.686811,
    17.503016
  ],
  "features": [
    {
      "type": "Feature",
      "id": "18880",
      "bbox": [
        106.587265,
        17.41124,
        106.686811,
        17.503016
      ],
      "geometry": {
        "type": "MultiPolygon",
        "coordinates": [
          [
            [
              [
                106.615616,
                17.492794
              ],
              [
                106.615703,
                17.495341
              ],
              [
                106.614843,
                17.496688
              ],
              [
                106.614505,
                17.497542
              ],
              [
                106.614709,
                17.498249
              ],
              [
                106.620671,
                17.502812
              ],
              [
                106.620938,
                17.503016
              ],
              [
                106.622191,
                17.501348
              ],
              [
                106.622622,
                17.500765
              ],
              [
                106.623116,
                17.500187
              ],
              [
                106.62352,
                17.499658
              ],
              [
                106.623864,
                17.499196
              ],
              [
                106.624031,
                17.498994
              ],
              [
                106.624302,
                17.498545
              ],
              [
                106.625069,
                17.497319
              ],
              [
                106.626027,
                17.495748
              ],
              [
                106.626834,
                17.494683
              ],
              [
                106.626834,
                17.494683
              ],
              [
                106.626836,
                17.49468
              ],
              [
                106.626891,
                17.494604
              ],
              [
                106.627235,
                17.493897
              ],
              [
                106.627746,
                17.493163
              ],
              [
                106.627998,
                17.492857
              ],
              [
                106.628079,
                17.492778
              ],
              [
                106.628172,
                17.492742
              ],
              [
                106.62844,
                17.492835
              ],
              [
                106.628579,
                17.493001
              ],
              [
                106.628705,
                17.493186
              ],
              [
                106.62885,
                17.493316
              ],
              [
                106.629062,
                17.493374
              ],
              [
                106.62918,
                17.493331
              ],
              [
                106.629216,
                17.493175
              ],
              [
                106.62912,
                17.492919
              ],
              [
                106.628969,
                17.492741
              ],
              [
                106.628706,
                17.49263
              ],
              [
                106.628326,
                17.492555
              ],
              [
                106.628013,
                17.492432
              ],
              [
                106.627881,
                17.492242
              ],
              [
                106.627796,
                17.49177
              ],
              [
                106.627839,
                17.491095
              ],
              [
                106.627843,
                17.490754
              ],
              [
                106.628015,
                17.489832
              ],
              [
                106.628053,
                17.489621
              ],
              [
                106.628122,
                17.489245
              ],
              [
                106.628178,
                17.488588
              ],
              [
                106.628211,
                17.488037
              ],
              [
                106.628486,
                17.486816
              ],
              [
                106.628533,
                17.486433
              ],
              [
                106.628566,
                17.485978
              ],
              [
                106.62855,
                17.48556
              ],
              [
                106.6285,
                17.485343
              ],
              [
                106.62883,
                17.485251
              ],
              [
                106.629323,
                17.485112
              ],
              [
                106.629646,
                17.485022
              ],
              [
                106.629979,
                17.484928
              ],
              [
                106.630299,
                17.484839
              ],
              [
                106.63038,
                17.484816
              ],
              [
                106.630618,
                17.484749
              ],
              [
                106.630832,
                17.484689
              ],
              [
                106.63104,
                17.484806
              ],
              [
                106.631269,
                17.484847
              ],
              [
                106.631523,
                17.48483
              ],
              [
                106.631717,
                17.484733
              ],
              [
                106.631937,
                17.484487
              ],
              [
                106.632205,
                17.48436
              ],
              [
                106.632405,
                17.484359
              ],
              [
                106.632633,
                17.484309
              ],
              [
                106.632792,
                17.484183
              ],
              [
                106.63287,
                17.48403
              ],
              [
                106.633358,
                17.482907
              ],
              [
                106.633684,
                17.482512
              ],
              [
                106.633801,
                17.482301
              ],
              [
                106.634064,
                17.481581
              ],
              [
                106.634376,
                17.480756
              ],
              [
                106.634834,
                17.479681
              ],
              [
                106.635522,
                17.478566
              ],
              [
                106.636082,
                17.477663
              ],
              [
                106.636572,
                17.476798
              ],
              [
                106.637152,
                17.475818
              ],
              [
                106.637574,
                17.475097
              ],
              [
                106.6378,
                17.474828
              ],
              [
                106.638205,
                17.474365
              ],
              [
                106.638569,
                17.473827
              ],
              [
                106.638886,
                17.473387
              ],
              [
                106.63969,
                17.47222
              ],
              [
                106.641089,
                17.470363
              ],
              [
                106.642062,
                17.468959
              ],
              [
                106.6425,
                17.468264
              ],
              [
                106.642609,
                17.468119
              ],
              [
                106.643709,
                17.466371
              ],
              [
                106.644586,
                17.465331
              ],
              [
                106.645416,
                17.464334
              ],
              [
                106.646329,
                17.462984
              ],
              [
                106.646821,
                17.4623
              ],
              [
                106.647265,
                17.461886
              ],
              [
                106.64756,
                17.461415
              ],
              [
                106.64809,
                17.460422
              ],
              [
                106.648215,
                17.460239
              ],
              [
                106.648469,
                17.459769
              ],
              [
                106.648642,
                17.459501
              ],
              [
                106.648961,
                17.459071
              ],
              [
                106.649204,
                17.458776
              ],
              [
                106.649963,
                17.457893
              ],
              [
                106.650628,
                17.457106
              ],
              [
                106.651405,
                17.456232
              ],
              [
                106.652374,
                17.455098
              ],
              [
                106.652722,
                17.454772
              ],
              [
                106.653144,
                17.454317
              ],
              [
                106.654001,
                17.453213
              ],
              [
                106.654598,
                17.452449
              ],
              [
                106.65514,
                17.451603
              ],
              [
                106.655686,
                17.450785
              ],
              [
                106.656154,
                17.450195
              ],
              [
                106.656734,
                17.449604
              ],
              [
                106.657304,
                17.449093
              ],
              [
                106.657541,
                17.448837
              ],
              [
                106.657948,
                17.448273
              ],
              [
                106.658299,
                17.447846
              ],
              [
                106.658429,
                17.447743
              ],
              [
                106.65859,
                17.447646
              ],
              [
                106.658732,
                17.447496
              ],
              [
                106.659224,
                17.446828
              ],
              [
                106.659514,
                17.446467
              ],
              [
                106.659792,
                17.446226
              ],
              [
                106.660237,
                17.445817
              ],
              [
                106.660559,
                17.445432
              ],
              [
                106.661678,
                17.444111
              ],
              [
                106.662422,
                17.443108
              ],
              [
                106.662588,
                17.442844
              ],
              [
                106.663242,
                17.442145
              ],
              [
                106.663698,
                17.441591
              ],
              [
                106.664283,
                17.440911
              ],
              [
                106.664814,
                17.440404
              ],
              [
                106.665301,
                17.439844
              ],
              [
                106.665547,
                17.439591
              ],
              [
                106.665894,
                17.439367
              ],
              [
                106.666137,
                17.439141
              ],
              [
                106.666774,
                17.43826
              ],
              [
                106.667113,
                17.437869
              ],
              [
                106.667748,
                17.43714
              ],
              [
                106.668815,
                17.436037
              ],
              [
                106.669981,
                17.434682
              ],
              [
                106.670008,
                17.434653
              ],
              [
                106.670566,
                17.434104
              ],
              [
                106.670696,
                17.434019
              ],
              [
                106.670776,
                17.433953
              ],
              [
                106.670979,
                17.433658
              ],
              [
                106.671614,
                17.432918
              ],
              [
                106.672125,
                17.432316
              ],
              [
                106.672212,
                17.432315
              ],
              [
                106.672294,
                17.432356
              ],
              [
                106.672387,
                17.432332
              ],
              [
                106.672461,
                17.432241
              ],
              [
                106.67254,
                17.432049
              ],
              [
                106.672724,
                17.431788
              ],
              [
                106.672798,
                17.431707
              ],
              [
                106.673217,
                17.431183
              ],
              [
                106.673359,
                17.431098
              ],
              [
                106.673539,
                17.431037
              ],
              [
                106.673867,
                17.430735
              ],
              [
                106.674064,
                17.430524
              ],
              [
                106.674341,
                17.430152
              ],
              [
                106.674513,
                17.429977
              ],
              [
                106.674944,
                17.429385
              ],
              [
                106.675053,
                17.429271
              ],
              [
                106.675132,
                17.429174
              ],
              [
                106.67577,
                17.428292
              ],
              [
                106.675817,
                17.428227
              ],
              [
                106.676268,
                17.427751
              ],
              [
                106.67641,
                17.427678
              ],
              [
                106.676547,
                17.427629
              ],
              [
                106.676689,
                17.427544
              ],
              [
                106.676948,
                17.427255
              ],
              [
                106.677083,
                17.427086
              ],
              [
                106.677433,
                17.426598
              ],
              [
                106.67789,
                17.426115
              ],
              [
                106.678108,
                17.425872
              ],
              [
                106.678456,
                17.425383
              ],
              [
                106.678681,
                17.425082
              ],
              [
                106.678905,
                17.424782
              ],
              [
                106.679103,
                17.424649
              ],
              [
                106.679215,
                17.424588
              ],
              [
                106.679455,
                17.424275
              ],
              [
                106.67996,
                17.423697
              ],
              [
                106.680286,
                17.423294
              ],
              [
                106.680491,
                17.423161
              ],
              [
                106.680782,
                17.422976
              ],
              [
                106.680949,
                17.422797
              ],
              [
                106.681263,
                17.42246
              ],
              [
                106.681637,
                17.422013
              ],
              [
                106.682553,
                17.42081
              ],
              [
                106.682745,
                17.420695
              ],
              [
                106.682869,
                17.420616
              ],
              [
                106.682931,
                17.420538
              ],
              [
                106.683041,
                17.420328
              ],
              [
                106.683318,
                17.420009
              ],
              [
                106.684162,
                17.41898
              ],
              [
                106.684298,
                17.418907
              ],
              [
                106.684379,
                17.418894
              ],
              [
                106.684441,
                17.418858
              ],
              [
                106.684502,
                17.418744
              ],
              [
                106.684703,
                17.418348
              ],
              [
                106.685145,
                17.417615
              ],
              [
                106.685307,
                17.417542
              ],
              [
                106.685413,
                17.417571
              ],
              [
                106.685538,
                17.417623
              ],
              [
                106.685618,
                17.417611
              ],
              [
                106.68573,
                17.417508
              ],
              [
                106.685773,
                17.417424
              ],
              [
                106.685913,
                17.417154
              ],
              [
                106.686507,
                17.416355
              ],
              [
                106.686703,
                17.41609
              ],
              [
                106.686811,
                17.415958
              ],
              [
                106.686256,
                17.415669
              ],
              [
                106.686023,
                17.415549
              ],
              [
                106.6857,
                17.415352
              ],
              [
                106.685377,
                17.415155
              ],
              [
                106.685311,
                17.415122
              ],
              [
                106.685273,
                17.415117
              ],
              [
                106.685266,
                17.415116
              ],
              [
                106.685229,
                17.415113
              ],
              [
                106.685193,
                17.415108
              ],
              [
                106.685131,
                17.415096
              ],
              [
                106.685096,
                17.41508
              ],
              [
                106.685063,
                17.415053
              ],
              [
                106.685036,
                17.415031
              ],
              [
                106.685009,
                17.415005
              ],
              [
                106.684975,
                17.414968
              ],
              [
                106.684959,
                17.414949
              ],
              [
                106.684949,
                17.414937
              ],
              [
                106.684921,
                17.414905
              ],
              [
                106.684891,
                17.414874
              ],
              [
                106.684889,
                17.414872
              ],
              [
                106.68487,
                17.414856
              ],
              [
                106.684843,
                17.414839
              ],
              [
                106.684814,
                17.414815
              ],
              [
                106.684579,
                17.414662
              ],
              [
                106.684377,
                17.414531
              ],
              [
                106.684377,
                17.414531
              ],
              [
                106.684302,
                17.414501
              ],
              [
                106.68427,
                17.414394
              ],
              [
                106.684281,
                17.414251
              ],
              [
                106.684306,
                17.414197
              ],
              [
                106.684391,
                17.414014
              ],
              [
                106.684419,
                17.413765
              ],
              [
                106.684359,
                17.413221
              ],
              [
                106.684342,
                17.412991
              ],
              [
                106.684239,
                17.412634
              ],
              [
                106.684163,
                17.412474
              ],
              [
                106.684157,
                17.412462
              ],
              [
                106.684143,
                17.412446
              ],
              [
                106.684019,
                17.412358
              ],
              [
                106.683932,
                17.412313
              ],
              [
                106.683466,
                17.412081
              ],
              [
                106.683141,
                17.41192
              ],
              [
                106.68264,
                17.411636
              ],
              [
                106.682487,
                17.411569
              ],
              [
                106.682353,
                17.411528
              ],
              [
                106.682123,
                17.411545
              ],
              [
                106.68108,
                17.411542
              ],
              [
                106.681036,
                17.411524
              ],
              [
                106.680371,
                17.411523
              ],
              [
                106.680306,
                17.411526
              ],
              [
                106.680218,
                17.411536
              ],
              [
                106.679997,
                17.411545
              ],
              [
                106.679709,
                17.411546
              ],
              [
                106.678917,
                17.411545
              ],
              [
                106.678453,
                17.411451
              ],
              [
                106.677851,
                17.411333
              ],
              [
                106.677366,
                17.41124
              ],
              [
                106.666907,
                17.422488
              ],
              [
                106.658544,
                17.417183
              ],
              [
                106.658361,
                17.417084
              ],
              [
                106.658269,
                17.417047
              ],
              [
                106.658184,
                17.417031
              ],
              [
                106.658141,
                17.417028
              ],
              [
                106.658083,
                17.417033
              ],
              [
                106.657988,
                17.417108
              ],
              [
                106.657831,
                17.417272
              ],
              [
                106.657175,
                17.418098
              ],
              [
                106.656205,
                17.4187
              ],
              [
                106.655657,
                17.41894
              ],
              [
                106.655364,
                17.41907
              ],
              [
                106.65499,
                17.419215
              ],
              [
                106.654834,
                17.419281
              ],
              [
                106.654641,
                17.419317
              ],
              [
                106.654441,
                17.419344
              ],
              [
                106.654221,
                17.419391
              ],
              [
                106.654049,
                17.419456
              ],
              [
                106.65396,
                17.419527
              ],
              [
                106.653888,
                17.419615
              ],
              [
                106.653711,
                17.420022
              ],
              [
                106.653486,
                17.420437
              ],
              [
                106.65342,
                17.420533
              ],
              [
                106.653322,
                17.420637
              ],
              [
                106.653238,
                17.420752
              ],
              [
                106.653221,
                17.420862
              ],
              [
                106.653258,
                17.421066
              ],
              [
                106.653145,
                17.421296
              ],
              [
                106.653049,
                17.421495
              ],
              [
                106.652955,
                17.421624
              ],
              [
                106.652715,
                17.421842
              ],
              [
                106.652375,
                17.422099
              ],
              [
                106.652182,
                17.422215
              ],
              [
                106.651995,
                17.422267
              ],
              [
                106.651817,
                17.422252
              ],
              [
                106.651694,
                17.422209
              ],
              [
                106.651416,
                17.422055
              ],
              [
                106.651195,
                17.421888
              ],
              [
                106.651039,
                17.421825
              ],
              [
                106.650853,
                17.421823
              ],
              [
                106.650443,
                17.421818
              ],
              [
                106.650292,
                17.421742
              ],
              [
                106.650194,
                17.421652
              ],
              [
                106.650089,
                17.421454
              ],
              [
                106.650013,
                17.421239
              ],
              [
                106.650012,
                17.421167
              ],
              [
                106.650134,
                17.42098
              ],
              [
                106.649995,
                17.420811
              ],
              [
                106.649842,
                17.420669
              ],
              [
                106.649689,
                17.420527
              ],
              [
                106.649668,
                17.420441
              ],
              [
                106.649686,
                17.420344
              ],
              [
                106.649705,
                17.420272
              ],
              [
                106.649625,
                17.419974
              ],
              [
                106.649559,
                17.41984
              ],
              [
                106.649473,
                17.419712
              ],
              [
                106.649409,
                17.419641
              ],
              [
                106.64929,
                17.419566
              ],
              [
                106.649202,
                17.419562
              ],
              [
                106.649126,
                17.419561
              ],
              [
                106.649047,
                17.419462
              ],
              [
                106.648972,
                17.419349
              ],
              [
                106.648961,
                17.419281
              ],
              [
                106.649025,
                17.419233
              ],
              [
                106.64911,
                17.419163
              ],
              [
                106.649133,
                17.419094
              ],
              [
                106.647506,
                17.417801
              ],
              [
                106.647344,
                17.417673
              ],
              [
                106.64724,
                17.417884
              ],
              [
                106.646831,
                17.418696
              ],
              [
                106.646401,
                17.419538
              ],
              [
                106.646025,
                17.420225
              ],
              [
                106.645588,
                17.420968
              ],
              [
                106.645164,
                17.421645
              ],
              [
                106.644768,
                17.422232
              ],
              [
                106.644059,
                17.423243
              ],
              [
                106.643308,
                17.424325
              ],
              [
                106.642574,
                17.425382
              ],
              [
                106.642071,
                17.426075
              ],
              [
                106.641671,
                17.426664
              ],
              [
                106.64092,
                17.427867
              ],
              [
                106.640385,
                17.428774
              ],
              [
                106.640197,
                17.429039
              ],
              [
                106.639233,
                17.430773
              ],
              [
                106.639203,
                17.430838
              ],
              [
                106.639174,
                17.430903
              ],
              [
                106.63911,
                17.431048
              ],
              [
                106.639043,
                17.431201
              ],
              [
                106.638973,
                17.431361
              ],
              [
                106.6389,
                17.431524
              ],
              [
                106.638825,
                17.431687
              ],
              [
                106.638074,
                17.433636
              ],
              [
                106.637712,
                17.434919
              ],
              [
                106.637631,
                17.435613
              ],
              [
                106.637614,
                17.435877
              ],
              [
                106.63725,
                17.435824
              ],
              [
                106.636816,
                17.435779
              ],
              [
                106.634724,
                17.435535
              ],
              [
                106.634546,
                17.435547
              ],
              [
                106.63297,
                17.435669
              ],
              [
                106.632622,
                17.435704
              ],
              [
                106.632412,
                17.435729
              ],
              [
                106.632187,
                17.43576
              ],
              [
                106.631975,
                17.435778
              ],
              [
                106.631803,
                17.43579
              ],
              [
                106.631702,
                17.435797
              ],
              [
                106.631603,
                17.435806
              ],
              [
                106.631436,
                17.435829
              ],
              [
                106.631166,
                17.435847
              ],
              [
                106.630922,
                17.435872
              ],
              [
                106.630711,
                17.435884
              ],
              [
                106.630515,
                17.435909
              ],
              [
                106.630405,
                17.435921
              ],
              [
                106.630374,
                17.435924
              ],
              [
                106.63025,
                17.435936
              ],
              [
                106.630045,
                17.435958
              ],
              [
                106.629711,
                17.435989
              ],
              [
                106.629449,
                17.43602
              ],
              [
                106.629243,
                17.436045
              ],
              [
                106.629118,
                17.436059
              ],
              [
                106.629025,
                17.436056
              ],
              [
                106.628868,
                17.436036
              ],
              [
                106.628633,
                17.435985
              ],
              [
                106.628386,
                17.43593
              ],
              [
                106.627936,
                17.435886
              ],
              [
                106.627937,
                17.435852
              ],
              [
                106.627937,
                17.43577
              ],
              [
                106.627918,
                17.435586
              ],
              [
                106.627909,
                17.435542
              ],
              [
                106.627883,
                17.435415
              ],
              [
                106.627863,
                17.435362
              ],
              [
                106.627807,
                17.435212
              ],
              [
                106.627723,
                17.435021
              ],
              [
                106.627685,
                17.434926
              ],
              [
                106.627503,
                17.434784
              ],
              [
                106.627255,
                17.434629
              ],
              [
                106.626835,
                17.434509
              ],
              [
                106.626833,
                17.434509
              ],
              [
                106.626177,
                17.434361
              ],
              [
                106.626137,
                17.434351
              ],
              [
                106.625598,
                17.434222
              ],
              [
                106.625069,
                17.434148
              ],
              [
                106.62455,
                17.433963
              ],
              [
                106.624423,
                17.433846
              ],
              [
                106.624188,
                17.433631
              ],
              [
                106.623941,
                17.433295
              ],
              [
                106.623845,
                17.433165
              ],
              [
                106.623631,
                17.432612
              ],
              [
                106.623476,
                17.431982
              ],
              [
                106.62358,
                17.431312
              ],
              [
                106.62359,
                17.431283
              ],
              [
                106.623843,
                17.430618
              ],
              [
                106.623858,
                17.430583
              ],
              [
                106.624379,
                17.429361
              ],
              [
                106.62443,
                17.429173
              ],
              [
                106.624468,
                17.429036
              ],
              [
                106.624514,
                17.428862
              ],
              [
                106.624561,
                17.428451
              ],
              [
                106.624537,
                17.428068
              ],
              [
                106.624445,
                17.427773
              ],
              [
                106.624142,
                17.427316
              ],
              [
                106.623669,
                17.426813
              ],
              [
                106.623108,
                17.426368
              ],
              [
                106.622444,
                17.425928
              ],
              [
                106.622365,
                17.425876
              ],
              [
                106.622296,
                17.42583
              ],
              [
                106.622101,
                17.425725
              ],
              [
                106.621876,
                17.425604
              ],
              [
                106.621366,
                17.425426
              ],
              [
                106.620867,
                17.425306
              ],
              [
                106.620149,
                17.425216
              ],
              [
                106.619207,
                17.425338
              ],
              [
                106.619205,
                17.425342
              ],
              [
                106.619197,
                17.425364
              ],
              [
                106.619021,
                17.425848
              ],
              [
                106.618943,
                17.426062
              ],
              [
                106.618925,
                17.426142
              ],
              [
                106.618925,
                17.426143
              ],
              [
                106.618925,
                17.426143
              ],
              [
                106.618908,
                17.426178
              ],
              [
                106.618886,
                17.426253
              ],
              [
                106.618865,
                17.42634
              ],
              [
                106.61885,
                17.426411
              ],
              [
                106.61884,
                17.426469
              ],
              [
                106.61883,
                17.426526
              ],
              [
                106.618823,
                17.426575
              ],
              [
                106.618816,
                17.426621
              ],
              [
                106.618816,
                17.426623
              ],
              [
                106.618805,
                17.426681
              ],
              [
                106.618792,
                17.426735
              ],
              [
                106.61878,
                17.426783
              ],
              [
                106.618764,
                17.426833
              ],
              [
                106.618747,
                17.426888
              ],
              [
                106.61873,
                17.426937
              ],
              [
                106.618713,
                17.426985
              ],
              [
                106.618694,
                17.427038
              ],
              [
                106.618674,
                17.427087
              ],
              [
                106.618655,
                17.427128
              ],
              [
                106.618651,
                17.427135
              ],
              [
                106.618626,
                17.427188
              ],
              [
                106.618604,
                17.427232
              ],
              [
                106.618595,
                17.427246
              ],
              [
                106.618585,
                17.427266
              ],
              [
                106.618563,
                17.427305
              ],
              [
                106.618533,
                17.427355
              ],
              [
                106.618496,
                17.427406
              ],
              [
                106.618457,
                17.427453
              ],
              [
                106.618421,
                17.427495
              ],
              [
                106.618387,
                17.427533
              ],
              [
                106.618352,
                17.427568
              ],
              [
                106.618318,
                17.427599
              ],
              [
                106.618282,
                17.427625
              ],
              [
                106.618243,
                17.42765
              ],
              [
                106.618203,
                17.427675
              ],
              [
                106.618164,
                17.427697
              ],
              [
                106.618127,
                17.427715
              ],
              [
                106.618088,
                17.427731
              ],
              [
                106.61805,
                17.427746
              ],
              [
                106.618007,
                17.427763
              ],
              [
                106.617959,
                17.42778
              ],
              [
                106.617914,
                17.427793
              ],
              [
                106.617865,
                17.427801
              ],
              [
                106.617805,
                17.427804
              ],
              [
                106.617732,
                17.427805
              ],
              [
                106.617639,
                17.427803
              ],
              [
                106.617627,
                17.427803
              ],
              [
                106.617581,
                17.427805
              ],
              [
                106.617413,
                17.427798
              ],
              [
                106.617236,
                17.427778
              ],
              [
                106.617218,
                17.427775
              ],
              [
                106.617079,
                17.427751
              ],
              [
                106.617068,
                17.427749
              ],
              [
                106.617063,
                17.427748
              ],
              [
                106.617011,
                17.427737
              ],
              [
                106.616889,
                17.42771
              ],
              [
                106.616852,
                17.427698
              ],
              [
                106.616759,
                17.427674
              ],
              [
                106.616635,
                17.427634
              ],
              [
                106.616529,
                17.427589
              ],
              [
                106.616427,
                17.42754
              ],
              [
                106.616327,
                17.427491
              ],
              [
                106.61623,
                17.427441
              ],
              [
                106.616142,
                17.427393
              ],
              [
                106.61606,
                17.427353
              ],
              [
                106.615992,
                17.427325
              ],
              [
                106.615954,
                17.42731
              ],
              [
                106.615935,
                17.427298
              ],
              [
                106.615911,
                17.427283
              ],
              [
                106.615867,
                17.427263
              ],
              [
                106.615804,
                17.42724
              ],
              [
                106.61574,
                17.427219
              ],
              [
                106.615673,
                17.427197
              ],
              [
                106.615593,
                17.427175
              ],
              [
                106.615506,
                17.427153
              ],
              [
                106.615421,
                17.427132
              ],
              [
                106.615346,
                17.427117
              ],
              [
                106.615285,
                17.427109
              ],
              [
                106.615229,
                17.427104
              ],
              [
                106.615174,
                17.4271
              ],
              [
                106.615124,
                17.427097
              ],
              [
                106.615086,
                17.427095
              ],
              [
                106.615058,
                17.427096
              ],
              [
                106.615033,
                17.427097
              ],
              [
                106.615012,
                17.427102
              ],
              [
                106.614988,
                17.427107
              ],
              [
                106.61496,
                17.427112
              ],
              [
                106.614935,
                17.42712
              ],
              [
                106.614917,
                17.427131
              ],
              [
                106.614899,
                17.427139
              ],
              [
                106.614875,
                17.427145
              ],
              [
                106.614843,
                17.427146
              ],
              [
                106.614817,
                17.427146
              ],
              [
                106.614812,
                17.427146
              ],
              [
                106.61478,
                17.427146
              ],
              [
                106.614745,
                17.427148
              ],
              [
                106.614706,
                17.427153
              ],
              [
                106.614664,
                17.427156
              ],
              [
                106.614624,
                17.427155
              ],
              [
                106.614593,
                17.427155
              ],
              [
                106.614563,
                17.427155
              ],
              [
                106.614529,
                17.42715
              ],
              [
                106.614498,
                17.427143
              ],
              [
                106.61446,
                17.42713
              ],
              [
                106.614402,
                17.427103
              ],
              [
                106.614332,
                17.42707
              ],
              [
                106.614261,
                17.427036
              ],
              [
                106.614199,
                17.427007
              ],
              [
                106.614145,
                17.426982
              ],
              [
                106.614092,
                17.426955
              ],
              [
                106.614041,
                17.426931
              ],
              [
                106.613988,
                17.426904
              ],
              [
                106.613941,
                17.42688
              ],
              [
                106.613929,
                17.426874
              ],
              [
                106.613871,
                17.426847
              ],
              [
                106.613816,
                17.426825
              ],
              [
                106.613764,
                17.426806
              ],
              [
                106.613712,
                17.426788
              ],
              [
                106.613659,
                17.426771
              ],
              [
                106.613608,
                17.426757
              ],
              [
                106.613561,
                17.426749
              ],
              [
                106.613515,
                17.426742
              ],
              [
                106.613465,
                17.426733
              ],
              [
                106.613419,
                17.426729
              ],
              [
                106.613377,
                17.42673
              ],
              [
                106.613351,
                17.426731
              ],
              [
                106.613278,
                17.426737
              ],
              [
                106.613252,
                17.426747
              ],
              [
                106.613234,
                17.426753
              ],
              [
                106.613208,
                17.426762
              ],
              [
                106.613185,
                17.42677
              ],
              [
                106.613161,
                17.42678
              ],
              [
                106.613128,
                17.426797
              ],
              [
                106.61309,
                17.426823
              ],
              [
                106.613051,
                17.426852
              ],
              [
                106.613012,
                17.426882
              ],
              [
                106.612971,
                17.426914
              ],
              [
                106.612922,
                17.426953
              ],
              [
                106.612868,
                17.426999
              ],
              [
                106.612817,
                17.427041
              ],
              [
                106.612768,
                17.427084
              ],
              [
                106.61272,
                17.427127
              ],
              [
                106.612713,
                17.427133
              ],
              [
                106.612662,
                17.427184
              ],
              [
                106.612614,
                17.427241
              ],
              [
                106.612567,
                17.427303
              ],
              [
                106.612519,
                17.427368
              ],
              [
                106.612477,
                17.427429
              ],
              [
                106.61247,
                17.42744
              ],
              [
                106.612415,
                17.427524
              ],
              [
                106.612357,
                17.427616
              ],
              [
                106.612299,
                17.427708
              ],
              [
                106.612244,
                17.427792
              ],
              [
                106.612191,
                17.427867
              ],
              [
                106.612139,
                17.427939
              ],
              [
                106.612085,
                17.428012
              ],
              [
                106.61203,
                17.428091
              ],
              [
                106.611974,
                17.428176
              ],
              [
                106.611912,
                17.428272
              ],
              [
                106.611843,
                17.428377
              ],
              [
                106.61178,
                17.428477
              ],
              [
                106.611714,
                17.42858
              ],
              [
                106.611633,
                17.428703
              ],
              [
                106.611546,
                17.428834
              ],
              [
                106.611465,
                17.428952
              ],
              [
                106.611385,
                17.429067
              ],
              [
                106.611305,
                17.429185
              ],
              [
                106.611235,
                17.429287
              ],
              [
                106.611173,
                17.429373
              ],
              [
                106.611113,
                17.429457
              ],
              [
                106.611051,
                17.429541
              ],
              [
                106.610987,
                17.429627
              ],
              [
                106.610923,
                17.42971
              ],
              [
                106.610859,
                17.429792
              ],
              [
                106.610795,
                17.429869
              ],
              [
                106.610723,
                17.429947
              ],
              [
                106.610644,
                17.430029
              ],
              [
                106.610564,
                17.43011
              ],
              [
                106.610487,
                17.430186
              ],
              [
                106.610422,
                17.430247
              ],
              [
                106.610362,
                17.430299
              ],
              [
                106.610291,
                17.430353
              ],
              [
                106.610207,
                17.430412
              ],
              [
                106.610132,
                17.430464
              ],
              [
                106.610056,
                17.430513
              ],
              [
                106.609967,
                17.430569
              ],
              [
                106.609866,
                17.430627
              ],
              [
                106.60974,
                17.430693
              ],
              [
                106.609651,
                17.430739
              ],
              [
                106.609603,
                17.430765
              ],
              [
                106.609527,
                17.430803
              ],
              [
                106.609171,
                17.430982
              ],
              [
                106.608891,
                17.431112
              ],
              [
                106.608767,
                17.43117
              ],
              [
                106.608736,
                17.431183
              ],
              [
                106.608424,
                17.431309
              ],
              [
                106.608377,
                17.431325
              ],
              [
                106.607858,
                17.431485
              ],
              [
                106.607693,
                17.431534
              ],
              [
                106.607531,
                17.431583
              ],
              [
                106.607512,
                17.431589
              ],
              [
                106.607406,
                17.431621
              ],
              [
                106.607326,
                17.431646
              ],
              [
                106.607259,
                17.431671
              ],
              [
                106.607183,
                17.4317
              ],
              [
                106.607103,
                17.431734
              ],
              [
                106.607031,
                17.431766
              ],
              [
                106.607024,
                17.431769
              ],
              [
                106.606957,
                17.431807
              ],
              [
                106.60691,
                17.431845
              ],
              [
                106.60688,
                17.431871
              ],
              [
                106.606858,
                17.431891
              ],
              [
                106.606831,
                17.431921
              ],
              [
                106.606799,
                17.431962
              ],
              [
                106.606771,
                17.432006
              ],
              [
                106.606751,
                17.432051
              ],
              [
                106.606736,
                17.43209
              ],
              [
                106.606722,
                17.432131
              ],
              [
                106.606708,
                17.432177
              ],
              [
                106.606698,
                17.432221
              ],
              [
                106.606692,
                17.432265
              ],
              [
                106.606689,
                17.432313
              ],
              [
                106.606689,
                17.432344
              ],
              [
                106.606688,
                17.432363
              ],
              [
                106.606689,
                17.432415
              ],
              [
                106.606695,
                17.432469
              ],
              [
                106.606706,
                17.432523
              ],
              [
                106.606719,
                17.43257
              ],
              [
                106.606734,
                17.432617
              ],
              [
                106.606753,
                17.432669
              ],
              [
                106.606776,
                17.43272
              ],
              [
                106.606778,
                17.432724
              ],
              [
                106.6068,
                17.432766
              ],
              [
                106.606826,
                17.432807
              ],
              [
                106.606828,
                17.432809
              ],
              [
                106.606861,
                17.432847
              ],
              [
                106.606901,
                17.432879
              ],
              [
                106.606946,
                17.432902
              ],
              [
                106.606951,
                17.432903
              ],
              [
                106.606994,
                17.432919
              ],
              [
                106.607042,
                17.432936
              ],
              [
                106.607095,
                17.432956
              ],
              [
                106.607169,
                17.432981
              ],
              [
                106.607261,
                17.433007
              ],
              [
                106.607338,
                17.433029
              ],
              [
                106.607398,
                17.433045
              ],
              [
                106.607469,
                17.433061
              ],
              [
                106.607556,
                17.433078
              ],
              [
                106.607634,
                17.433093
              ],
              [
                106.607701,
                17.433106
              ],
              [
                106.607769,
                17.433119
              ],
              [
                106.60783,
                17.433131
              ],
              [
                106.60789,
                17.433144
              ],
              [
                106.607949,
                17.433157
              ],
              [
                106.607992,
                17.433168
              ],
              [
                106.608023,
                17.433179
              ],
              [
                106.60805,
                17.433193
              ],
              [
                106.608078,
                17.433208
              ],
              [
                106.608105,
                17.433225
              ],
              [
                106.60813,
                17.433242
              ],
              [
                106.608155,
                17.433262
              ],
              [
                106.608167,
                17.433273
              ],
              [
                106.608181,
                17.433286
              ],
              [
                106.60821,
                17.433317
              ],
              [
                106.608241,
                17.433353
              ],
              [
                106.608272,
                17.43339
              ],
              [
                106.6083,
                17.433427
              ],
              [
                106.608319,
                17.433457
              ],
              [
                106.608323,
                17.433463
              ],
              [
                106.608344,
                17.433498
              ],
              [
                106.608365,
                17.433534
              ],
              [
                106.608385,
                17.433577
              ],
              [
                106.608405,
                17.433634
              ],
              [
                106.608423,
                17.433702
              ],
              [
                106.60844,
                17.433769
              ],
              [
                106.60845,
                17.433819
              ],
              [
                106.608455,
                17.43384
              ],
              [
                106.608469,
                17.433916
              ],
              [
                106.608478,
                17.43399
              ],
              [
                106.60848,
                17.434018
              ],
              [
                106.608482,
                17.434058
              ],
              [
                106.608482,
                17.434124
              ],
              [
                106.608481,
                17.43419
              ],
              [
                106.608479,
                17.434262
              ],
              [
                106.608471,
                17.434352
              ],
              [
                106.608458,
                17.434457
              ],
              [
                106.608447,
                17.434555
              ],
              [
                106.608435,
                17.434653
              ],
              [
                106.60842,
                17.43476
              ],
              [
                106.608412,
                17.434816
              ],
              [
                106.608408,
                17.43486
              ],
              [
                106.608385,
                17.435119
              ],
              [
                106.608382,
                17.435289
              ],
              [
                106.608381,
                17.435318
              ],
              [
                106.60839,
                17.43539
              ],
              [
                106.608419,
                17.435622
              ],
              [
                106.608431,
                17.435732
              ],
              [
                106.608448,
                17.435885
              ],
              [
                106.608451,
                17.435904
              ],
              [
                106.608458,
                17.435964
              ],
              [
                106.608462,
                17.436008
              ],
              [
                106.608463,
                17.436043
              ],
              [
                106.608462,
                17.436088
              ],
              [
                106.608459,
                17.43614
              ],
              [
                106.608456,
                17.43619
              ],
              [
                106.608453,
                17.436237
              ],
              [
                106.608451,
                17.436283
              ],
              [
                106.608447,
                17.436327
              ],
              [
                106.608439,
                17.436372
              ],
              [
                106.608427,
                17.436419
              ],
              [
                106.608414,
                17.436468
              ],
              [
                106.608398,
                17.436517
              ],
              [
                106.608377,
                17.436565
              ],
              [
                106.608354,
                17.436613
              ],
              [
                106.608331,
                17.436658
              ],
              [
                106.608311,
                17.436696
              ],
              [
                106.608295,
                17.436724
              ],
              [
                106.608278,
                17.436746
              ],
              [
                106.608254,
                17.436768
              ],
              [
                106.608224,
                17.43679
              ],
              [
                106.608193,
                17.436812
              ],
              [
                106.608159,
                17.436834
              ],
              [
                106.608122,
                17.436857
              ],
              [
                106.608074,
                17.436883
              ],
              [
                106.608001,
                17.436919
              ],
              [
                106.607909,
                17.436963
              ],
              [
                106.607834,
                17.436998
              ],
              [
                106.607783,
                17.437021
              ],
              [
                106.607733,
                17.437039
              ],
              [
                106.607664,
                17.437066
              ],
              [
                106.607576,
                17.4371
              ],
              [
                106.607497,
                17.437126
              ],
              [
                106.60743,
                17.437144
              ],
              [
                106.607364,
                17.43716
              ],
              [
                106.607298,
                17.437176
              ],
              [
                106.607234,
                17.437193
              ],
              [
                106.607174,
                17.43721
              ],
              [
                106.607118,
                17.437227
              ],
              [
                106.607062,
                17.437245
              ],
              [
                106.607005,
                17.437263
              ],
              [
                106.606951,
                17.437282
              ],
              [
                106.606896,
                17.437302
              ],
              [
                106.606842,
                17.437324
              ],
              [
                106.606838,
                17.437326
              ],
              [
                106.606787,
                17.43735
              ],
              [
                106.606729,
                17.437385
              ],
              [
                106.606669,
                17.437428
              ],
              [
                106.606616,
                17.437467
              ],
              [
                106.606566,
                17.437506
              ],
              [
                106.606513,
                17.437548
              ],
              [
                106.606473,
                17.437583
              ],
              [
                106.606448,
                17.437611
              ],
              [
                106.606426,
                17.43764
              ],
              [
                106.606404,
                17.437672
              ],
              [
                106.606378,
                17.437714
              ],
              [
                106.60635,
                17.437765
              ],
              [
                106.606322,
                17.437811
              ],
              [
                106.606293,
                17.437862
              ],
              [
                106.606257,
                17.437932
              ],
              [
                106.606219,
                17.438014
              ],
              [
                106.606188,
                17.438082
              ],
              [
                106.606167,
                17.43813
              ],
              [
                106.606149,
                17.438167
              ],
              [
                106.606125,
                17.438213
              ],
              [
                106.606092,
                17.438276
              ],
              [
                106.606061,
                17.438331
              ],
              [
                106.606041,
                17.438367
              ],
              [
                106.606,
                17.438457
              ],
              [
                106.605979,
                17.438497
              ],
              [
                106.605961,
                17.438537
              ],
              [
                106.605936,
                17.438589
              ],
              [
                106.605902,
                17.438656
              ],
              [
                106.605863,
                17.438739
              ],
              [
                106.605831,
                17.438808
              ],
              [
                106.605808,
                17.438857
              ],
              [
                106.60579,
                17.438899
              ],
              [
                106.605766,
                17.438957
              ],
              [
                106.605734,
                17.439033
              ],
              [
                106.605708,
                17.439101
              ],
              [
                106.605686,
                17.439163
              ],
              [
                106.605661,
                17.439235
              ],
              [
                106.605636,
                17.43931
              ],
              [
                106.60561,
                17.43939
              ],
              [
                106.605576,
                17.439492
              ],
              [
                106.605536,
                17.439614
              ],
              [
                106.605495,
                17.439737
              ],
              [
                106.605467,
                17.439825
              ],
              [
                106.605462,
                17.439839
              ],
              [
                106.605425,
                17.439975
              ],
              [
                106.605405,
                17.440042
              ],
              [
                106.605404,
                17.440046
              ],
              [
                106.605391,
                17.440104
              ],
              [
                106.605381,
                17.440151
              ],
              [
                106.605371,
                17.440193
              ],
              [
                106.605359,
                17.440238
              ],
              [
                106.605339,
                17.44029
              ],
              [
                106.605306,
                17.440353
              ],
              [
                106.605264,
                17.440416
              ],
              [
                106.605236,
                17.440459
              ],
              [
                106.605221,
                17.440481
              ],
              [
                106.605185,
                17.440547
              ],
              [
                106.605159,
                17.440603
              ],
              [
                106.605139,
                17.440647
              ],
              [
                106.605122,
                17.440685
              ],
              [
                106.605109,
                17.440713
              ],
              [
                106.605102,
                17.440726
              ],
              [
                106.605099,
                17.440734
              ],
              [
                106.605095,
                17.440742
              ],
              [
                106.605084,
                17.440763
              ],
              [
                106.605061,
                17.440802
              ],
              [
                106.605031,
                17.440852
              ],
              [
                106.604999,
                17.440902
              ],
              [
                106.604969,
                17.440948
              ],
              [
                106.604943,
                17.440987
              ],
              [
                106.604922,
                17.441019
              ],
              [
                106.604901,
                17.441047
              ],
              [
                106.604881,
                17.441071
              ],
              [
                106.60488,
                17.441073
              ],
              [
                106.604861,
                17.441093
              ],
              [
                106.604833,
                17.441118
              ],
              [
                106.604784,
                17.441153
              ],
              [
                106.604717,
                17.4412
              ],
              [
                106.604644,
                17.441251
              ],
              [
                106.604558,
                17.441309
              ],
              [
                106.604466,
                17.441374
              ],
              [
                106.604376,
                17.441436
              ],
              [
                106.604293,
                17.441496
              ],
              [
                106.60422,
                17.441551
              ],
              [
                106.604153,
                17.441602
              ],
              [
                106.604088,
                17.441652
              ],
              [
                106.604018,
                17.441703
              ],
              [
                106.603942,
                17.441754
              ],
              [
                106.603863,
                17.441804
              ],
              [
                106.603781,
                17.441853
              ],
              [
                106.603697,
                17.441903
              ],
              [
                106.603611,
                17.441952
              ],
              [
                106.603552,
                17.441986
              ],
              [
                106.603527,
                17.442
              ],
              [
                106.603448,
                17.442046
              ],
              [
                106.603372,
                17.44209
              ],
              [
                106.60331,
                17.442129
              ],
              [
                106.603267,
                17.44216
              ],
              [
                106.603236,
                17.442186
              ],
              [
                106.603218,
                17.442203
              ],
              [
                106.603213,
                17.442208
              ],
              [
                106.603193,
                17.442231
              ],
              [
                106.603172,
                17.442257
              ],
              [
                106.603154,
                17.442285
              ],
              [
                106.603135,
                17.442315
              ],
              [
                106.60312,
                17.442344
              ],
              [
                106.603113,
                17.442361
              ],
              [
                106.603108,
                17.442373
              ],
              [
                106.603098,
                17.442403
              ],
              [
                106.60309,
                17.442436
              ],
              [
                106.603083,
                17.442472
              ],
              [
                106.603078,
                17.442507
              ],
              [
                106.603075,
                17.442542
              ],
              [
                106.603075,
                17.442572
              ],
              [
                106.603078,
                17.442606
              ],
              [
                106.603085,
                17.442647
              ],
              [
                106.603094,
                17.442692
              ],
              [
                106.603104,
                17.442737
              ],
              [
                106.603104,
                17.442738
              ],
              [
                106.603112,
                17.442775
              ],
              [
                106.603118,
                17.442808
              ],
              [
                106.603124,
                17.442852
              ],
              [
                106.603132,
                17.442925
              ],
              [
                106.603143,
                17.44302
              ],
              [
                106.603154,
                17.443124
              ],
              [
                106.603157,
                17.443156
              ],
              [
                106.603166,
                17.443242
              ],
              [
                106.603178,
                17.443375
              ],
              [
                106.60319,
                17.443509
              ],
              [
                106.6032,
                17.443637
              ],
              [
                106.603207,
                17.443737
              ],
              [
                106.60321,
                17.443796
              ],
              [
                106.603212,
                17.443835
              ],
              [
                106.603215,
                17.443875
              ],
              [
                106.603218,
                17.443918
              ],
              [
                106.603221,
                17.443961
              ],
              [
                106.603224,
                17.444004
              ],
              [
                106.603226,
                17.444049
              ],
              [
                106.603227,
                17.44409
              ],
              [
                106.603225,
                17.444127
              ],
              [
                106.603221,
                17.444163
              ],
              [
                106.603217,
                17.444199
              ],
              [
                106.60321,
                17.444235
              ],
              [
                106.6032,
                17.444272
              ],
              [
                106.603189,
                17.44431
              ],
              [
                106.603177,
                17.444348
              ],
              [
                106.603163,
                17.444385
              ],
              [
                106.60315,
                17.444418
              ],
              [
                106.603136,
                17.444449
              ],
              [
                106.603123,
                17.444475
              ],
              [
                106.603114,
                17.444499
              ],
              [
                106.603106,
                17.444522
              ],
              [
                106.603098,
                17.444545
              ],
              [
                106.603089,
                17.444572
              ],
              [
                106.603081,
                17.444599
              ],
              [
                106.603073,
                17.444627
              ],
              [
                106.603065,
                17.444661
              ],
              [
                106.603059,
                17.444695
              ],
              [
                106.603053,
                17.444724
              ],
              [
                106.603047,
                17.444753
              ],
              [
                106.603045,
                17.444771
              ],
              [
                106.603004,
                17.444882
              ],
              [
                106.602965,
                17.445015
              ],
              [
                106.602922,
                17.445136
              ],
              [
                106.602895,
                17.445195
              ],
              [
                106.602858,
                17.445255
              ],
              [
                106.602794,
                17.445326
              ],
              [
                106.60271,
                17.445396
              ],
              [
                106.602639,
                17.445447
              ],
              [
                106.602572,
                17.445481
              ],
              [
                106.602511,
                17.445497
              ],
              [
                106.602436,
                17.445509
              ],
              [
                106.602349,
                17.445514
              ],
              [
                106.60225,
                17.445505
              ],
              [
                106.60222,
                17.445497
              ],
              [
                106.602153,
                17.44547
              ],
              [
                106.602085,
                17.445429
              ],
              [
                106.601981,
                17.445362
              ],
              [
                106.601894,
                17.445321
              ],
              [
                106.601889,
                17.445319
              ],
              [
                106.601795,
                17.445278
              ],
              [
                106.601737,
                17.445258
              ],
              [
                106.60171,
                17.445249
              ],
              [
                106.601691,
                17.445246
              ],
              [
                106.601636,
                17.445237
              ],
              [
                106.601567,
                17.445237
              ],
              [
                106.601533,
                17.445243
              ],
              [
                106.601497,
                17.445251
              ],
              [
                106.601455,
                17.445273
              ],
              [
                106.601417,
                17.445297
              ],
              [
                106.601364,
                17.445341
              ],
              [
                106.601281,
                17.445412
              ],
              [
                106.601226,
                17.445479
              ],
              [
                106.601166,
                17.445573
              ],
              [
                106.601026,
                17.445873
              ],
              [
                106.600931,
                17.446096
              ],
              [
                106.600928,
                17.446107
              ],
              [
                106.600911,
                17.446179
              ],
              [
                106.6009,
                17.44623
              ],
              [
                106.600894,
                17.446271
              ],
              [
                106.600887,
                17.446328
              ],
              [
                106.600879,
                17.4464
              ],
              [
                106.600876,
                17.446461
              ],
              [
                106.600876,
                17.446509
              ],
              [
                106.600875,
                17.446553
              ],
              [
                106.600874,
                17.446596
              ],
              [
                106.600874,
                17.446634
              ],
              [
                106.600874,
                17.446664
              ],
              [
                106.600876,
                17.446689
              ],
              [
                106.600877,
                17.446712
              ],
              [
                106.600878,
                17.446734
              ],
              [
                106.600878,
                17.446756
              ],
              [
                106.60088,
                17.44678
              ],
              [
                106.600881,
                17.446805
              ],
              [
                106.60088,
                17.446833
              ],
              [
                106.600874,
                17.446866
              ],
              [
                106.600867,
                17.446899
              ],
              [
                106.600861,
                17.44693
              ],
              [
                106.600856,
                17.446959
              ],
              [
                106.60085,
                17.446987
              ],
              [
                106.60084,
                17.447016
              ],
              [
                106.600826,
                17.447049
              ],
              [
                106.60081,
                17.447085
              ],
              [
                106.600796,
                17.447114
              ],
              [
                106.600785,
                17.447134
              ],
              [
                106.600774,
                17.447156
              ],
              [
                106.600763,
                17.447184
              ],
              [
                106.600754,
                17.447211
              ],
              [
                106.600748,
                17.447234
              ],
              [
                106.600742,
                17.447258
              ],
              [
                106.600737,
                17.447283
              ],
              [
                106.600735,
                17.447309
              ],
              [
                106.600734,
                17.447332
              ],
              [
                106.600732,
                17.447354
              ],
              [
                106.600728,
                17.447373
              ],
              [
                106.600722,
                17.44739
              ],
              [
                106.600712,
                17.447408
              ],
              [
                106.600696,
                17.447427
              ],
              [
                106.600675,
                17.447448
              ],
              [
                106.600652,
                17.44747
              ],
              [
                106.600625,
                17.44749
              ],
              [
                106.600598,
                17.447511
              ],
              [
                106.60057,
                17.447529
              ],
              [
                106.600545,
                17.447542
              ],
              [
                106.600518,
                17.447553
              ],
              [
                106.600486,
                17.447561
              ],
              [
                106.600448,
                17.447568
              ],
              [
                106.60041,
                17.447573
              ],
              [
                106.600371,
                17.447575
              ],
              [
                106.600328,
                17.447578
              ],
              [
                106.600283,
                17.447581
              ],
              [
                106.600242,
                17.447584
              ],
              [
                106.600199,
                17.447587
              ],
              [
                106.600131,
                17.447592
              ],
              [
                106.600043,
                17.447598
              ],
              [
                106.599979,
                17.447603
              ],
              [
                106.599936,
                17.447608
              ],
              [
                106.599872,
                17.447615
              ],
              [
                106.599766,
                17.44763
              ],
              [
                106.599648,
                17.447655
              ],
              [
                106.599533,
                17.447692
              ],
              [
                106.599424,
                17.447733
              ],
              [
                106.599334,
                17.447769
              ],
              [
                106.599247,
                17.447804
              ],
              [
                106.599153,
                17.447844
              ],
              [
                106.599137,
                17.447851
              ],
              [
                106.599072,
                17.44788
              ],
              [
                106.599006,
                17.447912
              ],
              [
                106.598943,
                17.447943
              ],
              [
                106.598881,
                17.447975
              ],
              [
                106.598818,
                17.448009
              ],
              [
                106.598755,
                17.448044
              ],
              [
                106.598698,
                17.448076
              ],
              [
                106.598692,
                17.44808
              ],
              [
                106.598623,
                17.44812
              ],
              [
                106.598547,
                17.448163
              ],
              [
                106.598464,
                17.448211
              ],
              [
                106.598386,
                17.448258
              ],
              [
                106.598331,
                17.448293
              ],
              [
                106.598278,
                17.448329
              ],
              [
                106.59821,
                17.448378
              ],
              [
                106.598149,
                17.448431
              ],
              [
                106.598099,
                17.448482
              ],
              [
                106.598052,
                17.448534
              ],
              [
                106.598004,
                17.44859
              ],
              [
                106.597958,
                17.448649
              ],
              [
                106.597917,
                17.448705
              ],
              [
                106.597877,
                17.448763
              ],
              [
                106.597844,
                17.448815
              ],
              [
                106.597834,
                17.448831
              ],
              [
                106.597793,
                17.448902
              ],
              [
                106.597759,
                17.448963
              ],
              [
                106.597725,
                17.449025
              ],
              [
                106.597687,
                17.449098
              ],
              [
                106.597643,
                17.449179
              ],
              [
                106.597596,
                17.449262
              ],
              [
                106.597551,
                17.449339
              ],
              [
                106.597507,
                17.449412
              ],
              [
                106.597462,
                17.449487
              ],
              [
                106.597457,
                17.449496
              ],
              [
                106.597422,
                17.449548
              ],
              [
                106.597387,
                17.449592
              ],
              [
                106.597353,
                17.449631
              ],
              [
                106.597319,
                17.449667
              ],
              [
                106.597288,
                17.4497
              ],
              [
                106.59726,
                17.449727
              ],
              [
                106.597235,
                17.44975
              ],
              [
                106.597211,
                17.449771
              ],
              [
                106.597187,
                17.449791
              ],
              [
                106.597179,
                17.449797
              ],
              [
                106.597139,
                17.449836
              ],
              [
                106.597508,
                17.450243
              ],
              [
                106.597647,
                17.450397
              ],
              [
                106.597503,
                17.450964
              ],
              [
                106.598235,
                17.451095
              ],
              [
                106.598744,
                17.451187
              ],
              [
                106.598722,
                17.451735
              ],
              [
                106.598608,
                17.452299
              ],
              [
                106.598413,
                17.453046
              ],
              [
                106.59807,
                17.453508
              ],
              [
                106.597064,
                17.454692
              ],
              [
                106.597682,
                17.455184
              ],
              [
                106.598034,
                17.455443
              ],
              [
                106.598164,
                17.455539
              ],
              [
                106.598579,
                17.455909
              ],
              [
                106.598882,
                17.456179
              ],
              [
                106.599183,
                17.456447
              ],
              [
                106.598035,
                17.457769
              ],
              [
                106.597719,
                17.458125
              ],
              [
                106.596252,
                17.459007
              ],
              [
                106.594728,
                17.459845
              ],
              [
                106.593421,
                17.460596
              ],
              [
                106.592725,
                17.459937
              ],
              [
                106.592176,
                17.458942
              ],
              [
                106.591766,
                17.458226
              ],
              [
                106.591711,
                17.458307
              ],
              [
                106.591504,
                17.458463
              ],
              [
                106.590246,
                17.459079
              ],
              [
                106.588542,
                17.459896
              ],
              [
                106.587563,
                17.460388
              ],
              [
                106.587265,
                17.460728
              ],
              [
                106.587609,
                17.461131
              ],
              [
                106.588393,
                17.461971
              ],
              [
                106.58954,
                17.463163
              ],
              [
                106.589707,
                17.463341
              ],
              [
                106.590688,
                17.464385
              ],
              [
                106.591308,
                17.465038
              ],
              [
                106.591493,
                17.465235
              ],
              [
                106.593589,
                17.467458
              ],
              [
                106.594707,
                17.46867
              ],
              [
                106.594936,
                17.469081
              ],
              [
                106.594598,
                17.469378
              ],
              [
                106.594896,
                17.46973
              ],
              [
                106.595363,
                17.470193
              ],
              [
                106.595673,
                17.470527
              ],
              [
                106.595836,
                17.470712
              ],
              [
                106.596308,
                17.471268
              ],
              [
                106.596054,
                17.47158
              ],
              [
                106.595955,
                17.471657
              ],
              [
                106.595819,
                17.471683
              ],
              [
                106.596127,
                17.471872
              ],
              [
                106.596311,
                17.471983
              ],
              [
                106.596449,
                17.472051
              ],
              [
                106.596748,
                17.472198
              ],
              [
                106.597341,
                17.47249
              ],
              [
                106.597557,
                17.472597
              ],
              [
                106.597615,
                17.472611
              ],
              [
                106.597822,
                17.472697
              ],
              [
                106.598012,
                17.472766
              ],
              [
                106.598097,
                17.472793
              ],
              [
                106.598175,
                17.472821
              ],
              [
                106.59824,
                17.472864
              ],
              [
                106.598232,
                17.472892
              ],
              [
                106.597633,
                17.474397
              ],
              [
                106.59753,
                17.474605
              ],
              [
                106.597679,
                17.474596
              ],
              [
                106.597468,
                17.475102
              ],
              [
                106.597627,
                17.475389
              ],
              [
                106.597689,
                17.47574
              ],
              [
                106.597767,
                17.476062
              ],
              [
                106.597988,
                17.476555
              ],
              [
                106.598132,
                17.476776
              ],
              [
                106.598426,
                17.477046
              ],
              [
                106.598744,
                17.477273
              ],
              [
                106.598885,
                17.477306
              ],
              [
                106.599702,
                17.477414
              ],
              [
                106.5999,
                17.478178
              ],
              [
                106.599998,
                17.478839
              ],
              [
                106.603977,
                17.478971
              ],
              [
                106.607577,
                17.479122
              ],
              [
                106.608905,
                17.479074
              ],
              [
                106.608931,
                17.479463
              ],
              [
                106.609034,
                17.479797
              ],
              [
                106.609197,
                17.480264
              ],
              [
                106.6093,
                17.480636
              ],
              [
                106.609313,
                17.480981
              ],
              [
                106.609297,
                17.481411
              ],
              [
                106.609201,
                17.481852
              ],
              [
                106.609085,
                17.482168
              ],
              [
                106.60887,
                17.482686
              ],
              [
                106.60874,
                17.483017
              ],
              [
                106.608716,
                17.483149
              ],
              [
                106.608774,
                17.48334
              ],
              [
                106.608806,
                17.483495
              ],
              [
                106.608764,
                17.483621
              ],
              [
                106.608621,
                17.483748
              ],
              [
                106.608473,
                17.483904
              ],
              [
                106.608166,
                17.484228
              ],
              [
                106.608064,
                17.484355
              ],
              [
                106.607884,
                17.484633
              ],
              [
                106.607212,
                17.485646
              ],
              [
                106.607748,
                17.485909
              ],
              [
                106.607464,
                17.486138
              ],
              [
                106.607192,
                17.486445
              ],
              [
                106.607088,
                17.486848
              ],
              [
                106.607104,
                17.487266
              ],
              [
                106.607064,
                17.48745
              ],
              [
                106.60739,
                17.487535
              ],
              [
                106.607376,
                17.487612
              ],
              [
                106.607623,
                17.48784
              ],
              [
                106.607665,
                17.488016
              ],
              [
                106.607328,
                17.488326
              ],
              [
                106.607257,
                17.488715
              ],
              [
                106.607294,
                17.489894
              ],
              [
                106.611347,
                17.490263
              ],
              [
                106.615191,
                17.491532
              ],
              [
                106.61559,
                17.492001
              ],
              [
                106.615616,
                17.492794
              ],
              [
                106.615616,
                17.492794
              ]
            ]
          ]
        ]
      },
      "properties": {
        "code": "18880",
        "name": "Đồng Hới",
        "nameEn": "Dong Hoi",
        "fullName": "Phường Đồng Hới",
        "fullNameEn": "Dong Hoi Ward",
        "codeName": "dong_hoi",
        "postalCode": "47122",
        "postalCodePrefix": "",
        "gisServerId": "diaphanhanhchinhcapxa_2025.597",
        "areaKm2": 41.35
      }
    }
  ]
}