{
  "type": "FeatureCollection",
  "bbox": [
    107.000359,
    16.684281,
    107.197391,
    16.813142
  ],
  "features": [
    {
      "type": "Feature",
      "id": "19669",
      "bbox": [
        107.000359,
        16.684281,
        107.197391,
        16.813142
      ],
      "geometry": {
        "type": "MultiPolygon",
        "coordinates": [
          [
            [
              [
                107.012992,
                16.738422
              ],
              [
                107.013114,
                16.738477
              ],
              [
                107.013333,
                16.742098
              ],
              [
                107.014594,
                16.746525
              ],
              [
                107.014521,
                16.746547
              ],
              [
                107.014146,
                16.746648
              ],
              [
                107.013953,
                16.746721
              ],
              [
                107.013891,
                16.746797
              ],
              [
                107.013713,
                16.747218
              ],
              [
                107.013608,
                16.747513
              ],
              [
                107.013527,
                16.747654
              ],
              [
                107.013454,
                16.747734
              ],
              [
                107.013232,
                16.747858
              ],
              [
                107.013069,
                16.747945
              ],
              [
                107.012858,
                16.74814
              ],
              [
                107.012847,
                16.74815
              ],
              [
                107.012837,
                16.748159
              ],
              [
                107.012626,
                16.748367
              ],
              [
                107.012608,
                16.748384
              ],
              [
                107.012443,
                16.748568
              ],
              [
                107.012186,
                16.748987
              ],
              [
                107.012185,
                16.748988
              ],
              [
                107.012183,
                16.748991
              ],
              [
                107.012116,
                16.749121
              ],
              [
                107.012087,
                16.749259
              ],
              [
                107.012131,
                16.74946
              ],
              [
                107.012176,
                16.749758
              ],
              [
                107.012185,
                16.750027
              ],
              [
                107.012165,
                16.750377
              ],
              [
                107.012106,
                16.750487
              ],
              [
                107.012105,
                16.750516
              ],
              [
                107.012126,
                16.750528
              ],
              [
                107.012213,
                16.750524
              ],
              [
                107.013212,
                16.750468
              ],
              [
                107.01351,
                16.75045
              ],
              [
                107.01399,
                16.750415
              ],
              [
                107.014291,
                16.750377
              ],
              [
                107.019371,
                16.750151
              ],
              [
                107.020638,
                16.750095
              ],
              [
                107.0211,
                16.75008
              ],
              [
                107.022351,
                16.75004
              ],
              [
                107.022689,
                16.750029
              ],
              [
                107.022696,
                16.750028
              ],
              [
                107.023537,
                16.749999
              ],
              [
                107.023613,
                16.749997
              ],
              [
                107.023811,
                16.750017
              ],
              [
                107.024239,
                16.75019
              ],
              [
                107.024494,
                16.750331
              ],
              [
                107.024733,
                16.750458
              ],
              [
                107.024899,
                16.750585
              ],
              [
                107.025078,
                16.750684
              ],
              [
                107.025178,
                16.750706
              ],
              [
                107.025178,
                16.750706
              ],
              [
                107.025189,
                16.750667
              ],
              [
                107.025202,
                16.750621
              ],
              [
                107.025215,
                16.750576
              ],
              [
                107.025218,
                16.750566
              ],
              [
                107.025228,
                16.750534
              ],
              [
                107.025242,
                16.750498
              ],
              [
                107.025255,
                16.750467
              ],
              [
                107.025256,
                16.750463
              ],
              [
                107.025272,
                16.750428
              ],
              [
                107.025283,
                16.750405
              ],
              [
                107.025289,
                16.750394
              ],
              [
                107.025307,
                16.750367
              ],
              [
                107.025324,
                16.750348
              ],
              [
                107.025339,
                16.750333
              ],
              [
                107.02534,
                16.750332
              ],
              [
                107.025354,
                16.750322
              ],
              [
                107.025369,
                16.750315
              ],
              [
                107.025385,
                16.750313
              ],
              [
                107.025402,
                16.750315
              ],
              [
                107.025421,
                16.750314
              ],
              [
                107.02544,
                16.750309
              ],
              [
                107.025456,
                16.750306
              ],
              [
                107.025471,
                16.750303
              ],
              [
                107.02549,
                16.750296
              ],
              [
                107.025509,
                16.750287
              ],
              [
                107.02553,
                16.750277
              ],
              [
                107.025551,
                16.750268
              ],
              [
                107.025576,
                16.750258
              ],
              [
                107.025605,
                16.750246
              ],
              [
                107.025634,
                16.750235
              ],
              [
                107.025662,
                16.750225
              ],
              [
                107.025684,
                16.750217
              ],
              [
                107.025703,
                16.750211
              ],
              [
                107.025721,
                16.750206
              ],
              [
                107.025739,
                16.750201
              ],
              [
                107.025758,
                16.750196
              ],
              [
                107.025777,
                16.750192
              ],
              [
                107.025796,
                16.750188
              ],
              [
                107.025805,
                16.750187
              ],
              [
                107.025807,
                16.750187
              ],
              [
                107.025818,
                16.750185
              ],
              [
                107.025842,
                16.750183
              ],
              [
                107.025867,
                16.750182
              ],
              [
                107.025885,
                16.750181
              ],
              [
                107.025919,
                16.750179
              ],
              [
                107.025931,
                16.750182
              ],
              [
                107.025952,
                16.750187
              ],
              [
                107.025967,
                16.750191
              ],
              [
                107.025991,
                16.750196
              ],
              [
                107.026019,
                16.750203
              ],
              [
                107.02605,
                16.750211
              ],
              [
                107.026091,
                16.750223
              ],
              [
                107.026143,
                16.750239
              ],
              [
                107.026197,
                16.750255
              ],
              [
                107.026252,
                16.750271
              ],
              [
                107.026309,
                16.750286
              ],
              [
                107.026362,
                16.750298
              ],
              [
                107.026411,
                16.750306
              ],
              [
                107.026459,
                16.750313
              ],
              [
                107.026506,
                16.750318
              ],
              [
                107.026548,
                16.750321
              ],
              [
                107.026583,
                16.750322
              ],
              [
                107.02662,
                16.750323
              ],
              [
                107.026674,
                16.750324
              ],
              [
                107.026746,
                16.750327
              ],
              [
                107.026822,
                16.750331
              ],
              [
                107.026898,
                16.750334
              ],
              [
                107.026971,
                16.750336
              ],
              [
                107.027033,
                16.750337
              ],
              [
                107.027089,
                16.750339
              ],
              [
                107.027113,
                16.750338
              ],
              [
                107.027136,
                16.750338
              ],
              [
                107.02718,
                16.750334
              ],
              [
                107.027228,
                16.750332
              ],
              [
                107.027265,
                16.750329
              ],
              [
                107.027291,
                16.750326
              ],
              [
                107.027313,
                16.750327
              ],
              [
                107.027339,
                16.75033
              ],
              [
                107.027367,
                16.750334
              ],
              [
                107.027395,
                16.75034
              ],
              [
                107.027422,
                16.750347
              ],
              [
                107.027441,
                16.750352
              ],
              [
                107.027483,
                16.750366
              ],
              [
                107.027509,
                16.750385
              ],
              [
                107.027509,
                16.750385
              ],
              [
                107.027521,
                16.750392
              ],
              [
                107.027539,
                16.750403
              ],
              [
                107.02756,
                16.75042
              ],
              [
                107.027583,
                16.750445
              ],
              [
                107.027608,
                16.750474
              ],
              [
                107.027631,
                16.750504
              ],
              [
                107.027653,
                16.750534
              ],
              [
                107.027675,
                16.750564
              ],
              [
                107.027697,
                16.750594
              ],
              [
                107.027718,
                16.750624
              ],
              [
                107.027737,
                16.750649
              ],
              [
                107.027758,
                16.750675
              ],
              [
                107.027786,
                16.750707
              ],
              [
                107.027823,
                16.750744
              ],
              [
                107.027865,
                16.750782
              ],
              [
                107.027908,
                16.75082
              ],
              [
                107.027949,
                16.750855
              ],
              [
                107.027991,
                16.750888
              ],
              [
                107.028034,
                16.75092
              ],
              [
                107.028065,
                16.750943
              ],
              [
                107.028081,
                16.750954
              ],
              [
                107.028092,
                16.750961
              ],
              [
                107.028109,
                16.75097
              ],
              [
                107.028138,
                16.750987
              ],
              [
                107.028179,
                16.751012
              ],
              [
                107.028221,
                16.751037
              ],
              [
                107.028258,
                16.751059
              ],
              [
                107.028293,
                16.751082
              ],
              [
                107.028326,
                16.751105
              ],
              [
                107.028358,
                16.75113
              ],
              [
                107.028389,
                16.751159
              ],
              [
                107.028418,
                16.751194
              ],
              [
                107.02844,
                16.751224
              ],
              [
                107.028452,
                16.75124
              ],
              [
                107.028452,
                16.75124
              ],
              [
                107.028501,
                16.751306
              ],
              [
                107.028517,
                16.751345
              ],
              [
                107.028523,
                16.751359
              ],
              [
                107.028535,
                16.751378
              ],
              [
                107.028552,
                16.751396
              ],
              [
                107.028565,
                16.751413
              ],
              [
                107.028576,
                16.751426
              ],
              [
                107.028589,
                16.75144
              ],
              [
                107.028608,
                16.751456
              ],
              [
                107.028633,
                16.751474
              ],
              [
                107.028661,
                16.751488
              ],
              [
                107.028695,
                16.751497
              ],
              [
                107.028731,
                16.751502
              ],
              [
                107.028766,
                16.751503
              ],
              [
                107.0288,
                16.751502
              ],
              [
                107.028833,
                16.751499
              ],
              [
                107.028866,
                16.751496
              ],
              [
                107.028898,
                16.751493
              ],
              [
                107.02893,
                16.751492
              ],
              [
                107.028969,
                16.751491
              ],
              [
                107.029014,
                16.751491
              ],
              [
                107.02906,
                16.75149
              ],
              [
                107.029104,
                16.751492
              ],
              [
                107.029138,
                16.751496
              ],
              [
                107.029156,
                16.751499
              ],
              [
                107.02917,
                16.751501
              ],
              [
                107.029174,
                16.751501
              ],
              [
                107.029191,
                16.751503
              ],
              [
                107.029196,
                16.751505
              ],
              [
                107.029293,
                16.751547
              ],
              [
                107.029414,
                16.751615
              ],
              [
                107.029428,
                16.751623
              ],
              [
                107.029595,
                16.751712
              ],
              [
                107.029633,
                16.751723
              ],
              [
                107.029747,
                16.751758
              ],
              [
                107.029834,
                16.751769
              ],
              [
                107.029907,
                16.751771
              ],
              [
                107.029916,
                16.751771
              ],
              [
                107.029997,
                16.751746
              ],
              [
                107.029999,
                16.751746
              ],
              [
                107.030064,
                16.751727
              ],
              [
                107.030158,
                16.751701
              ],
              [
                107.030295,
                16.75164
              ],
              [
                107.030321,
                16.751628
              ],
              [
                107.030471,
                16.751545
              ],
              [
                107.030535,
                16.751492
              ],
              [
                107.030544,
                16.75148
              ],
              [
                107.030596,
                16.751403
              ],
              [
                107.030603,
                16.751387
              ],
              [
                107.030615,
                16.751358
              ],
              [
                107.030627,
                16.751323
              ],
              [
                107.030637,
                16.751295
              ],
              [
                107.030645,
                16.751274
              ],
              [
                107.030655,
                16.751247
              ],
              [
                107.030669,
                16.751211
              ],
              [
                107.030683,
                16.751178
              ],
              [
                107.030694,
                16.751149
              ],
              [
                107.030707,
                16.751118
              ],
              [
                107.030721,
                16.751083
              ],
              [
                107.030732,
                16.75105
              ],
              [
                107.03074,
                16.751015
              ],
              [
                107.030749,
                16.750976
              ],
              [
                107.030755,
                16.750943
              ],
              [
                107.030759,
                16.750919
              ],
              [
                107.030766,
                16.750895
              ],
              [
                107.030777,
                16.75087
              ],
              [
                107.03079,
                16.750845
              ],
              [
                107.030803,
                16.75082
              ],
              [
                107.03082,
                16.750794
              ],
              [
                107.030838,
                16.750767
              ],
              [
                107.030858,
                16.750738
              ],
              [
                107.030876,
                16.750705
              ],
              [
                107.03088,
                16.750698
              ],
              [
                107.030894,
                16.750669
              ],
              [
                107.03091,
                16.750633
              ],
              [
                107.030923,
                16.750598
              ],
              [
                107.030933,
                16.75056
              ],
              [
                107.030942,
                16.750511
              ],
              [
                107.030952,
                16.750443
              ],
              [
                107.030958,
                16.750393
              ],
              [
                107.030962,
                16.750361
              ],
              [
                107.030973,
                16.750274
              ],
              [
                107.030983,
                16.750179
              ],
              [
                107.030993,
                16.750079
              ],
              [
                107.031004,
                16.74998
              ],
              [
                107.031015,
                16.749888
              ],
              [
                107.031023,
                16.749827
              ],
              [
                107.031033,
                16.749691
              ],
              [
                107.031033,
                16.749667
              ],
              [
                107.031033,
                16.74963
              ],
              [
                107.03103,
                16.749586
              ],
              [
                107.03102,
                16.749522
              ],
              [
                107.031007,
                16.749443
              ],
              [
                107.030993,
                16.749363
              ],
              [
                107.030982,
                16.74929
              ],
              [
                107.030978,
                16.749232
              ],
              [
                107.030978,
                16.749183
              ],
              [
                107.030982,
                16.749138
              ],
              [
                107.030985,
                16.749108
              ],
              [
                107.030997,
                16.749007
              ],
              [
                107.030997,
                16.748995
              ],
              [
                107.030997,
                16.748989
              ],
              [
                107.030996,
                16.748986
              ],
              [
                107.031005,
                16.748942
              ],
              [
                107.031051,
                16.748711
              ],
              [
                107.031083,
                16.748546
              ],
              [
                107.031103,
                16.748448
              ],
              [
                107.031104,
                16.748442
              ],
              [
                107.031136,
                16.748281
              ],
              [
                107.031151,
                16.748203
              ],
              [
                107.031161,
                16.748151
              ],
              [
                107.031197,
                16.747972
              ],
              [
                107.031252,
                16.747689
              ],
              [
                107.031418,
                16.746946
              ],
              [
                107.03143,
                16.746893
              ],
              [
                107.031455,
                16.746837
              ],
              [
                107.031636,
                16.74643
              ],
              [
                107.03178,
                16.74614
              ],
              [
                107.031818,
                16.746063
              ],
              [
                107.031972,
                16.745843
              ],
              [
                107.032127,
                16.745683
              ],
              [
                107.032149,
                16.745671
              ],
              [
                107.032214,
                16.745635
              ],
              [
                107.032226,
                16.745629
              ],
              [
                107.032364,
                16.745598
              ],
              [
                107.032476,
                16.745612
              ],
              [
                107.032543,
                16.745658
              ],
              [
                107.032559,
                16.745736
              ],
              [
                107.032557,
                16.74578
              ],
              [
                107.032553,
                16.745891
              ],
              [
                107.032536,
                16.74602
              ],
              [
                107.032552,
                16.746145
              ],
              [
                107.032619,
                16.746301
              ],
              [
                107.032625,
                16.746313
              ],
              [
                107.032657,
                16.746488
              ],
              [
                107.032664,
                16.746524
              ],
              [
                107.032726,
                16.746753
              ],
              [
                107.032836,
                16.746921
              ],
              [
                107.032927,
                16.747156
              ],
              [
                107.033013,
                16.74737
              ],
              [
                107.033019,
                16.747385
              ],
              [
                107.033238,
                16.747645
              ],
              [
                107.033367,
                16.74774
              ],
              [
                107.0335,
                16.747839
              ],
              [
                107.033678,
                16.74793
              ],
              [
                107.03368,
                16.747931
              ],
              [
                107.033908,
                16.748011
              ],
              [
                107.033919,
                16.748012
              ],
              [
                107.034072,
                16.748031
              ],
              [
                107.034095,
                16.748027
              ],
              [
                107.034179,
                16.748013
              ],
              [
                107.034258,
                16.748
              ],
              [
                107.034454,
                16.747923
              ],
              [
                107.03468,
                16.747799
              ],
              [
                107.034753,
                16.747729
              ],
              [
                107.034939,
                16.747551
              ],
              [
                107.03496,
                16.747531
              ],
              [
                107.034974,
                16.747514
              ],
              [
                107.035231,
                16.747201
              ],
              [
                107.035301,
                16.747115
              ],
              [
                107.03532,
                16.747076
              ],
              [
                107.035414,
                16.746874
              ],
              [
                107.035428,
                16.746759
              ],
              [
                107.035401,
                16.746686
              ],
              [
                107.035368,
                16.746618
              ],
              [
                107.035335,
                16.746551
              ],
              [
                107.035306,
                16.746415
              ],
              [
                107.035305,
                16.746349
              ],
              [
                107.035302,
                16.746216
              ],
              [
                107.035325,
                16.746061
              ],
              [
                107.035359,
                16.745832
              ],
              [
                107.03536,
                16.745828
              ],
              [
                107.035363,
                16.745816
              ],
              [
                107.035403,
                16.745682
              ],
              [
                107.035439,
                16.74556
              ],
              [
                107.035506,
                16.74548
              ],
              [
                107.035523,
                16.745459
              ],
              [
                107.035529,
                16.745451
              ],
              [
                107.035538,
                16.745446
              ],
              [
                107.035561,
                16.745433
              ],
              [
                107.035598,
                16.74541
              ],
              [
                107.035739,
                16.74538
              ],
              [
                107.0359,
                16.745328
              ],
              [
                107.035968,
                16.745286
              ],
              [
                107.036063,
                16.745229
              ],
              [
                107.03626,
                16.745145
              ],
              [
                107.036419,
                16.745112
              ],
              [
                107.036426,
                16.74511
              ],
              [
                107.036434,
                16.74511
              ],
              [
                107.036563,
                16.745102
              ],
              [
                107.036682,
                16.74511
              ],
              [
                107.036769,
                16.745136
              ],
              [
                107.036954,
                16.745268
              ],
              [
                107.037009,
                16.74529
              ],
              [
                107.037066,
                16.745314
              ],
              [
                107.03717,
                16.745304
              ],
              [
                107.037289,
                16.745246
              ],
              [
                107.037326,
                16.745228
              ],
              [
                107.037384,
                16.745173
              ],
              [
                107.037481,
                16.745083
              ],
              [
                107.03752,
                16.745055
              ],
              [
                107.037581,
                16.745013
              ],
              [
                107.037599,
                16.745001
              ],
              [
                107.037747,
                16.744978
              ],
              [
                107.037949,
                16.745004
              ],
              [
                107.038132,
                16.745019
              ],
              [
                107.038328,
                16.74501
              ],
              [
                107.038489,
                16.744975
              ],
              [
                107.038753,
                16.744875
              ],
              [
                107.038828,
                16.744847
              ],
              [
                107.039605,
                16.744429
              ],
              [
                107.040131,
                16.744064
              ],
              [
                107.04026,
                16.743975
              ],
              [
                107.040489,
                16.743853
              ],
              [
                107.040605,
                16.743814
              ],
              [
                107.040779,
                16.743817
              ],
              [
                107.04093,
                16.743806
              ],
              [
                107.040988,
                16.743803
              ],
              [
                107.041026,
                16.743801
              ],
              [
                107.041116,
                16.743797
              ],
              [
                107.041439,
                16.743857
              ],
              [
                107.041631,
                16.743892
              ],
              [
                107.042367,
                16.744038
              ],
              [
                107.042583,
                16.744093
              ],
              [
                107.04269,
                16.744121
              ],
              [
                107.042862,
                16.744184
              ],
              [
                107.04288,
                16.744191
              ],
              [
                107.042891,
                16.744199
              ],
              [
                107.042945,
                16.744244
              ],
              [
                107.043007,
                16.744295
              ],
              [
                107.043161,
                16.744501
              ],
              [
                107.043329,
                16.744717
              ],
              [
                107.043489,
                16.744869
              ],
              [
                107.043658,
                16.745029
              ],
              [
                107.043704,
                16.745081
              ],
              [
                107.043866,
                16.745264
              ],
              [
                107.043893,
                16.745298
              ],
              [
                107.043959,
                16.74538
              ],
              [
                107.044074,
                16.745462
              ],
              [
                107.044201,
                16.745495
              ],
              [
                107.044338,
                16.745493
              ],
              [
                107.044446,
                16.745468
              ],
              [
                107.044464,
                16.745463
              ],
              [
                107.044478,
                16.745456
              ],
              [
                107.044557,
                16.745415
              ],
              [
                107.044624,
                16.745381
              ],
              [
                107.044732,
                16.745274
              ],
              [
                107.044758,
                16.745218
              ],
              [
                107.044805,
                16.745116
              ],
              [
                107.044843,
                16.744984
              ],
              [
                107.04485,
                16.744958
              ],
              [
                107.04485,
                16.744916
              ],
              [
                107.044851,
                16.744745
              ],
              [
                107.044843,
                16.744708
              ],
              [
                107.044788,
                16.744453
              ],
              [
                107.044783,
                16.74443
              ],
              [
                107.044783,
                16.744411
              ],
              [
                107.044785,
                16.744222
              ],
              [
                107.044802,
                16.744149
              ],
              [
                107.044814,
                16.7441
              ],
              [
                107.044907,
                16.743958
              ],
              [
                107.045066,
                16.74381
              ],
              [
                107.04514,
                16.743769
              ],
              [
                107.045234,
                16.743716
              ],
              [
                107.045291,
                16.743684
              ],
              [
                107.045484,
                16.743612
              ],
              [
                107.045521,
                16.743598
              ],
              [
                107.045714,
                16.743562
              ],
              [
                107.045818,
                16.743561
              ],
              [
                107.045909,
                16.743587
              ],
              [
                107.045925,
                16.743591
              ],
              [
                107.045952,
                16.743621
              ],
              [
                107.046018,
                16.743693
              ],
              [
                107.046023,
                16.743698
              ],
              [
                107.046026,
                16.743702
              ],
              [
                107.046097,
                16.743808
              ],
              [
                107.046199,
                16.743957
              ],
              [
                107.046398,
                16.74418
              ],
              [
                107.0466,
                16.744388
              ],
              [
                107.046864,
                16.74466
              ],
              [
                107.047301,
                16.745132
              ],
              [
                107.047491,
                16.745297
              ],
              [
                107.047689,
                16.745441
              ],
              [
                107.04777,
                16.745474
              ],
              [
                107.047849,
                16.745507
              ],
              [
                107.047898,
                16.745527
              ],
              [
                107.048189,
                16.745615
              ],
              [
                107.048416,
                16.74569
              ],
              [
                107.048546,
                16.745779
              ],
              [
                107.048605,
                16.745845
              ],
              [
                107.048669,
                16.745917
              ],
              [
                107.048876,
                16.746211
              ],
              [
                107.048904,
                16.74625
              ],
              [
                107.048904,
                16.74625
              ],
              [
                107.048904,
                16.74625
              ],
              [
                107.049014,
                16.746401
              ],
              [
                107.049137,
                16.7465
              ],
              [
                107.049209,
                16.746521
              ],
              [
                107.049264,
                16.746537
              ],
              [
                107.049414,
                16.746547
              ],
              [
                107.049415,
                16.746547
              ],
              [
                107.049415,
                16.746547
              ],
              [
                107.049554,
                16.74651
              ],
              [
                107.049771,
                16.746417
              ],
              [
                107.049919,
                16.746353
              ],
              [
                107.050154,
                16.746266
              ],
              [
                107.050211,
                16.746245
              ],
              [
                107.050416,
                16.74621
              ],
              [
                107.050454,
                16.74621
              ],
              [
                107.050605,
                16.74621
              ],
              [
                107.050642,
                16.74621
              ],
              [
                107.050713,
                16.746224
              ],
              [
                107.050822,
                16.746245
              ],
              [
                107.050891,
                16.746258
              ],
              [
                107.051162,
                16.746357
              ],
              [
                107.051431,
                16.746456
              ],
              [
                107.051487,
                16.746468
              ],
              [
                107.051536,
                16.74648
              ],
              [
                107.05159,
                16.746492
              ],
              [
                107.051772,
                16.746533
              ],
              [
                107.052059,
                16.746616
              ],
              [
                107.05214,
                16.74664
              ],
              [
                107.052359,
                16.746695
              ],
              [
                107.05262,
                16.74674
              ],
              [
                107.05274,
                16.746777
              ],
              [
                107.052802,
                16.746796
              ],
              [
                107.052918,
                16.746859
              ],
              [
                107.05292,
                16.746861
              ],
              [
                107.052934,
                16.746869
              ],
              [
                107.053027,
                16.746978
              ],
              [
                107.053071,
                16.747106
              ],
              [
                107.053152,
                16.74728
              ],
              [
                107.053175,
                16.747331
              ],
              [
                107.053228,
                16.747449
              ],
              [
                107.05329,
                16.747672
              ],
              [
                107.053291,
                16.747675
              ],
              [
                107.053305,
                16.747724
              ],
              [
                107.053316,
                16.747764
              ],
              [
                107.05338,
                16.747997
              ],
              [
                107.053401,
                16.748075
              ],
              [
                107.053419,
                16.748143
              ],
              [
                107.053453,
                16.748262
              ],
              [
                107.053474,
                16.748337
              ],
              [
                107.053489,
                16.748392
              ],
              [
                107.053566,
                16.748667
              ],
              [
                107.053644,
                16.748943
              ],
              [
                107.053656,
                16.748986
              ],
              [
                107.053657,
                16.748989
              ],
              [
                107.053659,
                16.748997
              ],
              [
                107.053772,
                16.749397
              ],
              [
                107.053845,
                16.749619
              ],
              [
                107.053946,
                16.749929
              ],
              [
                107.054086,
                16.750252
              ],
              [
                107.054103,
                16.750278
              ],
              [
                107.054242,
                16.750483
              ],
              [
                107.05425,
                16.750495
              ],
              [
                107.054328,
                16.750604
              ],
              [
                107.054331,
                16.750609
              ],
              [
                107.054374,
                16.750698
              ],
              [
                107.054414,
                16.750798
              ],
              [
                107.054431,
                16.750933
              ],
              [
                107.054437,
                16.750981
              ],
              [
                107.054449,
                16.751119
              ],
              [
                107.05445,
                16.751123
              ],
              [
                107.054463,
                16.751231
              ],
              [
                107.054478,
                16.751336
              ],
              [
                107.054493,
                16.751432
              ],
              [
                107.054504,
                16.75151
              ],
              [
                107.054515,
                16.751585
              ],
              [
                107.054528,
                16.751659
              ],
              [
                107.054541,
                16.75171
              ],
              [
                107.054554,
                16.751744
              ],
              [
                107.054567,
                16.751772
              ],
              [
                107.054583,
                16.751799
              ],
              [
                107.054598,
                16.751825
              ],
              [
                107.054614,
                16.751848
              ],
              [
                107.054634,
                16.751871
              ],
              [
                107.054658,
                16.751895
              ],
              [
                107.05469,
                16.75192
              ],
              [
                107.05473,
                16.751946
              ],
              [
                107.054772,
                16.751974
              ],
              [
                107.054824,
                16.752003
              ],
              [
                107.054887,
                16.752034
              ],
              [
                107.054957,
                16.752067
              ],
              [
                107.055032,
                16.7521
              ],
              [
                107.055081,
                16.752118
              ],
              [
                107.055256,
                16.752169
              ],
              [
                107.0553,
                16.75218
              ],
              [
                107.055383,
                16.7522
              ],
              [
                107.055471,
                16.752218
              ],
              [
                107.055544,
                16.75223
              ],
              [
                107.055606,
                16.752235
              ],
              [
                107.055671,
                16.752237
              ],
              [
                107.055731,
                16.752237
              ],
              [
                107.055793,
                16.752235
              ],
              [
                107.055871,
                16.752232
              ],
              [
                107.055962,
                16.752224
              ],
              [
                107.05606,
                16.752213
              ],
              [
                107.056157,
                16.752202
              ],
              [
                107.056244,
                16.75219
              ],
              [
                107.056318,
                16.752176
              ],
              [
                107.056407,
                16.752157
              ],
              [
                107.056534,
                16.752131
              ],
              [
                107.056675,
                16.752105
              ],
              [
                107.056816,
                16.752079
              ],
              [
                107.056941,
                16.752053
              ],
              [
                107.05702,
                16.752034
              ],
              [
                107.057066,
                16.752021
              ],
              [
                107.057109,
                16.752012
              ],
              [
                107.057159,
                16.752002
              ],
              [
                107.057214,
                16.751991
              ],
              [
                107.057281,
                16.751978
              ],
              [
                107.057357,
                16.751963
              ],
              [
                107.057427,
                16.751947
              ],
              [
                107.057481,
                16.751932
              ],
              [
                107.057523,
                16.751917
              ],
              [
                107.057562,
                16.751897
              ],
              [
                107.057601,
                16.751875
              ],
              [
                107.057631,
                16.751858
              ],
              [
                107.057653,
                16.751845
              ],
              [
                107.057683,
                16.751828
              ],
              [
                107.057731,
                16.751801
              ],
              [
                107.057789,
                16.751769
              ],
              [
                107.057848,
                16.751736
              ],
              [
                107.057907,
                16.751704
              ],
              [
                107.057952,
                16.751679
              ],
              [
                107.057962,
                16.751674
              ],
              [
                107.058017,
                16.751647
              ],
              [
                107.058074,
                16.75162
              ],
              [
                107.058132,
                16.751594
              ],
              [
                107.058188,
                16.75157
              ],
              [
                107.05824,
                16.751548
              ],
              [
                107.058286,
                16.751533
              ],
              [
                107.05833,
                16.751522
              ],
              [
                107.058371,
                16.751514
              ],
              [
                107.058413,
                16.751507
              ],
              [
                107.058459,
                16.7515
              ],
              [
                107.058521,
                16.751494
              ],
              [
                107.058596,
                16.751489
              ],
              [
                107.058659,
                16.751486
              ],
              [
                107.05871,
                16.751487
              ],
              [
                107.058769,
                16.751488
              ],
              [
                107.058838,
                16.75149
              ],
              [
                107.058883,
                16.751494
              ],
              [
                107.058937,
                16.751504
              ],
              [
                107.058992,
                16.751537
              ],
              [
                107.059017,
                16.751551
              ],
              [
                107.059054,
                16.751574
              ],
              [
                107.05909,
                16.751604
              ],
              [
                107.059124,
                16.751638
              ],
              [
                107.05916,
                16.751675
              ],
              [
                107.059194,
                16.751716
              ],
              [
                107.059232,
                16.751763
              ],
              [
                107.059275,
                16.751815
              ],
              [
                107.059298,
                16.751847
              ],
              [
                107.059372,
                16.751976
              ],
              [
                107.059417,
                16.752112
              ],
              [
                107.059421,
                16.752122
              ],
              [
                107.059421,
                16.752128
              ],
              [
                107.059445,
                16.75238
              ],
              [
                107.05945,
                16.752404
              ],
              [
                107.059479,
                16.752541
              ],
              [
                107.059485,
                16.752569
              ],
              [
                107.059519,
                16.752633
              ],
              [
                107.059561,
                16.752714
              ],
              [
                107.059627,
                16.752765
              ],
              [
                107.059678,
                16.752796
              ],
              [
                107.059741,
                16.752826
              ],
              [
                107.059792,
                16.75285
              ],
              [
                107.059861,
                16.752881
              ],
              [
                107.059903,
                16.7529
              ],
              [
                107.059919,
                16.752905
              ],
              [
                107.060088,
                16.752953
              ],
              [
                107.060175,
                16.752972
              ],
              [
                107.060177,
                16.752972
              ],
              [
                107.060183,
                16.752972
              ],
              [
                107.060311,
                16.752971
              ],
              [
                107.060401,
                16.752958
              ],
              [
                107.060484,
                16.752926
              ],
              [
                107.060592,
                16.75286
              ],
              [
                107.060604,
                16.752853
              ],
              [
                107.060676,
                16.752807
              ],
              [
                107.06077,
                16.752732
              ],
              [
                107.060774,
                16.752725
              ],
              [
                107.060826,
                16.752645
              ],
              [
                107.060854,
                16.752536
              ],
              [
                107.060864,
                16.752495
              ],
              [
                107.060883,
                16.752423
              ],
              [
                107.060914,
                16.752374
              ],
              [
                107.060963,
                16.75232
              ],
              [
                107.061032,
                16.752244
              ],
              [
                107.061112,
                16.752139
              ],
              [
                107.06112,
                16.752124
              ],
              [
                107.061208,
                16.751959
              ],
              [
                107.061219,
                16.751939
              ],
              [
                107.061264,
                16.751816
              ],
              [
                107.061314,
                16.751618
              ],
              [
                107.061379,
                16.75143
              ],
              [
                107.061426,
                16.751345
              ],
              [
                107.061503,
                16.751243
              ],
              [
                107.061518,
                16.751224
              ],
              [
                107.061585,
                16.751164
              ],
              [
                107.061732,
                16.751069
              ],
              [
                107.061871,
                16.75101
              ],
              [
                107.061965,
                16.750984
              ],
              [
                107.061982,
                16.75098
              ],
              [
                107.062081,
                16.750987
              ],
              [
                107.062085,
                16.750988
              ],
              [
                107.062092,
                16.750988
              ],
              [
                107.062118,
                16.750992
              ],
              [
                107.062143,
                16.750998
              ],
              [
                107.062166,
                16.751006
              ],
              [
                107.062187,
                16.751017
              ],
              [
                107.062207,
                16.75103
              ],
              [
                107.062227,
                16.751044
              ],
              [
                107.062248,
                16.751061
              ],
              [
                107.062269,
                16.751083
              ],
              [
                107.06229,
                16.751107
              ],
              [
                107.062311,
                16.751131
              ],
              [
                107.062331,
                16.751157
              ],
              [
                107.062348,
                16.751184
              ],
              [
                107.062364,
                16.751217
              ],
              [
                107.062383,
                16.751265
              ],
              [
                107.062414,
                16.751361
              ],
              [
                107.062455,
                16.751511
              ],
              [
                107.062488,
                16.751653
              ],
              [
                107.062496,
                16.751698
              ],
              [
                107.062507,
                16.751755
              ],
              [
                107.062523,
                16.751828
              ],
              [
                107.06255,
                16.751922
              ],
              [
                107.062589,
                16.752047
              ],
              [
                107.062619,
                16.752135
              ],
              [
                107.06263,
                16.752166
              ],
              [
                107.062642,
                16.752205
              ],
              [
                107.06266,
                16.752292
              ],
              [
                107.062661,
                16.752295
              ],
              [
                107.06266,
                16.752301
              ],
              [
                107.062651,
                16.752356
              ],
              [
                107.06265,
                16.752361
              ],
              [
                107.062637,
                16.752395
              ],
              [
                107.062617,
                16.752434
              ],
              [
                107.062597,
                16.752469
              ],
              [
                107.062577,
                16.752504
              ],
              [
                107.062555,
                16.75254
              ],
              [
                107.062537,
                16.752565
              ],
              [
                107.062524,
                16.752584
              ],
              [
                107.062506,
                16.752604
              ],
              [
                107.062484,
                16.752625
              ],
              [
                107.062464,
                16.752644
              ],
              [
                107.062445,
                16.752661
              ],
              [
                107.062429,
                16.752675
              ],
              [
                107.062419,
                16.752689
              ],
              [
                107.062415,
                16.752701
              ],
              [
                107.062408,
                16.752736
              ],
              [
                107.062411,
                16.752774
              ],
              [
                107.062411,
                16.752796
              ],
              [
                107.062415,
                16.752825
              ],
              [
                107.06242,
                16.752858
              ],
              [
                107.062423,
                16.752875
              ],
              [
                107.062426,
                16.752893
              ],
              [
                107.062435,
                16.752928
              ],
              [
                107.062454,
                16.752966
              ],
              [
                107.06248,
                16.75301
              ],
              [
                107.062499,
                16.753044
              ],
              [
                107.062514,
                16.753069
              ],
              [
                107.062536,
                16.753101
              ],
              [
                107.062568,
                16.753142
              ],
              [
                107.062597,
                16.753175
              ],
              [
                107.062619,
                16.753194
              ],
              [
                107.062637,
                16.753208
              ],
              [
                107.062656,
                16.753219
              ],
              [
                107.062678,
                16.75323
              ],
              [
                107.062704,
                16.753241
              ],
              [
                107.062731,
                16.753253
              ],
              [
                107.062739,
                16.753255
              ],
              [
                107.062814,
                16.753274
              ],
              [
                107.062848,
                16.753283
              ],
              [
                107.062957,
                16.753313
              ],
              [
                107.063055,
                16.753346
              ],
              [
                107.063137,
                16.753411
              ],
              [
                107.063142,
                16.753426
              ],
              [
                107.063158,
                16.753474
              ],
              [
                107.063171,
                16.753542
              ],
              [
                107.063177,
                16.753571
              ],
              [
                107.063182,
                16.753739
              ],
              [
                107.063174,
                16.753822
              ],
              [
                107.063155,
                16.753999
              ],
              [
                107.063121,
                16.75409
              ],
              [
                107.063062,
                16.754155
              ],
              [
                107.063034,
                16.754186
              ],
              [
                107.062877,
                16.754316
              ],
              [
                107.062741,
                16.754442
              ],
              [
                107.062599,
                16.754558
              ],
              [
                107.062555,
                16.754584
              ],
              [
                107.062472,
                16.75463
              ],
              [
                107.062341,
                16.754665
              ],
              [
                107.062231,
                16.754678
              ],
              [
                107.06217,
                16.754686
              ],
              [
                107.062129,
                16.754695
              ],
              [
                107.062096,
                16.754706
              ],
              [
                107.062054,
                16.754721
              ],
              [
                107.062013,
                16.754739
              ],
              [
                107.061978,
                16.754758
              ],
              [
                107.061947,
                16.754776
              ],
              [
                107.061916,
                16.754795
              ],
              [
                107.061889,
                16.754815
              ],
              [
                107.061866,
                16.754835
              ],
              [
                107.061845,
                16.754856
              ],
              [
                107.061828,
                16.754878
              ],
              [
                107.061812,
                16.754901
              ],
              [
                107.0618,
                16.754922
              ],
              [
                107.061789,
                16.754941
              ],
              [
                107.061777,
                16.754962
              ],
              [
                107.061769,
                16.754986
              ],
              [
                107.061763,
                16.75501
              ],
              [
                107.06176,
                16.755031
              ],
              [
                107.061759,
                16.755053
              ],
              [
                107.061759,
                16.755085
              ],
              [
                107.061765,
                16.75512
              ],
              [
                107.061774,
                16.755148
              ],
              [
                107.061784,
                16.755175
              ],
              [
                107.061798,
                16.755207
              ],
              [
                107.061824,
                16.755242
              ],
              [
                107.061859,
                16.75528
              ],
              [
                107.061896,
                16.755315
              ],
              [
                107.061942,
                16.755353
              ],
              [
                107.061996,
                16.755399
              ],
              [
                107.062051,
                16.755446
              ],
              [
                107.062112,
                16.755503
              ],
              [
                107.06218,
                16.755569
              ],
              [
                107.062246,
                16.755632
              ],
              [
                107.062316,
                16.755694
              ],
              [
                107.062353,
                16.755726
              ],
              [
                107.06239,
                16.755759
              ],
              [
                107.062453,
                16.755812
              ],
              [
                107.0625,
                16.755848
              ],
              [
                107.062539,
                16.755877
              ],
              [
                107.062578,
                16.755906
              ],
              [
                107.062617,
                16.755934
              ],
              [
                107.062655,
                16.755962
              ],
              [
                107.06269,
                16.755988
              ],
              [
                107.062722,
                16.756016
              ],
              [
                107.062756,
                16.756049
              ],
              [
                107.062789,
                16.756082
              ],
              [
                107.062819,
                16.756115
              ],
              [
                107.062838,
                16.756142
              ],
              [
                107.062849,
                16.756158
              ],
              [
                107.062858,
                16.756173
              ],
              [
                107.062868,
                16.756195
              ],
              [
                107.062878,
                16.756222
              ],
              [
                107.062886,
                16.756251
              ],
              [
                107.062892,
                16.756279
              ],
              [
                107.062895,
                16.756309
              ],
              [
                107.062896,
                16.75634
              ],
              [
                107.062895,
                16.756372
              ],
              [
                107.062893,
                16.756405
              ],
              [
                107.062889,
                16.75644
              ],
              [
                107.062883,
                16.756481
              ],
              [
                107.062874,
                16.756529
              ],
              [
                107.062864,
                16.756584
              ],
              [
                107.062849,
                16.756662
              ],
              [
                107.062826,
                16.756773
              ],
              [
                107.062797,
                16.7569
              ],
              [
                107.062768,
                16.757028
              ],
              [
                107.062743,
                16.757144
              ],
              [
                107.062726,
                16.757233
              ],
              [
                107.062718,
                16.757298
              ],
              [
                107.062713,
                16.757359
              ],
              [
                107.062712,
                16.75737
              ],
              [
                107.062708,
                16.757424
              ],
              [
                107.062706,
                16.757481
              ],
              [
                107.062707,
                16.757528
              ],
              [
                107.062709,
                16.757575
              ],
              [
                107.062712,
                16.757626
              ],
              [
                107.062717,
                16.757687
              ],
              [
                107.062726,
                16.757754
              ],
              [
                107.062734,
                16.757815
              ],
              [
                107.062742,
                16.75787
              ],
              [
                107.062748,
                16.757923
              ],
              [
                107.062749,
                16.757966
              ],
              [
                107.062749,
                16.75799
              ],
              [
                107.062749,
                16.758003
              ],
              [
                107.062753,
                16.758046
              ],
              [
                107.062762,
                16.758094
              ],
              [
                107.062771,
                16.758131
              ],
              [
                107.062781,
                16.758165
              ],
              [
                107.062796,
                16.758207
              ],
              [
                107.0628,
                16.758218
              ],
              [
                107.062824,
                16.758284
              ],
              [
                107.062845,
                16.758341
              ],
              [
                107.06286,
                16.758391
              ],
              [
                107.062871,
                16.758443
              ],
              [
                107.062877,
                16.758495
              ],
              [
                107.062879,
                16.758557
              ],
              [
                107.062883,
                16.758628
              ],
              [
                107.062884,
                16.758692
              ],
              [
                107.062887,
                16.75874
              ],
              [
                107.062893,
                16.75878
              ],
              [
                107.062899,
                16.758816
              ],
              [
                107.062906,
                16.758847
              ],
              [
                107.062913,
                16.758869
              ],
              [
                107.062921,
                16.758887
              ],
              [
                107.062934,
                16.758904
              ],
              [
                107.062951,
                16.758922
              ],
              [
                107.062966,
                16.758936
              ],
              [
                107.06297,
                16.75894
              ],
              [
                107.062992,
                16.758959
              ],
              [
                107.063018,
                16.758975
              ],
              [
                107.063044,
                16.758991
              ],
              [
                107.063071,
                16.759005
              ],
              [
                107.063103,
                16.759021
              ],
              [
                107.063141,
                16.759039
              ],
              [
                107.06318,
                16.759059
              ],
              [
                107.063219,
                16.75908
              ],
              [
                107.063249,
                16.759095
              ],
              [
                107.063312,
                16.759116
              ],
              [
                107.063335,
                16.759118
              ],
              [
                107.063358,
                16.759119
              ],
              [
                107.063373,
                16.759118
              ],
              [
                107.063409,
                16.759121
              ],
              [
                107.06349,
                16.759102
              ],
              [
                107.06352,
                16.759093
              ],
              [
                107.063569,
                16.759081
              ],
              [
                107.063633,
                16.75907
              ],
              [
                107.063701,
                16.759063
              ],
              [
                107.063757,
                16.759057
              ],
              [
                107.063814,
                16.759053
              ],
              [
                107.063888,
                16.759051
              ],
              [
                107.06396,
                16.759053
              ],
              [
                107.064009,
                16.759057
              ],
              [
                107.064034,
                16.759059
              ],
              [
                107.064138,
                16.759068
              ],
              [
                107.064145,
                16.75907
              ],
              [
                107.064172,
                16.759081
              ],
              [
                107.064189,
                16.759087
              ],
              [
                107.064218,
                16.759095
              ],
              [
                107.064252,
                16.759104
              ],
              [
                107.064281,
                16.759111
              ],
              [
                107.064302,
                16.759118
              ],
              [
                107.064326,
                16.759123
              ],
              [
                107.064356,
                16.759128
              ],
              [
                107.064383,
                16.75913
              ],
              [
                107.064405,
                16.75913
              ],
              [
                107.064418,
                16.75913
              ],
              [
                107.064456,
                16.75913
              ],
              [
                107.064483,
                16.75912
              ],
              [
                107.064495,
                16.759116
              ],
              [
                107.064513,
                16.759109
              ],
              [
                107.064525,
                16.759105
              ],
              [
                107.064533,
                16.759101
              ],
              [
                107.064555,
                16.759094
              ],
              [
                107.064579,
                16.759088
              ],
              [
                107.064604,
                16.759083
              ],
              [
                107.064637,
                16.759081
              ],
              [
                107.064676,
                16.759082
              ],
              [
                107.064712,
                16.759084
              ],
              [
                107.064748,
                16.759087
              ],
              [
                107.06479,
                16.759093
              ],
              [
                107.064831,
                16.759101
              ],
              [
                107.06487,
                16.759111
              ],
              [
                107.064907,
                16.759122
              ],
              [
                107.064944,
                16.759137
              ],
              [
                107.064976,
                16.759156
              ],
              [
                107.064998,
                16.759174
              ],
              [
                107.065012,
                16.759186
              ],
              [
                107.065022,
                16.759195
              ],
              [
                107.065036,
                16.759206
              ],
              [
                107.065057,
                16.759225
              ],
              [
                107.065079,
                16.759251
              ],
              [
                107.065099,
                16.759278
              ],
              [
                107.065109,
                16.759295
              ],
              [
                107.065114,
                16.759303
              ],
              [
                107.065128,
                16.759327
              ],
              [
                107.065139,
                16.759346
              ],
              [
                107.065144,
                16.759354
              ],
              [
                107.065154,
                16.759374
              ],
              [
                107.065159,
                16.759385
              ],
              [
                107.065163,
                16.759397
              ],
              [
                107.065168,
                16.759416
              ],
              [
                107.06517,
                16.759437
              ],
              [
                107.065172,
                16.759457
              ],
              [
                107.065175,
                16.759476
              ],
              [
                107.065177,
                16.759494
              ],
              [
                107.065176,
                16.759508
              ],
              [
                107.065173,
                16.759521
              ],
              [
                107.065168,
                16.759535
              ],
              [
                107.065163,
                16.75955
              ],
              [
                107.06516,
                16.759565
              ],
              [
                107.065155,
                16.759582
              ],
              [
                107.065145,
                16.759602
              ],
              [
                107.06513,
                16.759628
              ],
              [
                107.065113,
                16.759657
              ],
              [
                107.065096,
                16.759687
              ],
              [
                107.06508,
                16.759714
              ],
              [
                107.065066,
                16.759739
              ],
              [
                107.06505,
                16.759765
              ],
              [
                107.065034,
                16.759792
              ],
              [
                107.065024,
                16.759809
              ],
              [
                107.065015,
                16.759821
              ],
              [
                107.065004,
                16.759839
              ],
              [
                107.064987,
                16.759864
              ],
              [
                107.064969,
                16.759895
              ],
              [
                107.064953,
                16.759923
              ],
              [
                107.064936,
                16.75995
              ],
              [
                107.064916,
                16.759978
              ],
              [
                107.064898,
                16.760004
              ],
              [
                107.064878,
                16.760031
              ],
              [
                107.064856,
                16.760059
              ],
              [
                107.064832,
                16.760087
              ],
              [
                107.064804,
                16.760115
              ],
              [
                107.064774,
                16.760145
              ],
              [
                107.064744,
                16.760173
              ],
              [
                107.064714,
                16.760201
              ],
              [
                107.064678,
                16.760232
              ],
              [
                107.064639,
                16.760262
              ],
              [
                107.0646,
                16.76029
              ],
              [
                107.06456,
                16.760316
              ],
              [
                107.064517,
                16.760341
              ],
              [
                107.064466,
                16.760363
              ],
              [
                107.064413,
                16.760382
              ],
              [
                107.06437,
                16.760397
              ],
              [
                107.064343,
                16.760408
              ],
              [
                107.064315,
                16.760419
              ],
              [
                107.06427,
                16.760437
              ],
              [
                107.064218,
                16.760461
              ],
              [
                107.06417,
                16.760484
              ],
              [
                107.064123,
                16.760508
              ],
              [
                107.064077,
                16.760537
              ],
              [
                107.064039,
                16.760567
              ],
              [
                107.064029,
                16.760575
              ],
              [
                107.064029,
                16.760575
              ],
              [
                107.064007,
                16.760596
              ],
              [
                107.063981,
                16.760622
              ],
              [
                107.063951,
                16.760657
              ],
              [
                107.063904,
                16.760718
              ],
              [
                107.063841,
                16.760798
              ],
              [
                107.063791,
                16.760866
              ],
              [
                107.063757,
                16.760915
              ],
              [
                107.063729,
                16.760952
              ],
              [
                107.063708,
                16.760976
              ],
              [
                107.063688,
                16.76099
              ],
              [
                107.063666,
                16.761002
              ],
              [
                107.063644,
                16.761011
              ],
              [
                107.06362,
                16.761024
              ],
              [
                107.063579,
                16.761061
              ],
              [
                107.06352,
                16.76112
              ],
              [
                107.063476,
                16.761161
              ],
              [
                107.063452,
                16.761181
              ],
              [
                107.063431,
                16.761205
              ],
              [
                107.063401,
                16.761254
              ],
              [
                107.063363,
                16.761325
              ],
              [
                107.063336,
                16.761381
              ],
              [
                107.063321,
                16.761421
              ],
              [
                107.063307,
                16.761468
              ],
              [
                107.063281,
                16.761537
              ],
              [
                107.063245,
                16.761618
              ],
              [
                107.063219,
                16.761679
              ],
              [
                107.063206,
                16.761719
              ],
              [
                107.063199,
                16.761753
              ],
              [
                107.063197,
                16.761785
              ],
              [
                107.063195,
                16.761816
              ],
              [
                107.06319,
                16.761846
              ],
              [
                107.063187,
                16.76187
              ],
              [
                107.063189,
                16.761892
              ],
              [
                107.063196,
                16.761921
              ],
              [
                107.063208,
                16.761957
              ],
              [
                107.063221,
                16.761991
              ],
              [
                107.063237,
                16.762024
              ],
              [
                107.063256,
                16.762054
              ],
              [
                107.063273,
                16.762073
              ],
              [
                107.063278,
                16.762079
              ],
              [
                107.063293,
                16.762091
              ],
              [
                107.063307,
                16.762102
              ],
              [
                107.063342,
                16.76213
              ],
              [
                107.063382,
                16.762159
              ],
              [
                107.063437,
                16.762192
              ],
              [
                107.063521,
                16.762231
              ],
              [
                107.063553,
                16.762245
              ],
              [
                107.063642,
                16.762285
              ],
              [
                107.063778,
                16.762351
              ],
              [
                107.063878,
                16.7624
              ],
              [
                107.063941,
                16.762431
              ],
              [
                107.063994,
                16.762459
              ],
              [
                107.064052,
                16.762493
              ],
              [
                107.064143,
                16.762545
              ],
              [
                107.06426,
                16.762611
              ],
              [
                107.064342,
                16.762658
              ],
              [
                107.06438,
                16.762682
              ],
              [
                107.064403,
                16.762696
              ],
              [
                107.064426,
                16.762707
              ],
              [
                107.064456,
                16.762723
              ],
              [
                107.064506,
                16.762753
              ],
              [
                107.06457,
                16.762793
              ],
              [
                107.064627,
                16.762829
              ],
              [
                107.064681,
                16.762865
              ],
              [
                107.064742,
                16.762905
              ],
              [
                107.064794,
                16.762939
              ],
              [
                107.064841,
                16.762968
              ],
              [
                107.064891,
                16.762997
              ],
              [
                107.06494,
                16.763023
              ],
              [
                107.064975,
                16.763042
              ],
              [
                107.065004,
                16.763055
              ],
              [
                107.06504,
                16.763071
              ],
              [
                107.065083,
                16.763091
              ],
              [
                107.065116,
                16.763106
              ],
              [
                107.065139,
                16.763118
              ],
              [
                107.065155,
                16.763129
              ],
              [
                107.065264,
                16.763219
              ],
              [
                107.06539,
                16.763319
              ],
              [
                107.065405,
                16.763331
              ],
              [
                107.065432,
                16.763364
              ],
              [
                107.06546,
                16.763407
              ],
              [
                107.065484,
                16.763445
              ],
              [
                107.065508,
                16.763484
              ],
              [
                107.065534,
                16.763529
              ],
              [
                107.065556,
                16.763568
              ],
              [
                107.065575,
                16.763596
              ],
              [
                107.065596,
                16.763621
              ],
              [
                107.065635,
                16.763658
              ],
              [
                107.0657,
                16.763715
              ],
              [
                107.065775,
                16.763772
              ],
              [
                107.065851,
                16.763832
              ],
              [
                107.065927,
                16.763898
              ],
              [
                107.065988,
                16.763956
              ],
              [
                107.066018,
                16.763987
              ],
              [
                107.066031,
                16.764001
              ],
              [
                107.06606,
                16.764036
              ],
              [
                107.06608,
                16.764064
              ],
              [
                107.066092,
                16.764083
              ],
              [
                107.066116,
                16.764123
              ],
              [
                107.066121,
                16.764155
              ],
              [
                107.066124,
                16.764179
              ],
              [
                107.066128,
                16.764203
              ],
              [
                107.066134,
                16.764239
              ],
              [
                107.066142,
                16.764282
              ],
              [
                107.066151,
                16.764339
              ],
              [
                107.066161,
                16.764406
              ],
              [
                107.066172,
                16.764459
              ],
              [
                107.066178,
                16.764477
              ],
              [
                107.066184,
                16.764496
              ],
              [
                107.066199,
                16.764538
              ],
              [
                107.066212,
                16.764582
              ],
              [
                107.066215,
                16.764591
              ],
              [
                107.066232,
                16.76463
              ],
              [
                107.06625,
                16.764651
              ],
              [
                107.066267,
                16.764668
              ],
              [
                107.06628,
                16.764681
              ],
              [
                107.066287,
                16.764691
              ],
              [
                107.066396,
                16.764805
              ],
              [
                107.066398,
                16.764806
              ],
              [
                107.066399,
                16.764806
              ],
              [
                107.066515,
                16.764858
              ],
              [
                107.066614,
                16.764877
              ],
              [
                107.06678,
                16.764849
              ],
              [
                107.066874,
                16.764818
              ],
              [
                107.067148,
                16.764728
              ],
              [
                107.067314,
                16.764669
              ],
              [
                107.06733,
                16.764662
              ],
              [
                107.067462,
                16.764605
              ],
              [
                107.067533,
                16.764558
              ],
              [
                107.067608,
                16.764511
              ],
              [
                107.067613,
                16.764508
              ],
              [
                107.067678,
                16.764453
              ],
              [
                107.067763,
                16.764358
              ],
              [
                107.06791,
                16.764195
              ],
              [
                107.067948,
                16.764153
              ],
              [
                107.068003,
                16.764092
              ],
              [
                107.068191,
                16.763901
              ],
              [
                107.068374,
                16.763785
              ],
              [
                107.068573,
                16.763717
              ],
              [
                107.068622,
                16.763711
              ],
              [
                107.068656,
                16.763707
              ],
              [
                107.068743,
                16.763704
              ],
              [
                107.068764,
                16.763709
              ],
              [
                107.06885,
                16.763731
              ],
              [
                107.068965,
                16.763831
              ],
              [
                107.068998,
                16.763933
              ],
              [
                107.069004,
                16.76414
              ],
              [
                107.068983,
                16.764371
              ],
              [
                107.06898,
                16.764413
              ],
              [
                107.068935,
                16.764708
              ],
              [
                107.068932,
                16.764723
              ],
              [
                107.068877,
                16.764812
              ],
              [
                107.068747,
                16.764931
              ],
              [
                107.068723,
                16.764957
              ],
              [
                107.068697,
                16.764984
              ],
              [
                107.068656,
                16.765067
              ],
              [
                107.068648,
                16.765139
              ],
              [
                107.068683,
                16.765336
              ],
              [
                107.068737,
                16.765427
              ],
              [
                107.068798,
                16.76553
              ],
              [
                107.06893,
                16.765638
              ],
              [
                107.06911,
                16.765728
              ],
              [
                107.069319,
                16.765746
              ],
              [
                107.069513,
                16.765752
              ],
              [
                107.06953,
                16.765753
              ],
              [
                107.069731,
                16.765736
              ],
              [
                107.069768,
                16.765732
              ],
              [
                107.069801,
                16.76573
              ],
              [
                107.069804,
                16.765729
              ],
              [
                107.070086,
                16.765675
              ],
              [
                107.070247,
                16.765616
              ],
              [
                107.070288,
                16.765601
              ],
              [
                107.070492,
                16.765462
              ],
              [
                107.070945,
                16.76512
              ],
              [
                107.071071,
                16.765021
              ],
              [
                107.071433,
                16.764736
              ],
              [
                107.071616,
                16.764592
              ],
              [
                107.071843,
                16.764378
              ],
              [
                107.072038,
                16.764196
              ],
              [
                107.072325,
                16.763887
              ],
              [
                107.072387,
                16.76382
              ],
              [
                107.072637,
                16.763548
              ],
              [
                107.072643,
                16.763541
              ],
              [
                107.072646,
                16.763539
              ],
              [
                107.072802,
                16.763448
              ],
              [
                107.072858,
                16.763416
              ],
              [
                107.072913,
                16.763408
              ],
              [
                107.073019,
                16.763395
              ],
              [
                107.073019,
                16.763395
              ],
              [
                107.073072,
                16.763388
              ],
              [
                107.073102,
                16.763398
              ],
              [
                107.07311,
                16.763401
              ],
              [
                107.073173,
                16.763424
              ],
              [
                107.073182,
                16.763434
              ],
              [
                107.073276,
                16.763541
              ],
              [
                107.073355,
                16.763692
              ],
              [
                107.073414,
                16.763909
              ],
              [
                107.073417,
                16.763932
              ],
              [
                107.073472,
                16.764353
              ],
              [
                107.073482,
                16.764732
              ],
              [
                107.073454,
                16.764867
              ],
              [
                107.073443,
                16.764889
              ],
              [
                107.073399,
                16.764979
              ],
              [
                107.07331,
                16.765092
              ],
              [
                107.07318,
                16.765165
              ],
              [
                107.073044,
                16.765252
              ],
              [
                107.073012,
                16.765273
              ],
              [
                107.072938,
                16.765312
              ],
              [
                107.072787,
                16.765394
              ],
              [
                107.072704,
                16.765441
              ],
              [
                107.072466,
                16.765607
              ],
              [
                107.072447,
                16.765625
              ],
              [
                107.072257,
                16.765805
              ],
              [
                107.072176,
                16.765883
              ],
              [
                107.072058,
                16.76621
              ],
              [
                107.072053,
                16.766224
              ],
              [
                107.072064,
                16.766395
              ],
              [
                107.072086,
                16.766564
              ],
              [
                107.072186,
                16.766716
              ],
              [
                107.072613,
                16.76722
              ],
              [
                107.072774,
                16.767395
              ],
              [
                107.073057,
                16.767703
              ],
              [
                107.07312,
                16.767823
              ],
              [
                107.07316,
                16.7679
              ],
              [
                107.07319,
                16.768034
              ],
              [
                107.073217,
                16.768152
              ],
              [
                107.073268,
                16.768382
              ],
              [
                107.073342,
                16.768608
              ],
              [
                107.073335,
                16.768854
              ],
              [
                107.073333,
                16.768935
              ],
              [
                107.073285,
                16.76928
              ],
              [
                107.073287,
                16.769365
              ],
              [
                107.0733,
                16.769824
              ],
              [
                107.073289,
                16.769889
              ],
              [
                107.073281,
                16.769935
              ],
              [
                107.073257,
                16.770076
              ],
              [
                107.073236,
                16.770219
              ],
              [
                107.073171,
                16.770367
              ],
              [
                107.073058,
                16.770491
              ],
              [
                107.072935,
                16.770559
              ],
              [
                107.072742,
                16.770618
              ],
              [
                107.072537,
                16.770629
              ],
              [
                107.072476,
                16.770628
              ],
              [
                107.072271,
                16.770626
              ],
              [
                107.071851,
                16.770566
              ],
              [
                107.071511,
                16.770582
              ],
              [
                107.071372,
                16.770628
              ],
              [
                107.07124,
                16.770751
              ],
              [
                107.071162,
                16.770919
              ],
              [
                107.071148,
                16.771094
              ],
              [
                107.071144,
                16.771137
              ],
              [
                107.071149,
                16.771191
              ],
              [
                107.07116,
                16.771317
              ],
              [
                107.071185,
                16.771385
              ],
              [
                107.071242,
                16.771541
              ],
              [
                107.071292,
                16.77162
              ],
              [
                107.071293,
                16.771621
              ],
              [
                107.071388,
                16.771771
              ],
              [
                107.071454,
                16.771861
              ],
              [
                107.071496,
                16.771917
              ],
              [
                107.071623,
                16.771999
              ],
              [
                107.07195,
                16.772099
              ],
              [
                107.072274,
                16.772172
              ],
              [
                107.072544,
                16.772234
              ],
              [
                107.072932,
                16.772346
              ],
              [
                107.073233,
                16.772452
              ],
              [
                107.073248,
                16.772462
              ],
              [
                107.073461,
                16.772597
              ],
              [
                107.073674,
                16.772781
              ],
              [
                107.073682,
                16.772787
              ],
              [
                107.07371,
                16.77282
              ],
              [
                107.073939,
                16.773087
              ],
              [
                107.074125,
                16.773361
              ],
              [
                107.074266,
                16.773494
              ],
              [
                107.07436,
                16.773551
              ],
              [
                107.074427,
                16.77357
              ],
              [
                107.074457,
                16.773565
              ],
              [
                107.074559,
                16.773549
              ],
              [
                107.074739,
                16.773534
              ],
              [
                107.074836,
                16.773518
              ],
              [
                107.075131,
                16.773466
              ],
              [
                107.075384,
                16.773431
              ],
              [
                107.07565,
                16.773442
              ],
              [
                107.075789,
                16.773476
              ],
              [
                107.075851,
                16.773491
              ],
              [
                107.076131,
                16.77361
              ],
              [
                107.076526,
                16.773773
              ],
              [
                107.076954,
                16.773882
              ],
              [
                107.07701,
                16.773896
              ],
              [
                107.077099,
                16.773928
              ],
              [
                107.077465,
                16.774059
              ],
              [
                107.0779,
                16.774237
              ],
              [
                107.078107,
                16.774322
              ],
              [
                107.078715,
                16.774528
              ],
              [
                107.078915,
                16.774551
              ],
              [
                107.07893,
                16.77455
              ],
              [
                107.079001,
                16.774544
              ],
              [
                107.079001,
                16.774544
              ],
              [
                107.079088,
                16.774524
              ],
              [
                107.079205,
                16.774466
              ],
              [
                107.079306,
                16.774406
              ],
              [
                107.079538,
                16.774275
              ],
              [
                107.079772,
                16.774138
              ],
              [
                107.079849,
                16.774093
              ],
              [
                107.080093,
                16.773969
              ],
              [
                107.080186,
                16.773922
              ],
              [
                107.080378,
                16.77383
              ],
              [
                107.080478,
                16.773836
              ],
              [
                107.080592,
                16.773912
              ],
              [
                107.080602,
                16.773928
              ],
              [
                107.080667,
                16.774033
              ],
              [
                107.080756,
                16.774225
              ],
              [
                107.080761,
                16.774239
              ],
              [
                107.080854,
                16.77446
              ],
              [
                107.080875,
                16.774511
              ],
              [
                107.080984,
                16.774779
              ],
              [
                107.080987,
                16.774985
              ],
              [
                107.080983,
                16.775021
              ],
              [
                107.080963,
                16.775229
              ],
              [
                107.080898,
                16.775378
              ],
              [
                107.080846,
                16.775499
              ],
              [
                107.080835,
                16.775731
              ],
              [
                107.080889,
                16.775849
              ],
              [
                107.080917,
                16.77591
              ],
              [
                107.081026,
                16.776023
              ],
              [
                107.081236,
                16.776118
              ],
              [
                107.081276,
                16.776163
              ],
              [
                107.081397,
                16.776298
              ],
              [
                107.081553,
                16.77662
              ],
              [
                107.081596,
                16.776811
              ],
              [
                107.081634,
                16.77698
              ],
              [
                107.081645,
                16.777025
              ],
              [
                107.081773,
                16.777531
              ],
              [
                107.081895,
                16.777722
              ],
              [
                107.082069,
                16.777798
              ],
              [
                107.082191,
                16.777814
              ],
              [
                107.082286,
                16.777826
              ],
              [
                107.082342,
                16.777833
              ],
              [
                107.082563,
                16.777831
              ],
              [
                107.082823,
                16.777841
              ],
              [
                107.082843,
                16.777842
              ],
              [
                107.0833,
                16.777885
              ],
              [
                107.083574,
                16.777911
              ],
              [
                107.083839,
                16.777935
              ],
              [
                107.084091,
                16.777991
              ],
              [
                107.084286,
                16.778034
              ],
              [
                107.084693,
                16.778179
              ],
              [
                107.085118,
                16.778381
              ],
              [
                107.085306,
                16.778527
              ],
              [
                107.08552,
                16.778693
              ],
              [
                107.085792,
                16.778988
              ],
              [
                107.085908,
                16.779245
              ],
              [
                107.086002,
                16.779407
              ],
              [
                107.086052,
                16.779493
              ],
              [
                107.086078,
                16.779536
              ],
              [
                107.086079,
                16.779538
              ],
              [
                107.086204,
                16.779678
              ],
              [
                107.086342,
                16.779746
              ],
              [
                107.086509,
                16.779767
              ],
              [
                107.086556,
                16.779763
              ],
              [
                107.086717,
                16.779748
              ],
              [
                107.086749,
                16.779736
              ],
              [
                107.086881,
                16.779685
              ],
              [
                107.086934,
                16.779665
              ],
              [
                107.08715,
                16.779583
              ],
              [
                107.087475,
                16.779379
              ],
              [
                107.08752,
                16.779336
              ],
              [
                107.087788,
                16.779083
              ],
              [
                107.088106,
                16.778816
              ],
              [
                107.088326,
                16.778705
              ],
              [
                107.08873,
                16.77862
              ],
              [
                107.088736,
                16.778621
              ],
              [
                107.089016,
                16.77864
              ],
              [
                107.089326,
                16.778735
              ],
              [
                107.08943,
                16.778801
              ],
              [
                107.089554,
                16.778881
              ],
              [
                107.089946,
                16.779179
              ],
              [
                107.090235,
                16.779409
              ],
              [
                107.090288,
                16.779468
              ],
              [
                107.090693,
                16.779918
              ],
              [
                107.091087,
                16.780469
              ],
              [
                107.091112,
                16.780504
              ],
              [
                107.091247,
                16.780788
              ],
              [
                107.091385,
                16.781079
              ],
              [
                107.091483,
                16.781202
              ],
              [
                107.091506,
                16.781232
              ],
              [
                107.091633,
                16.781305
              ],
              [
                107.091747,
                16.781371
              ],
              [
                107.092108,
                16.781431
              ],
              [
                107.092361,
                16.781454
              ],
              [
                107.092427,
                16.781442
              ],
              [
                107.092573,
                16.781414
              ],
              [
                107.092812,
                16.781283
              ],
              [
                107.093009,
                16.781063
              ],
              [
                107.093039,
                16.78101
              ],
              [
                107.093179,
                16.780766
              ],
              [
                107.093189,
                16.780708
              ],
              [
                107.093254,
                16.780328
              ],
              [
                107.093261,
                16.780241
              ],
              [
                107.093267,
                16.780177
              ],
              [
                107.093326,
                16.779504
              ],
              [
                107.093337,
                16.779379
              ],
              [
                107.093337,
                16.779378
              ],
              [
                107.093364,
                16.779011
              ],
              [
                107.093406,
                16.778453
              ],
              [
                107.093417,
                16.778334
              ],
              [
                107.093421,
                16.778299
              ],
              [
                107.093425,
                16.778292
              ],
              [
                107.093507,
                16.77817
              ],
              [
                107.093717,
                16.777996
              ],
              [
                107.093731,
                16.777984
              ],
              [
                107.093963,
                16.777953
              ],
              [
                107.094321,
                16.777995
              ],
              [
                107.09449,
                16.778057
              ],
              [
                107.094841,
                16.778185
              ],
              [
                107.095212,
                16.778388
              ],
              [
                107.095325,
                16.778416
              ],
              [
                107.095565,
                16.778476
              ],
              [
                107.095803,
                16.778479
              ],
              [
                107.096059,
                16.778448
              ],
              [
                107.096409,
                16.778324
              ],
              [
                107.096505,
                16.778263
              ],
              [
                107.096515,
                16.778257
              ],
              [
                107.096675,
                16.778155
              ],
              [
                107.096864,
                16.777993
              ],
              [
                107.097046,
                16.777761
              ],
              [
                107.097061,
                16.777707
              ],
              [
                107.097132,
                16.777462
              ],
              [
                107.097161,
                16.777211
              ],
              [
                107.097164,
                16.777181
              ],
              [
                107.097165,
                16.777153
              ],
              [
                107.097178,
                16.776829
              ],
              [
                107.097163,
                16.776714
              ],
              [
                107.097103,
                16.77625
              ],
              [
                107.097052,
                16.775864
              ],
              [
                107.097039,
                16.77576
              ],
              [
                107.096941,
                16.775118
              ],
              [
                107.096924,
                16.775022
              ],
              [
                107.096883,
                16.774787
              ],
              [
                107.096882,
                16.774656
              ],
              [
                107.09688,
                16.774514
              ],
              [
                107.096878,
                16.774317
              ],
              [
                107.096878,
                16.774313
              ],
              [
                107.096878,
                16.774312
              ],
              [
                107.096947,
                16.773845
              ],
              [
                107.097044,
                16.7735
              ],
              [
                107.097069,
                16.773422
              ],
              [
                107.097072,
                16.773413
              ],
              [
                107.097135,
                16.773213
              ],
              [
                107.097221,
                16.773076
              ],
              [
                107.097249,
                16.773061
              ],
              [
                107.097298,
                16.773033
              ],
              [
                107.097422,
                16.772964
              ],
              [
                107.097657,
                16.77289
              ],
              [
                107.097873,
                16.772888
              ],
              [
                107.097904,
                16.772889
              ],
              [
                107.098015,
                16.772893
              ],
              [
                107.098277,
                16.772903
              ],
              [
                107.098657,
                16.772978
              ],
              [
                107.098716,
                16.772989
              ],
              [
                107.098934,
                16.773062
              ],
              [
                107.098999,
                16.773084
              ],
              [
                107.099034,
                16.77311
              ],
              [
                107.09909,
                16.773152
              ],
              [
                107.099162,
                16.773206
              ],
              [
                107.099263,
                16.773432
              ],
              [
                107.099273,
                16.773471
              ],
              [
                107.099305,
                16.773587
              ],
              [
                107.099306,
                16.773704
              ],
              [
                107.099288,
                16.773893
              ],
              [
                107.099237,
                16.774331
              ],
              [
                107.099236,
                16.77434
              ],
              [
                107.099214,
                16.774444
              ],
              [
                107.099082,
                16.775083
              ],
              [
                107.099019,
                16.775473
              ],
              [
                107.099002,
                16.775753
              ],
              [
                107.099011,
                16.775954
              ],
              [
                107.099094,
                16.776154
              ],
              [
                107.099223,
                16.776302
              ],
              [
                107.099386,
                16.77643
              ],
              [
                107.099441,
                16.776459
              ],
              [
                107.099752,
                16.776621
              ],
              [
                107.100155,
                16.77678
              ],
              [
                107.100405,
                16.776859
              ],
              [
                107.100533,
                16.776899
              ],
              [
                107.100716,
                16.776956
              ],
              [
                107.10085,
                16.776967
              ],
              [
                107.101611,
                16.77696
              ],
              [
                107.102083,
                16.776948
              ],
              [
                107.102139,
                16.776953
              ],
              [
                107.102453,
                16.776977
              ],
              [
                107.102546,
                16.776997
              ],
              [
                107.102777,
                16.777045
              ],
              [
                107.103179,
                16.777171
              ],
              [
                107.103531,
                16.777304
              ],
              [
                107.103801,
                16.777379
              ],
              [
                107.104017,
                16.777403
              ],
              [
                107.104084,
                16.777404
              ],
              [
                107.10426,
                16.777407
              ],
              [
                107.104603,
                16.777364
              ],
              [
                107.104832,
                16.777305
              ],
              [
                107.104945,
                16.777276
              ],
              [
                107.105321,
                16.777136
              ],
              [
                107.105716,
                16.776937
              ],
              [
                107.105761,
                16.776909
              ],
              [
                107.10599,
                16.776766
              ],
              [
                107.106123,
                16.776615
              ],
              [
                107.106182,
                16.776484
              ],
              [
                107.106255,
                16.776049
              ],
              [
                107.106314,
                16.77586
              ],
              [
                107.106353,
                16.775661
              ],
              [
                107.106377,
                16.775541
              ],
              [
                107.106379,
                16.775518
              ],
              [
                107.106406,
                16.775086
              ],
              [
                107.106434,
                16.774527
              ],
              [
                107.106434,
                16.774471
              ],
              [
                107.106453,
                16.774331
              ],
              [
                107.106463,
                16.774296
              ],
              [
                107.106543,
                16.774029
              ],
              [
                107.106571,
                16.773965
              ],
              [
                107.106644,
                16.773798
              ],
              [
                107.106775,
                16.773585
              ],
              [
                107.106785,
                16.77357
              ],
              [
                107.10683,
                16.773498
              ],
              [
                107.107029,
                16.773229
              ],
              [
                107.107275,
                16.772999
              ],
              [
                107.107549,
                16.772789
              ],
              [
                107.107811,
                16.772669
              ],
              [
                107.107894,
                16.772646
              ],
              [
                107.108185,
                16.772578
              ],
              [
                107.108488,
                16.772613
              ],
              [
                107.10905,
                16.772679
              ],
              [
                107.109408,
                16.772762
              ],
              [
                107.109851,
                16.77291
              ],
              [
                107.110291,
                16.773189
              ],
              [
                107.111556,
                16.77402
              ],
              [
                107.112038,
                16.774373
              ],
              [
                107.112513,
                16.774692
              ],
              [
                107.113185,
                16.775147
              ],
              [
                107.113867,
                16.775607
              ],
              [
                107.114274,
                16.775869
              ],
              [
                107.114891,
                16.776226
              ],
              [
                107.115603,
                16.776641
              ],
              [
                107.115606,
                16.776643
              ],
              [
                107.116097,
                16.776883
              ],
              [
                107.116665,
                16.777098
              ],
              [
                107.116945,
                16.777186
              ],
              [
                107.117148,
                16.777216
              ],
              [
                107.117383,
                16.777207
              ],
              [
                107.117827,
                16.777164
              ],
              [
                107.118205,
                16.77716
              ],
              [
                107.118535,
                16.777202
              ],
              [
                107.118941,
                16.777327
              ],
              [
                107.11936,
                16.777492
              ],
              [
                107.120046,
                16.777732
              ],
              [
                107.120317,
                16.777859
              ],
              [
                107.120832,
                16.778165
              ],
              [
                107.121274,
                16.778505
              ],
              [
                107.121655,
                16.778858
              ],
              [
                107.122143,
                16.779431
              ],
              [
                107.122729,
                16.780113
              ],
              [
                107.123498,
                16.781131
              ],
              [
                107.123751,
                16.781427
              ],
              [
                107.123888,
                16.78162
              ],
              [
                107.124081,
                16.782021
              ],
              [
                107.12414,
                16.782203
              ],
              [
                107.124349,
                16.782849
              ],
              [
                107.124565,
                16.783431
              ],
              [
                107.124723,
                16.783767
              ],
              [
                107.124908,
                16.784058
              ],
              [
                107.125173,
                16.784535
              ],
              [
                107.125345,
                16.784871
              ],
              [
                107.125585,
                16.785245
              ],
              [
                107.125954,
                16.78578
              ],
              [
                107.126072,
                16.786026
              ],
              [
                107.126097,
                16.78622
              ],
              [
                107.1261,
                16.786493
              ],
              [
                107.126089,
                16.786708
              ],
              [
                107.126025,
                16.787
              ],
              [
                107.125955,
                16.787339
              ],
              [
                107.125898,
                16.787683
              ],
              [
                107.125892,
                16.788015
              ],
              [
                107.125921,
                16.788248
              ],
              [
                107.125992,
                16.788519
              ],
              [
                107.126117,
                16.788914
              ],
              [
                107.126221,
                16.789205
              ],
              [
                107.126414,
                16.789618
              ],
              [
                107.126627,
                16.790005
              ],
              [
                107.126653,
                16.790045
              ],
              [
                107.126825,
                16.790316
              ],
              [
                107.126828,
                16.790321
              ],
              [
                107.126893,
                16.790439
              ],
              [
                107.127244,
                16.791038
              ],
              [
                107.127583,
                16.791547
              ],
              [
                107.127925,
                16.792028
              ],
              [
                107.128136,
                16.792301
              ],
              [
                107.128335,
                16.792526
              ],
              [
                107.128523,
                16.792703
              ],
              [
                107.128613,
                16.792787
              ],
              [
                107.128936,
                16.793067
              ],
              [
                107.128993,
                16.793115
              ],
              [
                107.129508,
                16.793537
              ],
              [
                107.129798,
                16.79376
              ],
              [
                107.130033,
                16.793921
              ],
              [
                107.130453,
                16.794184
              ],
              [
                107.131265,
                16.794666
              ],
              [
                107.131472,
                16.794804
              ],
              [
                107.131489,
                16.794816
              ],
              [
                107.131629,
                16.794917
              ],
              [
                107.131667,
                16.794944
              ],
              [
                107.131846,
                16.795092
              ],
              [
                107.132031,
                16.795265
              ],
              [
                107.132068,
                16.795302
              ],
              [
                107.132238,
                16.795478
              ],
              [
                107.132418,
                16.795681
              ],
              [
                107.13267,
                16.795997
              ],
              [
                107.132779,
                16.796158
              ],
              [
                107.132853,
                16.796288
              ],
              [
                107.132974,
                16.796575
              ],
              [
                107.132999,
                16.796645
              ],
              [
                107.13308,
                16.796869
              ],
              [
                107.133199,
                16.797333
              ],
              [
                107.133233,
                16.797429
              ],
              [
                107.133261,
                16.797509
              ],
              [
                107.133398,
                16.797755
              ],
              [
                107.133515,
                16.797989
              ],
              [
                107.133585,
                16.798079
              ],
              [
                107.133677,
                16.798157
              ],
              [
                107.133859,
                16.798266
              ],
              [
                107.133898,
                16.798289
              ],
              [
                107.13392,
                16.7983
              ],
              [
                107.134112,
                16.798396
              ],
              [
                107.134302,
                16.798455
              ],
              [
                107.134341,
                16.798467
              ],
              [
                107.13461,
                16.798533
              ],
              [
                107.134884,
                16.798583
              ],
              [
                107.135005,
                16.798604
              ],
              [
                107.135355,
                16.798677
              ],
              [
                107.135376,
                16.798681
              ],
              [
                107.135856,
                16.798749
              ],
              [
                107.136426,
                16.798799
              ],
              [
                107.137093,
                16.798833
              ],
              [
                107.137206,
                16.798839
              ],
              [
                107.137503,
                16.798863
              ],
              [
                107.137661,
                16.798885
              ],
              [
                107.137789,
                16.798914
              ],
              [
                107.137977,
                16.798958
              ],
              [
                107.138268,
                16.799044
              ],
              [
                107.138774,
                16.79921
              ],
              [
                107.138981,
                16.799288
              ],
              [
                107.139111,
                16.799346
              ],
              [
                107.139493,
                16.799551
              ],
              [
                107.139499,
                16.799554
              ],
              [
                107.139966,
                16.799839
              ],
              [
                107.140406,
                16.800139
              ],
              [
                107.140798,
                16.800441
              ],
              [
                107.141293,
                16.800865
              ],
              [
                107.141898,
                16.801422
              ],
              [
                107.14197,
                16.801481
              ],
              [
                107.142104,
                16.801573
              ],
              [
                107.142189,
                16.80165
              ],
              [
                107.142264,
                16.801731
              ],
              [
                107.142375,
                16.80185
              ],
              [
                107.142771,
                16.802333
              ],
              [
                107.143027,
                16.802599
              ],
              [
                107.143161,
                16.802711
              ],
              [
                107.143294,
                16.802807
              ],
              [
                107.143356,
                16.802843
              ],
              [
                107.143449,
                16.802899
              ],
              [
                107.143566,
                16.80295
              ],
              [
                107.143864,
                16.803029
              ],
              [
                107.144016,
                16.803059
              ],
              [
                107.14444,
                16.803143
              ],
              [
                107.144721,
                16.803215
              ],
              [
                107.144765,
                16.803227
              ],
              [
                107.144964,
                16.803254
              ],
              [
                107.145182,
                16.803272
              ],
              [
                107.145372,
                16.803275
              ],
              [
                107.145449,
                16.803273
              ],
              [
                107.14545,
                16.803273
              ],
              [
                107.1458,
                16.803262
              ],
              [
                107.146293,
                16.803273
              ],
              [
                107.146508,
                16.803268
              ],
              [
                107.14667,
                16.803253
              ],
              [
                107.146816,
                16.803226
              ],
              [
                107.146885,
                16.803208
              ],
              [
                107.146915,
                16.803191
              ],
              [
                107.146968,
                16.803162
              ],
              [
                107.147009,
                16.80315
              ],
              [
                107.147175,
                16.803142
              ],
              [
                107.147334,
                16.80315
              ],
              [
                107.147522,
                16.803179
              ],
              [
                107.147581,
                16.803193
              ],
              [
                107.147714,
                16.803226
              ],
              [
                107.148182,
                16.803404
              ],
              [
                107.148244,
                16.803436
              ],
              [
                107.148312,
                16.80347
              ],
              [
                107.148382,
                16.803518
              ],
              [
                107.148481,
                16.803607
              ],
              [
                107.148549,
                16.803691
              ],
              [
                107.148583,
                16.803758
              ],
              [
                107.148602,
                16.803835
              ],
              [
                107.148605,
                16.803896
              ],
              [
                107.148608,
                16.80394
              ],
              [
                107.148602,
                16.80406
              ],
              [
                107.148578,
                16.804203
              ],
              [
                107.14854,
                16.80432
              ],
              [
                107.148485,
                16.804391
              ],
              [
                107.148447,
                16.804426
              ],
              [
                107.148327,
                16.804564
              ],
              [
                107.148268,
                16.804617
              ],
              [
                107.148068,
                16.804729
              ],
              [
                107.148048,
                16.804738
              ],
              [
                107.148014,
                16.804753
              ],
              [
                107.14797,
                16.80479
              ],
              [
                107.147952,
                16.804817
              ],
              [
                107.147931,
                16.804848
              ],
              [
                107.147863,
                16.804996
              ],
              [
                107.147817,
                16.80509
              ],
              [
                107.147765,
                16.805162
              ],
              [
                107.147711,
                16.805204
              ],
              [
                107.14749,
                16.805345
              ],
              [
                107.147359,
                16.805446
              ],
              [
                107.147279,
                16.805546
              ],
              [
                107.147278,
                16.805548
              ],
              [
                107.147146,
                16.805823
              ],
              [
                107.14672,
                16.806873
              ],
              [
                107.147129,
                16.806703
              ],
              [
                107.14715,
                16.806722
              ],
              [
                107.147201,
                16.806769
              ],
              [
                107.148147,
                16.807656
              ],
              [
                107.148419,
                16.80798
              ],
              [
                107.148553,
                16.808114
              ],
              [
                107.148665,
                16.808189
              ],
              [
                107.148817,
                16.808237
              ],
              [
                107.148946,
                16.808238
              ],
              [
                107.149007,
                16.808226
              ],
              [
                107.149068,
                16.808214
              ],
              [
                107.149388,
                16.808054
              ],
              [
                107.149634,
                16.807866
              ],
              [
                107.149833,
                16.807698
              ],
              [
                107.149957,
                16.807651
              ],
              [
                107.150137,
                16.80763
              ],
              [
                107.150182,
                16.80763
              ],
              [
                107.150348,
                16.807631
              ],
              [
                107.150727,
                16.807682
              ],
              [
                107.151162,
                16.807779
              ],
              [
                107.151316,
                16.80782
              ],
              [
                107.151607,
                16.807898
              ],
              [
                107.151831,
                16.80798
              ],
              [
                107.151919,
                16.808029
              ],
              [
                107.152102,
                16.808132
              ],
              [
                107.152327,
                16.808273
              ],
              [
                107.152651,
                16.80851
              ],
              [
                107.152995,
                16.808824
              ],
              [
                107.153026,
                16.808852
              ],
              [
                107.153301,
                16.809076
              ],
              [
                107.15362,
                16.809335
              ],
              [
                107.153621,
                16.809336
              ],
              [
                107.153782,
                16.809467
              ],
              [
                107.15386,
                16.809561
              ],
              [
                107.153888,
                16.809626
              ],
              [
                107.153907,
                16.809716
              ],
              [
                107.153941,
                16.809841
              ],
              [
                107.153982,
                16.809942
              ],
              [
                107.154046,
                16.810018
              ],
              [
                107.154103,
                16.810064
              ],
              [
                107.154205,
                16.810142
              ],
              [
                107.154533,
                16.810327
              ],
              [
                107.154711,
                16.810462
              ],
              [
                107.154795,
                16.810556
              ],
              [
                107.15488,
                16.81066
              ],
              [
                107.154985,
                16.810809
              ],
              [
                107.155061,
                16.810893
              ],
              [
                107.155251,
                16.811019
              ],
              [
                107.155542,
                16.811165
              ],
              [
                107.155575,
                16.811182
              ],
              [
                107.155777,
                16.811299
              ],
              [
                107.155876,
                16.811338
              ],
              [
                107.155965,
                16.811351
              ],
              [
                107.15611,
                16.811384
              ],
              [
                107.156389,
                16.81149
              ],
              [
                107.156402,
                16.811494
              ],
              [
                107.15662,
                16.811587
              ],
              [
                107.156882,
                16.811725
              ],
              [
                107.156973,
                16.811747
              ],
              [
                107.157036,
                16.811752
              ],
              [
                107.157142,
                16.811739
              ],
              [
                107.157324,
                16.811677
              ],
              [
                107.157661,
                16.81157
              ],
              [
                107.157833,
                16.811533
              ],
              [
                107.157881,
                16.811527
              ],
              [
                107.157922,
                16.811523
              ],
              [
                107.158028,
                16.811535
              ],
              [
                107.158158,
                16.811574
              ],
              [
                107.158339,
                16.811665
              ],
              [
                107.158391,
                16.81169
              ],
              [
                107.158601,
                16.81179
              ],
              [
                107.15887,
                16.811922
              ],
              [
                107.159015,
                16.812009
              ],
              [
                107.159165,
                16.812122
              ],
              [
                107.159255,
                16.812196
              ],
              [
                107.159368,
                16.812248
              ],
              [
                107.159511,
                16.812298
              ],
              [
                107.159637,
                16.812334
              ],
              [
                107.159921,
                16.812371
              ],
              [
                107.160074,
                16.812385
              ],
              [
                107.160357,
                16.81241
              ],
              [
                107.160442,
                16.812418
              ],
              [
                107.160622,
                16.812437
              ],
              [
                107.160747,
                16.812467
              ],
              [
                107.160833,
                16.812509
              ],
              [
                107.160916,
                16.81259
              ],
              [
                107.160988,
                16.81268
              ],
              [
                107.161046,
                16.812834
              ],
              [
                107.161086,
                16.812914
              ],
              [
                107.161148,
                16.812986
              ],
              [
                107.161203,
                16.813018
              ],
              [
                107.161265,
                16.813054
              ],
              [
                107.161399,
                16.8131
              ],
              [
                107.161638,
                16.813136
              ],
              [
                107.16179,
                16.813142
              ],
              [
                107.161907,
                16.813128
              ],
              [
                107.162038,
                16.813072
              ],
              [
                107.162215,
                16.812974
              ],
              [
                107.162464,
                16.812835
              ],
              [
                107.162632,
                16.81278
              ],
              [
                107.162718,
                16.81277
              ],
              [
                107.162755,
                16.812766
              ],
              [
                107.162944,
                16.812771
              ],
              [
                107.16316,
                16.812771
              ],
              [
                107.163226,
                16.812771
              ],
              [
                107.163331,
                16.812758
              ],
              [
                107.163447,
                16.812744
              ],
              [
                107.163603,
                16.812733
              ],
              [
                107.163715,
                16.812744
              ],
              [
                107.163883,
                16.812793
              ],
              [
                107.164191,
                16.812904
              ],
              [
                107.164431,
                16.812998
              ],
              [
                107.164603,
                16.813063
              ],
              [
                107.164738,
                16.813093
              ],
              [
                107.16486,
                16.81311
              ],
              [
                107.164908,
                16.813116
              ],
              [
                107.165181,
                16.813121
              ],
              [
                107.165212,
                16.813121
              ],
              [
                107.165466,
                16.813104
              ],
              [
                107.165702,
                16.813075
              ],
              [
                107.165849,
                16.813047
              ],
              [
                107.165965,
                16.81301
              ],
              [
                107.166068,
                16.81292
              ],
              [
                107.166151,
                16.812826
              ],
              [
                107.16592,
                16.812521
              ],
              [
                107.165777,
                16.812398
              ],
              [
                107.165979,
                16.812272
              ],
              [
                107.166007,
                16.812214
              ],
              [
                107.165933,
                16.811754
              ],
              [
                107.165917,
                16.811678
              ],
              [
                107.165752,
                16.811446
              ],
              [
                107.165661,
                16.811294
              ],
              [
                107.165641,
                16.811212
              ],
              [
                107.165637,
                16.811076
              ],
              [
                107.165664,
                16.810997
              ],
              [
                107.165729,
                16.810946
              ],
              [
                107.165858,
                16.810887
              ],
              [
                107.165941,
                16.810862
              ],
              [
                107.165992,
                16.810793
              ],
              [
                107.166138,
                16.810749
              ],
              [
                107.166054,
                16.810375
              ],
              [
                107.165898,
                16.809866
              ],
              [
                107.165822,
                16.809865
              ],
              [
                107.165764,
                16.809871
              ],
              [
                107.165668,
                16.809921
              ],
              [
                107.165541,
                16.809748
              ],
              [
                107.16545,
                16.809726
              ],
              [
                107.16531,
                16.809595
              ],
              [
                107.165416,
                16.809528
              ],
              [
                107.16548,
                16.809458
              ],
              [
                107.165352,
                16.809285
              ],
              [
                107.165455,
                16.809266
              ],
              [
                107.165166,
                16.808974
              ],
              [
                107.165432,
                16.808861
              ],
              [
                107.165549,
                16.808828
              ],
              [
                107.165781,
                16.808808
              ],
              [
                107.166075,
                16.808776
              ],
              [
                107.166166,
                16.808988
              ],
              [
                107.166474,
                16.808868
              ],
              [
                107.166923,
                16.808772
              ],
              [
                107.16688,
                16.808604
              ],
              [
                107.167015,
                16.808516
              ],
              [
                107.167454,
                16.808508
              ],
              [
                107.167747,
                16.808559
              ],
              [
                107.167738,
                16.808497
              ],
              [
                107.167728,
                16.808331
              ],
              [
                107.167738,
                16.808242
              ],
              [
                107.167731,
                16.808203
              ],
              [
                107.167716,
                16.80816
              ],
              [
                107.167716,
                16.808127
              ],
              [
                107.167738,
                16.808085
              ],
              [
                107.167792,
                16.80804
              ],
              [
                107.167918,
                16.807959
              ],
              [
                107.168055,
                16.807886
              ],
              [
                107.168062,
                16.80788
              ],
              [
                107.168164,
                16.807804
              ],
              [
                107.168229,
                16.807759
              ],
              [
                107.168296,
                16.807738
              ],
              [
                107.168381,
                16.807739
              ],
              [
                107.168388,
                16.807739
              ],
              [
                107.168451,
                16.80775
              ],
              [
                107.168511,
                16.807755
              ],
              [
                107.168601,
                16.807745
              ],
              [
                107.168701,
                16.807721
              ],
              [
                107.168806,
                16.807702
              ],
              [
                107.16889,
                16.807698
              ],
              [
                107.168991,
                16.8077
              ],
              [
                107.169124,
                16.807701
              ],
              [
                107.169283,
                16.807669
              ],
              [
                107.169396,
                16.80763
              ],
              [
                107.169612,
                16.807529
              ],
              [
                107.169864,
                16.807365
              ],
              [
                107.170116,
                16.807208
              ],
              [
                107.170283,
                16.807139
              ],
              [
                107.170484,
                16.807078
              ],
              [
                107.170781,
                16.807033
              ],
              [
                107.171125,
                16.807018
              ],
              [
                107.171394,
                16.806991
              ],
              [
                107.171589,
                16.806979
              ],
              [
                107.171664,
                16.806965
              ],
              [
                107.171756,
                16.806922
              ],
              [
                107.171836,
                16.806866
              ],
              [
                107.171892,
                16.806778
              ],
              [
                107.171943,
                16.806656
              ],
              [
                107.171957,
                16.806536
              ],
              [
                107.171923,
                16.806429
              ],
              [
                107.171747,
                16.806244
              ],
              [
                107.171372,
                16.806019
              ],
              [
                107.171139,
                16.805817
              ],
              [
                107.171048,
                16.805693
              ],
              [
                107.170998,
                16.805521
              ],
              [
                107.17101,
                16.805335
              ],
              [
                107.171062,
                16.805184
              ],
              [
                107.171182,
                16.805039
              ],
              [
                107.17132,
                16.804932
              ],
              [
                107.17146,
                16.804888
              ],
              [
                107.171649,
                16.804912
              ],
              [
                107.171821,
                16.804984
              ],
              [
                107.172067,
                16.805238
              ],
              [
                107.172346,
                16.805462
              ],
              [
                107.172643,
                16.805609
              ],
              [
                107.173152,
                16.805905
              ],
              [
                107.173871,
                16.806264
              ],
              [
                107.174596,
                16.806543
              ],
              [
                107.174937,
                16.806719
              ],
              [
                107.175252,
                16.806909
              ],
              [
                107.175555,
                16.807024
              ],
              [
                107.175829,
                16.807204
              ],
              [
                107.176213,
                16.807598
              ],
              [
                107.176503,
                16.807925
              ],
              [
                107.176703,
                16.808152
              ],
              [
                107.176829,
                16.808416
              ],
              [
                107.176914,
                16.808677
              ],
              [
                107.176905,
                16.808871
              ],
              [
                107.176829,
                16.809073
              ],
              [
                107.176676,
                16.809347
              ],
              [
                107.176393,
                16.809655
              ],
              [
                107.176098,
                16.809901
              ],
              [
                107.17588,
                16.810097
              ],
              [
                107.175666,
                16.810297
              ],
              [
                107.175564,
                16.810434
              ],
              [
                107.175491,
                16.810601
              ],
              [
                107.175502,
                16.810869
              ],
              [
                107.175485,
                16.810991
              ],
              [
                107.175437,
                16.811151
              ],
              [
                107.175667,
                16.811181
              ],
              [
                107.175911,
                16.811233
              ],
              [
                107.176193,
                16.811348
              ],
              [
                107.176407,
                16.811415
              ],
              [
                107.176598,
                16.811427
              ],
              [
                107.176863,
                16.811408
              ],
              [
                107.177094,
                16.811401
              ],
              [
                107.17728,
                16.811406
              ],
              [
                107.177731,
                16.811378
              ],
              [
                107.177955,
                16.811378
              ],
              [
                107.178198,
                16.811428
              ],
              [
                107.178537,
                16.811508
              ],
              [
                107.17873,
                16.811522
              ],
              [
                107.178902,
                16.811523
              ],
              [
                107.179088,
                16.811543
              ],
              [
                107.179394,
                16.811635
              ],
              [
                107.179808,
                16.811803
              ],
              [
                107.180459,
                16.812066
              ],
              [
                107.181052,
                16.812301
              ],
              [
                107.181284,
                16.812401
              ],
              [
                107.181497,
                16.812564
              ],
              [
                107.18182,
                16.812831
              ],
              [
                107.181969,
                16.812968
              ],
              [
                107.182134,
                16.812903
              ],
              [
                107.182231,
                16.812862
              ],
              [
                107.182336,
                16.812769
              ],
              [
                107.182477,
                16.812584
              ],
              [
                107.182799,
                16.812158
              ],
              [
                107.182592,
                16.811922
              ],
              [
                107.182425,
                16.811717
              ],
              [
                107.18216,
                16.811343
              ],
              [
                107.181873,
                16.810876
              ],
              [
                107.181693,
                16.810585
              ],
              [
                107.181456,
                16.810206
              ],
              [
                107.181274,
                16.809914
              ],
              [
                107.181147,
                16.809675
              ],
              [
                107.181016,
                16.809395
              ],
              [
                107.180922,
                16.809155
              ],
              [
                107.18084,
                16.808896
              ],
              [
                107.180828,
                16.808858
              ],
              [
                107.180944,
                16.808819
              ],
              [
                107.180976,
                16.80879
              ],
              [
                107.180981,
                16.808754
              ],
              [
                107.18096,
                16.808649
              ],
              [
                107.180859,
                16.808285
              ],
              [
                107.180921,
                16.808263
              ],
              [
                107.181896,
                16.807923
              ],
              [
                107.181958,
                16.807923
              ],
              [
                107.182002,
                16.80797
              ],
              [
                107.182138,
                16.808246
              ],
              [
                107.182362,
                16.808561
              ],
              [
                107.182792,
                16.809163
              ],
              [
                107.183071,
                16.809584
              ],
              [
                107.183447,
                16.810173
              ],
              [
                107.183964,
                16.810774
              ],
              [
                107.184372,
                16.811248
              ],
              [
                107.184405,
                16.811316
              ],
              [
                107.184647,
                16.811252
              ],
              [
                107.184897,
                16.811188
              ],
              [
                107.184997,
                16.811158
              ],
              [
                107.185054,
                16.811116
              ],
              [
                107.185114,
                16.811048
              ],
              [
                107.185255,
                16.810851
              ],
              [
                107.185475,
                16.810561
              ],
              [
                107.185665,
                16.810311
              ],
              [
                107.185927,
                16.81005
              ],
              [
                107.186199,
                16.809821
              ],
              [
                107.186743,
                16.809471
              ],
              [
                107.18743,
                16.809044
              ],
              [
                107.187523,
                16.808986
              ],
              [
                107.187967,
                16.808699
              ],
              [
                107.187984,
                16.808687
              ],
              [
                107.188556,
                16.808258
              ],
              [
                107.188748,
                16.808065
              ],
              [
                107.188902,
                16.80791
              ],
              [
                107.18909,
                16.807693
              ],
              [
                107.189177,
                16.807549
              ],
              [
                107.189133,
                16.80701
              ],
              [
                107.189063,
                16.806829
              ],
              [
                107.188917,
                16.806582
              ],
              [
                107.188773,
                16.806446
              ],
              [
                107.189216,
                16.805832
              ],
              [
                107.189913,
                16.805009
              ],
              [
                107.190947,
                16.803722
              ],
              [
                107.191292,
                16.803176
              ],
              [
                107.191434,
                16.801243
              ],
              [
                107.190617,
                16.801243
              ],
              [
                107.189941,
                16.80122
              ],
              [
                107.189248,
                16.801147
              ],
              [
                107.188997,
                16.801123
              ],
              [
                107.188928,
                16.801088
              ],
              [
                107.188472,
                16.801094
              ],
              [
                107.18818,
                16.801114
              ],
              [
                107.187947,
                16.80116
              ],
              [
                107.187431,
                16.801281
              ],
              [
                107.186909,
                16.801403
              ],
              [
                107.18659,
                16.801523
              ],
              [
                107.186307,
                16.801669
              ],
              [
                107.186202,
                16.801712
              ],
              [
                107.186057,
                16.801795
              ],
              [
                107.185199,
                16.802213
              ],
              [
                107.184894,
                16.802378
              ],
              [
                107.18448,
                16.802659
              ],
              [
                107.184023,
                16.802969
              ],
              [
                107.183795,
                16.803142
              ],
              [
                107.183691,
                16.80323
              ],
              [
                107.183517,
                16.803438
              ],
              [
                107.183293,
                16.803706
              ],
              [
                107.183086,
                16.804016
              ],
              [
                107.18286,
                16.804305
              ],
              [
                107.182651,
                16.80455
              ],
              [
                107.182028,
                16.8051
              ],
              [
                107.181594,
                16.805475
              ],
              [
                107.181048,
                16.805947
              ],
              [
                107.180486,
                16.806416
              ],
              [
                107.180402,
                16.806436
              ],
              [
                107.180345,
                16.806449
              ],
              [
                107.180292,
                16.806463
              ],
              [
                107.180041,
                16.806524
              ],
              [
                107.179805,
                16.805823
              ],
              [
                107.179568,
                16.805122
              ],
              [
                107.179006,
                16.803495
              ],
              [
                107.178482,
                16.801944
              ],
              [
                107.178481,
                16.80194
              ],
              [
                107.178275,
                16.801327
              ],
              [
                107.178069,
                16.800711
              ],
              [
                107.177937,
                16.800306
              ],
              [
                107.177896,
                16.800148
              ],
              [
                107.177884,
                16.800056
              ],
              [
                107.17788,
                16.800017
              ],
              [
                107.177898,
                16.79968
              ],
              [
                107.17795,
                16.799041
              ],
              [
                107.177983,
                16.798712
              ],
              [
                107.178013,
                16.798409
              ],
              [
                107.178036,
                16.798285
              ],
              [
                107.178079,
                16.798131
              ],
              [
                107.178136,
                16.797926
              ],
              [
                107.178194,
                16.797715
              ],
              [
                107.178256,
                16.797489
              ],
              [
                107.178362,
                16.797105
              ],
              [
                107.178402,
                16.796887
              ],
              [
                107.178422,
                16.796708
              ],
              [
                107.178589,
                16.796756
              ],
              [
                107.179767,
                16.797135
              ],
              [
                107.180279,
                16.79613
              ],
              [
                107.18105,
                16.794677
              ],
              [
                107.181347,
                16.793973
              ],
              [
                107.181383,
                16.793846
              ],
              [
                107.181317,
                16.793684
              ],
              [
                107.1813,
                16.793491
              ],
              [
                107.181407,
                16.793103
              ],
              [
                107.181369,
                16.793031
              ],
              [
                107.18122,
                16.792958
              ],
              [
                107.181212,
                16.792954
              ],
              [
                107.180855,
                16.792875
              ],
              [
                107.180704,
                16.792841
              ],
              [
                107.180697,
                16.79284
              ],
              [
                107.180226,
                16.792735
              ],
              [
                107.179854,
                16.792682
              ],
              [
                107.178963,
                16.792717
              ],
              [
                107.178914,
                16.792719
              ],
              [
                107.178922,
                16.792618
              ],
              [
                107.178986,
                16.791813
              ],
              [
                107.179109,
                16.790218
              ],
              [
                107.179225,
                16.788699
              ],
              [
                107.179226,
                16.788687
              ],
              [
                107.179243,
                16.788469
              ],
              [
                107.179245,
                16.788442
              ],
              [
                107.178855,
                16.78841
              ],
              [
                107.178875,
                16.788137
              ],
              [
                107.178901,
                16.787695
              ],
              [
                107.178891,
                16.787432
              ],
              [
                107.178863,
                16.78676
              ],
              [
                107.178863,
                16.786677
              ],
              [
                107.178807,
                16.785881
              ],
              [
                107.179937,
                16.784097
              ],
              [
                107.181221,
                16.782384
              ],
              [
                107.183799,
                16.781773
              ],
              [
                107.183878,
                16.781677
              ],
              [
                107.183906,
                16.781716
              ],
              [
                107.184277,
                16.781872
              ],
              [
                107.184928,
                16.781905
              ],
              [
                107.185665,
                16.78206
              ],
              [
                107.186442,
                16.782367
              ],
              [
                107.187112,
                16.782743
              ],
              [
                107.187504,
                16.783217
              ],
              [
                107.187675,
                16.78349
              ],
              [
                107.187861,
                16.783787
              ],
              [
                107.188353,
                16.784575
              ],
              [
                107.188581,
                16.785414
              ],
              [
                107.188564,
                16.785615
              ],
              [
                107.188507,
                16.785845
              ],
              [
                107.1884,
                16.786028
              ],
              [
                107.188262,
                16.786153
              ],
              [
                107.188015,
                16.786233
              ],
              [
                107.187889,
                16.786215
              ],
              [
                107.187687,
                16.786188
              ],
              [
                107.187457,
                16.786066
              ],
              [
                107.18719,
                16.78597
              ],
              [
                107.187161,
                16.785974
              ],
              [
                107.187082,
                16.785983
              ],
              [
                107.186952,
                16.786007
              ],
              [
                107.186868,
                16.786028
              ],
              [
                107.18678,
                16.786084
              ],
              [
                107.186695,
                16.786175
              ],
              [
                107.186643,
                16.786272
              ],
              [
                107.186606,
                16.786415
              ],
              [
                107.18659,
                16.786542
              ],
              [
                107.18659,
                16.786664
              ],
              [
                107.186591,
                16.786814
              ],
              [
                107.186596,
                16.786964
              ],
              [
                107.186599,
                16.787063
              ],
              [
                107.186622,
                16.787153
              ],
              [
                107.18671,
                16.78743
              ],
              [
                107.186716,
                16.787452
              ],
              [
                107.186766,
                16.787613
              ],
              [
                107.186817,
                16.78768
              ],
              [
                107.187076,
                16.787815
              ],
              [
                107.187501,
                16.788052
              ],
              [
                107.1877,
                16.788117
              ],
              [
                107.187824,
                16.788142
              ],
              [
                107.187983,
                16.78814
              ],
              [
                107.188095,
                16.788139
              ],
              [
                107.188577,
                16.78822
              ],
              [
                107.18903,
                16.788311
              ],
              [
                107.189226,
                16.788354
              ],
              [
                107.189371,
                16.788386
              ],
              [
                107.189402,
                16.788388
              ],
              [
                107.189504,
                16.787801
              ],
              [
                107.189692,
                16.787088
              ],
              [
                107.189929,
                16.786768
              ],
              [
                107.189991,
                16.786649
              ],
              [
                107.190209,
                16.786272
              ],
              [
                107.190315,
                16.785982
              ],
              [
                107.190608,
                16.78559
              ],
              [
                107.190698,
                16.785432
              ],
              [
                107.190788,
                16.785321
              ],
              [
                107.190862,
                16.785204
              ],
              [
                107.190931,
                16.785027
              ],
              [
                107.190948,
                16.784871
              ],
              [
                107.190969,
                16.784812
              ],
              [
                107.191052,
                16.784715
              ],
              [
                107.191121,
                16.784511
              ],
              [
                107.191168,
                16.784337
              ],
              [
                107.19122,
                16.783981
              ],
              [
                107.191338,
                16.783436
              ],
              [
                107.191436,
                16.782745
              ],
              [
                107.195978,
                16.783166
              ],
              [
                107.196927,
                16.783265
              ],
              [
                107.197246,
                16.780722
              ],
              [
                107.197359,
                16.779639
              ],
              [
                107.197391,
                16.77933
              ],
              [
                107.197188,
                16.779354
              ],
              [
                107.196272,
                16.779463
              ],
              [
                107.196112,
                16.779458
              ],
              [
                107.193754,
                16.779286
              ],
              [
                107.192514,
                16.779195
              ],
              [
                107.192461,
                16.779212
              ],
              [
                107.192393,
                16.77922
              ],
              [
                107.192328,
                16.779209
              ],
              [
                107.192156,
                16.779146
              ],
              [
                107.191518,
                16.778901
              ],
              [
                107.191024,
                16.778759
              ],
              [
                107.190322,
                16.778663
              ],
              [
                107.190065,
                16.778394
              ],
              [
                107.189484,
                16.77824
              ],
              [
                107.188701,
                16.778009
              ],
              [
                107.188429,
                16.777954
              ],
              [
                107.187246,
                16.777605
              ],
              [
                107.185823,
                16.777132
              ],
              [
                107.185721,
                16.775234
              ],
              [
                107.1856,
                16.773872
              ],
              [
                107.185637,
                16.773827
              ],
              [
                107.185841,
                16.773765
              ],
              [
                107.185928,
                16.773728
              ],
              [
                107.184739,
                16.773355
              ],
              [
                107.184718,
                16.773349
              ],
              [
                107.184704,
                16.773368
              ],
              [
                107.184597,
                16.773501
              ],
              [
                107.184587,
                16.773513
              ],
              [
                107.184503,
                16.773605
              ],
              [
                107.184412,
                16.773689
              ],
              [
                107.184389,
                16.77371
              ],
              [
                107.184045,
                16.773999
              ],
              [
                107.183364,
                16.774544
              ],
              [
                107.182997,
                16.774862
              ],
              [
                107.182858,
                16.774964
              ],
              [
                107.182858,
                16.774965
              ],
              [
                107.182737,
                16.775039
              ],
              [
                107.182649,
                16.775082
              ],
              [
                107.182257,
                16.775273
              ],
              [
                107.181648,
                16.775543
              ],
              [
                107.18143,
                16.775632
              ],
              [
                107.180988,
                16.775796
              ],
              [
                107.180898,
                16.775832
              ],
              [
                107.18053,
                16.77598
              ],
              [
                107.180248,
                16.776068
              ],
              [
                107.18001,
                16.776123
              ],
              [
                107.179868,
                16.77614
              ],
              [
                107.179559,
                16.776155
              ],
              [
                107.179172,
                16.776154
              ],
              [
                107.17824,
                16.776123
              ],
              [
                107.177556,
                16.776085
              ],
              [
                107.177219,
                16.776053
              ],
              [
                107.1769,
                16.776011
              ],
              [
                107.176613,
                16.775957
              ],
              [
                107.176467,
                16.775912
              ],
              [
                107.176111,
                16.775752
              ],
              [
                107.175775,
                16.775588
              ],
              [
                107.175592,
                16.775491
              ],
              [
                107.1755,
                16.775433
              ],
              [
                107.175194,
                16.775202
              ],
              [
                107.174997,
                16.774473
              ],
              [
                107.175518,
                16.773138
              ],
              [
                107.17551,
                16.7724
              ],
              [
                107.17396,
                16.770939
              ],
              [
                107.172964,
                16.77095
              ],
              [
                107.172279,
                16.7714
              ],
              [
                107.171981,
                16.772216
              ],
              [
                107.171841,
                16.773491
              ],
              [
                107.171452,
                16.773536
              ],
              [
                107.170858,
                16.773638
              ],
              [
                107.170513,
                16.773833
              ],
              [
                107.170391,
                16.773938
              ],
              [
                107.169862,
                16.77439
              ],
              [
                107.169466,
                16.774779
              ],
              [
                107.168836,
                16.775398
              ],
              [
                107.168759,
                16.775512
              ],
              [
                107.16705,
                16.777597
              ],
              [
                107.166746,
                16.77798
              ],
              [
                107.16624,
                16.778652
              ],
              [
                107.165923,
                16.779091
              ],
              [
                107.16438,
                16.781093
              ],
              [
                107.164072,
                16.781466
              ],
              [
                107.163494,
                16.780689
              ],
              [
                107.162181,
                16.778923
              ],
              [
                107.161577,
                16.779517
              ],
              [
                107.160511,
                16.780762
              ],
              [
                107.160405,
                16.780828
              ],
              [
                107.160298,
                16.780841
              ],
              [
                107.160209,
                16.78083
              ],
              [
                107.159894,
                16.780661
              ],
              [
                107.159689,
                16.780545
              ],
              [
                107.159485,
                16.78043
              ],
              [
                107.159023,
                16.780168
              ],
              [
                107.15878,
                16.780031
              ],
              [
                107.157876,
                16.77952
              ],
              [
                107.157267,
                16.779167
              ],
              [
                107.157132,
                16.779089
              ],
              [
                107.156608,
                16.778785
              ],
              [
                107.15647,
                16.778705
              ],
              [
                107.15549,
                16.777986
              ],
              [
                107.15503,
                16.777582
              ],
              [
                107.154689,
                16.777293
              ],
              [
                107.154272,
                16.776141
              ],
              [
                107.15417,
                16.775888
              ],
              [
                107.154098,
                16.775793
              ],
              [
                107.154007,
                16.775746
              ],
              [
                107.153815,
                16.775709
              ],
              [
                107.1537,
                16.77571
              ],
              [
                107.153343,
                16.775641
              ],
              [
                107.153344,
                16.775638
              ],
              [
                107.153959,
                16.774656
              ],
              [
                107.153969,
                16.77464
              ],
              [
                107.15451,
                16.773787
              ],
              [
                107.154959,
                16.77308
              ],
              [
                107.155453,
                16.772307
              ],
              [
                107.155496,
                16.772239
              ],
              [
                107.155603,
                16.772071
              ],
              [
                107.155907,
                16.771596
              ],
              [
                107.155941,
                16.771542
              ],
              [
                107.156014,
                16.771427
              ],
              [
                107.156669,
                16.7704
              ],
              [
                107.156676,
                16.770389
              ],
              [
                107.156726,
                16.77031
              ],
              [
                107.15731,
                16.769389
              ],
              [
                107.157582,
                16.768958
              ],
              [
                107.157938,
                16.76839
              ],
              [
                107.158122,
                16.768098
              ],
              [
                107.158233,
                16.767922
              ],
              [
                107.158406,
                16.767646
              ],
              [
                107.158501,
                16.767496
              ],
              [
                107.158667,
                16.767233
              ],
              [
                107.158831,
                16.766972
              ],
              [
                107.159032,
                16.766653
              ],
              [
                107.159578,
                16.765784
              ],
              [
                107.159881,
                16.765303
              ],
              [
                107.160412,
                16.764477
              ],
              [
                107.160862,
                16.76378
              ],
              [
                107.15861,
                16.762598
              ],
              [
                107.159497,
                16.761501
              ],
              [
                107.159809,
                16.761034
              ],
              [
                107.159559,
                16.760977
              ],
              [
                107.15926,
                16.760887
              ],
              [
                107.159118,
                16.760795
              ],
              [
                107.158569,
                16.760212
              ],
              [
                107.158525,
                16.760165
              ],
              [
                107.157846,
                16.759515
              ],
              [
                107.157575,
                16.759255
              ],
              [
                107.157277,
                16.759012
              ],
              [
                107.157178,
                16.758913
              ],
              [
                107.156883,
                16.758615
              ],
              [
                107.156494,
                16.758231
              ],
              [
                107.156096,
                16.757921
              ],
              [
                107.155599,
                16.757562
              ],
              [
                107.155133,
                16.757166
              ],
              [
                107.154847,
                16.756897
              ],
              [
                107.156252,
                16.754888
              ],
              [
                107.155274,
                16.752301
              ],
              [
                107.154038,
                16.751502
              ],
              [
                107.152044,
                16.751449
              ],
              [
                107.150887,
                16.750796
              ],
              [
                107.149332,
                16.748892
              ],
              [
                107.14879,
                16.74838
              ],
              [
                107.147331,
                16.748174
              ],
              [
                107.1447,
                16.746815
              ],
              [
                107.144471,
                16.74603
              ],
              [
                107.144458,
                16.745954
              ],
              [
                107.14445,
                16.745766
              ],
              [
                107.144448,
                16.745713
              ],
              [
                107.144426,
                16.745358
              ],
              [
                107.144396,
                16.745231
              ],
              [
                107.144311,
                16.745054
              ],
              [
                107.143698,
                16.74402
              ],
              [
                107.143565,
                16.74378
              ],
              [
                107.143502,
                16.743665
              ],
              [
                107.143335,
                16.743261
              ],
              [
                107.143226,
                16.742968
              ],
              [
                107.143215,
                16.742922
              ],
              [
                107.143177,
                16.742758
              ],
              [
                107.143131,
                16.742559
              ],
              [
                107.143064,
                16.742174
              ],
              [
                107.143021,
                16.741895
              ],
              [
                107.142991,
                16.74167
              ],
              [
                107.142995,
                16.74143
              ],
              [
                107.143035,
                16.741084
              ],
              [
                107.143095,
                16.7407
              ],
              [
                107.143112,
                16.740498
              ],
              [
                107.143101,
                16.740023
              ],
              [
                107.143059,
                16.739432
              ],
              [
                107.14303,
                16.739278
              ],
              [
                107.143022,
                16.739234
              ],
              [
                107.142963,
                16.739096
              ],
              [
                107.142945,
                16.739068
              ],
              [
                107.142858,
                16.738929
              ],
              [
                107.14263,
                16.738645
              ],
              [
                107.142623,
                16.738636
              ],
              [
                107.142419,
                16.738381
              ],
              [
                107.142172,
                16.738066
              ],
              [
                107.142102,
                16.737977
              ],
              [
                107.142051,
                16.73789
              ],
              [
                107.142039,
                16.737869
              ],
              [
                107.142022,
                16.737823
              ],
              [
                107.141963,
                16.737666
              ],
              [
                107.141916,
                16.737547
              ],
              [
                107.141913,
                16.73754
              ],
              [
                107.141771,
                16.737177
              ],
              [
                107.141671,
                16.73701
              ],
              [
                107.14162,
                16.736955
              ],
              [
                107.141529,
                16.736861
              ],
              [
                107.141378,
                16.736758
              ],
              [
                107.141144,
                16.73663
              ],
              [
                107.140981,
                16.736576
              ],
              [
                107.140807,
                16.736549
              ],
              [
                107.140592,
                16.736531
              ],
              [
                107.140499,
                16.736513
              ],
              [
                107.140415,
                16.736496
              ],
              [
                107.140288,
                16.736458
              ],
              [
                107.1402,
                16.736399
              ],
              [
                107.140121,
                16.736302
              ],
              [
                107.140078,
                16.736211
              ],
              [
                107.140059,
                16.736101
              ],
              [
                107.140064,
                16.736011
              ],
              [
                107.140068,
                16.73593
              ],
              [
                107.140082,
                16.735858
              ],
              [
                107.140087,
                16.735807
              ],
              [
                107.14013,
                16.735576
              ],
              [
                107.140155,
                16.735447
              ],
              [
                107.140163,
                16.735367
              ],
              [
                107.140166,
                16.735226
              ],
              [
                107.140156,
                16.735113
              ],
              [
                107.140149,
                16.735043
              ],
              [
                107.140136,
                16.734882
              ],
              [
                107.140136,
                16.734871
              ],
              [
                107.140115,
                16.734623
              ],
              [
                107.140111,
                16.734571
              ],
              [
                107.140081,
                16.734437
              ],
              [
                107.140062,
                16.734402
              ],
              [
                107.139999,
                16.734289
              ],
              [
                107.139856,
                16.734066
              ],
              [
                107.139659,
                16.73383
              ],
              [
                107.139559,
                16.733717
              ],
              [
                107.139412,
                16.733547
              ],
              [
                107.139364,
                16.73346
              ],
              [
                107.139359,
                16.733451
              ],
              [
                107.138491,
                16.73353
              ],
              [
                107.138169,
                16.733589
              ],
              [
                107.137629,
                16.733793
              ],
              [
                107.137489,
                16.733833
              ],
              [
                107.137102,
                16.733842
              ],
              [
                107.137011,
                16.733845
              ],
              [
                107.136782,
                16.733852
              ],
              [
                107.136447,
                16.733832
              ],
              [
                107.136175,
                16.733844
              ],
              [
                107.136038,
                16.733803
              ],
              [
                107.136024,
                16.733799
              ],
              [
                107.135816,
                16.733745
              ],
              [
                107.135584,
                16.733724
              ],
              [
                107.135482,
                16.733715
              ],
              [
                107.135437,
                16.733711
              ],
              [
                107.134657,
                16.733453
              ],
              [
                107.133623,
                16.733093
              ],
              [
                107.13294,
                16.732969
              ],
              [
                107.132259,
                16.733069
              ],
              [
                107.132258,
                16.733068
              ],
              [
                107.132255,
                16.733065
              ],
              [
                107.132242,
                16.733077
              ],
              [
                107.132058,
                16.733157
              ],
              [
                107.131837,
                16.733251
              ],
              [
                107.131543,
                16.733378
              ],
              [
                107.131456,
                16.733383
              ],
              [
                107.131395,
                16.733328
              ],
              [
                107.131335,
                16.733271
              ],
              [
                107.131297,
                16.733252
              ],
              [
                107.131213,
                16.733241
              ],
              [
                107.130887,
                16.733334
              ],
              [
                107.130654,
                16.733413
              ],
              [
                107.130456,
                16.733529
              ],
              [
                107.130294,
                16.733669
              ],
              [
                107.130157,
                16.733827
              ],
              [
                107.130045,
                16.733916
              ],
              [
                107.129938,
                16.733948
              ],
              [
                107.12981,
                16.733928
              ],
              [
                107.129648,
                16.733939
              ],
              [
                107.12945,
                16.734012
              ],
              [
                107.129381,
                16.733918
              ],
              [
                107.129308,
                16.733841
              ],
              [
                107.129242,
                16.733771
              ],
              [
                107.129204,
                16.73373
              ],
              [
                107.129147,
                16.733664
              ],
              [
                107.129139,
                16.733646
              ],
              [
                107.129124,
                16.733614
              ],
              [
                107.129125,
                16.733566
              ],
              [
                107.129142,
                16.733509
              ],
              [
                107.129179,
                16.733462
              ],
              [
                107.129278,
                16.733381
              ],
              [
                107.129396,
                16.733296
              ],
              [
                107.129437,
                16.733237
              ],
              [
                107.129475,
                16.733147
              ],
              [
                107.129488,
                16.733045
              ],
              [
                107.129489,
                16.733036
              ],
              [
                107.129485,
                16.732908
              ],
              [
                107.129471,
                16.732854
              ],
              [
                107.129448,
                16.732809
              ],
              [
                107.129389,
                16.732697
              ],
              [
                107.129287,
                16.732599
              ],
              [
                107.129215,
                16.732556
              ],
              [
                107.129137,
                16.732532
              ],
              [
                107.129086,
                16.732538
              ],
              [
                107.129015,
                16.732576
              ],
              [
                107.128933,
                16.732637
              ],
              [
                107.128884,
                16.732649
              ],
              [
                107.12883,
                16.732636
              ],
              [
                107.128797,
                16.732602
              ],
              [
                107.128778,
                16.73256
              ],
              [
                107.128773,
                16.732533
              ],
              [
                107.128765,
                16.732489
              ],
              [
                107.128744,
                16.732372
              ],
              [
                107.12874,
                16.732345
              ],
              [
                107.128729,
                16.73227
              ],
              [
                107.128733,
                16.732249
              ],
              [
                107.128736,
                16.732226
              ],
              [
                107.128775,
                16.732167
              ],
              [
                107.128827,
                16.732106
              ],
              [
                107.128877,
                16.732077
              ],
              [
                107.128917,
                16.73207
              ],
              [
                107.128987,
                16.732071
              ],
              [
                107.129028,
                16.732054
              ],
              [
                107.129058,
                16.732021
              ],
              [
                107.129061,
                16.732018
              ],
              [
                107.129081,
                16.731973
              ],
              [
                107.129082,
                16.731925
              ],
              [
                107.129067,
                16.73188
              ],
              [
                107.129049,
                16.73186
              ],
              [
                107.129014,
                16.731848
              ],
              [
                107.128969,
                16.731858
              ],
              [
                107.128889,
                16.731896
              ],
              [
                107.128845,
                16.731908
              ],
              [
                107.128815,
                16.731902
              ],
              [
                107.128778,
                16.731891
              ],
              [
                107.128751,
                16.73186
              ],
              [
                107.128741,
                16.731848
              ],
              [
                107.12872,
                16.731783
              ],
              [
                107.128609,
                16.73141
              ],
              [
                107.128599,
                16.731369
              ],
              [
                107.128585,
                16.73131
              ],
              [
                107.128594,
                16.731249
              ],
              [
                107.128456,
                16.731227
              ],
              [
                107.128412,
                16.731221
              ],
              [
                107.128362,
                16.731248
              ],
              [
                107.128331,
                16.731303
              ],
              [
                107.128299,
                16.731362
              ],
              [
                107.128244,
                16.731412
              ],
              [
                107.128195,
                16.731427
              ],
              [
                107.128132,
                16.731434
              ],
              [
                107.128109,
                16.731438
              ],
              [
                107.128024,
                16.7315
              ],
              [
                107.127989,
                16.731525
              ],
              [
                107.127934,
                16.731524
              ],
              [
                107.127864,
                16.731495
              ],
              [
                107.12781,
                16.731487
              ],
              [
                107.127757,
                16.731509
              ],
              [
                107.127697,
                16.731594
              ],
              [
                107.127702,
                16.731623
              ],
              [
                107.127713,
                16.731682
              ],
              [
                107.127712,
                16.731742
              ],
              [
                107.127705,
                16.731783
              ],
              [
                107.127671,
                16.731828
              ],
              [
                107.127654,
                16.731834
              ],
              [
                107.127601,
                16.731838
              ],
              [
                107.127556,
                16.731817
              ],
              [
                107.127487,
                16.731759
              ],
              [
                107.127465,
                16.73172
              ],
              [
                107.127379,
                16.731608
              ],
              [
                107.127373,
                16.7316
              ],
              [
                107.127321,
                16.731519
              ],
              [
                107.127282,
                16.731401
              ],
              [
                107.127314,
                16.731294
              ],
              [
                107.127323,
                16.731278
              ],
              [
                107.12733,
                16.73126
              ],
              [
                107.127336,
                16.731244
              ],
              [
                107.127341,
                16.73123
              ],
              [
                107.12735,
                16.731213
              ],
              [
                107.127367,
                16.731187
              ],
              [
                107.127393,
                16.731147
              ],
              [
                107.127421,
                16.731101
              ],
              [
                107.127436,
                16.731063
              ],
              [
                107.12744,
                16.731023
              ],
              [
                107.127431,
                16.730963
              ],
              [
                107.127401,
                16.7309
              ],
              [
                107.12736,
                16.730857
              ],
              [
                107.127354,
                16.730853
              ],
              [
                107.127341,
                16.730822
              ],
              [
                107.127228,
                16.730737
              ],
              [
                107.127164,
                16.730728
              ],
              [
                107.127111,
                16.730721
              ],
              [
                107.127081,
                16.730716
              ],
              [
                107.126949,
                16.730702
              ],
              [
                107.126827,
                16.730705
              ],
              [
                107.126825,
                16.730705
              ],
              [
                107.126825,
                16.730705
              ],
              [
                107.126578,
                16.730752
              ],
              [
                107.12652,
                16.730763
              ],
              [
                107.126315,
                16.730802
              ],
              [
                107.12614,
                16.730802
              ],
              [
                107.12602,
                16.730787
              ],
              [
                107.125999,
                16.730785
              ],
              [
                107.125925,
                16.730728
              ],
              [
                107.125887,
                16.730648
              ],
              [
                107.125886,
                16.730563
              ],
              [
                107.125885,
                16.730554
              ],
              [
                107.125889,
                16.730489
              ],
              [
                107.12589,
                16.730451
              ],
              [
                107.125909,
                16.730357
              ],
              [
                107.125952,
                16.730269
              ],
              [
                107.126028,
                16.730207
              ],
              [
                107.126125,
                16.730158
              ],
              [
                107.126212,
                16.730115
              ],
              [
                107.126279,
                16.730051
              ],
              [
                107.126363,
                16.729914
              ],
              [
                107.126418,
                16.729749
              ],
              [
                107.126545,
                16.729532
              ],
              [
                107.126628,
                16.729344
              ],
              [
                107.126666,
                16.729183
              ],
              [
                107.126671,
                16.729097
              ],
              [
                107.126646,
                16.729001
              ],
              [
                107.126579,
                16.728857
              ],
              [
                107.126556,
                16.7288
              ],
              [
                107.126545,
                16.728774
              ],
              [
                107.126532,
                16.728742
              ],
              [
                107.126527,
                16.728672
              ],
              [
                107.126544,
                16.728595
              ],
              [
                107.12661,
                16.728447
              ],
              [
                107.126678,
                16.728263
              ],
              [
                107.126694,
                16.72815
              ],
              [
                107.126699,
                16.72805
              ],
              [
                107.126692,
                16.727968
              ],
              [
                107.126642,
                16.72789
              ],
              [
                107.126592,
                16.727843
              ],
              [
                107.126528,
                16.727817
              ],
              [
                107.126458,
                16.72781
              ],
              [
                107.126326,
                16.727834
              ],
              [
                107.126168,
                16.72793
              ],
              [
                107.126046,
                16.728
              ],
              [
                107.125956,
                16.728003
              ],
              [
                107.125881,
                16.727982
              ],
              [
                107.125878,
                16.727981
              ],
              [
                107.125867,
                16.727972
              ],
              [
                107.125859,
                16.727959
              ],
              [
                107.125855,
                16.727945
              ],
              [
                107.125854,
                16.72793
              ],
              [
                107.125858,
                16.727912
              ],
              [
                107.125867,
                16.727892
              ],
              [
                107.125877,
                16.72787
              ],
              [
                107.125889,
                16.727847
              ],
              [
                107.125902,
                16.727823
              ],
              [
                107.125913,
                16.727801
              ],
              [
                107.125922,
                16.72778
              ],
              [
                107.125928,
                16.727762
              ],
              [
                107.125933,
                16.727743
              ],
              [
                107.125934,
                16.727725
              ],
              [
                107.125932,
                16.727705
              ],
              [
                107.125924,
                16.727683
              ],
              [
                107.125911,
                16.727662
              ],
              [
                107.125895,
                16.727643
              ],
              [
                107.125877,
                16.727626
              ],
              [
                107.125858,
                16.72761
              ],
              [
                107.125839,
                16.727594
              ],
              [
                107.12582,
                16.727578
              ],
              [
                107.125801,
                16.727563
              ],
              [
                107.125782,
                16.727547
              ],
              [
                107.125766,
                16.727532
              ],
              [
                107.125751,
                16.727515
              ],
              [
                107.125738,
                16.727497
              ],
              [
                107.125726,
                16.727478
              ],
              [
                107.125715,
                16.727456
              ],
              [
                107.125703,
                16.727432
              ],
              [
                107.125692,
                16.727406
              ],
              [
                107.125681,
                16.72738
              ],
              [
                107.125671,
                16.727354
              ],
              [
                107.125663,
                16.727329
              ],
              [
                107.125656,
                16.727305
              ],
              [
                107.125647,
                16.727281
              ],
              [
                107.125637,
                16.727256
              ],
              [
                107.125625,
                16.727228
              ],
              [
                107.125612,
                16.7272
              ],
              [
                107.125598,
                16.727173
              ],
              [
                107.125583,
                16.727149
              ],
              [
                107.125567,
                16.727129
              ],
              [
                107.125549,
                16.727109
              ],
              [
                107.125527,
                16.727088
              ],
              [
                107.125503,
                16.727066
              ],
              [
                107.125478,
                16.727042
              ],
              [
                107.125451,
                16.727017
              ],
              [
                107.125425,
                16.726989
              ],
              [
                107.125399,
                16.726962
              ],
              [
                107.125375,
                16.726935
              ],
              [
                107.125354,
                16.726911
              ],
              [
                107.125337,
                16.726892
              ],
              [
                107.125324,
                16.726875
              ],
              [
                107.125314,
                16.72686
              ],
              [
                107.125304,
                16.726845
              ],
              [
                107.125294,
                16.726831
              ],
              [
                107.125286,
                16.726817
              ],
              [
                107.125278,
                16.726805
              ],
              [
                107.125271,
                16.726795
              ],
              [
                107.125263,
                16.726786
              ],
              [
                107.125253,
                16.726779
              ],
              [
                107.125242,
                16.726774
              ],
              [
                107.125228,
                16.726771
              ],
              [
                107.125211,
                16.726774
              ],
              [
                107.12519,
                16.726783
              ],
              [
                107.125169,
                16.726796
              ],
              [
                107.125153,
                16.72681
              ],
              [
                107.125141,
                16.726824
              ],
              [
                107.125132,
                16.726841
              ],
              [
                107.125122,
                16.726862
              ],
              [
                107.125112,
                16.726885
              ],
              [
                107.125101,
                16.726909
              ],
              [
                107.125091,
                16.726937
              ],
              [
                107.12508,
                16.726964
              ],
              [
                107.12507,
                16.72699
              ],
              [
                107.125059,
                16.727014
              ],
              [
                107.125046,
                16.727037
              ],
              [
                107.125032,
                16.727058
              ],
              [
                107.125018,
                16.727076
              ],
              [
                107.125001,
                16.727094
              ],
              [
                107.124982,
                16.72711
              ],
              [
                107.124959,
                16.727127
              ],
              [
                107.12493,
                16.727145
              ],
              [
                107.124887,
                16.727168
              ],
              [
                107.124802,
                16.727212
              ],
              [
                107.124801,
                16.727208
              ],
              [
                107.124468,
                16.727231
              ],
              [
                107.12436,
                16.72721
              ],
              [
                107.124193,
                16.72714
              ],
              [
                107.124112,
                16.727059
              ],
              [
                107.123974,
                16.726877
              ],
              [
                107.124014,
                16.726689
              ],
              [
                107.124039,
                16.72661
              ],
              [
                107.124038,
                16.72646
              ],
              [
                107.123996,
                16.726312
              ],
              [
                107.123928,
                16.726167
              ],
              [
                107.123866,
                16.72611
              ],
              [
                107.123788,
                16.726001
              ],
              [
                107.12377,
                16.725901
              ],
              [
                107.123766,
                16.725825
              ],
              [
                107.123789,
                16.725772
              ],
              [
                107.123877,
                16.725682
              ],
              [
                107.123876,
                16.725619
              ],
              [
                107.123834,
                16.725587
              ],
              [
                107.123753,
                16.725562
              ],
              [
                107.123611,
                16.725469
              ],
              [
                107.123441,
                16.725446
              ],
              [
                107.123366,
                16.725414
              ],
              [
                107.123336,
                16.725372
              ],
              [
                107.123303,
                16.725288
              ],
              [
                107.123252,
                16.725047
              ],
              [
                107.123241,
                16.724972
              ],
              [
                107.123165,
                16.724887
              ],
              [
                107.123104,
                16.724825
              ],
              [
                107.123031,
                16.724738
              ],
              [
                107.122984,
                16.724678
              ],
              [
                107.122988,
                16.724545
              ],
              [
                107.122994,
                16.724382
              ],
              [
                107.122962,
                16.724346
              ],
              [
                107.122898,
                16.724301
              ],
              [
                107.122838,
                16.724277
              ],
              [
                107.122672,
                16.724289
              ],
              [
                107.1225,
                16.724303
              ],
              [
                107.122333,
                16.724256
              ],
              [
                107.122304,
                16.724225
              ],
              [
                107.122285,
                16.724172
              ],
              [
                107.122281,
                16.72411
              ],
              [
                107.122279,
                16.724032
              ],
              [
                107.12227,
                16.723941
              ],
              [
                107.122242,
                16.723846
              ],
              [
                107.122164,
                16.723745
              ],
              [
                107.122021,
                16.723587
              ],
              [
                107.121946,
                16.723499
              ],
              [
                107.121848,
                16.723473
              ],
              [
                107.12178,
                16.72353
              ],
              [
                107.121727,
                16.723578
              ],
              [
                107.121685,
                16.723573
              ],
              [
                107.121627,
                16.723519
              ],
              [
                107.121558,
                16.723435
              ],
              [
                107.121523,
                16.723344
              ],
              [
                107.121524,
                16.723341
              ],
              [
                107.12127,
                16.72343
              ],
              [
                107.121175,
                16.72348
              ],
              [
                107.12114,
                16.723509
              ],
              [
                107.121115,
                16.723536
              ],
              [
                107.121084,
                16.723595
              ],
              [
                107.121069,
                16.723674
              ],
              [
                107.121111,
                16.723885
              ],
              [
                107.121196,
                16.724057
              ],
              [
                107.121232,
                16.72415
              ],
              [
                107.121217,
                16.72421
              ],
              [
                107.121194,
                16.724239
              ],
              [
                107.121124,
                16.724294
              ],
              [
                107.121045,
                16.724318
              ],
              [
                107.120895,
                16.72431
              ],
              [
                107.120733,
                16.724305
              ],
              [
                107.12061,
                16.724344
              ],
              [
                107.120489,
                16.724347
              ],
              [
                107.120362,
                16.724323
              ],
              [
                107.119886,
                16.724279
              ],
              [
                107.119762,
                16.724245
              ],
              [
                107.119678,
                16.724263
              ],
              [
                107.119613,
                16.72431
              ],
              [
                107.119461,
                16.724399
              ],
              [
                107.119276,
                16.724411
              ],
              [
                107.119125,
                16.724347
              ],
              [
                107.119087,
                16.724292
              ],
              [
                107.119035,
                16.724075
              ],
              [
                107.118911,
                16.723844
              ],
              [
                107.118852,
                16.723792
              ],
              [
                107.118723,
                16.723735
              ],
              [
                107.118588,
                16.723703
              ],
              [
                107.118518,
                16.723684
              ],
              [
                107.118509,
                16.723577
              ],
              [
                107.118571,
                16.723412
              ],
              [
                107.118618,
                16.723291
              ],
              [
                107.118677,
                16.723119
              ],
              [
                107.118733,
                16.722955
              ],
              [
                107.118784,
                16.722834
              ],
              [
                107.118893,
                16.722686
              ],
              [
                107.119177,
                16.722419
              ],
              [
                107.119221,
                16.722336
              ],
              [
                107.11918,
                16.722132
              ],
              [
                107.119135,
                16.721939
              ],
              [
                107.11911,
                16.721711
              ],
              [
                107.1192,
                16.721303
              ],
              [
                107.119209,
                16.721181
              ],
              [
                107.119176,
                16.721091
              ],
              [
                107.119091,
                16.721064
              ],
              [
                107.11893,
                16.721026
              ],
              [
                107.118858,
                16.72095
              ],
              [
                107.118729,
                16.720758
              ],
              [
                107.118627,
                16.720668
              ],
              [
                107.118587,
                16.720652
              ],
              [
                107.118518,
                16.720653
              ],
              [
                107.118345,
                16.720724
              ],
              [
                107.118042,
                16.720877
              ],
              [
                107.118015,
                16.720895
              ],
              [
                107.117829,
                16.721027
              ],
              [
                107.117817,
                16.721032
              ],
              [
                107.117721,
                16.721338
              ],
              [
                107.117552,
                16.721584
              ],
              [
                107.117481,
                16.721697
              ],
              [
                107.117381,
                16.72175
              ],
              [
                107.117072,
                16.721743
              ],
              [
                107.116768,
                16.721922
              ],
              [
                107.116653,
                16.721934
              ],
              [
                107.116526,
                16.721881
              ],
              [
                107.116375,
                16.721732
              ],
              [
                107.116283,
                16.72166
              ],
              [
                107.116126,
                16.721613
              ],
              [
                107.115948,
                16.721484
              ],
              [
                107.115867,
                16.721448
              ],
              [
                107.115783,
                16.721449
              ],
              [
                107.115516,
                16.721586
              ],
              [
                107.115415,
                16.72161
              ],
              [
                107.115361,
                16.721571
              ],
              [
                107.115332,
                16.721512
              ],
              [
                107.115229,
                16.720961
              ],
              [
                107.115153,
                16.720738
              ],
              [
                107.115099,
                16.720689
              ],
              [
                107.115043,
                16.720683
              ],
              [
                107.114965,
                16.720699
              ],
              [
                107.114829,
                16.72082
              ],
              [
                107.11475,
                16.720857
              ],
              [
                107.114691,
                16.720848
              ],
              [
                107.114513,
                16.720728
              ],
              [
                107.114207,
                16.720589
              ],
              [
                107.114044,
                16.720494
              ],
              [
                107.113958,
                16.720441
              ],
              [
                107.113855,
                16.720443
              ],
              [
                107.113692,
                16.720504
              ],
              [
                107.11342,
                16.720701
              ],
              [
                107.113273,
                16.720716
              ],
              [
                107.113239,
                16.720704
              ],
              [
                107.113198,
                16.720642
              ],
              [
                107.113176,
                16.720538
              ],
              [
                107.113118,
                16.720412
              ],
              [
                107.112986,
                16.720128
              ],
              [
                107.112952,
                16.720091
              ],
              [
                107.112881,
                16.720099
              ],
              [
                107.112769,
                16.720144
              ],
              [
                107.112671,
                16.720173
              ],
              [
                107.112507,
                16.720109
              ],
              [
                107.112191,
                16.719916
              ],
              [
                107.112035,
                16.719808
              ],
              [
                107.111903,
                16.719714
              ],
              [
                107.111864,
                16.71966
              ],
              [
                107.111852,
                16.719616
              ],
              [
                107.111857,
                16.719552
              ],
              [
                107.111869,
                16.719499
              ],
              [
                107.111928,
                16.719375
              ],
              [
                107.111992,
                16.719251
              ],
              [
                107.112069,
                16.71892
              ],
              [
                107.112076,
                16.718838
              ],
              [
                107.112059,
                16.718733
              ],
              [
                107.111988,
                16.718638
              ],
              [
                107.11184,
                16.718424
              ],
              [
                107.111744,
                16.718284
              ],
              [
                107.111687,
                16.718254
              ],
              [
                107.111598,
                16.718255
              ],
              [
                107.111353,
                16.718312
              ],
              [
                107.111263,
                16.718295
              ],
              [
                107.111207,
                16.718241
              ],
              [
                107.111202,
                16.718168
              ],
              [
                107.111255,
                16.717988
              ],
              [
                107.111274,
                16.717942
              ],
              [
                107.111145,
                16.717902
              ],
              [
                107.110969,
                16.717864
              ],
              [
                107.11088,
                16.717862
              ],
              [
                107.11078,
                16.717902
              ],
              [
                107.110621,
                16.717983
              ],
              [
                107.110536,
                16.718023
              ],
              [
                107.110439,
                16.71802
              ],
              [
                107.110346,
                16.718003
              ],
              [
                107.106583,
                16.718167
              ],
              [
                107.094401,
                16.718661
              ],
              [
                107.09426,
                16.718666
              ],
              [
                107.094245,
                16.71866
              ],
              [
                107.094135,
                16.718654
              ],
              [
                107.094081,
                16.71866
              ],
              [
                107.094057,
                16.718662
              ],
              [
                107.093964,
                16.718671
              ],
              [
                107.093869,
                16.718682
              ],
              [
                107.093777,
                16.718692
              ],
              [
                107.093692,
                16.718701
              ],
              [
                107.093615,
                16.718709
              ],
              [
                107.093543,
                16.718715
              ],
              [
                107.093487,
                16.71872
              ],
              [
                107.093458,
                16.71872
              ],
              [
                107.093447,
                16.718719
              ],
              [
                107.09344,
                16.718717
              ],
              [
                107.093428,
                16.718714
              ],
              [
                107.093414,
                16.71871
              ],
              [
                107.093399,
                16.718707
              ],
              [
                107.09338,
                16.718701
              ],
              [
                107.093354,
                16.718695
              ],
              [
                107.093329,
                16.718688
              ],
              [
                107.093299,
                16.71868
              ],
              [
                107.093263,
                16.71867
              ],
              [
                107.093229,
                16.718661
              ],
              [
                107.093197,
                16.71865
              ],
              [
                107.093163,
                16.718637
              ],
              [
                107.093133,
                16.718624
              ],
              [
                107.093102,
                16.71861
              ],
              [
                107.09307,
                16.718596
              ],
              [
                107.093042,
                16.718586
              ],
              [
                107.093021,
                16.718585
              ],
              [
                107.093,
                16.718587
              ],
              [
                107.092974,
                16.718591
              ],
              [
                107.092943,
                16.718595
              ],
              [
                107.092912,
                16.7186
              ],
              [
                107.092908,
                16.718601
              ],
              [
                107.092884,
                16.718603
              ],
              [
                107.092799,
                16.718611
              ],
              [
                107.092732,
                16.718609
              ],
              [
                107.092677,
                16.718599
              ],
              [
                107.092653,
                16.718595
              ],
              [
                107.09259,
                16.718561
              ],
              [
                107.092524,
                16.718527
              ],
              [
                107.092408,
                16.71844
              ],
              [
                107.092381,
                16.718419
              ],
              [
                107.092309,
                16.718342
              ],
              [
                107.092258,
                16.718286
              ],
              [
                107.092215,
                16.718241
              ],
              [
                107.092198,
                16.718215
              ],
              [
                107.092152,
                16.71816
              ],
              [
                107.0921,
                16.718096
              ],
              [
                107.092052,
                16.718033
              ],
              [
                107.092014,
                16.717979
              ],
              [
                107.091977,
                16.717928
              ],
              [
                107.09194,
                16.717878
              ],
              [
                107.091914,
                16.717844
              ],
              [
                107.091908,
                16.717836
              ],
              [
                107.091899,
                16.717824
              ],
              [
                107.091887,
                16.717807
              ],
              [
                107.091877,
                16.717793
              ],
              [
                107.091869,
                16.717781
              ],
              [
                107.091861,
                16.717767
              ],
              [
                107.091856,
                16.717749
              ],
              [
                107.091853,
                16.717726
              ],
              [
                107.091851,
                16.717707
              ],
              [
                107.091849,
                16.71769
              ],
              [
                107.091849,
                16.717673
              ],
              [
                107.09185,
                16.717652
              ],
              [
                107.091852,
                16.717627
              ],
              [
                107.091859,
                16.717601
              ],
              [
                107.09186,
                16.717599
              ],
              [
                107.091862,
                16.717586
              ],
              [
                107.091898,
                16.717524
              ],
              [
                107.091961,
                16.717463
              ],
              [
                107.091979,
                16.717448
              ],
              [
                107.092349,
                16.717144
              ],
              [
                107.092552,
                16.716926
              ],
              [
                107.092588,
                16.716835
              ],
              [
                107.092636,
                16.716661
              ],
              [
                107.092661,
                16.716527
              ],
              [
                107.09266,
                16.716506
              ],
              [
                107.092658,
                16.716382
              ],
              [
                107.092644,
                16.716239
              ],
              [
                107.092638,
                16.71618
              ],
              [
                107.092633,
                16.716154
              ],
              [
                107.092599,
                16.71599
              ],
              [
                107.092547,
                16.715836
              ],
              [
                107.092535,
                16.715801
              ],
              [
                107.092494,
                16.715666
              ],
              [
                107.092478,
                16.71549
              ],
              [
                107.092453,
                16.715439
              ],
              [
                107.092421,
                16.715402
              ],
              [
                107.092418,
                16.715399
              ],
              [
                107.092334,
                16.715358
              ],
              [
                107.092215,
                16.715312
              ],
              [
                107.092116,
                16.71528
              ],
              [
                107.092018,
                16.715259
              ],
              [
                107.091945,
                16.715254
              ],
              [
                107.091847,
                16.715287
              ],
              [
                107.091791,
                16.71533
              ],
              [
                107.091631,
                16.715451
              ],
              [
                107.091542,
                16.715521
              ],
              [
                107.091493,
                16.715541
              ],
              [
                107.09141,
                16.715545
              ],
              [
                107.091352,
                16.715538
              ],
              [
                107.09134,
                16.715537
              ],
              [
                107.091309,
                16.715533
              ],
              [
                107.091292,
                16.715528
              ],
              [
                107.091284,
                16.715526
              ],
              [
                107.091244,
                16.715518
              ],
              [
                107.091192,
                16.715505
              ],
              [
                107.091133,
                16.715487
              ],
              [
                107.091068,
                16.715468
              ],
              [
                107.091013,
                16.71545
              ],
              [
                107.090971,
                16.715437
              ],
              [
                107.090934,
                16.715427
              ],
              [
                107.090895,
                16.715419
              ],
              [
                107.090857,
                16.715411
              ],
              [
                107.090818,
                16.715403
              ],
              [
                107.090782,
                16.715396
              ],
              [
                107.090746,
                16.71539
              ],
              [
                107.090706,
                16.715386
              ],
              [
                107.090666,
                16.715382
              ],
              [
                107.090665,
                16.715382
              ],
              [
                107.090631,
                16.715378
              ],
              [
                107.090604,
                16.715374
              ],
              [
                107.090583,
                16.715369
              ],
              [
                107.090568,
                16.715365
              ],
              [
                107.090565,
                16.715365
              ],
              [
                107.090549,
                16.71536
              ],
              [
                107.090535,
                16.715354
              ],
              [
                107.090521,
                16.715342
              ],
              [
                107.090506,
                16.715324
              ],
              [
                107.090493,
                16.715304
              ],
              [
                107.090482,
                16.71528
              ],
              [
                107.090473,
                16.715256
              ],
              [
                107.090465,
                16.71523
              ],
              [
                107.090459,
                16.715202
              ],
              [
                107.090454,
                16.71517
              ],
              [
                107.090449,
                16.715136
              ],
              [
                107.090443,
                16.715102
              ],
              [
                107.090438,
                16.71507
              ],
              [
                107.090435,
                16.715041
              ],
              [
                107.090432,
                16.715014
              ],
              [
                107.090429,
                16.714988
              ],
              [
                107.090427,
                16.714963
              ],
              [
                107.090425,
                16.714945
              ],
              [
                107.090424,
                16.714936
              ],
              [
                107.090423,
                16.714926
              ],
              [
                107.090421,
                16.714908
              ],
              [
                107.090419,
                16.714882
              ],
              [
                107.090416,
                16.714853
              ],
              [
                107.090414,
                16.714822
              ],
              [
                107.090412,
                16.714789
              ],
              [
                107.09041,
                16.714758
              ],
              [
                107.090409,
                16.714727
              ],
              [
                107.09041,
                16.714697
              ],
              [
                107.090414,
                16.714665
              ],
              [
                107.09042,
                16.714632
              ],
              [
                107.090429,
                16.714597
              ],
              [
                107.090437,
                16.714561
              ],
              [
                107.090446,
                16.714524
              ],
              [
                107.090455,
                16.714487
              ],
              [
                107.090465,
                16.714451
              ],
              [
                107.090476,
                16.714416
              ],
              [
                107.090487,
                16.714386
              ],
              [
                107.090498,
                16.714365
              ],
              [
                107.09051,
                16.71435
              ],
              [
                107.09053,
                16.714338
              ],
              [
                107.090562,
                16.714326
              ],
              [
                107.090599,
                16.714312
              ],
              [
                107.090637,
                16.714297
              ],
              [
                107.090646,
                16.714294
              ],
              [
                107.090675,
                16.714282
              ],
              [
                107.090715,
                16.714268
              ],
              [
                107.090759,
                16.714254
              ],
              [
                107.090805,
                16.71424
              ],
              [
                107.090852,
                16.714226
              ],
              [
                107.090907,
                16.714211
              ],
              [
                107.090967,
                16.714199
              ],
              [
                107.091011,
                16.714188
              ],
              [
                107.091033,
                16.714182
              ],
              [
                107.091045,
                16.71418
              ],
              [
                107.091056,
                16.714178
              ],
              [
                107.091066,
                16.714177
              ],
              [
                107.091078,
                16.714177
              ],
              [
                107.0911,
                16.714177
              ],
              [
                107.091127,
                16.714177
              ],
              [
                107.091145,
                16.714177
              ],
              [
                107.091207,
                16.714175
              ],
              [
                107.09127,
                16.714171
              ],
              [
                107.091329,
                16.714161
              ],
              [
                107.091383,
                16.714148
              ],
              [
                107.091435,
                16.714135
              ],
              [
                107.091479,
                16.714125
              ],
              [
                107.091494,
                16.714121
              ],
              [
                107.091506,
                16.714118
              ],
              [
                107.091512,
                16.714116
              ],
              [
                107.091514,
                16.714116
              ],
              [
                107.091532,
                16.714111
              ],
              [
                107.091559,
                16.714104
              ],
              [
                107.091588,
                16.714094
              ],
              [
                107.091614,
                16.714085
              ],
              [
                107.09164,
                16.714074
              ],
              [
                107.091666,
                16.714061
              ],
              [
                107.091687,
                16.714046
              ],
              [
                107.091701,
                16.714033
              ],
              [
                107.091713,
                16.714019
              ],
              [
                107.091714,
                16.714019
              ],
              [
                107.091745,
                16.713988
              ],
              [
                107.091762,
                16.713928
              ],
              [
                107.091751,
                16.713865
              ],
              [
                107.091709,
                16.713786
              ],
              [
                107.091574,
                16.713628
              ],
              [
                107.091363,
                16.713397
              ],
              [
                107.091275,
                16.713339
              ],
              [
                107.091162,
                16.713307
              ],
              [
                107.091061,
                16.713295
              ],
              [
                107.091021,
                16.71331
              ],
              [
                107.091018,
                16.713311
              ],
              [
                107.090989,
                16.713322
              ],
              [
                107.090923,
                16.713407
              ],
              [
                107.09088,
                16.713481
              ],
              [
                107.090852,
                16.713517
              ],
              [
                107.090827,
                16.71353
              ],
              [
                107.090795,
                16.713542
              ],
              [
                107.090761,
                16.713553
              ],
              [
                107.090722,
                16.713564
              ],
              [
                107.090698,
                16.713569
              ],
              [
                107.090682,
                16.713571
              ],
              [
                107.090663,
                16.713572
              ],
              [
                107.090641,
                16.713572
              ],
              [
                107.090626,
                16.713572
              ],
              [
                107.090584,
                16.713573
              ],
              [
                107.090556,
                16.713559
              ],
              [
                107.090542,
                16.713552
              ],
              [
                107.090522,
                16.713542
              ],
              [
                107.090501,
                16.713528
              ],
              [
                107.09048,
                16.713512
              ],
              [
                107.090462,
                16.713496
              ],
              [
                107.090444,
                16.713479
              ],
              [
                107.090443,
                16.713478
              ],
              [
                107.090425,
                16.71346
              ],
              [
                107.090406,
                16.713437
              ],
              [
                107.090388,
                16.713409
              ],
              [
                107.090369,
                16.713376
              ],
              [
                107.090347,
                16.713334
              ],
              [
                107.090324,
                16.713286
              ],
              [
                107.090316,
                16.71327
              ],
              [
                107.090297,
                16.713232
              ],
              [
                107.090267,
                16.713173
              ],
              [
                107.090232,
                16.71311
              ],
              [
                107.090195,
                16.71305
              ],
              [
                107.090192,
                16.713045
              ],
              [
                107.090161,
                16.712999
              ],
              [
                107.090129,
                16.712951
              ],
              [
                107.090121,
                16.712939
              ],
              [
                107.090101,
                16.712908
              ],
              [
                107.090085,
                16.712884
              ],
              [
                107.090073,
                16.712868
              ],
              [
                107.090056,
                16.712844
              ],
              [
                107.090033,
                16.712815
              ],
              [
                107.090008,
                16.712784
              ],
              [
                107.089977,
                16.712754
              ],
              [
                107.089939,
                16.712724
              ],
              [
                107.089898,
                16.712696
              ],
              [
                107.089854,
                16.712668
              ],
              [
                107.089813,
                16.712648
              ],
              [
                107.089803,
                16.712643
              ],
              [
                107.089739,
                16.712622
              ],
              [
                107.089667,
                16.712602
              ],
              [
                107.089598,
                16.712583
              ],
              [
                107.089546,
                16.71257
              ],
              [
                107.089522,
                16.712563
              ],
              [
                107.089505,
                16.71256
              ],
              [
                107.089471,
                16.712553
              ],
              [
                107.089423,
                16.712544
              ],
              [
                107.089377,
                16.712535
              ],
              [
                107.089331,
                16.712527
              ],
              [
                107.089289,
                16.712521
              ],
              [
                107.089266,
                16.712517
              ],
              [
                107.089247,
                16.712515
              ],
              [
                107.08921,
                16.712513
              ],
              [
                107.088701,
                16.712565
              ],
              [
                107.088463,
                16.712554
              ],
              [
                107.088119,
                16.712493
              ],
              [
                107.08778,
                16.712391
              ],
              [
                107.087694,
                16.712335
              ],
              [
                107.087583,
                16.712263
              ],
              [
                107.087528,
                16.712201
              ],
              [
                107.087522,
                16.712189
              ],
              [
                107.087514,
                16.712169
              ],
              [
                107.087507,
                16.712148
              ],
              [
                107.087502,
                16.712127
              ],
              [
                107.087497,
                16.712106
              ],
              [
                107.087493,
                16.712086
              ],
              [
                107.08749,
                16.712068
              ],
              [
                107.087486,
                16.71205
              ],
              [
                107.087483,
                16.712031
              ],
              [
                107.087478,
                16.712009
              ],
              [
                107.087472,
                16.711984
              ],
              [
                107.087463,
                16.711957
              ],
              [
                107.087454,
                16.71193
              ],
              [
                107.087446,
                16.711903
              ],
              [
                107.087441,
                16.71188
              ],
              [
                107.087439,
                16.711862
              ],
              [
                107.087438,
                16.711848
              ],
              [
                107.087438,
                16.711834
              ],
              [
                107.087441,
                16.711818
              ],
              [
                107.087445,
                16.711798
              ],
              [
                107.087448,
                16.711775
              ],
              [
                107.087454,
                16.711754
              ],
              [
                107.08746,
                16.711735
              ],
              [
                107.087468,
                16.711716
              ],
              [
                107.087475,
                16.711696
              ],
              [
                107.087483,
                16.711675
              ],
              [
                107.087489,
                16.711653
              ],
              [
                107.087495,
                16.711629
              ],
              [
                107.087501,
                16.711605
              ],
              [
                107.087505,
                16.711582
              ],
              [
                107.087506,
                16.711557
              ],
              [
                107.087505,
                16.711531
              ],
              [
                107.087502,
                16.711505
              ],
              [
                107.087496,
                16.711478
              ],
              [
                107.087486,
                16.711451
              ],
              [
                107.087476,
                16.711427
              ],
              [
                107.087465,
                16.711404
              ],
              [
                107.087453,
                16.71138
              ],
              [
                107.087439,
                16.711356
              ],
              [
                107.087424,
                16.711332
              ],
              [
                107.087409,
                16.711308
              ],
              [
                107.087394,
                16.711283
              ],
              [
                107.087379,
                16.711259
              ],
              [
                107.087365,
                16.711234
              ],
              [
                107.087364,
                16.71123
              ],
              [
                107.087355,
                16.711211
              ],
              [
                107.087347,
                16.711193
              ],
              [
                107.087342,
                16.711176
              ],
              [
                107.087336,
                16.711156
              ],
              [
                107.087329,
                16.711133
              ],
              [
                107.087323,
                16.71111
              ],
              [
                107.087321,
                16.711086
              ],
              [
                107.087319,
                16.71106
              ],
              [
                107.087317,
                16.711034
              ],
              [
                107.087314,
                16.711008
              ],
              [
                107.08731,
                16.710981
              ],
              [
                107.087303,
                16.710952
              ],
              [
                107.087296,
                16.710923
              ],
              [
                107.087287,
                16.710897
              ],
              [
                107.087273,
                16.710876
              ],
              [
                107.087257,
                16.710858
              ],
              [
                107.08724,
                16.710843
              ],
              [
                107.087222,
                16.710829
              ],
              [
                107.087205,
                16.710819
              ],
              [
                107.087189,
                16.710811
              ],
              [
                107.087178,
                16.710807
              ],
              [
                107.087172,
                16.710804
              ],
              [
                107.087164,
                16.710801
              ],
              [
                107.087148,
                16.710795
              ],
              [
                107.087124,
                16.710786
              ],
              [
                107.087113,
                16.710782
              ],
              [
                107.086993,
                16.710754
              ],
              [
                107.086993,
                16.710754
              ],
              [
                107.086826,
                16.710745
              ],
              [
                107.086711,
                16.710727
              ],
              [
                107.086596,
                16.710681
              ],
              [
                107.086493,
                16.71064
              ],
              [
                107.086485,
                16.710637
              ],
              [
                107.086465,
                16.710624
              ],
              [
                107.08632,
                16.710529
              ],
              [
                107.086191,
                16.710445
              ],
              [
                107.086186,
                16.710441
              ],
              [
                107.086184,
                16.71044
              ],
              [
                107.086022,
                16.710351
              ],
              [
                107.085943,
                16.710336
              ],
              [
                107.085936,
                16.710335
              ],
              [
                107.085932,
                16.710336
              ],
              [
                107.085847,
                16.710355
              ],
              [
                107.085782,
                16.710397
              ],
              [
                107.085774,
                16.710401
              ],
              [
                107.085739,
                16.710428
              ],
              [
                107.085731,
                16.710435
              ],
              [
                107.085678,
                16.710475
              ],
              [
                107.085553,
                16.71052
              ],
              [
                107.085292,
                16.710571
              ],
              [
                107.08498,
                16.710638
              ],
              [
                107.084699,
                16.71067
              ],
              [
                107.084698,
                16.71067
              ],
              [
                107.084693,
                16.710669
              ],
              [
                107.084545,
                16.710635
              ],
              [
                107.084545,
                16.710635
              ],
              [
                107.084536,
                16.710633
              ],
              [
                107.084533,
                16.710633
              ],
              [
                107.0845,
                16.710625
              ],
              [
                107.084425,
                16.710583
              ],
              [
                107.084398,
                16.710514
              ],
              [
                107.084391,
                16.710497
              ],
              [
                107.084367,
                16.710401
              ],
              [
                107.084359,
                16.710371
              ],
              [
                107.084362,
                16.710327
              ],
              [
                107.084366,
                16.710273
              ],
              [
                107.08437,
                16.710228
              ],
              [
                107.084473,
                16.709994
              ],
              [
                107.08453,
                16.709917
              ],
              [
                107.084861,
                16.709479
              ],
              [
                107.084971,
                16.709261
              ],
              [
                107.085125,
                16.708955
              ],
              [
                107.085268,
                16.708671
              ],
              [
                107.08535,
                16.708397
              ],
              [
                107.085356,
                16.708225
              ],
              [
                107.085334,
                16.708125
              ],
              [
                107.085333,
                16.708108
              ],
              [
                107.085327,
                16.708073
              ],
              [
                107.085321,
                16.70804
              ],
              [
                107.085311,
                16.708001
              ],
              [
                107.085296,
                16.707954
              ],
              [
                107.085279,
                16.707905
              ],
              [
                107.085266,
                16.707868
              ],
              [
                107.08526,
                16.70785
              ],
              [
                107.085252,
                16.707836
              ],
              [
                107.085237,
                16.707808
              ],
              [
                107.085235,
                16.707804
              ],
              [
                107.085217,
                16.707767
              ],
              [
                107.085195,
                16.707729
              ],
              [
                107.085172,
                16.707695
              ],
              [
                107.085147,
                16.707661
              ],
              [
                107.085139,
                16.707649
              ],
              [
                107.085137,
                16.707648
              ],
              [
                107.085133,
                16.707641
              ],
              [
                107.085123,
                16.707627
              ],
              [
                107.085103,
                16.707597
              ],
              [
                107.085089,
                16.70757
              ],
              [
                107.085081,
                16.707546
              ],
              [
                107.085075,
                16.707528
              ],
              [
                107.085072,
                16.707515
              ],
              [
                107.08507,
                16.707502
              ],
              [
                107.085066,
                16.70748
              ],
              [
                107.08506,
                16.707453
              ],
              [
                107.085059,
                16.707426
              ],
              [
                107.085063,
                16.7074
              ],
              [
                107.085069,
                16.707372
              ],
              [
                107.085075,
                16.707344
              ],
              [
                107.08508,
                16.707317
              ],
              [
                107.085085,
                16.707292
              ],
              [
                107.085089,
                16.707273
              ],
              [
                107.085092,
                16.70726
              ],
              [
                107.085096,
                16.707246
              ],
              [
                107.085103,
                16.70722
              ],
              [
                107.085113,
                16.707186
              ],
              [
                107.085122,
                16.707156
              ],
              [
                107.085129,
                16.707129
              ],
              [
                107.085137,
                16.707097
              ],
              [
                107.085147,
                16.707063
              ],
              [
                107.085152,
                16.707042
              ],
              [
                107.085152,
                16.707034
              ],
              [
                107.085152,
                16.707029
              ],
              [
                107.085152,
                16.707019
              ],
              [
                107.085154,
                16.706997
              ],
              [
                107.085158,
                16.706968
              ],
              [
                107.08516,
                16.706941
              ],
              [
                107.085161,
                16.706923
              ],
              [
                107.085166,
                16.706884
              ],
              [
                107.08515,
                16.706855
              ],
              [
                107.08514,
                16.706842
              ],
              [
                107.085121,
                16.706819
              ],
              [
                107.085095,
                16.706793
              ],
              [
                107.085069,
                16.706769
              ],
              [
                107.085041,
                16.706744
              ],
              [
                107.085007,
                16.70672
              ],
              [
                107.08497,
                16.706703
              ],
              [
                107.084936,
                16.706692
              ],
              [
                107.084908,
                16.706685
              ],
              [
                107.084882,
                16.706679
              ],
              [
                107.084859,
                16.706675
              ],
              [
                107.084831,
                16.706671
              ],
              [
                107.084795,
                16.706664
              ],
              [
                107.08474,
                16.706656
              ],
              [
                107.084656,
                16.706644
              ],
              [
                107.084558,
                16.706633
              ],
              [
                107.084457,
                16.70662
              ],
              [
                107.084363,
                16.706606
              ],
              [
                107.084304,
                16.706594
              ],
              [
                107.084262,
                16.706589
              ],
              [
                107.084186,
                16.706578
              ],
              [
                107.083964,
                16.706499
              ],
              [
                107.08365,
                16.706319
              ],
              [
                107.083542,
                16.706202
              ],
              [
                107.083479,
                16.706105
              ],
              [
                107.083443,
                16.70599
              ],
              [
                107.083442,
                16.705963
              ],
              [
                107.083437,
                16.705946
              ],
              [
                107.083432,
                16.70591
              ],
              [
                107.083437,
                16.705874
              ],
              [
                107.08345,
                16.705839
              ],
              [
                107.083467,
                16.705808
              ],
              [
                107.083487,
                16.705776
              ],
              [
                107.083511,
                16.705741
              ],
              [
                107.083521,
                16.705728
              ],
              [
                107.083522,
                16.705726
              ],
              [
                107.083534,
                16.705713
              ],
              [
                107.083547,
                16.705698
              ],
              [
                107.083666,
                16.70556
              ],
              [
                107.083803,
                16.705422
              ],
              [
                107.083814,
                16.70541
              ],
              [
                107.083846,
                16.705266
              ],
              [
                107.083813,
                16.705148
              ],
              [
                107.083811,
                16.705141
              ],
              [
                107.083753,
                16.705087
              ],
              [
                107.083668,
                16.70501
              ],
              [
                107.083657,
                16.704999
              ],
              [
                107.083649,
                16.704995
              ],
              [
                107.083421,
                16.704858
              ],
              [
                107.083212,
                16.704749
              ],
              [
                107.083077,
                16.704675
              ],
              [
                107.083045,
                16.704649
              ],
              [
                107.082964,
                16.704579
              ],
              [
                107.082942,
                16.704535
              ],
              [
                107.082899,
                16.704447
              ],
              [
                107.082824,
                16.704319
              ],
              [
                107.082812,
                16.704298
              ],
              [
                107.082807,
                16.704294
              ],
              [
                107.082704,
                16.704232
              ],
              [
                107.082519,
                16.704159
              ],
              [
                107.082272,
                16.704072
              ],
              [
                107.082139,
                16.70401
              ],
              [
                107.082066,
                16.703946
              ],
              [
                107.082065,
                16.703944
              ],
              [
                107.082049,
                16.703898
              ],
              [
                107.082034,
                16.703808
              ],
              [
                107.082012,
                16.703638
              ],
              [
                107.08201,
                16.703625
              ],
              [
                107.082011,
                16.703612
              ],
              [
                107.082029,
                16.703457
              ],
              [
                107.082107,
                16.703184
              ],
              [
                107.082134,
                16.703057
              ],
              [
                107.082151,
                16.702982
              ],
              [
                107.082171,
                16.702854
              ],
              [
                107.082164,
                16.70278
              ],
              [
                107.082128,
                16.702715
              ],
              [
                107.082045,
                16.702655
              ],
              [
                107.081959,
                16.702623
              ],
              [
                107.081887,
                16.702614
              ],
              [
                107.081796,
                16.702615
              ],
              [
                107.081693,
                16.702638
              ],
              [
                107.081668,
                16.702643
              ],
              [
                107.081561,
                16.702688
              ],
              [
                107.081452,
                16.702762
              ],
              [
                107.081332,
                16.70284
              ],
              [
                107.081329,
                16.702841
              ],
              [
                107.081249,
                16.702854
              ],
              [
                107.081146,
                16.702857
              ],
              [
                107.081006,
                16.702863
              ],
              [
                107.080857,
                16.702882
              ],
              [
                107.080648,
                16.702955
              ],
              [
                107.080397,
                16.703063
              ],
              [
                107.080285,
                16.703153
              ],
              [
                107.080178,
                16.703275
              ],
              [
                107.080091,
                16.703388
              ],
              [
                107.080032,
                16.703432
              ],
              [
                107.079952,
                16.703462
              ],
              [
                107.07984,
                16.703464
              ],
              [
                107.079573,
                16.703422
              ],
              [
                107.079372,
                16.703387
              ],
              [
                107.079265,
                16.703357
              ],
              [
                107.07923,
                16.703333
              ],
              [
                107.079216,
                16.703323
              ],
              [
                107.079181,
                16.703276
              ],
              [
                107.079178,
                16.703261
              ],
              [
                107.079169,
                16.703226
              ],
              [
                107.079166,
                16.703163
              ],
              [
                107.079161,
                16.703066
              ],
              [
                107.079176,
                16.702922
              ],
              [
                107.079176,
                16.702702
              ],
              [
                107.07915,
                16.702608
              ],
              [
                107.079112,
                16.702541
              ],
              [
                107.079032,
                16.702464
              ],
              [
                107.078922,
                16.702408
              ],
              [
                107.078814,
                16.702377
              ],
              [
                107.078694,
                16.702377
              ],
              [
                107.078546,
                16.702404
              ],
              [
                107.07844,
                16.702438
              ],
              [
                107.07842,
                16.70245
              ],
              [
                107.07837,
                16.702481
              ],
              [
                107.078319,
                16.702547
              ],
              [
                107.078241,
                16.702674
              ],
              [
                107.078065,
                16.702882
              ],
              [
                107.077849,
                16.703069
              ],
              [
                107.077701,
                16.703173
              ],
              [
                107.077678,
                16.703189
              ],
              [
                107.077553,
                16.703267
              ],
              [
                107.077553,
                16.703267
              ],
              [
                107.077553,
                16.703267
              ],
              [
                107.077524,
                16.703286
              ],
              [
                107.077407,
                16.703363
              ],
              [
                107.077327,
                16.703418
              ],
              [
                107.077286,
                16.703446
              ],
              [
                107.077265,
                16.703461
              ],
              [
                107.07723,
                16.703484
              ],
              [
                107.077152,
                16.703537
              ],
              [
                107.077047,
                16.703608
              ],
              [
                107.076957,
                16.703668
              ],
              [
                107.076887,
                16.703715
              ],
              [
                107.076885,
                16.703716
              ],
              [
                107.076822,
                16.703757
              ],
              [
                107.076703,
                16.70384
              ],
              [
                107.076689,
                16.703847
              ],
              [
                107.076455,
                16.703971
              ],
              [
                107.076378,
                16.704011
              ],
              [
                107.076286,
                16.704027
              ],
              [
                107.0762,
                16.704042
              ],
              [
                107.076187,
                16.704044
              ],
              [
                107.076119,
                16.704049
              ],
              [
                107.076066,
                16.704038
              ],
              [
                107.07599,
                16.704012
              ],
              [
                107.075866,
                16.703936
              ],
              [
                107.07573,
                16.703811
              ],
              [
                107.075663,
                16.70372
              ],
              [
                107.075645,
                16.703697
              ],
              [
                107.075639,
                16.703689
              ],
              [
                107.075608,
                16.703647
              ],
              [
                107.075501,
                16.703407
              ],
              [
                107.075426,
                16.703189
              ],
              [
                107.075425,
                16.703186
              ],
              [
                107.075398,
                16.703057
              ],
              [
                107.075377,
                16.702915
              ],
              [
                107.075352,
                16.702815
              ],
              [
                107.075304,
                16.702704
              ],
              [
                107.07524,
                16.702645
              ],
              [
                107.075036,
                16.702456
              ],
              [
                107.074711,
                16.702202
              ],
              [
                107.07471,
                16.702201
              ],
              [
                107.074682,
                16.702182
              ],
              [
                107.074644,
                16.702155
              ],
              [
                107.074644,
                16.702155
              ],
              [
                107.074587,
                16.702116
              ],
              [
                107.074538,
                16.702083
              ],
              [
                107.074518,
                16.702069
              ],
              [
                107.074508,
                16.702062
              ],
              [
                107.074491,
                16.702053
              ],
              [
                107.074469,
                16.70204
              ],
              [
                107.074445,
                16.702027
              ],
              [
                107.074416,
                16.702013
              ],
              [
                107.074382,
                16.702001
              ],
              [
                107.074347,
                16.701989
              ],
              [
                107.074313,
                16.701979
              ],
              [
                107.074285,
                16.701971
              ],
              [
                107.074266,
                16.701968
              ],
              [
                107.074246,
                16.701966
              ],
              [
                107.074218,
                16.701964
              ],
              [
                107.074184,
                16.701962
              ],
              [
                107.074148,
                16.70196
              ],
              [
                107.074113,
                16.701959
              ],
              [
                107.074083,
                16.701959
              ],
              [
                107.074064,
                16.70196
              ],
              [
                107.074045,
                16.701963
              ],
              [
                107.074015,
                16.701967
              ],
              [
                107.073999,
                16.701969
              ],
              [
                107.073978,
                16.701971
              ],
              [
                107.073938,
                16.701976
              ],
              [
                107.073894,
                16.70198
              ],
              [
                107.073837,
                16.701982
              ],
              [
                107.073822,
                16.701982
              ],
              [
                107.073762,
                16.70198
              ],
              [
                107.073757,
                16.70198
              ],
              [
                107.073539,
                16.701958
              ],
              [
                107.073208,
                16.701936
              ],
              [
                107.07307,
                16.701949
              ],
              [
                107.073061,
                16.70195
              ],
              [
                107.073003,
                16.701957
              ],
              [
                107.072943,
                16.701966
              ],
              [
                107.072884,
                16.70198
              ],
              [
                107.072827,
                16.702
              ],
              [
                107.072772,
                16.702024
              ],
              [
                107.072717,
                16.702053
              ],
              [
                107.072663,
                16.702087
              ],
              [
                107.07261,
                16.702124
              ],
              [
                107.072563,
                16.702164
              ],
              [
                107.072524,
                16.702206
              ],
              [
                107.072515,
                16.702218
              ],
              [
                107.072491,
                16.702248
              ],
              [
                107.072461,
                16.702291
              ],
              [
                107.072436,
                16.702337
              ],
              [
                107.072419,
                16.70239
              ],
              [
                107.072404,
                16.70245
              ],
              [
                107.07239,
                16.702505
              ],
              [
                107.072341,
                16.702648
              ],
              [
                107.072334,
                16.702672
              ],
              [
                107.072328,
                16.702688
              ],
              [
                107.072307,
                16.702744
              ],
              [
                107.072291,
                16.702795
              ],
              [
                107.072281,
                16.702838
              ],
              [
                107.072275,
                16.702866
              ],
              [
                107.072273,
                16.702874
              ],
              [
                107.072273,
                16.70288
              ],
              [
                107.072268,
                16.702909
              ],
              [
                107.072268,
                16.702945
              ],
              [
                107.072274,
                16.702974
              ],
              [
                107.072275,
                16.70298
              ],
              [
                107.072283,
                16.703008
              ],
              [
                107.072285,
                16.703013
              ],
              [
                107.072296,
                16.703046
              ],
              [
                107.07231,
                16.703075
              ],
              [
                107.07233,
                16.703101
              ],
              [
                107.072348,
                16.703119
              ],
              [
                107.072355,
                16.703127
              ],
              [
                107.072381,
                16.703153
              ],
              [
                107.072406,
                16.70318
              ],
              [
                107.072426,
                16.703206
              ],
              [
                107.072443,
                16.703229
              ],
              [
                107.072455,
                16.703248
              ],
              [
                107.072462,
                16.70326
              ],
              [
                107.072468,
                16.703271
              ],
              [
                107.072476,
                16.703282
              ],
              [
                107.072479,
                16.703291
              ],
              [
                107.072493,
                16.703344
              ],
              [
                107.072525,
                16.703468
              ],
              [
                107.072527,
                16.703484
              ],
              [
                107.072528,
                16.703491
              ],
              [
                107.072535,
                16.703529
              ],
              [
                107.07254,
                16.70356
              ],
              [
                107.072542,
                16.703582
              ],
              [
                107.072543,
                16.703599
              ],
              [
                107.07254,
                16.703616
              ],
              [
                107.072531,
                16.703635
              ],
              [
                107.072519,
                16.703654
              ],
              [
                107.072503,
                16.703673
              ],
              [
                107.072484,
                16.70369
              ],
              [
                107.072465,
                16.703704
              ],
              [
                107.072444,
                16.703715
              ],
              [
                107.072421,
                16.703723
              ],
              [
                107.072397,
                16.70373
              ],
              [
                107.072371,
                16.703735
              ],
              [
                107.072333,
                16.703739
              ],
              [
                107.072282,
                16.70374
              ],
              [
                107.072228,
                16.703739
              ],
              [
                107.072173,
                16.703736
              ],
              [
                107.072111,
                16.703732
              ],
              [
                107.072042,
                16.703723
              ],
              [
                107.071966,
                16.703707
              ],
              [
                107.071898,
                16.703689
              ],
              [
                107.071863,
                16.703679
              ],
              [
                107.071852,
                16.703676
              ],
              [
                107.071845,
                16.703675
              ],
              [
                107.071837,
                16.703673
              ],
              [
                107.071831,
                16.703671
              ],
              [
                107.071826,
                16.70367
              ],
              [
                107.071819,
                16.703667
              ],
              [
                107.071814,
                16.703666
              ],
              [
                107.071798,
                16.70366
              ],
              [
                107.071746,
                16.703642
              ],
              [
                107.071671,
                16.703617
              ],
              [
                107.071604,
                16.703593
              ],
              [
                107.07155,
                16.70357
              ],
              [
                107.0715,
                16.703548
              ],
              [
                107.071451,
                16.703527
              ],
              [
                107.071407,
                16.703509
              ],
              [
                107.07137,
                16.703499
              ],
              [
                107.071338,
                16.703494
              ],
              [
                107.071307,
                16.70349
              ],
              [
                107.071273,
                16.703487
              ],
              [
                107.071233,
                16.70349
              ],
              [
                107.071188,
                16.703496
              ],
              [
                107.071157,
                16.7035
              ],
              [
                107.071142,
                16.703502
              ],
              [
                107.071129,
                16.703503
              ],
              [
                107.071117,
                16.703505
              ],
              [
                107.071105,
                16.703506
              ],
              [
                107.071064,
                16.703512
              ],
              [
                107.071003,
                16.703522
              ],
              [
                107.070929,
                16.703532
              ],
              [
                107.070851,
                16.703542
              ],
              [
                107.070782,
                16.703549
              ],
              [
                107.070717,
                16.703553
              ],
              [
                107.070651,
                16.703554
              ],
              [
                107.070589,
                16.70355
              ],
              [
                107.070526,
                16.70354
              ],
              [
                107.070458,
                16.703525
              ],
              [
                107.070398,
                16.703511
              ],
              [
                107.070345,
                16.703497
              ],
              [
                107.070301,
                16.703485
              ],
              [
                107.07029,
                16.703482
              ],
              [
                107.070247,
                16.703466
              ],
              [
                107.070212,
                16.703444
              ],
              [
                107.070158,
                16.703399
              ],
              [
                107.070072,
                16.703322
              ],
              [
                107.069971,
                16.70323
              ],
              [
                107.069869,
                16.703138
              ],
              [
                107.069784,
                16.703062
              ],
              [
                107.069732,
                16.703019
              ],
              [
                107.069729,
                16.703017
              ],
              [
                107.069704,
                16.703
              ],
              [
                107.06968,
                16.702986
              ],
              [
                107.069661,
                16.702979
              ],
              [
                107.069656,
                16.702977
              ],
              [
                107.069623,
                16.702975
              ],
              [
                107.069582,
                16.702977
              ],
              [
                107.069548,
                16.70298
              ],
              [
                107.06952,
                16.702984
              ],
              [
                107.069486,
                16.70299
              ],
              [
                107.069482,
                16.70299
              ],
              [
                107.069449,
                16.702995
              ],
              [
                107.069426,
                16.702999
              ],
              [
                107.06941,
                16.703006
              ],
              [
                107.069408,
                16.703007
              ],
              [
                107.069374,
                16.703023
              ],
              [
                107.069316,
                16.703054
              ],
              [
                107.069233,
                16.703101
              ],
              [
                107.069141,
                16.703152
              ],
              [
                107.069053,
                16.703203
              ],
              [
                107.06899,
                16.703237
              ],
              [
                107.068981,
                16.703242
              ],
              [
                107.068964,
                16.703252
              ],
              [
                107.068953,
                16.703257
              ],
              [
                107.068933,
                16.703266
              ],
              [
                107.068887,
                16.703281
              ],
              [
                107.068803,
                16.703303
              ],
              [
                107.068697,
                16.70333
              ],
              [
                107.068587,
                16.703358
              ],
              [
                107.068476,
                16.703384
              ],
              [
                107.068359,
                16.703406
              ],
              [
                107.068236,
                16.703428
              ],
              [
                107.068114,
                16.703448
              ],
              [
                107.068006,
                16.703464
              ],
              [
                107.068004,
                16.703465
              ],
              [
                107.067862,
                16.70347
              ],
              [
                107.067795,
                16.703464
              ],
              [
                107.06772,
                16.703455
              ],
              [
                107.067647,
                16.703446
              ],
              [
                107.067588,
                16.703439
              ],
              [
                107.067577,
                16.703438
              ],
              [
                107.067554,
                16.703434
              ],
              [
                107.067539,
                16.703431
              ],
              [
                107.067529,
                16.703429
              ],
              [
                107.067519,
                16.703424
              ],
              [
                107.067519,
                16.703424
              ],
              [
                107.067501,
                16.703417
              ],
              [
                107.067477,
                16.703407
              ],
              [
                107.067453,
                16.703397
              ],
              [
                107.067431,
                16.703387
              ],
              [
                107.067416,
                16.703375
              ],
              [
                107.067405,
                16.703364
              ],
              [
                107.067392,
                16.703353
              ],
              [
                107.067379,
                16.703341
              ],
              [
                107.067376,
                16.703336
              ],
              [
                107.06737,
                16.703327
              ],
              [
                107.067366,
                16.703311
              ],
              [
                107.067368,
                16.703295
              ],
              [
                107.067372,
                16.703279
              ],
              [
                107.067379,
                16.703266
              ],
              [
                107.067385,
                16.703255
              ],
              [
                107.067393,
                16.703243
              ],
              [
                107.067399,
                16.703235
              ],
              [
                107.067402,
                16.70323
              ],
              [
                107.06741,
                16.703215
              ],
              [
                107.067418,
                16.703201
              ],
              [
                107.067427,
                16.703185
              ],
              [
                107.067434,
                16.703167
              ],
              [
                107.067439,
                16.703141
              ],
              [
                107.067442,
                16.703109
              ],
              [
                107.067444,
                16.703084
              ],
              [
                107.067444,
                16.703065
              ],
              [
                107.067442,
                16.703041
              ],
              [
                107.067439,
                16.703011
              ],
              [
                107.06743,
                16.702986
              ],
              [
                107.067417,
                16.702968
              ],
              [
                107.067403,
                16.702953
              ],
              [
                107.067393,
                16.702944
              ],
              [
                107.067387,
                16.702939
              ],
              [
                107.067368,
                16.702924
              ],
              [
                107.06734,
                16.702908
              ],
              [
                107.067296,
                16.702891
              ],
              [
                107.067292,
                16.702889
              ],
              [
                107.067229,
                16.702867
              ],
              [
                107.067161,
                16.702844
              ],
              [
                107.067125,
                16.702832
              ],
              [
                107.067085,
                16.702818
              ],
              [
                107.067004,
                16.702787
              ],
              [
                107.066926,
                16.702753
              ],
              [
                107.066859,
                16.702724
              ],
              [
                107.066805,
                16.702698
              ],
              [
                107.066758,
                16.702674
              ],
              [
                107.066728,
                16.702657
              ],
              [
                107.066715,
                16.70265
              ],
              [
                107.066701,
                16.702641
              ],
              [
                107.066677,
                16.702626
              ],
              [
                107.066674,
                16.702625
              ],
              [
                107.066641,
                16.702604
              ],
              [
                107.066607,
                16.702583
              ],
              [
                107.066573,
                16.702563
              ],
              [
                107.066544,
                16.702548
              ],
              [
                107.066525,
                16.702538
              ],
              [
                107.066519,
                16.702536
              ],
              [
                107.066496,
                16.702526
              ],
              [
                107.066481,
                16.70252
              ],
              [
                107.066415,
                16.702498
              ],
              [
                107.066376,
                16.702497
              ],
              [
                107.066359,
                16.702495
              ],
              [
                107.06633,
                16.702489
              ],
              [
                107.066294,
                16.702478
              ],
              [
                107.066261,
                16.702463
              ],
              [
                107.066224,
                16.702441
              ],
              [
                107.066171,
                16.702404
              ],
              [
                107.066096,
                16.702349
              ],
              [
                107.066045,
                16.702309
              ],
              [
                107.06601,
                16.702281
              ],
              [
                107.065923,
                16.702212
              ],
              [
                107.065849,
                16.702146
              ],
              [
                107.065791,
                16.702088
              ],
              [
                107.065743,
                16.702034
              ],
              [
                107.065704,
                16.701989
              ],
              [
                107.065671,
                16.701948
              ],
              [
                107.065638,
                16.701906
              ],
              [
                107.065616,
                16.701871
              ],
              [
                107.065603,
                16.701838
              ],
              [
                107.065592,
                16.701802
              ],
              [
                107.065581,
                16.701766
              ],
              [
                107.065572,
                16.70173
              ],
              [
                107.065568,
                16.701698
              ],
              [
                107.065566,
                16.701674
              ],
              [
                107.065567,
                16.701651
              ],
              [
                107.065569,
                16.701626
              ],
              [
                107.065577,
                16.701596
              ],
              [
                107.065595,
                16.70156
              ],
              [
                107.065618,
                16.701526
              ],
              [
                107.06563,
                16.701504
              ],
              [
                107.065695,
                16.701416
              ],
              [
                107.065713,
                16.7014
              ],
              [
                107.06572,
                16.70139
              ],
              [
                107.065736,
                16.70137
              ],
              [
                107.065749,
                16.701358
              ],
              [
                107.065761,
                16.701348
              ],
              [
                107.065772,
                16.70134
              ],
              [
                107.065782,
                16.701334
              ],
              [
                107.06579,
                16.70133
              ],
              [
                107.065804,
                16.701324
              ],
              [
                107.065831,
                16.70131
              ],
              [
                107.065875,
                16.701285
              ],
              [
                107.065928,
                16.701255
              ],
              [
                107.065948,
                16.701244
              ],
              [
                107.065985,
                16.701223
              ],
              [
                107.066041,
                16.701186
              ],
              [
                107.066093,
                16.701146
              ],
              [
                107.066135,
                16.70111
              ],
              [
                107.066176,
                16.701072
              ],
              [
                107.066203,
                16.701046
              ],
              [
                107.066225,
                16.701025
              ],
              [
                107.066275,
                16.700969
              ],
              [
                107.066321,
                16.70091
              ],
              [
                107.066362,
                16.700854
              ],
              [
                107.066399,
                16.700797
              ],
              [
                107.066435,
                16.700739
              ],
              [
                107.066462,
                16.700691
              ],
              [
                107.066477,
                16.700657
              ],
              [
                107.06648,
                16.700643
              ],
              [
                107.066482,
                16.700619
              ],
              [
                107.066474,
                16.700561
              ],
              [
                107.066429,
                16.700469
              ],
              [
                107.066321,
                16.700345
              ],
              [
                107.066189,
                16.700233
              ],
              [
                107.065909,
                16.700005
              ],
              [
                107.065707,
                16.699881
              ],
              [
                107.065523,
                16.699768
              ],
              [
                107.065286,
                16.699652
              ],
              [
                107.065173,
                16.699596
              ],
              [
                107.065171,
                16.699595
              ],
              [
                107.065117,
                16.699574
              ],
              [
                107.065063,
                16.699552
              ],
              [
                107.064999,
                16.699524
              ],
              [
                107.064914,
                16.699481
              ],
              [
                107.064806,
                16.699426
              ],
              [
                107.064706,
                16.699377
              ],
              [
                107.064688,
                16.699368
              ],
              [
                107.064551,
                16.699306
              ],
              [
                107.064414,
                16.699243
              ],
              [
                107.064291,
                16.699188
              ],
              [
                107.06429,
                16.699187
              ],
              [
                107.064175,
                16.699137
              ],
              [
                107.064097,
                16.699103
              ],
              [
                107.064068,
                16.69909
              ],
              [
                107.064054,
                16.699085
              ],
              [
                107.064029,
                16.699078
              ],
              [
                107.063991,
                16.699068
              ],
              [
                107.063944,
                16.699056
              ],
              [
                107.063872,
                16.699035
              ],
              [
                107.063855,
                16.69903
              ],
              [
                107.063768,
                16.699002
              ],
              [
                107.063649,
                16.698963
              ],
              [
                107.063588,
                16.698942
              ],
              [
                107.063533,
                16.698924
              ],
              [
                107.06345,
                16.698896
              ],
              [
                107.063411,
                16.698883
              ],
              [
                107.063383,
                16.698873
              ],
              [
                107.063327,
                16.698851
              ],
              [
                107.063243,
                16.698816
              ],
              [
                107.063153,
                16.698777
              ],
              [
                107.06308,
                16.698743
              ],
              [
                107.063051,
                16.69873
              ],
              [
                107.06294,
                16.698675
              ],
              [
                107.062848,
                16.698626
              ],
              [
                107.062839,
                16.698621
              ],
              [
                107.062769,
                16.698579
              ],
              [
                107.062737,
                16.698557
              ],
              [
                107.062726,
                16.698548
              ],
              [
                107.062718,
                16.698541
              ],
              [
                107.062692,
                16.698519
              ],
              [
                107.062633,
                16.698472
              ],
              [
                107.062556,
                16.698411
              ],
              [
                107.062485,
                16.698351
              ],
              [
                107.062437,
                16.698307
              ],
              [
                107.062416,
                16.698287
              ],
              [
                107.062415,
                16.698286
              ],
              [
                107.062403,
                16.698273
              ],
              [
                107.062395,
                16.698265
              ],
              [
                107.062358,
                16.698223
              ],
              [
                107.062309,
                16.698163
              ],
              [
                107.062261,
                16.698101
              ],
              [
                107.062225,
                16.698054
              ],
              [
                107.062206,
                16.698029
              ],
              [
                107.062187,
                16.698005
              ],
              [
                107.062153,
                16.69796
              ],
              [
                107.06211,
                16.697903
              ],
              [
                107.062067,
                16.697843
              ],
              [
                107.062029,
                16.697781
              ],
              [
                107.061996,
                16.697718
              ],
              [
                107.061969,
                16.697669
              ],
              [
                107.061954,
                16.697638
              ],
              [
                107.061941,
                16.697608
              ],
              [
                107.061929,
                16.697571
              ],
              [
                107.061923,
                16.69754
              ],
              [
                107.061921,
                16.697515
              ],
              [
                107.061921,
                16.697515
              ],
              [
                107.06192,
                16.69749
              ],
              [
                107.061919,
                16.697468
              ],
              [
                107.061923,
                16.697452
              ],
              [
                107.061929,
                16.697438
              ],
              [
                107.061929,
                16.697438
              ],
              [
                107.061937,
                16.697424
              ],
              [
                107.06195,
                16.697407
              ],
              [
                107.06197,
                16.697388
              ],
              [
                107.06199,
                16.697368
              ],
              [
                107.06201,
                16.697348
              ],
              [
                107.062033,
                16.69733
              ],
              [
                107.062057,
                16.697314
              ],
              [
                107.062088,
                16.697299
              ],
              [
                107.06214,
                16.697285
              ],
              [
                107.06221,
                16.697272
              ],
              [
                107.062284,
                16.697259
              ],
              [
                107.062366,
                16.697248
              ],
              [
                107.062454,
                16.697238
              ],
              [
                107.062463,
                16.697237
              ],
              [
                107.062966,
                16.697194
              ],
              [
                107.063009,
                16.697185
              ],
              [
                107.06315,
                16.697153
              ],
              [
                107.063177,
                16.697146
              ],
              [
                107.063239,
                16.697126
              ],
              [
                107.063302,
                16.697104
              ],
              [
                107.063357,
                16.697082
              ],
              [
                107.063406,
                16.697062
              ],
              [
                107.063451,
                16.697043
              ],
              [
                107.06349,
                16.697025
              ],
              [
                107.063493,
                16.697023
              ],
              [
                107.063517,
                16.697009
              ],
              [
                107.063533,
                16.696996
              ],
              [
                107.063542,
                16.696982
              ],
              [
                107.063547,
                16.696964
              ],
              [
                107.063549,
                16.696942
              ],
              [
                107.06355,
                16.696918
              ],
              [
                107.063551,
                16.696892
              ],
              [
                107.063549,
                16.696862
              ],
              [
                107.063543,
                16.696833
              ],
              [
                107.063536,
                16.696806
              ],
              [
                107.063529,
                16.696779
              ],
              [
                107.063528,
                16.696775
              ],
              [
                107.06352,
                16.696753
              ],
              [
                107.06351,
                16.69673
              ],
              [
                107.063501,
                16.69671
              ],
              [
                107.063491,
                16.69669
              ],
              [
                107.063476,
                16.696671
              ],
              [
                107.063458,
                16.696652
              ],
              [
                107.063434,
                16.696634
              ],
              [
                107.063401,
                16.696617
              ],
              [
                107.063363,
                16.696601
              ],
              [
                107.063323,
                16.696584
              ],
              [
                107.06328,
                16.696567
              ],
              [
                107.063234,
                16.696552
              ],
              [
                107.063192,
                16.69654
              ],
              [
                107.063155,
                16.69653
              ],
              [
                107.063151,
                16.696529
              ],
              [
                107.063106,
                16.696517
              ],
              [
                107.063066,
                16.696507
              ],
              [
                107.063028,
                16.696501
              ],
              [
                107.062986,
                16.6965
              ],
              [
                107.062934,
                16.696499
              ],
              [
                107.062869,
                16.696495
              ],
              [
                107.062797,
                16.696488
              ],
              [
                107.062724,
                16.696481
              ],
              [
                107.062656,
                16.696473
              ],
              [
                107.062605,
                16.696467
              ],
              [
                107.06258,
                16.696464
              ],
              [
                107.062572,
                16.696462
              ],
              [
                107.062567,
                16.696461
              ],
              [
                107.062555,
                16.696458
              ],
              [
                107.062527,
                16.696452
              ],
              [
                107.062486,
                16.696445
              ],
              [
                107.062451,
                16.696437
              ],
              [
                107.062427,
                16.696427
              ],
              [
                107.062408,
                16.696415
              ],
              [
                107.06239,
                16.696393
              ],
              [
                107.062371,
                16.696361
              ],
              [
                107.062351,
                16.696327
              ],
              [
                107.062342,
                16.69631
              ],
              [
                107.062332,
                16.696292
              ],
              [
                107.062313,
                16.69625
              ],
              [
                107.062297,
                16.696201
              ],
              [
                107.062283,
                16.696147
              ],
              [
                107.062271,
                16.696091
              ],
              [
                107.062258,
                16.696032
              ],
              [
                107.062248,
                16.695972
              ],
              [
                107.062239,
                16.695916
              ],
              [
                107.062232,
                16.695874
              ],
              [
                107.062229,
                16.695851
              ],
              [
                107.062227,
                16.695831
              ],
              [
                107.062223,
                16.6958
              ],
              [
                107.062223,
                16.69577
              ],
              [
                107.062225,
                16.695748
              ],
              [
                107.062228,
                16.695727
              ],
              [
                107.062232,
                16.6957
              ],
              [
                107.06224,
                16.695669
              ],
              [
                107.062253,
                16.695635
              ],
              [
                107.062269,
                16.695599
              ],
              [
                107.062287,
                16.69556
              ],
              [
                107.062314,
                16.695512
              ],
              [
                107.062353,
                16.695451
              ],
              [
                107.062396,
                16.695387
              ],
              [
                107.062439,
                16.695324
              ],
              [
                107.062474,
                16.695274
              ],
              [
                107.062491,
                16.69525
              ],
              [
                107.062499,
                16.695237
              ],
              [
                107.062517,
                16.69521
              ],
              [
                107.062541,
                16.695172
              ],
              [
                107.062559,
                16.695146
              ],
              [
                107.062565,
                16.695136
              ],
              [
                107.06257,
                16.695129
              ],
              [
                107.062581,
                16.695113
              ],
              [
                107.062601,
                16.695079
              ],
              [
                107.062611,
                16.695059
              ],
              [
                107.062682,
                16.694853
              ],
              [
                107.062701,
                16.694778
              ],
              [
                107.062721,
                16.694704
              ],
              [
                107.062738,
                16.694643
              ],
              [
                107.062754,
                16.694591
              ],
              [
                107.062769,
                16.694544
              ],
              [
                107.06278,
                16.694507
              ],
              [
                107.062786,
                16.694489
              ],
              [
                107.062788,
                16.694481
              ],
              [
                107.062794,
                16.694464
              ],
              [
                107.062802,
                16.694438
              ],
              [
                107.062815,
                16.694404
              ],
              [
                107.062825,
                16.69438
              ],
              [
                107.06284,
                16.694343
              ],
              [
                107.062886,
                16.694243
              ],
              [
                107.062912,
                16.694187
              ],
              [
                107.062942,
                16.694122
              ],
              [
                107.062999,
                16.694003
              ],
              [
                107.063043,
                16.693907
              ],
              [
                107.063067,
                16.693853
              ],
              [
                107.063072,
                16.693842
              ],
              [
                107.063076,
                16.69383
              ],
              [
                107.063079,
                16.693821
              ],
              [
                107.063081,
                16.693816
              ],
              [
                107.063084,
                16.693806
              ],
              [
                107.063087,
                16.693792
              ],
              [
                107.063089,
                16.693772
              ],
              [
                107.063089,
                16.693756
              ],
              [
                107.063088,
                16.693749
              ],
              [
                107.063083,
                16.693724
              ],
              [
                107.063076,
                16.693699
              ],
              [
                107.063068,
                16.693675
              ],
              [
                107.063057,
                16.69365
              ],
              [
                107.06304,
                16.693627
              ],
              [
                107.063019,
                16.693607
              ],
              [
                107.062998,
                16.693591
              ],
              [
                107.062994,
                16.693588
              ],
              [
                107.062965,
                16.693572
              ],
              [
                107.062934,
                16.693559
              ],
              [
                107.062901,
                16.693548
              ],
              [
                107.062864,
                16.693539
              ],
              [
                107.062818,
                16.693532
              ],
              [
                107.062813,
                16.693531
              ],
              [
                107.062747,
                16.693524
              ],
              [
                107.062683,
                16.693518
              ],
              [
                107.062673,
                16.693517
              ],
              [
                107.062618,
                16.693512
              ],
              [
                107.062543,
                16.693508
              ],
              [
                107.062465,
                16.693505
              ],
              [
                107.062373,
                16.693505
              ],
              [
                107.062263,
                16.693507
              ],
              [
                107.062167,
                16.693511
              ],
              [
                107.062106,
                16.693515
              ],
              [
                107.062071,
                16.693517
              ],
              [
                107.062022,
                16.693517
              ],
              [
                107.061939,
                16.693517
              ],
              [
                107.061864,
                16.693516
              ],
              [
                107.06181,
                16.693514
              ],
              [
                107.061762,
                16.693507
              ],
              [
                107.061716,
                16.693498
              ],
              [
                107.061685,
                16.693492
              ],
              [
                107.061603,
                16.693477
              ],
              [
                107.061575,
                16.693462
              ],
              [
                107.061574,
                16.693462
              ],
              [
                107.061565,
                16.693456
              ],
              [
                107.061556,
                16.693451
              ],
              [
                107.061528,
                16.693436
              ],
              [
                107.06151,
                16.693426
              ],
              [
                107.061493,
                16.693404
              ],
              [
                107.061477,
                16.693382
              ],
              [
                107.061465,
                16.693361
              ],
              [
                107.06145,
                16.69331
              ],
              [
                107.061443,
                16.693291
              ],
              [
                107.061436,
                16.693261
              ],
              [
                107.061435,
                16.693225
              ],
              [
                107.061437,
                16.693184
              ],
              [
                107.061441,
                16.693144
              ],
              [
                107.061441,
                16.693141
              ],
              [
                107.061449,
                16.693087
              ],
              [
                107.061461,
                16.693024
              ],
              [
                107.061476,
                16.692959
              ],
              [
                107.061491,
                16.692897
              ],
              [
                107.061503,
                16.692853
              ],
              [
                107.06151,
                16.692829
              ],
              [
                107.061521,
                16.692792
              ],
              [
                107.061548,
                16.692705
              ],
              [
                107.061585,
                16.692582
              ],
              [
                107.061617,
                16.692477
              ],
              [
                107.061641,
                16.692397
              ],
              [
                107.061669,
                16.692305
              ],
              [
                107.061698,
                16.692202
              ],
              [
                107.061703,
                16.69218
              ],
              [
                107.061714,
                16.692133
              ],
              [
                107.061719,
                16.692099
              ],
              [
                107.06172,
                16.692082
              ],
              [
                107.061719,
                16.692067
              ],
              [
                107.061714,
                16.692049
              ],
              [
                107.061705,
                16.69203
              ],
              [
                107.061696,
                16.692012
              ],
              [
                107.061688,
                16.691996
              ],
              [
                107.061674,
                16.69198
              ],
              [
                107.061653,
                16.691962
              ],
              [
                107.061629,
                16.691942
              ],
              [
                107.061603,
                16.691922
              ],
              [
                107.061577,
                16.691904
              ],
              [
                107.06155,
                16.691886
              ],
              [
                107.061523,
                16.691869
              ],
              [
                107.061489,
                16.691852
              ],
              [
                107.061447,
                16.691837
              ],
              [
                107.061402,
                16.691821
              ],
              [
                107.061379,
                16.691812
              ],
              [
                107.061148,
                16.691776
              ],
              [
                107.060645,
                16.69172
              ],
              [
                107.060168,
                16.691661
              ],
              [
                107.059873,
                16.691577
              ],
              [
                107.059756,
                16.691528
              ],
              [
                107.059707,
                16.691499
              ],
              [
                107.059566,
                16.691416
              ],
              [
                107.05946,
                16.691326
              ],
              [
                107.059389,
                16.69125
              ],
              [
                107.059338,
                16.691179
              ],
              [
                107.059304,
                16.69115
              ],
              [
                107.059285,
                16.691134
              ],
              [
                107.059237,
                16.691112
              ],
              [
                107.059206,
                16.691102
              ],
              [
                107.059193,
                16.691098
              ],
              [
                107.059144,
                16.691101
              ],
              [
                107.059069,
                16.69112
              ],
              [
                107.059057,
                16.691126
              ],
              [
                107.059009,
                16.691147
              ],
              [
                107.058919,
                16.691227
              ],
              [
                107.058913,
                16.691232
              ],
              [
                107.058912,
                16.691237
              ],
              [
                107.058819,
                16.69151
              ],
              [
                107.058809,
                16.691542
              ],
              [
                107.05878,
                16.691652
              ],
              [
                107.058709,
                16.691926
              ],
              [
                107.058622,
                16.692149
              ],
              [
                107.058556,
                16.692227
              ],
              [
                107.058515,
                16.692276
              ],
              [
                107.05847,
                16.692305
              ],
              [
                107.058452,
                16.692316
              ],
              [
                107.058446,
                16.692316
              ],
              [
                107.058427,
                16.692321
              ],
              [
                107.058399,
                16.692321
              ],
              [
                107.05837,
                16.692317
              ],
              [
                107.058367,
                16.692317
              ],
              [
                107.05835,
                16.692314
              ],
              [
                107.058269,
                16.692302
              ],
              [
                107.058249,
                16.692298
              ],
              [
                107.058193,
                16.692287
              ],
              [
                107.058138,
                16.692276
              ],
              [
                107.05808,
                16.692265
              ],
              [
                107.058009,
                16.692251
              ],
              [
                107.058002,
                16.692249
              ],
              [
                107.05797,
                16.692241
              ],
              [
                107.057925,
                16.692233
              ],
              [
                107.057779,
                16.692208
              ],
              [
                107.057584,
                16.692142
              ],
              [
                107.057509,
                16.692089
              ],
              [
                107.0575,
                16.692035
              ],
              [
                107.057493,
                16.691989
              ],
              [
                107.057489,
                16.691963
              ],
              [
                107.057484,
                16.691889
              ],
              [
                107.057471,
                16.691659
              ],
              [
                107.057442,
                16.691596
              ],
              [
                107.05739,
                16.691479
              ],
              [
                107.057356,
                16.691405
              ],
              [
                107.057131,
                16.691164
              ],
              [
                107.056973,
                16.691043
              ],
              [
                107.056895,
                16.691033
              ],
              [
                107.056847,
                16.69104
              ],
              [
                107.056832,
                16.691042
              ],
              [
                107.056806,
                16.691045
              ],
              [
                107.056793,
                16.691052
              ],
              [
                107.056713,
                16.6911
              ],
              [
                107.056614,
                16.691208
              ],
              [
                107.056603,
                16.691223
              ],
              [
                107.056586,
                16.691246
              ],
              [
                107.056582,
                16.691253
              ],
              [
                107.05654,
                16.691288
              ],
              [
                107.056441,
                16.691326
              ],
              [
                107.056308,
                16.691327
              ],
              [
                107.056176,
                16.691312
              ],
              [
                107.056072,
                16.691281
              ],
              [
                107.055958,
                16.691227
              ],
              [
                107.05585,
                16.691143
              ],
              [
                107.055838,
                16.69113
              ],
              [
                107.055728,
                16.691007
              ],
              [
                107.055629,
                16.690912
              ],
              [
                107.055362,
                16.690757
              ],
              [
                107.05518,
                16.690626
              ],
              [
                107.055161,
                16.690612
              ],
              [
                107.055134,
                16.690586
              ],
              [
                107.055113,
                16.690559
              ],
              [
                107.055095,
                16.690534
              ],
              [
                107.055077,
                16.690508
              ],
              [
                107.055063,
                16.690487
              ],
              [
                107.055055,
                16.690476
              ],
              [
                107.055053,
                16.690472
              ],
              [
                107.055048,
                16.690465
              ],
              [
                107.055041,
                16.690451
              ],
              [
                107.055036,
                16.690435
              ],
              [
                107.055034,
                16.690412
              ],
              [
                107.055031,
                16.690385
              ],
              [
                107.055029,
                16.690356
              ],
              [
                107.055029,
                16.690327
              ],
              [
                107.055034,
                16.690298
              ],
              [
                107.055043,
                16.69027
              ],
              [
                107.05505,
                16.690249
              ],
              [
                107.055054,
                16.690236
              ],
              [
                107.055058,
                16.690224
              ],
              [
                107.055068,
                16.690197
              ],
              [
                107.055073,
                16.690185
              ],
              [
                107.055209,
                16.689946
              ],
              [
                107.055242,
                16.689925
              ],
              [
                107.05526,
                16.689913
              ],
              [
                107.055319,
                16.689876
              ],
              [
                107.055335,
                16.689866
              ],
              [
                107.055488,
                16.689854
              ],
              [
                107.055498,
                16.689853
              ],
              [
                107.055513,
                16.689847
              ],
              [
                107.055657,
                16.689787
              ],
              [
                107.055667,
                16.689787
              ],
              [
                107.055754,
                16.689786
              ],
              [
                107.055821,
                16.68982
              ],
              [
                107.055825,
                16.689821
              ],
              [
                107.055836,
                16.689837
              ],
              [
                107.055912,
                16.689946
              ],
              [
                107.055935,
                16.689959
              ],
              [
                107.055999,
                16.689993
              ],
              [
                107.056028,
                16.690009
              ],
              [
                107.056093,
                16.690021
              ],
              [
                107.056177,
                16.690037
              ],
              [
                107.056186,
                16.690037
              ],
              [
                107.056319,
                16.690042
              ],
              [
                107.056474,
                16.689991
              ],
              [
                107.0566,
                16.689885
              ],
              [
                107.056604,
                16.68987
              ],
              [
                107.056628,
                16.68979
              ],
              [
                107.05665,
                16.689716
              ],
              [
                107.056717,
                16.68924
              ],
              [
                107.056717,
                16.68924
              ],
              [
                107.056719,
                16.689228
              ],
              [
                107.056764,
                16.688906
              ],
              [
                107.056768,
                16.68888
              ],
              [
                107.056778,
                16.688865
              ],
              [
                107.056848,
                16.688764
              ],
              [
                107.057067,
                16.68859
              ],
              [
                107.057103,
                16.688561
              ],
              [
                107.057269,
                16.688475
              ],
              [
                107.057387,
                16.688414
              ],
              [
                107.057428,
                16.688393
              ],
              [
                107.057459,
                16.688384
              ],
              [
                107.057851,
                16.688274
              ],
              [
                107.057945,
                16.688237
              ],
              [
                107.058065,
                16.68819
              ],
              [
                107.05816,
                16.688153
              ],
              [
                107.058221,
                16.688101
              ],
              [
                107.058317,
                16.687992
              ],
              [
                107.058348,
                16.687905
              ],
              [
                107.058347,
                16.687845
              ],
              [
                107.058323,
                16.687745
              ],
              [
                107.058264,
                16.687632
              ],
              [
                107.057978,
                16.687332
              ],
              [
                107.05789,
                16.687229
              ],
              [
                107.057861,
                16.687176
              ],
              [
                107.057855,
                16.687126
              ],
              [
                107.057859,
                16.687078
              ],
              [
                107.057878,
                16.687023
              ],
              [
                107.057914,
                16.686974
              ],
              [
                107.057973,
                16.686901
              ],
              [
                107.058044,
                16.686843
              ],
              [
                107.058336,
                16.686677
              ],
              [
                107.058703,
                16.686512
              ],
              [
                107.058726,
                16.686488
              ],
              [
                107.058809,
                16.686404
              ],
              [
                107.058832,
                16.686381
              ],
              [
                107.058886,
                16.686263
              ],
              [
                107.058889,
                16.686159
              ],
              [
                107.058839,
                16.686087
              ],
              [
                107.058809,
                16.686045
              ],
              [
                107.058706,
                16.685944
              ],
              [
                107.0587,
                16.685938
              ],
              [
                107.058684,
                16.685928
              ],
              [
                107.058541,
                16.685842
              ],
              [
                107.058541,
                16.685842
              ],
              [
                107.058461,
                16.685793
              ],
              [
                107.058426,
                16.685771
              ],
              [
                107.058248,
                16.685658
              ],
              [
                107.058124,
                16.685592
              ],
              [
                107.05791,
                16.685476
              ],
              [
                107.05786,
                16.685457
              ],
              [
                107.057821,
                16.685443
              ],
              [
                107.057712,
                16.685404
              ],
              [
                107.057615,
                16.68536
              ],
              [
                107.057544,
                16.685327
              ],
              [
                107.057536,
                16.685339
              ],
              [
                107.057527,
                16.685353
              ],
              [
                107.057474,
                16.685429
              ],
              [
                107.057469,
                16.685433
              ],
              [
                107.05724,
                16.685632
              ],
              [
                107.057229,
                16.685636
              ],
              [
                107.057,
                16.685715
              ],
              [
                107.056397,
                16.685811
              ],
              [
                107.056205,
                16.685841
              ],
              [
                107.055339,
                16.685978
              ],
              [
                107.054707,
                16.686114
              ],
              [
                107.054455,
                16.686254
              ],
              [
                107.054277,
                16.686317
              ],
              [
                107.054221,
                16.686344
              ],
              [
                107.054043,
                16.686385
              ],
              [
                107.053539,
                16.686469
              ],
              [
                107.053237,
                16.686538
              ],
              [
                107.05297,
                16.68664
              ],
              [
                107.052543,
                16.686891
              ],
              [
                107.052209,
                16.687071
              ],
              [
                107.052004,
                16.687206
              ],
              [
                107.051864,
                16.687305
              ],
              [
                107.051768,
                16.687344
              ],
              [
                107.051619,
                16.687387
              ],
              [
                107.051476,
                16.687417
              ],
              [
                107.051415,
                16.687452
              ],
              [
                107.051343,
                16.687516
              ],
              [
                107.051177,
                16.687767
              ],
              [
                107.050965,
                16.687729
              ],
              [
                107.050565,
                16.687672
              ],
              [
                107.050325,
                16.687629
              ],
              [
                107.050191,
                16.687626
              ],
              [
                107.05005,
                16.687661
              ],
              [
                107.049839,
                16.687849
              ],
              [
                107.049564,
                16.688258
              ],
              [
                107.049307,
                16.688571
              ],
              [
                107.048988,
                16.688915
              ],
              [
                107.048853,
                16.689006
              ],
              [
                107.048636,
                16.689074
              ],
              [
                107.048191,
                16.68915
              ],
              [
                107.04782,
                16.689273
              ],
              [
                107.047647,
                16.68934
              ],
              [
                107.047462,
                16.689414
              ],
              [
                107.047326,
                16.689439
              ],
              [
                107.047183,
                16.689417
              ],
              [
                107.046921,
                16.689294
              ],
              [
                107.046549,
                16.689262
              ],
              [
                107.046338,
                16.689252
              ],
              [
                107.046139,
                16.689212
              ],
              [
                107.045709,
                16.689019
              ],
              [
                107.045251,
                16.688896
              ],
              [
                107.045138,
                16.688862
              ],
              [
                107.04458,
                16.68869
              ],
              [
                107.044251,
                16.688519
              ],
              [
                107.043953,
                16.688343
              ],
              [
                107.043778,
                16.68816
              ],
              [
                107.043695,
                16.688062
              ],
              [
                107.043694,
                16.688061
              ],
              [
                107.043691,
                16.688061
              ],
              [
                107.043543,
                16.688058
              ],
              [
                107.043388,
                16.688087
              ],
              [
                107.043232,
                16.688231
              ],
              [
                107.043034,
                16.6884
              ],
              [
                107.042831,
                16.688515
              ],
              [
                107.042569,
                16.688579
              ],
              [
                107.042266,
                16.688591
              ],
              [
                107.04205,
                16.688593
              ],
              [
                107.042005,
                16.688568
              ],
              [
                107.041902,
                16.688511
              ],
              [
                107.04184,
                16.688442
              ],
              [
                107.041684,
                16.688315
              ],
              [
                107.041665,
                16.6883
              ],
              [
                107.041616,
                16.688254
              ],
              [
                107.041508,
                16.688152
              ],
              [
                107.041466,
                16.688129
              ],
              [
                107.041345,
                16.688064
              ],
              [
                107.041302,
                16.688041
              ],
              [
                107.041129,
                16.687976
              ],
              [
                107.040852,
                16.687892
              ],
              [
                107.040677,
                16.687833
              ],
              [
                107.04054,
                16.687732
              ],
              [
                107.04041,
                16.687601
              ],
              [
                107.040273,
                16.687453
              ],
              [
                107.040029,
                16.687288
              ],
              [
                107.039674,
                16.687082
              ],
              [
                107.039299,
                16.686853
              ],
              [
                107.039088,
                16.686766
              ],
              [
                107.038852,
                16.686774
              ],
              [
                107.038598,
                16.686776
              ],
              [
                107.038461,
                16.686772
              ],
              [
                107.038343,
                16.686725
              ],
              [
                107.03823,
                16.686637
              ],
              [
                107.03817,
                16.686465
              ],
              [
                107.03812,
                16.686121
              ],
              [
                107.038017,
                16.68576
              ],
              [
                107.037853,
                16.685541
              ],
              [
                107.037627,
                16.68531
              ],
              [
                107.037377,
                16.685061
              ],
              [
                107.037152,
                16.684962
              ],
              [
                107.036841,
                16.684827
              ],
              [
                107.036505,
                16.684723
              ],
              [
                107.036294,
                16.684719
              ],
              [
                107.036157,
                16.684679
              ],
              [
                107.035977,
                16.684597
              ],
              [
                107.035795,
                16.684455
              ],
              [
                107.035608,
                16.684367
              ],
              [
                107.035434,
                16.684303
              ],
              [
                107.035235,
                16.684281
              ],
              [
                107.035075,
                16.684313
              ],
              [
                107.034915,
                16.684428
              ],
              [
                107.03476,
                16.684513
              ],
              [
                107.034494,
                16.684552
              ],
              [
                107.03419,
                16.684537
              ],
              [
                107.03388,
                16.684498
              ],
              [
                107.033632,
                16.684494
              ],
              [
                107.033409,
                16.684515
              ],
              [
                107.033205,
                16.684594
              ],
              [
                107.032952,
                16.68468
              ],
              [
                107.032673,
                16.684761
              ],
              [
                107.032525,
                16.684774
              ],
              [
                107.032283,
                16.684777
              ],
              [
                107.031991,
                16.684762
              ],
              [
                107.031656,
                16.684741
              ],
              [
                107.031396,
                16.684785
              ],
              [
                107.031155,
                16.684865
              ],
              [
                107.030989,
                16.684951
              ],
              [
                107.03086,
                16.685054
              ],
              [
                107.030645,
                16.685271
              ],
              [
                107.0304,
                16.685596
              ],
              [
                107.030161,
                16.685849
              ],
              [
                107.029945,
                16.685965
              ],
              [
                107.029673,
                16.686021
              ],
              [
                107.029394,
                16.686012
              ],
              [
                107.029102,
                16.685997
              ],
              [
                107.028681,
                16.685977
              ],
              [
                107.028358,
                16.685981
              ],
              [
                107.028185,
                16.686012
              ],
              [
                107.027769,
                16.686148
              ],
              [
                107.027623,
                16.686197
              ],
              [
                107.027357,
                16.686295
              ],
              [
                107.027073,
                16.686405
              ],
              [
                107.02677,
                16.68648
              ],
              [
                107.026287,
                16.686586
              ],
              [
                107.025934,
                16.686608
              ],
              [
                107.02576,
                16.686592
              ],
              [
                107.025574,
                16.686552
              ],
              [
                107.025356,
                16.6865
              ],
              [
                107.02509,
                16.686556
              ],
              [
                107.024818,
                16.686583
              ],
              [
                107.024644,
                16.686573
              ],
              [
                107.024334,
                16.686534
              ],
              [
                107.024104,
                16.686494
              ],
              [
                107.023862,
                16.686485
              ],
              [
                107.023688,
                16.686457
              ],
              [
                107.023583,
                16.686499
              ],
              [
                107.023467,
                16.686638
              ],
              [
                107.02327,
                16.686849
              ],
              [
                107.023018,
                16.687019
              ],
              [
                107.022678,
                16.687142
              ],
              [
                107.022499,
                16.687179
              ],
              [
                107.022226,
                16.687152
              ],
              [
                107.021729,
                16.687079
              ],
              [
                107.021443,
                16.68704
              ],
              [
                107.021146,
                16.687049
              ],
              [
                107.020837,
                16.687142
              ],
              [
                107.020552,
                16.687246
              ],
              [
                107.020361,
                16.687356
              ],
              [
                107.020239,
                16.687518
              ],
              [
                107.020147,
                16.687645
              ],
              [
                107.020018,
                16.687753
              ],
              [
                107.019784,
                16.687887
              ],
              [
                107.019531,
                16.688009
              ],
              [
                107.019384,
                16.68816
              ],
              [
                107.019139,
                16.688461
              ],
              [
                107.018907,
                16.688792
              ],
              [
                107.018742,
                16.689021
              ],
              [
                107.018654,
                16.689091
              ],
              [
                107.01853,
                16.689131
              ],
              [
                107.018394,
                16.689146
              ],
              [
                107.018293,
                16.689173
              ],
              [
                107.018221,
                16.689215
              ],
              [
                107.018195,
                16.689263
              ],
              [
                107.018193,
                16.689354
              ],
              [
                107.01818,
                16.689531
              ],
              [
                107.018159,
                16.689677
              ],
              [
                107.018106,
                16.689823
              ],
              [
                107.018043,
                16.68991
              ],
              [
                107.017925,
                16.690002
              ],
              [
                107.017794,
                16.690096
              ],
              [
                107.017584,
                16.690208
              ],
              [
                107.017466,
                16.690279
              ],
              [
                107.017286,
                16.690345
              ],
              [
                107.017152,
                16.690366
              ],
              [
                107.017065,
                16.690393
              ],
              [
                107.016974,
                16.690456
              ],
              [
                107.016766,
                16.690597
              ],
              [
                107.016629,
                16.690694
              ],
              [
                107.016437,
                16.69083
              ],
              [
                107.016358,
                16.690931
              ],
              [
                107.01632,
                16.691056
              ],
              [
                107.016259,
                16.691331
              ],
              [
                107.016206,
                16.691622
              ],
              [
                107.016168,
                16.691795
              ],
              [
                107.016147,
                16.691921
              ],
              [
                107.016136,
                16.692056
              ],
              [
                107.016126,
                16.692259
              ],
              [
                107.016126,
                16.692513
              ],
              [
                107.016124,
                16.692677
              ],
              [
                107.016119,
                16.692746
              ],
              [
                107.016104,
                16.692806
              ],
              [
                107.016033,
                16.692884
              ],
              [
                107.015852,
                16.693033
              ],
              [
                107.01568,
                16.693223
              ],
              [
                107.015515,
                16.693448
              ],
              [
                107.015411,
                16.693578
              ],
              [
                107.015294,
                16.693654
              ],
              [
                107.015109,
                16.693709
              ],
              [
                107.014889,
                16.693768
              ],
              [
                107.014487,
                16.693838
              ],
              [
                107.014162,
                16.693892
              ],
              [
                107.013883,
                16.693915
              ],
              [
                107.013554,
                16.693933
              ],
              [
                107.013405,
                16.693949
              ],
              [
                107.013279,
                16.693982
              ],
              [
                107.013157,
                16.694069
              ],
              [
                107.012987,
                16.694186
              ],
              [
                107.01281,
                16.694259
              ],
              [
                107.012639,
                16.694289
              ],
              [
                107.012349,
                16.694303
              ],
              [
                107.011895,
                16.694318
              ],
              [
                107.011185,
                16.694379
              ],
              [
                107.010806,
                16.694418
              ],
              [
                107.010572,
                16.694421
              ],
              [
                107.010348,
                16.694419
              ],
              [
                107.010207,
                16.694453
              ],
              [
                107.010081,
                16.694497
              ],
              [
                107.009945,
                16.694595
              ],
              [
                107.009871,
                16.694675
              ],
              [
                107.009805,
                16.694815
              ],
              [
                107.009688,
                16.694949
              ],
              [
                107.009533,
                16.695066
              ],
              [
                107.009152,
                16.695331
              ],
              [
                107.008734,
                16.695579
              ],
              [
                107.008316,
                16.695791
              ],
              [
                107.00819,
                16.695832
              ],
              [
                107.008097,
                16.695833
              ],
              [
                107.008,
                16.695772
              ],
              [
                107.00782,
                16.695642
              ],
              [
                107.007704,
                16.695546
              ],
              [
                107.007584,
                16.6955
              ],
              [
                107.007484,
                16.695505
              ],
              [
                107.007313,
                16.695582
              ],
              [
                107.00708,
                16.695699
              ],
              [
                107.006792,
                16.695881
              ],
              [
                107.006655,
                16.695979
              ],
              [
                107.006586,
                16.696102
              ],
              [
                107.006574,
                16.696129
              ],
              [
                107.006513,
                16.696267
              ],
              [
                107.006481,
                16.696443
              ],
              [
                107.006406,
                16.696688
              ],
              [
                107.006303,
                16.696836
              ],
              [
                107.006189,
                16.69697
              ],
              [
                107.00608,
                16.697087
              ],
              [
                107.006014,
                16.697143
              ],
              [
                107.005929,
                16.697173
              ],
              [
                107.005888,
                16.697173
              ],
              [
                107.005839,
                16.697142
              ],
              [
                107.005633,
                16.697032
              ],
              [
                107.005518,
                16.696994
              ],
              [
                107.005506,
                16.696992
              ],
              [
                107.005179,
                16.696944
              ],
              [
                107.004921,
                16.696914
              ],
              [
                107.004682,
                16.696794
              ],
              [
                107.004436,
                16.696659
              ],
              [
                107.004433,
                16.696657
              ],
              [
                107.004432,
                16.696657
              ],
              [
                107.00443,
                16.696656
              ],
              [
                107.004342,
                16.696607
              ],
              [
                107.004291,
                16.696577
              ],
              [
                107.004187,
                16.696514
              ],
              [
                107.004154,
                16.696498
              ],
              [
                107.004012,
                16.696406
              ],
              [
                107.003968,
                16.696366
              ],
              [
                107.003944,
                16.696311
              ],
              [
                107.003941,
                16.696242
              ],
              [
                107.00395,
                16.696171
              ],
              [
                107.003819,
                16.696079
              ],
              [
                107.003701,
                16.696002
              ],
              [
                107.003661,
                16.695976
              ],
              [
                107.003536,
                16.695941
              ],
              [
                107.003483,
                16.695926
              ],
              [
                107.003429,
                16.695935
              ],
              [
                107.003381,
                16.695943
              ],
              [
                107.003317,
                16.69598
              ],
              [
                107.00322,
                16.696039
              ],
              [
                107.002644,
                16.696399
              ],
              [
                107.001827,
                16.696934
              ],
              [
                107.001825,
                16.696935
              ],
              [
                107.001704,
                16.697052
              ],
              [
                107.001466,
                16.697394
              ],
              [
                107.001258,
                16.697648
              ],
              [
                107.000949,
                16.697794
              ],
              [
                107.000721,
                16.697922
              ],
              [
                107.000511,
                16.698037
              ],
              [
                107.000505,
                16.698042
              ],
              [
                107.000494,
                16.698043
              ],
              [
                107.000457,
                16.698308
              ],
              [
                107.000438,
                16.69845
              ],
              [
                107.000398,
                16.698657
              ],
              [
                107.000403,
                16.698793
              ],
              [
                107.000404,
                16.698877
              ],
              [
                107.000404,
                16.698905
              ],
              [
                107.000386,
                16.69904
              ],
              [
                107.000363,
                16.699138
              ],
              [
                107.000359,
                16.699171
              ],
              [
                107.000361,
                16.699191
              ],
              [
                107.000415,
                16.699238
              ],
              [
                107.000702,
                16.699334
              ],
              [
                107.000894,
                16.699381
              ],
              [
                107.001145,
                16.699465
              ],
              [
                107.001315,
                16.699532
              ],
              [
                107.001509,
                16.699584
              ],
              [
                107.001825,
                16.699642
              ],
              [
                107.001825,
                16.699642
              ],
              [
                107.001827,
                16.699643
              ],
              [
                107.00271,
                16.699761
              ],
              [
                107.003148,
                16.699839
              ],
              [
                107.003474,
                16.699936
              ],
              [
                107.003866,
                16.700101
              ],
              [
                107.004209,
                16.700206
              ],
              [
                107.004445,
                16.700267
              ],
              [
                107.004641,
                16.700448
              ],
              [
                107.005032,
                16.700915
              ],
              [
                107.005379,
                16.70133
              ],
              [
                107.005337,
                16.701449
              ],
              [
                107.005426,
                16.701538
              ],
              [
                107.005567,
                16.7018
              ],
              [
                107.005705,
                16.702086
              ],
              [
                107.005616,
                16.702702
              ],
              [
                107.005641,
                16.70315
              ],
              [
                107.005692,
                16.703703
              ],
              [
                107.005741,
                16.704474
              ],
              [
                107.005837,
                16.704679
              ],
              [
                107.006063,
                16.704945
              ],
              [
                107.006095,
                16.705023
              ],
              [
                107.006083,
                16.705156
              ],
              [
                107.006005,
                16.705382
              ],
              [
                107.005947,
                16.705549
              ],
              [
                107.005799,
                16.705885
              ],
              [
                107.005765,
                16.705927
              ],
              [
                107.005376,
                16.706299
              ],
              [
                107.005295,
                16.706474
              ],
              [
                107.005145,
                16.707005
              ],
              [
                107.005117,
                16.707218
              ],
              [
                107.005125,
                16.707368
              ],
              [
                107.005267,
                16.707864
              ],
              [
                107.005388,
                16.708521
              ],
              [
                107.005436,
                16.708782
              ],
              [
                107.005429,
                16.709094
              ],
              [
                107.005576,
                16.709536
              ],
              [
                107.005989,
                16.710032
              ],
              [
                107.006537,
                16.710172
              ],
              [
                107.006335,
                16.710496
              ],
              [
                107.006282,
                16.710846
              ],
              [
                107.006283,
                16.711258
              ],
              [
                107.006226,
                16.711736
              ],
              [
                107.006144,
                16.712243
              ],
              [
                107.005917,
                16.712455
              ],
              [
                107.005797,
                16.712516
              ],
              [
                107.00566,
                16.712511
              ],
              [
                107.005557,
                16.712467
              ],
              [
                107.005418,
                16.712465
              ],
              [
                107.005316,
                16.712496
              ],
              [
                107.005199,
                16.712557
              ],
              [
                107.005079,
                16.712666
              ],
              [
                107.004997,
                16.712793
              ],
              [
                107.004887,
                16.71297
              ],
              [
                107.004654,
                16.713295
              ],
              [
                107.004507,
                16.713445
              ],
              [
                107.004483,
                16.713508
              ],
              [
                107.004407,
                16.713659
              ],
              [
                107.003948,
                16.714718
              ],
              [
                107.003805,
                16.715064
              ],
              [
                107.003219,
                16.715744
              ],
              [
                107.002842,
                16.716407
              ],
              [
                107.002832,
                16.716533
              ],
              [
                107.002942,
                16.716708
              ],
              [
                107.00426,
                16.717802
              ],
              [
                107.004724,
                16.718298
              ],
              [
                107.005027,
                16.718827
              ],
              [
                107.005436,
                16.719321
              ],
              [
                107.005451,
                16.719647
              ],
              [
                107.005408,
                16.719893
              ],
              [
                107.00536,
                16.719994
              ],
              [
                107.005291,
                16.720042
              ],
              [
                107.005182,
                16.720109
              ],
              [
                107.005089,
                16.720149
              ],
              [
                107.004963,
                16.720191
              ],
              [
                107.00485,
                16.720235
              ],
              [
                107.004728,
                16.720314
              ],
              [
                107.004485,
                16.720546
              ],
              [
                107.003616,
                16.721135
              ],
              [
                107.003185,
                16.721497
              ],
              [
                107.002805,
                16.721919
              ],
              [
                107.002624,
                16.722351
              ],
              [
                107.002604,
                16.722806
              ],
              [
                107.002883,
                16.723401
              ],
              [
                107.003058,
                16.72475
              ],
              [
                107.003097,
                16.724929
              ],
              [
                107.003385,
                16.725201
              ],
              [
                107.004224,
                16.72591
              ],
              [
                107.004513,
                16.726247
              ],
              [
                107.004499,
                16.726408
              ],
              [
                107.004485,
                16.726537
              ],
              [
                107.004468,
                16.726725
              ],
              [
                107.004398,
                16.726964
              ],
              [
                107.004375,
                16.7271
              ],
              [
                107.004372,
                16.727181
              ],
              [
                107.004392,
                16.727254
              ],
              [
                107.004516,
                16.727436
              ],
              [
                107.004567,
                16.727511
              ],
              [
                107.004584,
                16.72762
              ],
              [
                107.004573,
                16.727682
              ],
              [
                107.00433,
                16.727785
              ],
              [
                107.004047,
                16.727943
              ],
              [
                107.003788,
                16.728101
              ],
              [
                107.003305,
                16.728439
              ],
              [
                107.003291,
                16.728439
              ],
              [
                107.003183,
                16.728488
              ],
              [
                107.0031,
                16.728589
              ],
              [
                107.003014,
                16.728727
              ],
              [
                107.002898,
                16.728829
              ],
              [
                107.002823,
                16.728866
              ],
              [
                107.002617,
                16.728904
              ],
              [
                107.002544,
                16.728905
              ],
              [
                107.002469,
                16.728938
              ],
              [
                107.002428,
                16.72901
              ],
              [
                107.00243,
                16.729159
              ],
              [
                107.002482,
                16.729388
              ],
              [
                107.002492,
                16.729541
              ],
              [
                107.00252,
                16.729818
              ],
              [
                107.002489,
                16.730127
              ],
              [
                107.002478,
                16.730236
              ],
              [
                107.002206,
                16.73294
              ],
              [
                107.002614,
                16.7353
              ],
              [
                107.003656,
                16.736459
              ],
              [
                107.003841,
                16.736666
              ],
              [
                107.003982,
                16.736679
              ],
              [
                107.004228,
                16.73664
              ],
              [
                107.004591,
                16.736526
              ],
              [
                107.004881,
                16.736501
              ],
              [
                107.005112,
                16.736531
              ],
              [
                107.005441,
                16.736679
              ],
              [
                107.005804,
                16.736865
              ],
              [
                107.006611,
                16.737191
              ],
              [
                107.007145,
                16.737286
              ],
              [
                107.007615,
                16.737457
              ],
              [
                107.008152,
                16.737542
              ],
              [
                107.009725,
                16.737383
              ],
              [
                107.009997,
                16.737463
              ],
              [
                107.010306,
                16.737595
              ],
              [
                107.010535,
                16.73782
              ],
              [
                107.010822,
                16.737969
              ],
              [
                107.011092,
                16.738077
              ],
              [
                107.011569,
                16.738144
              ],
              [
                107.012069,
                16.738301
              ],
              [
                107.012265,
                16.738375
              ],
              [
                107.01267,
                16.73846
              ],
              [
                107.012992,
                16.738422
              ],
              [
                107.012992,
                16.738422
              ]
            ]
          ]
        ]
      },
      "properties": {
        "code": "19669",
        "name": "Ái Tử",
        "nameEn": "Ai Tu",
        "fullName": "Xã Ái Tử",
        "fullNameEn": "Ai Tu Commune",
        "codeName": "ai_tu",
        "postalCode": "48726",
        "postalCodePrefix": "",
        "gisServerId": "diaphanhanhchinhcapxa_2025.566",
        "areaKm2": 116.74
      }
    }
  ]
}