{
  "type": "FeatureCollection",
  "bbox": [
    107.203486,
    10.486296,
    108.96677,
    12.813424
  ],
  "features": [
    {
      "type": "Feature",
      "id": "68",
      "bbox": [
        107.203486,
        10.486296,
        108.96677,
        12.813424
      ],
      "geometry": {
        "type": "MultiPolygon",
        "coordinates": [
          [
            [
              [
                108.700336,
                12.288152
              ],
              [
                108.700307,
                12.285904
              ],
              [
                108.700429,
                12.283036
              ],
              [
                108.700998,
                12.27912
              ],
              [
                108.701463,
                12.275968
              ],
              [
                108.702869,
                12.270815
              ],
              [
                108.703141,
                12.26747
              ],
              [
                108.702928,
                12.264026
              ],
              [
                108.702913,
                12.260152
              ],
              [
                108.702846,
                12.256661
              ],
              [
                108.701953,
                12.253163
              ],
              [
                108.701745,
                12.252712
              ],
              [
                108.699815,
                12.247359
              ],
              [
                108.69964,
                12.24511
              ],
              [
                108.699368,
                12.24286
              ],
              [
                108.700078,
                12.239471
              ],
              [
                108.700969,
                12.237565
              ],
              [
                108.703327,
                12.234812
              ],
              [
                108.706363,
                12.232255
              ],
              [
                108.708952,
                12.230842
              ],
              [
                108.712516,
                12.229054
              ],
              [
                108.714114,
                12.227478
              ],
              [
                108.716504,
                12.224526
              ],
              [
                108.718306,
                12.221848
              ],
              [
                108.718802,
                12.220746
              ],
              [
                108.718902,
                12.219701
              ],
              [
                108.718703,
                12.218175
              ],
              [
                108.717608,
                12.214699
              ],
              [
                108.716039,
                12.209934
              ],
              [
                108.713473,
                12.204267
              ],
              [
                108.713057,
                12.20337
              ],
              [
                108.709919,
                12.196378
              ],
              [
                108.708969,
                12.19374
              ],
              [
                108.708884,
                12.192353
              ],
              [
                108.709282,
                12.191256
              ],
              [
                108.711888,
                12.187835
              ],
              [
                108.714735,
                12.184511
              ],
              [
                108.716321,
                12.180986
              ],
              [
                108.718175,
                12.17445
              ],
              [
                108.719256,
                12.173072
              ],
              [
                108.720686,
                12.171652
              ],
              [
                108.724974,
                12.166295
              ],
              [
                108.726612,
                12.163849
              ],
              [
                108.726595,
                12.161752
              ],
              [
                108.72583,
                12.160263
              ],
              [
                108.724675,
                12.158867
              ],
              [
                108.722497,
                12.157797
              ],
              [
                108.720267,
                12.157157
              ],
              [
                108.717501,
                12.156703
              ],
              [
                108.712251,
                12.156803
              ],
              [
                108.710551,
                12.156646
              ],
              [
                108.709635,
                12.156416
              ],
              [
                108.706759,
                12.155683
              ],
              [
                108.701588,
                12.152816
              ],
              [
                108.695116,
                12.149571
              ],
              [
                108.693927,
                12.149034
              ],
              [
                108.692062,
                12.147453
              ],
              [
                108.691914,
                12.146974
              ],
              [
                108.692103,
                12.146258
              ],
              [
                108.693454,
                12.143063
              ],
              [
                108.694055,
                12.140945
              ],
              [
                108.694237,
                12.140085
              ],
              [
                108.694247,
                12.138938
              ],
              [
                108.693507,
                12.136808
              ],
              [
                108.692537,
                12.134333
              ],
              [
                108.691445,
                12.132545
              ],
              [
                108.689825,
                12.13104
              ],
              [
                108.688372,
                12.130454
              ],
              [
                108.686917,
                12.130097
              ],
              [
                108.684764,
                12.129563
              ],
              [
                108.682035,
                12.12822
              ],
              [
                108.6771,
                12.125654
              ],
              [
                108.67242,
                12.123979
              ],
              [
                108.671949,
                12.123617
              ],
              [
                108.671622,
                12.122759
              ],
              [
                108.671461,
                12.122058
              ],
              [
                108.671398,
                12.121718
              ],
              [
                108.671371,
                12.121518
              ],
              [
                108.671406,
                12.120857
              ],
              [
                108.671683,
                12.120441
              ],
              [
                108.672598,
                12.119971
              ],
              [
                108.674608,
                12.11939
              ],
              [
                108.676527,
                12.118719
              ],
              [
                108.678418,
                12.117868
              ],
              [
                108.680008,
                12.116536
              ],
              [
                108.681115,
                12.114962
              ],
              [
                108.681947,
                12.113683
              ],
              [
                108.683081,
                12.112497
              ],
              [
                108.685222,
                12.110692
              ],
              [
                108.687731,
                12.108561
              ],
              [
                108.689809,
                12.107084
              ],
              [
                108.691369,
                12.105782
              ],
              [
                108.692753,
                12.103732
              ],
              [
                108.694809,
                12.101268
              ],
              [
                108.696527,
                12.09928
              ],
              [
                108.69892,
                12.096401
              ],
              [
                108.700183,
                12.094379
              ],
              [
                108.70077,
                12.093158
              ],
              [
                108.701351,
                12.090713
              ],
              [
                108.701364,
                12.090321
              ],
              [
                108.701381,
                12.088313
              ],
              [
                108.701391,
                12.087166
              ],
              [
                108.701692,
                12.086116
              ],
              [
                108.704011,
                12.081927
              ],
              [
                108.705659,
                12.076681
              ],
              [
                108.70746,
                12.070575
              ],
              [
                108.709727,
                12.061173
              ],
              [
                108.709366,
                12.05787
              ],
              [
                108.707777,
                12.051863
              ],
              [
                108.706769,
                12.049372
              ],
              [
                108.705233,
                12.046838
              ],
              [
                108.703478,
                12.044696
              ],
              [
                108.701952,
                12.043219
              ],
              [
                108.700862,
                12.04278
              ],
              [
                108.699807,
                12.042628
              ],
              [
                108.69824,
                12.042651
              ],
              [
                108.696127,
                12.042597
              ],
              [
                108.694235,
                12.042331
              ],
              [
                108.692495,
                12.041205
              ],
              [
                108.691776,
                12.040159
              ],
              [
                108.691099,
                12.038324
              ],
              [
                108.690325,
                12.035126
              ],
              [
                108.689006,
                12.031672
              ],
              [
                108.688397,
                12.030483
              ],
              [
                108.687494,
                12.029579
              ],
              [
                108.685944,
                12.028702
              ],
              [
                108.685469,
                12.028294
              ],
              [
                108.684554,
                12.027275
              ],
              [
                108.683667,
                12.025423
              ],
              [
                108.682999,
                12.022584
              ],
              [
                108.682108,
                12.020317
              ],
              [
                108.680786,
                12.017258
              ],
              [
                108.679298,
                12.014868
              ],
              [
                108.678942,
                12.014297
              ],
              [
                108.678092,
                12.012824
              ],
              [
                108.677956,
                12.011711
              ],
              [
                108.67811,
                12.010673
              ],
              [
                108.678966,
                12.008635
              ],
              [
                108.680409,
                12.005994
              ],
              [
                108.681663,
                12.004211
              ],
              [
                108.682005,
                12.002492
              ],
              [
                108.681982,
                12.000089
              ],
              [
                108.681982,
                12.000067
              ],
              [
                108.681981,
                12.000021
              ],
              [
                108.681206,
                11.992378
              ],
              [
                108.679782,
                11.986368
              ],
              [
                108.677505,
                11.984292
              ],
              [
                108.674974,
                11.981985
              ],
              [
                108.671018,
                11.976575
              ],
              [
                108.664762,
                11.969078
              ],
              [
                108.661222,
                11.964291
              ],
              [
                108.658545,
                11.95703
              ],
              [
                108.658149,
                11.954132
              ],
              [
                108.659216,
                11.952486
              ],
              [
                108.662194,
                11.949202
              ],
              [
                108.663293,
                11.943833
              ],
              [
                108.663129,
                11.938455
              ],
              [
                108.661479,
                11.934305
              ],
              [
                108.659838,
                11.929121
              ],
              [
                108.660504,
                11.925197
              ],
              [
                108.661392,
                11.919827
              ],
              [
                108.662272,
                11.915491
              ],
              [
                108.661042,
                11.911551
              ],
              [
                108.656923,
                11.904726
              ],
              [
                108.65305,
                11.897938
              ],
              [
                108.651815,
                11.894619
              ],
              [
                108.652972,
                11.89063
              ],
              [
                108.653276,
                11.888013
              ],
              [
                108.652463,
                11.884559
              ],
              [
                108.652064,
                11.881936
              ],
              [
                108.651543,
                11.877244
              ],
              [
                108.649658,
                11.867852
              ],
              [
                108.649129,
                11.863987
              ],
              [
                108.650571,
                11.859587
              ],
              [
                108.651175,
                11.854629
              ],
              [
                108.652049,
                11.850913
              ],
              [
                108.651236,
                11.847459
              ],
              [
                108.649449,
                11.843032
              ],
              [
                108.645845,
                11.837625
              ],
              [
                108.642644,
                11.834427
              ],
              [
                108.638445,
                11.833014
              ],
              [
                108.633681,
                11.832009
              ],
              [
                108.6306,
                11.831156
              ],
              [
                108.627807,
                11.829478
              ],
              [
                108.625645,
                11.819809
              ],
              [
                108.623855,
                11.815795
              ],
              [
                108.622752,
                11.813442
              ],
              [
                108.619688,
                11.810659
              ],
              [
                108.616911,
                11.807189
              ],
              [
                108.616928,
                11.805258
              ],
              [
                108.618205,
                11.803615
              ],
              [
                108.621588,
                11.801989
              ],
              [
                108.625623,
                11.799731
              ],
              [
                108.635892,
                11.79534
              ],
              [
                108.638637,
                11.794272
              ],
              [
                108.64369,
                11.794176
              ],
              [
                108.650853,
                11.793683
              ],
              [
                108.656199,
                11.792211
              ],
              [
                108.659864,
                11.790311
              ],
              [
                108.664079,
                11.789794
              ],
              [
                108.666609,
                11.789401
              ],
              [
                108.668448,
                11.787624
              ],
              [
                108.670574,
                11.785159
              ],
              [
                108.671009,
                11.783508
              ],
              [
                108.670473,
                11.78047
              ],
              [
                108.66868,
                11.776733
              ],
              [
                108.665767,
                11.77271
              ],
              [
                108.662991,
                11.769103
              ],
              [
                108.661476,
                11.765643
              ],
              [
                108.661929,
                11.761924
              ],
              [
                108.663649,
                11.757664
              ],
              [
                108.664541,
                11.751743
              ],
              [
                108.666962,
                11.747488
              ],
              [
                108.670906,
                11.745728
              ],
              [
                108.673724,
                11.744372
              ],
              [
                108.676122,
                11.742875
              ],
              [
                108.678669,
                11.740414
              ],
              [
                108.685008,
                11.73757
              ],
              [
                108.688252,
                11.735528
              ],
              [
                108.689393,
                11.733331
              ],
              [
                108.689694,
                11.730851
              ],
              [
                108.689444,
                11.727264
              ],
              [
                108.691884,
                11.720666
              ],
              [
                108.694193,
                11.712963
              ],
              [
                108.695768,
                11.709115
              ],
              [
                108.697906,
                11.705133
              ],
              [
                108.69961,
                11.702665
              ],
              [
                108.698781,
                11.701142
              ],
              [
                108.698367,
                11.700311
              ],
              [
                108.696968,
                11.699748
              ],
              [
                108.694724,
                11.69973
              ],
              [
                108.692338,
                11.699711
              ],
              [
                108.691363,
                11.698876
              ],
              [
                108.688869,
                11.695133
              ],
              [
                108.68708,
                11.690844
              ],
              [
                108.685709,
                11.686972
              ],
              [
                108.682957,
                11.68047
              ],
              [
                108.677134,
                11.67215
              ],
              [
                108.672401,
                11.667699
              ],
              [
                108.669332,
                11.665606
              ],
              [
                108.667793,
                11.66518
              ],
              [
                108.665824,
                11.665715
              ],
              [
                108.663994,
                11.666528
              ],
              [
                108.662017,
                11.668028
              ],
              [
                108.659485,
                11.668835
              ],
              [
                108.657942,
                11.668822
              ],
              [
                108.653743,
                11.667685
              ],
              [
                108.648289,
                11.665572
              ],
              [
                108.64312,
                11.663048
              ],
              [
                108.638087,
                11.660939
              ],
              [
                108.632999,
                11.658939
              ],
              [
                108.625984,
                11.655357
              ],
              [
                108.624079,
                11.654446
              ],
              [
                108.621718,
                11.651669
              ],
              [
                108.61779,
                11.651637
              ],
              [
                108.612743,
                11.651319
              ],
              [
                108.608675,
                11.651285
              ],
              [
                108.603386,
                11.650517
              ],
              [
                108.594693,
                11.650031
              ],
              [
                108.591338,
                11.648624
              ],
              [
                108.585765,
                11.644304
              ],
              [
                108.581153,
                11.642335
              ],
              [
                108.577369,
                11.641889
              ],
              [
                108.57317,
                11.640889
              ],
              [
                108.570221,
                11.641278
              ],
              [
                108.566417,
                11.643176
              ],
              [
                108.563469,
                11.643426
              ],
              [
                108.560255,
                11.64202
              ],
              [
                108.558755,
                11.637182
              ],
              [
                108.551068,
                11.633946
              ],
              [
                108.55155,
                11.626919
              ],
              [
                108.551183,
                11.620849
              ],
              [
                108.550666,
                11.615744
              ],
              [
                108.550999,
                11.609818
              ],
              [
                108.550896,
                11.605543
              ],
              [
                108.549378,
                11.602635
              ],
              [
                108.551506,
                11.599895
              ],
              [
                108.555044,
                11.596203
              ],
              [
                108.55958,
                11.590726
              ],
              [
                108.561756,
                11.586436
              ],
              [
                108.564172,
                11.582734
              ],
              [
                108.568539,
                11.580427
              ],
              [
                108.570518,
                11.578651
              ],
              [
                108.572368,
                11.575496
              ],
              [
                108.574089,
                11.571098
              ],
              [
                108.57477,
                11.569499
              ],
              [
                108.576665,
                11.565053
              ],
              [
                108.58126,
                11.556206
              ],
              [
                108.582025,
                11.556387
              ],
              [
                108.583793,
                11.556536
              ],
              [
                108.588833,
                11.556669
              ],
              [
                108.591122,
                11.556214
              ],
              [
                108.594195,
                11.555925
              ],
              [
                108.599496,
                11.555552
              ],
              [
                108.599734,
                11.55553
              ],
              [
                108.609189,
                11.554491
              ],
              [
                108.609631,
                11.55446
              ],
              [
                108.616797,
                11.553777
              ],
              [
                108.625581,
                11.553161
              ],
              [
                108.635847,
                11.552236
              ],
              [
                108.639908,
                11.552034
              ],
              [
                108.641694,
                11.55128
              ],
              [
                108.643398,
                11.547013
              ],
              [
                108.644769,
                11.544392
              ],
              [
                108.646746,
                11.5361
              ],
              [
                108.647576,
                11.532864
              ],
              [
                108.648184,
                11.531399
              ],
              [
                108.648295,
                11.531226
              ],
              [
                108.64952,
                11.528368
              ],
              [
                108.655227,
                11.514829
              ],
              [
                108.658775,
                11.508361
              ],
              [
                108.662634,
                11.501555
              ],
              [
                108.667516,
                11.491363
              ],
              [
                108.675572,
                11.477608
              ],
              [
                108.677922,
                11.474514
              ],
              [
                108.681541,
                11.472945
              ],
              [
                108.695374,
                11.469081
              ],
              [
                108.697331,
                11.468408
              ],
              [
                108.707469,
                11.465307
              ],
              [
                108.714363,
                11.465471
              ],
              [
                108.720687,
                11.467277
              ],
              [
                108.726452,
                11.469627
              ],
              [
                108.735558,
                11.471303
              ],
              [
                108.740279,
                11.471339
              ],
              [
                108.744372,
                11.470336
              ],
              [
                108.745374,
                11.470065
              ],
              [
                108.754981,
                11.468218
              ],
              [
                108.758005,
                11.466948
              ],
              [
                108.758695,
                11.462556
              ],
              [
                108.756145,
                11.447812
              ],
              [
                108.756957,
                11.44269
              ],
              [
                108.756392,
                11.430958
              ],
              [
                108.756085,
                11.42787
              ],
              [
                108.756054,
                11.415193
              ],
              [
                108.760163,
                11.409145
              ],
              [
                108.763418,
                11.405801
              ],
              [
                108.778943,
                11.39601
              ],
              [
                108.791743,
                11.387339
              ],
              [
                108.792043,
                11.387137
              ],
              [
                108.79631,
                11.38518
              ],
              [
                108.800517,
                11.384075
              ],
              [
                108.80168,
                11.383928
              ],
              [
                108.804019,
                11.383792
              ],
              [
                108.807645,
                11.383173
              ],
              [
                108.814746,
                11.382274
              ],
              [
                108.819232,
                11.381624
              ],
              [
                108.820678,
                11.381438
              ],
              [
                108.82775,
                11.380232
              ],
              [
                108.828057,
                11.380185
              ],
              [
                108.829783,
                11.379954
              ],
              [
                108.831745,
                11.379656
              ],
              [
                108.831963,
                11.379619
              ],
              [
                108.833679,
                11.37933
              ],
              [
                108.833753,
                11.379318
              ],
              [
                108.833894,
                11.379302
              ],
              [
                108.840249,
                11.379042
              ],
              [
                108.843041,
                11.377526
              ],
              [
                108.844504,
                11.375121
              ],
              [
                108.84778,
                11.368229
              ],
              [
                108.85236,
                11.361994
              ],
              [
                108.853376,
                11.360878
              ],
              [
                108.855176,
                11.358834
              ],
              [
                108.855438,
                11.358609
              ],
              [
                108.860103,
                11.355913
              ],
              [
                108.865554,
                11.355404
              ],
              [
                108.865927,
                11.355362
              ],
              [
                108.867211,
                11.355127
              ],
              [
                108.868816,
                11.353797
              ],
              [
                108.869352,
                11.353016
              ],
              [
                108.870121,
                11.350387
              ],
              [
                108.870137,
                11.34821
              ],
              [
                108.870128,
                11.345297
              ],
              [
                108.870023,
                11.344184
              ],
              [
                108.869589,
                11.34324
              ],
              [
                108.866677,
                11.339054
              ],
              [
                108.865451,
                11.336034
              ],
              [
                108.865062,
                11.335073
              ],
              [
                108.864659,
                11.33408
              ],
              [
                108.864519,
                11.332278
              ],
              [
                108.864384,
                11.330545
              ],
              [
                108.863135,
                11.330551
              ],
              [
                108.854998,
                11.331948
              ],
              [
                108.85131,
                11.331963
              ],
              [
                108.847309,
                11.330312
              ],
              [
                108.841141,
                11.32503
              ],
              [
                108.839595,
                11.323866
              ],
              [
                108.839365,
                11.323692
              ],
              [
                108.837134,
                11.322013
              ],
              [
                108.833747,
                11.320207
              ],
              [
                108.827133,
                11.318414
              ],
              [
                108.819145,
                11.318445
              ],
              [
                108.812385,
                11.318471
              ],
              [
                108.80885,
                11.31803
              ],
              [
                108.805648,
                11.317287
              ],
              [
                108.803404,
                11.316944
              ],
              [
                108.801003,
                11.316235
              ],
              [
                108.79781,
                11.315251
              ],
              [
                108.796928,
                11.315147
              ],
              [
                108.796193,
                11.315167
              ],
              [
                108.794901,
                11.315257
              ],
              [
                108.793785,
                11.315449
              ],
              [
                108.79258,
                11.315628
              ],
              [
                108.791567,
                11.315645
              ],
              [
                108.790884,
                11.315615
              ],
              [
                108.789999,
                11.315458
              ],
              [
                108.788685,
                11.315073
              ],
              [
                108.787271,
                11.314608
              ],
              [
                108.786108,
                11.314258
              ],
              [
                108.785094,
                11.31364
              ],
              [
                108.783119,
                11.311803
              ],
              [
                108.781598,
                11.3098
              ],
              [
                108.780631,
                11.308387
              ],
              [
                108.78049,
                11.30818
              ],
              [
                108.779834,
                11.306058
              ],
              [
                108.779525,
                11.304467
              ],
              [
                108.779373,
                11.303684
              ],
              [
                108.779028,
                11.301855
              ],
              [
                108.77869,
                11.30093
              ],
              [
                108.778124,
                11.299535
              ],
              [
                108.777494,
                11.298298
              ],
              [
                108.77709,
                11.296715
              ],
              [
                108.776971,
                11.296079
              ],
              [
                108.776328,
                11.29371
              ],
              [
                108.775753,
                11.290147
              ],
              [
                108.775565,
                11.289383
              ],
              [
                108.775073,
                11.288741
              ],
              [
                108.774378,
                11.288589
              ],
              [
                108.773958,
                11.288752
              ],
              [
                108.772833,
                11.289166
              ],
              [
                108.771736,
                11.2896
              ],
              [
                108.770442,
                11.289688
              ],
              [
                108.770351,
                11.289686
              ],
              [
                108.770097,
                11.289678
              ],
              [
                108.768796,
                11.289413
              ],
              [
                108.764845,
                11.288148
              ],
              [
                108.761195,
                11.287429
              ],
              [
                108.760475,
                11.287214
              ],
              [
                108.75865,
                11.28657
              ],
              [
                108.758615,
                11.286553
              ],
              [
                108.75845,
                11.286478
              ],
              [
                108.757742,
                11.286024
              ],
              [
                108.756501,
                11.284997
              ],
              [
                108.755225,
                11.283801
              ],
              [
                108.754114,
                11.282557
              ],
              [
                108.75325,
                11.281153
              ],
              [
                108.75255,
                11.279813
              ],
              [
                108.751995,
                11.278481
              ],
              [
                108.751959,
                11.278291
              ],
              [
                108.751101,
                11.275672
              ],
              [
                108.750986,
                11.27533
              ],
              [
                108.750806,
                11.274799
              ],
              [
                108.750683,
                11.27438
              ],
              [
                108.750501,
                11.273727
              ],
              [
                108.750364,
                11.273183
              ],
              [
                108.750227,
                11.272617
              ],
              [
                108.750172,
                11.272436
              ],
              [
                108.750132,
                11.272157
              ],
              [
                108.749862,
                11.270608
              ],
              [
                108.749588,
                11.26907
              ],
              [
                108.74946,
                11.26833
              ],
              [
                108.749315,
                11.26749
              ],
              [
                108.749268,
                11.267225
              ],
              [
                108.749256,
                11.266953
              ],
              [
                108.749238,
                11.266058
              ],
              [
                108.749243,
                11.265403
              ],
              [
                108.749247,
                11.264508
              ],
              [
                108.749249,
                11.264194
              ],
              [
                108.749258,
                11.263884
              ],
              [
                108.749283,
                11.262972
              ],
              [
                108.749307,
                11.26254
              ],
              [
                108.74936,
                11.261704
              ],
              [
                108.749465,
                11.26055
              ],
              [
                108.749478,
                11.26004
              ],
              [
                108.749172,
                11.258049
              ],
              [
                108.748993,
                11.257662
              ],
              [
                108.748585,
                11.256468
              ],
              [
                108.748401,
                11.255747
              ],
              [
                108.748225,
                11.255454
              ],
              [
                108.748212,
                11.255426
              ],
              [
                108.747438,
                11.25382
              ],
              [
                108.747263,
                11.253475
              ],
              [
                108.746476,
                11.251917
              ],
              [
                108.745741,
                11.249826
              ],
              [
                108.745212,
                11.248272
              ],
              [
                108.745014,
                11.247863
              ],
              [
                108.744806,
                11.247457
              ],
              [
                108.744247,
                11.246286
              ],
              [
                108.743984,
                11.245678
              ],
              [
                108.743722,
                11.244994
              ],
              [
                108.743478,
                11.244185
              ],
              [
                108.743455,
                11.243939
              ],
              [
                108.74339,
                11.243151
              ],
              [
                108.743322,
                11.24283
              ],
              [
                108.743293,
                11.241954
              ],
              [
                108.743279,
                11.241559
              ],
              [
                108.743266,
                11.240127
              ],
              [
                108.743235,
                11.239527
              ],
              [
                108.743275,
                11.238521
              ],
              [
                108.743338,
                11.237139
              ],
              [
                108.743381,
                11.235756
              ],
              [
                108.74342,
                11.235269
              ],
              [
                108.743467,
                11.234158
              ],
              [
                108.743457,
                11.233712
              ],
              [
                108.74343,
                11.233517
              ],
              [
                108.743347,
                11.233251
              ],
              [
                108.743166,
                11.232605
              ],
              [
                108.743082,
                11.232261
              ],
              [
                108.743022,
                11.232012
              ],
              [
                108.742865,
                11.231398
              ],
              [
                108.742779,
                11.231087
              ],
              [
                108.742557,
                11.23057
              ],
              [
                108.742474,
                11.230423
              ],
              [
                108.742362,
                11.230297
              ],
              [
                108.741695,
                11.229508
              ],
              [
                108.741471,
                11.229255
              ],
              [
                108.740547,
                11.227991
              ],
              [
                108.740052,
                11.227242
              ],
              [
                108.739682,
                11.226737
              ],
              [
                108.739498,
                11.226419
              ],
              [
                108.739365,
                11.226174
              ],
              [
                108.739164,
                11.225747
              ],
              [
                108.739061,
                11.225384
              ],
              [
                108.738927,
                11.224934
              ],
              [
                108.738923,
                11.22492
              ],
              [
                108.738866,
                11.224686
              ],
              [
                108.738184,
                11.223238
              ],
              [
                108.737032,
                11.220788
              ],
              [
                108.73576,
                11.219249
              ],
              [
                108.734555,
                11.217911
              ],
              [
                108.732842,
                11.215157
              ],
              [
                108.732392,
                11.214131
              ],
              [
                108.731863,
                11.212632
              ],
              [
                108.731053,
                11.209922
              ],
              [
                108.730691,
                11.208406
              ],
              [
                108.730656,
                11.208233
              ],
              [
                108.730161,
                11.205736
              ],
              [
                108.730036,
                11.204997
              ],
              [
                108.729877,
                11.203833
              ],
              [
                108.72975,
                11.201823
              ],
              [
                108.729341,
                11.19774
              ],
              [
                108.729064,
                11.192334
              ],
              [
                108.727973,
                11.188597
              ],
              [
                108.727749,
                11.186646
              ],
              [
                108.727679,
                11.186304
              ],
              [
                108.727459,
                11.185767
              ],
              [
                108.727238,
                11.185378
              ],
              [
                108.726942,
                11.184988
              ],
              [
                108.726442,
                11.184523
              ],
              [
                108.725681,
                11.183889
              ],
              [
                108.723907,
                11.18263
              ],
              [
                108.723164,
                11.182108
              ],
              [
                108.722077,
                11.181481
              ],
              [
                108.721389,
                11.18107
              ],
              [
                108.719977,
                11.180268
              ],
              [
                108.718359,
                11.179349
              ],
              [
                108.717243,
                11.178713
              ],
              [
                108.716834,
                11.178526
              ],
              [
                108.716312,
                11.178374
              ],
              [
                108.715638,
                11.178212
              ],
              [
                108.712926,
                11.177896
              ],
              [
                108.711007,
                11.17752
              ],
              [
                108.710398,
                11.177072
              ],
              [
                108.709688,
                11.176159
              ],
              [
                108.70937,
                11.175749
              ],
              [
                108.707042,
                11.173768
              ],
              [
                108.705209,
                11.173251
              ],
              [
                108.704424,
                11.173289
              ],
              [
                108.70303,
                11.173621
              ],
              [
                108.702715,
                11.173835
              ],
              [
                108.701598,
                11.175054
              ],
              [
                108.699325,
                11.17966
              ],
              [
                108.69494,
                11.182517
              ],
              [
                108.682381,
                11.187945
              ],
              [
                108.66845,
                11.191281
              ],
              [
                108.658454,
                11.193258
              ],
              [
                108.651786,
                11.193279
              ],
              [
                108.644811,
                11.191954
              ],
              [
                108.633439,
                11.190043
              ],
              [
                108.627217,
                11.187219
              ],
              [
                108.62327,
                11.184836
              ],
              [
                108.618935,
                11.180651
              ],
              [
                108.617778,
                11.179348
              ],
              [
                108.617367,
                11.178937
              ],
              [
                108.616127,
                11.178274
              ],
              [
                108.614718,
                11.178139
              ],
              [
                108.614612,
                11.178129
              ],
              [
                108.613499,
                11.178793
              ],
              [
                108.613099,
                11.179031
              ],
              [
                108.611891,
                11.180381
              ],
              [
                108.608261,
                11.182636
              ],
              [
                108.59887,
                11.184459
              ],
              [
                108.592505,
                11.184327
              ],
              [
                108.588564,
                11.183889
              ],
              [
                108.582649,
                11.18211
              ],
              [
                108.575515,
                11.177791
              ],
              [
                108.569895,
                11.173018
              ],
              [
                108.566392,
                11.169326
              ],
              [
                108.562998,
                11.165748
              ],
              [
                108.55696,
                11.163881
              ],
              [
                108.556564,
                11.163784
              ],
              [
                108.555931,
                11.163628
              ],
              [
                108.552701,
                11.162836
              ],
              [
                108.551886,
                11.162636
              ],
              [
                108.548544,
                11.162013
              ],
              [
                108.546626,
                11.161567
              ],
              [
                108.545693,
                11.161502
              ],
              [
                108.544313,
                11.161273
              ],
              [
                108.542299,
                11.160765
              ],
              [
                108.541059,
                11.160373
              ],
              [
                108.540196,
                11.159986
              ],
              [
                108.539887,
                11.159862
              ],
              [
                108.533958,
                11.156155
              ],
              [
                108.533443,
                11.155897
              ],
              [
                108.53342,
                11.155885
              ],
              [
                108.532694,
                11.155831
              ],
              [
                108.532318,
                11.155828
              ],
              [
                108.531469,
                11.156283
              ],
              [
                108.530806,
                11.156925
              ],
              [
                108.530146,
                11.157289
              ],
              [
                108.528457,
                11.157183
              ],
              [
                108.526771,
                11.156614
              ],
              [
                108.52173,
                11.153531
              ],
              [
                108.521513,
                11.15336
              ],
              [
                108.519253,
                11.151793
              ],
              [
                108.515919,
                11.148983
              ],
              [
                108.514766,
                11.148034
              ],
              [
                108.514022,
                11.147382
              ],
              [
                108.512835,
                11.145947
              ],
              [
                108.511496,
                11.144119
              ],
              [
                108.510294,
                11.142554
              ],
              [
                108.507848,
                11.139207
              ],
              [
                108.507193,
                11.138301
              ],
              [
                108.506184,
                11.136711
              ],
              [
                108.50456,
                11.134215
              ],
              [
                108.503008,
                11.131502
              ],
              [
                108.501458,
                11.128571
              ],
              [
                108.5,
                11.125349
              ],
              [
                108.499827,
                11.124934
              ],
              [
                108.499709,
                11.124664
              ],
              [
                108.499251,
                11.123771
              ],
              [
                108.490987,
                11.10649
              ],
              [
                108.489249,
                11.102472
              ],
              [
                108.48601,
                11.092793
              ],
              [
                108.480834,
                11.077321
              ],
              [
                108.47972,
                11.073993
              ],
              [
                108.477316,
                11.064134
              ],
              [
                108.475807,
                11.057946
              ],
              [
                108.475456,
                11.05631
              ],
              [
                108.471528,
                11.05057
              ],
              [
                108.467827,
                11.047762
              ],
              [
                108.467392,
                11.047442
              ],
              [
                108.465328,
                11.046023
              ],
              [
                108.462361,
                11.043747
              ],
              [
                108.459338,
                11.04212
              ],
              [
                108.458028,
                11.041358
              ],
              [
                108.456915,
                11.041249
              ],
              [
                108.454578,
                11.04228
              ],
              [
                108.450662,
                11.044299
              ],
              [
                108.447613,
                11.045674
              ],
              [
                108.445675,
                11.047359
              ],
              [
                108.444173,
                11.048316
              ],
              [
                108.443893,
                11.048495
              ],
              [
                108.442777,
                11.048686
              ],
              [
                108.439688,
                11.04881
              ],
              [
                108.435339,
                11.048323
              ],
              [
                108.433066,
                11.047753
              ],
              [
                108.428831,
                11.045715
              ],
              [
                108.426165,
                11.043741
              ],
              [
                108.421448,
                11.038947
              ],
              [
                108.419547,
                11.036429
              ],
              [
                108.419262,
                11.036097
              ],
              [
                108.418673,
                11.03528
              ],
              [
                108.41638,
                11.032098
              ],
              [
                108.415207,
                11.030628
              ],
              [
                108.41392,
                11.029338
              ],
              [
                108.413071,
                11.028678
              ],
              [
                108.412554,
                11.028595
              ],
              [
                108.412115,
                11.028591
              ],
              [
                108.411515,
                11.028862
              ],
              [
                108.410742,
                11.029556
              ],
              [
                108.410106,
                11.030173
              ],
              [
                108.408713,
                11.03179
              ],
              [
                108.407325,
                11.032865
              ],
              [
                108.405984,
                11.033207
              ],
              [
                108.404612,
                11.033349
              ],
              [
                108.404134,
                11.033344
              ],
              [
                108.399883,
                11.033308
              ],
              [
                108.396035,
                11.033375
              ],
              [
                108.39471,
                11.033297
              ],
              [
                108.388563,
                11.034159
              ],
              [
                108.384195,
                11.034586
              ],
              [
                108.380573,
                11.034779
              ],
              [
                108.378866,
                11.034769
              ],
              [
                108.374925,
                11.033891
              ],
              [
                108.370642,
                11.031849
              ],
              [
                108.366917,
                11.029229
              ],
              [
                108.365782,
                11.028145
              ],
              [
                108.36082,
                11.021773
              ],
              [
                108.359462,
                11.019385
              ],
              [
                108.351331,
                11.003534
              ],
              [
                108.34267,
                10.980948
              ],
              [
                108.338584,
                10.966089
              ],
              [
                108.337401,
                10.959896
              ],
              [
                108.337017,
                10.955616
              ],
              [
                108.337022,
                10.955128
              ],
              [
                108.336649,
                10.954302
              ],
              [
                108.336555,
                10.954105
              ],
              [
                108.336354,
                10.953819
              ],
              [
                108.335995,
                10.953439
              ],
              [
                108.335765,
                10.95317
              ],
              [
                108.335409,
                10.952883
              ],
              [
                108.334001,
                10.952255
              ],
              [
                108.333478,
                10.952153
              ],
              [
                108.331783,
                10.951961
              ],
              [
                108.331054,
                10.951943
              ],
              [
                108.330261,
                10.95196
              ],
              [
                108.329791,
                10.952134
              ],
              [
                108.329573,
                10.952246
              ],
              [
                108.327313,
                10.953698
              ],
              [
                108.324883,
                10.95531
              ],
              [
                108.323586,
                10.955906
              ],
              [
                108.320135,
                10.956487
              ],
              [
                108.320132,
                10.956487
              ],
              [
                108.317174,
                10.95626
              ],
              [
                108.316349,
                10.95611
              ],
              [
                108.312992,
                10.955183
              ],
              [
                108.310646,
                10.953964
              ],
              [
                108.306224,
                10.951195
              ],
              [
                108.30464,
                10.950139
              ],
              [
                108.30265,
                10.948186
              ],
              [
                108.301252,
                10.945717
              ],
              [
                108.297764,
                10.938057
              ],
              [
                108.295869,
                10.931624
              ],
              [
                108.295174,
                10.930012
              ],
              [
                108.292462,
                10.925773
              ],
              [
                108.291534,
                10.925268
              ],
              [
                108.287812,
                10.924354
              ],
              [
                108.286516,
                10.924494
              ],
              [
                108.283275,
                10.92558
              ],
              [
                108.281885,
                10.926593
              ],
              [
                108.27975,
                10.929517
              ],
              [
                108.276669,
                10.935608
              ],
              [
                108.273568,
                10.938771
              ],
              [
                108.268414,
                10.94296
              ],
              [
                108.251772,
                10.950259
              ],
              [
                108.239936,
                10.952674
              ],
              [
                108.239141,
                10.952631
              ],
              [
                108.229882,
                10.953941
              ],
              [
                108.220834,
                10.952889
              ],
              [
                108.209655,
                10.94813
              ],
              [
                108.197865,
                10.943518
              ],
              [
                108.196903,
                10.943162
              ],
              [
                108.180437,
                10.935443
              ],
              [
                108.166842,
                10.932995
              ],
              [
                108.162654,
                10.932726
              ],
              [
                108.160886,
                10.93228
              ],
              [
                108.153095,
                10.931737
              ],
              [
                108.151191,
                10.931848
              ],
              [
                108.150493,
                10.932046
              ],
              [
                108.148372,
                10.932462
              ],
              [
                108.147423,
                10.932567
              ],
              [
                108.145718,
                10.93268
              ],
              [
                108.145241,
                10.932766
              ],
              [
                108.145189,
                10.93277
              ],
              [
                108.144717,
                10.932813
              ],
              [
                108.144689,
                10.932815
              ],
              [
                108.135839,
                10.934053
              ],
              [
                108.130776,
                10.933425
              ],
              [
                108.125429,
                10.93187
              ],
              [
                108.12532,
                10.931816
              ],
              [
                108.124963,
                10.931626
              ],
              [
                108.122798,
                10.930715
              ],
              [
                108.122492,
                10.930592
              ],
              [
                108.122047,
                10.930413
              ],
              [
                108.121057,
                10.929987
              ],
              [
                108.119486,
                10.92928
              ],
              [
                108.11847,
                10.928766
              ],
              [
                108.117455,
                10.928269
              ],
              [
                108.116685,
                10.927835
              ],
              [
                108.115083,
                10.926703
              ],
              [
                108.113763,
                10.925803
              ],
              [
                108.11202,
                10.924444
              ],
              [
                108.111888,
                10.924316
              ],
              [
                108.108843,
                10.921949
              ],
              [
                108.107121,
                10.921213
              ],
              [
                108.106376,
                10.920996
              ],
              [
                108.104613,
                10.921114
              ],
              [
                108.100607,
                10.921382
              ],
              [
                108.098766,
                10.921426
              ],
              [
                108.098525,
                10.921422
              ],
              [
                108.098136,
                10.921393
              ],
              [
                108.097183,
                10.921335
              ],
              [
                108.096365,
                10.921267
              ],
              [
                108.096294,
                10.921253
              ],
              [
                108.09486,
                10.921032
              ],
              [
                108.092598,
                10.920456
              ],
              [
                108.091451,
                10.919893
              ],
              [
                108.090449,
                10.919372
              ],
              [
                108.088767,
                10.918403
              ],
              [
                108.087727,
                10.917741
              ],
              [
                108.086961,
                10.917213
              ],
              [
                108.086102,
                10.916572
              ],
              [
                108.076947,
                10.908485
              ],
              [
                108.076479,
                10.908072
              ],
              [
                108.076343,
                10.907951
              ],
              [
                108.073299,
                10.905263
              ],
              [
                108.049253,
                10.860818
              ],
              [
                108.030029,
                10.818212
              ],
              [
                108.024247,
                10.790929
              ],
              [
                108.021022,
                10.773987
              ],
              [
                108.016087,
                10.753476
              ],
              [
                108.015125,
                10.743757
              ],
              [
                108.012543,
                10.735948
              ],
              [
                108.010681,
                10.732098
              ],
              [
                108.006838,
                10.726351
              ],
              [
                108.00565,
                10.724248
              ],
              [
                108.002304,
                10.719811
              ],
              [
                108.000065,
                10.71789
              ],
              [
                108.000012,
                10.717845
              ],
              [
                108,
                10.717835
              ],
              [
                107.999747,
                10.717521
              ],
              [
                107.99911,
                10.716144
              ],
              [
                107.998841,
                10.715414
              ],
              [
                107.998395,
                10.714186
              ],
              [
                107.997911,
                10.713251
              ],
              [
                107.9951,
                10.709369
              ],
              [
                107.992597,
                10.702494
              ],
              [
                107.991753,
                10.701169
              ],
              [
                107.990862,
                10.700645
              ],
              [
                107.989915,
                10.70078
              ],
              [
                107.988604,
                10.701581
              ],
              [
                107.986719,
                10.703203
              ],
              [
                107.983298,
                10.705394
              ],
              [
                107.978137,
                10.706734
              ],
              [
                107.976725,
                10.706923
              ],
              [
                107.976108,
                10.707007
              ],
              [
                107.974778,
                10.707289
              ],
              [
                107.974294,
                10.707331
              ],
              [
                107.970685,
                10.706775
              ],
              [
                107.965244,
                10.705364
              ],
              [
                107.962528,
                10.704746
              ],
              [
                107.960926,
                10.704968
              ],
              [
                107.958803,
                10.706086
              ],
              [
                107.956353,
                10.707553
              ],
              [
                107.948311,
                10.711123
              ],
              [
                107.942412,
                10.713467
              ],
              [
                107.939687,
                10.714596
              ],
              [
                107.936207,
                10.715983
              ],
              [
                107.932828,
                10.717162
              ],
              [
                107.931048,
                10.71765
              ],
              [
                107.929196,
                10.71827
              ],
              [
                107.927698,
                10.718623
              ],
              [
                107.926733,
                10.718853
              ],
              [
                107.925695,
                10.719127
              ],
              [
                107.92488,
                10.719341
              ],
              [
                107.92347,
                10.719619
              ],
              [
                107.921688,
                10.719915
              ],
              [
                107.92016,
                10.720209
              ],
              [
                107.918111,
                10.720567
              ],
              [
                107.916998,
                10.720769
              ],
              [
                107.916345,
                10.720892
              ],
              [
                107.915083,
                10.72111
              ],
              [
                107.913822,
                10.721357
              ],
              [
                107.912626,
                10.721523
              ],
              [
                107.911902,
                10.721647
              ],
              [
                107.907377,
                10.722392
              ],
              [
                107.903983,
                10.722872
              ],
              [
                107.901094,
                10.722843
              ],
              [
                107.89713,
                10.72288
              ],
              [
                107.89339,
                10.722802
              ],
              [
                107.889309,
                10.722448
              ],
              [
                107.883355,
                10.721774
              ],
              [
                107.880119,
                10.72102
              ],
              [
                107.875461,
                10.719661
              ],
              [
                107.874422,
                10.719309
              ],
              [
                107.872563,
                10.718679
              ],
              [
                107.869152,
                10.717365
              ],
              [
                107.867939,
                10.71682
              ],
              [
                107.865853,
                10.715882
              ],
              [
                107.861818,
                10.714518
              ],
              [
                107.858294,
                10.713149
              ],
              [
                107.852519,
                10.710512
              ],
              [
                107.850963,
                10.7097
              ],
              [
                107.849871,
                10.709136
              ],
              [
                107.849822,
                10.709107
              ],
              [
                107.848165,
                10.708191
              ],
              [
                107.845158,
                10.70679
              ],
              [
                107.844913,
                10.706666
              ],
              [
                107.843856,
                10.706467
              ],
              [
                107.842808,
                10.70634
              ],
              [
                107.841476,
                10.706222
              ],
              [
                107.839191,
                10.706592
              ],
              [
                107.838271,
                10.706747
              ],
              [
                107.835599,
                10.70705
              ],
              [
                107.83551,
                10.70706
              ],
              [
                107.83377,
                10.707148
              ],
              [
                107.831756,
                10.706969
              ],
              [
                107.829376,
                10.706416
              ],
              [
                107.828249,
                10.706104
              ],
              [
                107.822826,
                10.703982
              ],
              [
                107.821005,
                10.703047
              ],
              [
                107.819089,
                10.701809
              ],
              [
                107.814817,
                10.698528
              ],
              [
                107.812955,
                10.697127
              ],
              [
                107.81173,
                10.696062
              ],
              [
                107.810578,
                10.694942
              ],
              [
                107.809536,
                10.694054
              ],
              [
                107.807394,
                10.691776
              ],
              [
                107.80538,
                10.689677
              ],
              [
                107.803713,
                10.687808
              ],
              [
                107.80146,
                10.685227
              ],
              [
                107.800378,
                10.683927
              ],
              [
                107.797796,
                10.681079
              ],
              [
                107.795745,
                10.678854
              ],
              [
                107.783115,
                10.662127
              ],
              [
                107.778024,
                10.656914
              ],
              [
                107.775019,
                10.655396
              ],
              [
                107.770476,
                10.653101
              ],
              [
                107.753937,
                10.642507
              ],
              [
                107.741002,
                10.638144
              ],
              [
                107.72821,
                10.633691
              ],
              [
                107.722872,
                10.63288
              ],
              [
                107.718814,
                10.632888
              ],
              [
                107.714755,
                10.632896
              ],
              [
                107.707136,
                10.63389
              ],
              [
                107.703367,
                10.633708
              ],
              [
                107.696065,
                10.632069
              ],
              [
                107.693511,
                10.631164
              ],
              [
                107.693213,
                10.631039
              ],
              [
                107.69219,
                10.630703
              ],
              [
                107.690454,
                10.630066
              ],
              [
                107.689781,
                10.629816
              ],
              [
                107.688701,
                10.629436
              ],
              [
                107.688661,
                10.629422
              ],
              [
                107.688261,
                10.62928
              ],
              [
                107.685869,
                10.628432
              ],
              [
                107.684413,
                10.628068
              ],
              [
                107.684329,
                10.62805
              ],
              [
                107.680737,
                10.626926
              ],
              [
                107.673892,
                10.623107
              ],
              [
                107.671317,
                10.620769
              ],
              [
                107.668431,
                10.617877
              ],
              [
                107.66581,
                10.615196
              ],
              [
                107.659838,
                10.610604
              ],
              [
                107.654799,
                10.608028
              ],
              [
                107.650904,
                10.606503
              ],
              [
                107.647393,
                10.60515
              ],
              [
                107.643606,
                10.603853
              ],
              [
                107.632537,
                10.599522
              ],
              [
                107.629196,
                10.598517
              ],
              [
                107.628151,
                10.598243
              ],
              [
                107.625046,
                10.597462
              ],
              [
                107.62046,
                10.596085
              ],
              [
                107.616589,
                10.594843
              ],
              [
                107.612931,
                10.593317
              ],
              [
                107.605897,
                10.589837
              ],
              [
                107.601018,
                10.587755
              ],
              [
                107.597216,
                10.586088
              ],
              [
                107.595214,
                10.584994
              ],
              [
                107.584598,
                10.580026
              ],
              [
                107.580562,
                10.577591
              ],
              [
                107.579719,
                10.577076
              ],
              [
                107.578048,
                10.576055
              ],
              [
                107.575175,
                10.574451
              ],
              [
                107.575163,
                10.574441
              ],
              [
                107.57111,
                10.571617
              ],
              [
                107.570504,
                10.571375
              ],
              [
                107.569067,
                10.570538
              ],
              [
                107.568782,
                10.570341
              ],
              [
                107.566568,
                10.584391
              ],
              [
                107.56973,
                10.597306
              ],
              [
                107.566371,
                10.60906
              ],
              [
                107.565202,
                10.613504
              ],
              [
                107.56588,
                10.618391
              ],
              [
                107.563747,
                10.624506
              ],
              [
                107.561801,
                10.629426
              ],
              [
                107.561282,
                10.630969
              ],
              [
                107.56068,
                10.632548
              ],
              [
                107.559394,
                10.634983
              ],
              [
                107.547639,
                10.659069
              ],
              [
                107.541838,
                10.67005
              ],
              [
                107.537866,
                10.676699
              ],
              [
                107.53726,
                10.678406
              ],
              [
                107.537167,
                10.679065
              ],
              [
                107.537539,
                10.680901
              ],
              [
                107.539948,
                10.68588
              ],
              [
                107.543328,
                10.693038
              ],
              [
                107.544223,
                10.695806
              ],
              [
                107.542352,
                10.705549
              ],
              [
                107.541811,
                10.706906
              ],
              [
                107.541327,
                10.707809
              ],
              [
                107.536658,
                10.71602
              ],
              [
                107.535941,
                10.71699
              ],
              [
                107.53327,
                10.721559
              ],
              [
                107.532258,
                10.722891
              ],
              [
                107.525997,
                10.726798
              ],
              [
                107.513959,
                10.739103
              ],
              [
                107.512735,
                10.74009
              ],
              [
                107.510494,
                10.743405
              ],
              [
                107.50895,
                10.744929
              ],
              [
                107.504321,
                10.747216
              ],
              [
                107.503661,
                10.772613
              ],
              [
                107.506752,
                10.773148
              ],
              [
                107.509474,
                10.773462
              ],
              [
                107.518265,
                10.774232
              ],
              [
                107.521559,
                10.775102
              ],
              [
                107.525202,
                10.777035
              ],
              [
                107.532324,
                10.781686
              ],
              [
                107.543732,
                10.78906
              ],
              [
                107.546114,
                10.7906
              ],
              [
                107.563396,
                10.803689
              ],
              [
                107.565382,
                10.805085
              ],
              [
                107.575787,
                10.834534
              ],
              [
                107.57409,
                10.84061
              ],
              [
                107.574045,
                10.840604
              ],
              [
                107.572941,
                10.840437
              ],
              [
                107.571387,
                10.840403
              ],
              [
                107.571351,
                10.840405
              ],
              [
                107.571301,
                10.840784
              ],
              [
                107.570239,
                10.848097
              ],
              [
                107.569998,
                10.851723
              ],
              [
                107.55783,
                10.868996
              ],
              [
                107.558194,
                10.938122
              ],
              [
                107.5567,
                10.941579
              ],
              [
                107.548687,
                10.960123
              ],
              [
                107.541577,
                10.977438
              ],
              [
                107.541132,
                10.97852
              ],
              [
                107.53984,
                10.979213
              ],
              [
                107.536656,
                10.979891
              ],
              [
                107.535267,
                10.980878
              ],
              [
                107.532944,
                10.983661
              ],
              [
                107.532275,
                10.986315
              ],
              [
                107.53079,
                10.990156
              ],
              [
                107.529949,
                10.991832
              ],
              [
                107.529519,
                10.992524
              ],
              [
                107.524237,
                10.996615
              ],
              [
                107.522271,
                10.997901
              ],
              [
                107.518949,
                11.000096
              ],
              [
                107.518884,
                11.000139
              ],
              [
                107.513309,
                11.003822
              ],
              [
                107.512247,
                11.004578
              ],
              [
                107.511906,
                11.004576
              ],
              [
                107.508254,
                11.007762
              ],
              [
                107.506061,
                11.011606
              ],
              [
                107.503761,
                11.014398
              ],
              [
                107.50106,
                11.015472
              ],
              [
                107.498334,
                11.015804
              ],
              [
                107.495445,
                11.015423
              ],
              [
                107.479784,
                11.008545
              ],
              [
                107.474391,
                11.008852
              ],
              [
                107.472797,
                11.009088
              ],
              [
                107.471789,
                11.009372
              ],
              [
                107.470816,
                11.00974
              ],
              [
                107.469879,
                11.010191
              ],
              [
                107.468112,
                11.011338
              ],
              [
                107.464836,
                11.014209
              ],
              [
                107.463986,
                11.014862
              ],
              [
                107.463095,
                11.015428
              ],
              [
                107.457537,
                11.017597
              ],
              [
                107.453239,
                11.01944
              ],
              [
                107.450642,
                11.021334
              ],
              [
                107.447697,
                11.024805
              ],
              [
                107.4459,
                11.027306
              ],
              [
                107.44264,
                11.02996
              ],
              [
                107.442572,
                11.030014
              ],
              [
                107.440714,
                11.031237
              ],
              [
                107.439744,
                11.031785
              ],
              [
                107.438441,
                11.032404
              ],
              [
                107.436508,
                11.033233
              ],
              [
                107.435668,
                11.033488
              ],
              [
                107.42829,
                11.035113
              ],
              [
                107.425745,
                11.035895
              ],
              [
                107.419949,
                11.038048
              ],
              [
                107.417501,
                11.041397
              ],
              [
                107.415896,
                11.042509
              ],
              [
                107.41218,
                11.043694
              ],
              [
                107.410889,
                11.044062
              ],
              [
                107.407808,
                11.045116
              ],
              [
                107.404747,
                11.046399
              ],
              [
                107.398885,
                11.049204
              ],
              [
                107.397067,
                11.049892
              ],
              [
                107.395362,
                11.050271
              ],
              [
                107.393673,
                11.050409
              ],
              [
                107.392441,
                11.050564
              ],
              [
                107.394757,
                11.052053
              ],
              [
                107.397077,
                11.053782
              ],
              [
                107.399327,
                11.054291
              ],
              [
                107.402089,
                11.054011
              ],
              [
                107.40856,
                11.052236
              ],
              [
                107.412194,
                11.051744
              ],
              [
                107.414951,
                11.052899
              ],
              [
                107.418501,
                11.056282
              ],
              [
                107.421615,
                11.059879
              ],
              [
                107.423741,
                11.064192
              ],
              [
                107.424565,
                11.068728
              ],
              [
                107.42351,
                11.070891
              ],
              [
                107.421346,
                11.074552
              ],
              [
                107.420934,
                11.075989
              ],
              [
                107.420945,
                11.077364
              ],
              [
                107.422571,
                11.081411
              ],
              [
                107.426845,
                11.086231
              ],
              [
                107.429745,
                11.088608
              ],
              [
                107.432721,
                11.089477
              ],
              [
                107.439475,
                11.090787
              ],
              [
                107.441399,
                11.091059
              ],
              [
                107.443976,
                11.09245
              ],
              [
                107.445422,
                11.095037
              ],
              [
                107.449753,
                11.105957
              ],
              [
                107.450689,
                11.109189
              ],
              [
                107.450899,
                11.111989
              ],
              [
                107.450676,
                11.113926
              ],
              [
                107.449622,
                11.115954
              ],
              [
                107.448342,
                11.118607
              ],
              [
                107.447832,
                11.119393
              ],
              [
                107.446494,
                11.121201
              ],
              [
                107.445767,
                11.122059
              ],
              [
                107.444998,
                11.122871
              ],
              [
                107.443345,
                11.124357
              ],
              [
                107.442492,
                11.124986
              ],
              [
                107.440616,
                11.125598
              ],
              [
                107.436615,
                11.127023
              ],
              [
                107.435083,
                11.128885
              ],
              [
                107.433545,
                11.133115
              ],
              [
                107.433099,
                11.136774
              ],
              [
                107.433437,
                11.138044
              ],
              [
                107.43652,
                11.142199
              ],
              [
                107.441172,
                11.14795
              ],
              [
                107.443417,
                11.150486
              ],
              [
                107.447302,
                11.154286
              ],
              [
                107.452983,
                11.160962
              ],
              [
                107.455883,
                11.16384
              ],
              [
                107.458374,
                11.167349
              ],
              [
                107.459181,
                11.17005
              ],
              [
                107.458315,
                11.174182
              ],
              [
                107.458361,
                11.175743
              ],
              [
                107.458937,
                11.177754
              ],
              [
                107.460534,
                11.178691
              ],
              [
                107.463726,
                11.180996
              ],
              [
                107.467348,
                11.186102
              ],
              [
                107.470239,
                11.192641
              ],
              [
                107.471028,
                11.196519
              ],
              [
                107.471311,
                11.199821
              ],
              [
                107.471523,
                11.202047
              ],
              [
                107.472537,
                11.203413
              ],
              [
                107.473191,
                11.203558
              ],
              [
                107.474209,
                11.203633
              ],
              [
                107.477044,
                11.20364
              ],
              [
                107.479662,
                11.203575
              ],
              [
                107.481115,
                11.204081
              ],
              [
                107.482203,
                11.205088
              ],
              [
                107.481792,
                11.207217
              ],
              [
                107.481388,
                11.2109
              ],
              [
                107.481744,
                11.214059
              ],
              [
                107.482893,
                11.219518
              ],
              [
                107.484338,
                11.223254
              ],
              [
                107.484835,
                11.224164
              ],
              [
                107.487552,
                11.225804
              ],
              [
                107.490366,
                11.226068
              ],
              [
                107.495451,
                11.227803
              ],
              [
                107.497265,
                11.229315
              ],
              [
                107.501038,
                11.232769
              ],
              [
                107.504373,
                11.236725
              ],
              [
                107.505771,
                11.238946
              ],
              [
                107.508794,
                11.242693
              ],
              [
                107.516003,
                11.249852
              ],
              [
                107.52026,
                11.252554
              ],
              [
                107.521932,
                11.252845
              ],
              [
                107.523663,
                11.252291
              ],
              [
                107.523324,
                11.259142
              ],
              [
                107.52257,
                11.2648
              ],
              [
                107.521684,
                11.267438
              ],
              [
                107.521409,
                11.26916
              ],
              [
                107.521289,
                11.272107
              ],
              [
                107.520777,
                11.275877
              ],
              [
                107.519489,
                11.280968
              ],
              [
                107.517522,
                11.284511
              ],
              [
                107.517349,
                11.285528
              ],
              [
                107.51736,
                11.286783
              ],
              [
                107.517975,
                11.287914
              ],
              [
                107.521354,
                11.293443
              ],
              [
                107.521734,
                11.295293
              ],
              [
                107.521361,
                11.299657
              ],
              [
                107.521363,
                11.299673
              ],
              [
                107.52098,
                11.303278
              ],
              [
                107.517764,
                11.307772
              ],
              [
                107.516718,
                11.309738
              ],
              [
                107.516412,
                11.311154
              ],
              [
                107.516637,
                11.312339
              ],
              [
                107.516864,
                11.314637
              ],
              [
                107.521251,
                11.317034
              ],
              [
                107.521317,
                11.317096
              ],
              [
                107.523899,
                11.318522
              ],
              [
                107.528702,
                11.321661
              ],
              [
                107.530757,
                11.32344
              ],
              [
                107.532669,
                11.32576
              ],
              [
                107.533214,
                11.327157
              ],
              [
                107.534271,
                11.334424
              ],
              [
                107.538011,
                11.346369
              ],
              [
                107.542497,
                11.358149
              ],
              [
                107.543367,
                11.362932
              ],
              [
                107.543178,
                11.368449
              ],
              [
                107.543178,
                11.368449
              ],
              [
                107.539895,
                11.360476
              ],
              [
                107.533245,
                11.356114
              ],
              [
                107.523444,
                11.36876
              ],
              [
                107.518651,
                11.370231
              ],
              [
                107.515714,
                11.372042
              ],
              [
                107.511462,
                11.385611
              ],
              [
                107.504446,
                11.384162
              ],
              [
                107.499267,
                11.384885
              ],
              [
                107.496759,
                11.386304
              ],
              [
                107.49316,
                11.397401
              ],
              [
                107.491321,
                11.397441
              ],
              [
                107.48864,
                11.39842
              ],
              [
                107.487056,
                11.399513
              ],
              [
                107.486268,
                11.400326
              ],
              [
                107.485436,
                11.401718
              ],
              [
                107.485283,
                11.402044
              ],
              [
                107.484981,
                11.403006
              ],
              [
                107.484782,
                11.404017
              ],
              [
                107.484603,
                11.406121
              ],
              [
                107.484599,
                11.408254
              ],
              [
                107.484787,
                11.411477
              ],
              [
                107.485711,
                11.420034
              ],
              [
                107.48587,
                11.422134
              ],
              [
                107.485869,
                11.424238
              ],
              [
                107.485764,
                11.425265
              ],
              [
                107.485562,
                11.426256
              ],
              [
                107.485244,
                11.427196
              ],
              [
                107.484794,
                11.428073
              ],
              [
                107.484222,
                11.428885
              ],
              [
                107.483542,
                11.429629
              ],
              [
                107.482768,
                11.430306
              ],
              [
                107.481001,
                11.431458
              ],
              [
                107.478123,
                11.432972
              ],
              [
                107.477826,
                11.433154
              ],
              [
                107.473032,
                11.435868
              ],
              [
                107.470832,
                11.436885
              ],
              [
                107.47082,
                11.436878
              ],
              [
                107.4678,
                11.435378
              ],
              [
                107.459799,
                11.43232
              ],
              [
                107.454684,
                11.43092
              ],
              [
                107.450907,
                11.430874
              ],
              [
                107.446254,
                11.4312
              ],
              [
                107.441202,
                11.432476
              ],
              [
                107.43791,
                11.432436
              ],
              [
                107.435115,
                11.431351
              ],
              [
                107.428175,
                11.425766
              ],
              [
                107.428016,
                11.430362
              ],
              [
                107.427854,
                11.436105
              ],
              [
                107.427412,
                11.438258
              ],
              [
                107.428061,
                11.44027
              ],
              [
                107.429295,
                11.441566
              ],
              [
                107.432782,
                11.443873
              ],
              [
                107.437506,
                11.446471
              ],
              [
                107.440561,
                11.447412
              ],
              [
                107.442961,
                11.448208
              ],
              [
                107.444197,
                11.448571
              ],
              [
                107.445503,
                11.450226
              ],
              [
                107.446588,
                11.452813
              ],
              [
                107.447088,
                11.456046
              ],
              [
                107.447975,
                11.457975
              ],
              [
                107.448658,
                11.459102
              ],
              [
                107.450063,
                11.460016
              ],
              [
                107.453844,
                11.461653
              ],
              [
                107.460222,
                11.464077
              ],
              [
                107.461938,
                11.465551
              ],
              [
                107.464114,
                11.468668
              ],
              [
                107.466431,
                11.473222
              ],
              [
                107.46826,
                11.479306
              ],
              [
                107.468424,
                11.480886
              ],
              [
                107.467331,
                11.481841
              ],
              [
                107.463569,
                11.485499
              ],
              [
                107.462524,
                11.486614
              ],
              [
                107.460098,
                11.489945
              ],
              [
                107.459091,
                11.490911
              ],
              [
                107.456832,
                11.491695
              ],
              [
                107.454571,
                11.493197
              ],
              [
                107.453183,
                11.49506
              ],
              [
                107.451789,
                11.49915
              ],
              [
                107.450302,
                11.501755
              ],
              [
                107.449719,
                11.502389
              ],
              [
                107.448514,
                11.503759
              ],
              [
                107.448191,
                11.504113
              ],
              [
                107.446619,
                11.505583
              ],
              [
                107.443595,
                11.508076
              ],
              [
                107.442587,
                11.509394
              ],
              [
                107.441635,
                11.511474
              ],
              [
                107.440971,
                11.51456
              ],
              [
                107.440894,
                11.516211
              ],
              [
                107.439507,
                11.5175
              ],
              [
                107.435061,
                11.518924
              ],
              [
                107.430327,
                11.519486
              ],
              [
                107.429397,
                11.519567
              ],
              [
                107.427923,
                11.519695
              ],
              [
                107.426032,
                11.519044
              ],
              [
                107.42378,
                11.51717
              ],
              [
                107.420858,
                11.513765
              ],
              [
                107.418767,
                11.513135
              ],
              [
                107.416072,
                11.513631
              ],
              [
                107.414029,
                11.515061
              ],
              [
                107.408977,
                11.524669
              ],
              [
                107.407876,
                11.527788
              ],
              [
                107.406487,
                11.529545
              ],
              [
                107.402918,
                11.530182
              ],
              [
                107.399641,
                11.530244
              ],
              [
                107.395056,
                11.529298
              ],
              [
                107.388217,
                11.527411
              ],
              [
                107.385892,
                11.525537
              ],
              [
                107.382699,
                11.522009
              ],
              [
                107.377319,
                11.519336
              ],
              [
                107.3757,
                11.518635
              ],
              [
                107.371647,
                11.516878
              ],
              [
                107.368807,
                11.516941
              ],
              [
                107.367347,
                11.518014
              ],
              [
                107.367051,
                11.519593
              ],
              [
                107.367992,
                11.521391
              ],
              [
                107.370241,
                11.524126
              ],
              [
                107.373785,
                11.532036
              ],
              [
                107.375823,
                11.539701
              ],
              [
                107.375932,
                11.540156
              ],
              [
                107.376161,
                11.542232
              ],
              [
                107.376134,
                11.543253
              ],
              [
                107.375995,
                11.544256
              ],
              [
                107.375811,
                11.544912
              ],
              [
                107.375126,
                11.5464
              ],
              [
                107.373956,
                11.547548
              ],
              [
                107.372059,
                11.548547
              ],
              [
                107.368707,
                11.549255
              ],
              [
                107.365863,
                11.550468
              ],
              [
                107.360463,
                11.55397
              ],
              [
                107.358927,
                11.556264
              ],
              [
                107.358778,
                11.55734
              ],
              [
                107.360323,
                11.563038
              ],
              [
                107.360354,
                11.565604
              ],
              [
                107.360051,
                11.569409
              ],
              [
                107.360626,
                11.571637
              ],
              [
                107.361716,
                11.572574
              ],
              [
                107.36288,
                11.572864
              ],
              [
                107.364335,
                11.573372
              ],
              [
                107.364255,
                11.575813
              ],
              [
                107.362569,
                11.579327
              ],
              [
                107.359646,
                11.582406
              ],
              [
                107.35746,
                11.582758
              ],
              [
                107.35637,
                11.581893
              ],
              [
                107.356012,
                11.580025
              ],
              [
                107.354973,
                11.572206
              ],
              [
                107.354954,
                11.572109
              ],
              [
                107.354614,
                11.570034
              ],
              [
                107.354571,
                11.569368
              ],
              [
                107.354417,
                11.568701
              ],
              [
                107.354374,
                11.568171
              ],
              [
                107.354974,
                11.562427
              ],
              [
                107.354911,
                11.559339
              ],
              [
                107.353902,
                11.556248
              ],
              [
                107.350498,
                11.550062
              ],
              [
                107.345706,
                11.545595
              ],
              [
                107.343381,
                11.544079
              ],
              [
                107.34003,
                11.544212
              ],
              [
                107.336677,
                11.545351
              ],
              [
                107.334704,
                11.547212
              ],
              [
                107.331264,
                11.55273
              ],
              [
                107.327761,
                11.554945
              ],
              [
                107.323192,
                11.555314
              ],
              [
                107.320124,
                11.555252
              ],
              [
                107.315089,
                11.554905
              ],
              [
                107.31072,
                11.554603
              ],
              [
                107.308823,
                11.555746
              ],
              [
                107.306189,
                11.559256
              ],
              [
                107.30194,
                11.566567
              ],
              [
                107.299595,
                11.57094
              ],
              [
                107.296505,
                11.579906
              ],
              [
                107.29576,
                11.584859
              ],
              [
                107.295753,
                11.586798
              ],
              [
                107.296912,
                11.588669
              ],
              [
                107.30126,
                11.595147
              ],
              [
                107.302482,
                11.598468
              ],
              [
                107.30293,
                11.602045
              ],
              [
                107.302874,
                11.604452
              ],
              [
                107.302326,
                11.609088
              ],
              [
                107.301817,
                11.614255
              ],
              [
                107.300902,
                11.617992
              ],
              [
                107.300874,
                11.618062
              ],
              [
                107.299653,
                11.62028
              ],
              [
                107.299435,
                11.620582
              ],
              [
                107.298723,
                11.621405
              ],
              [
                107.297125,
                11.622939
              ],
              [
                107.288653,
                11.629857
              ],
              [
                107.286048,
                11.631739
              ],
              [
                107.284195,
                11.632829
              ],
              [
                107.283232,
                11.633315
              ],
              [
                107.281235,
                11.634165
              ],
              [
                107.279162,
                11.634856
              ],
              [
                107.276241,
                11.635692
              ],
              [
                107.274977,
                11.63594
              ],
              [
                107.270966,
                11.636883
              ],
              [
                107.268836,
                11.638372
              ],
              [
                107.267859,
                11.640045
              ],
              [
                107.265899,
                11.644706
              ],
              [
                107.264297,
                11.651105
              ],
              [
                107.263844,
                11.659123
              ],
              [
                107.263958,
                11.661039
              ],
              [
                107.265162,
                11.663916
              ],
              [
                107.268619,
                11.668713
              ],
              [
                107.271026,
                11.672573
              ],
              [
                107.273316,
                11.676455
              ],
              [
                107.275064,
                11.679811
              ],
              [
                107.27627,
                11.682389
              ],
              [
                107.27839,
                11.683953
              ],
              [
                107.28142,
                11.685579
              ],
              [
                107.282449,
                11.6866
              ],
              [
                107.282869,
                11.688158
              ],
              [
                107.282619,
                11.690072
              ],
              [
                107.28206,
                11.693721
              ],
              [
                107.281796,
                11.699646
              ],
              [
                107.282421,
                11.702569
              ],
              [
                107.283074,
                11.707932
              ],
              [
                107.283284,
                11.709338
              ],
              [
                107.283633,
                11.712519
              ],
              [
                107.283771,
                11.714672
              ],
              [
                107.283974,
                11.721161
              ],
              [
                107.284237,
                11.723278
              ],
              [
                107.284484,
                11.724316
              ],
              [
                107.284831,
                11.725333
              ],
              [
                107.285281,
                11.726306
              ],
              [
                107.285397,
                11.726496
              ],
              [
                107.287569,
                11.729089
              ],
              [
                107.292009,
                11.733128
              ],
              [
                107.300006,
                11.739332
              ],
              [
                107.30961,
                11.744607
              ],
              [
                107.322131,
                11.749604
              ],
              [
                107.324754,
                11.750259
              ],
              [
                107.326066,
                11.75012
              ],
              [
                107.329497,
                11.749072
              ],
              [
                107.335327,
                11.749287
              ],
              [
                107.344039,
                11.75117
              ],
              [
                107.351059,
                11.753502
              ],
              [
                107.353969,
                11.755379
              ],
              [
                107.357968,
                11.758552
              ],
              [
                107.361602,
                11.762298
              ],
              [
                107.364203,
                11.767149
              ],
              [
                107.36741,
                11.770073
              ],
              [
                107.371705,
                11.771954
              ],
              [
                107.376584,
                11.773453
              ],
              [
                107.383147,
                11.773972
              ],
              [
                107.386574,
                11.77329
              ],
              [
                107.390882,
                11.770932
              ],
              [
                107.391826,
                11.76996
              ],
              [
                107.394853,
                11.774098
              ],
              [
                107.395099,
                11.77496
              ],
              [
                107.395373,
                11.781012
              ],
              [
                107.394721,
                11.786102
              ],
              [
                107.393715,
                11.788725
              ],
              [
                107.391872,
                11.790433
              ],
              [
                107.390899,
                11.793228
              ],
              [
                107.391752,
                11.795844
              ],
              [
                107.39361,
                11.799271
              ],
              [
                107.395615,
                11.800566
              ],
              [
                107.400603,
                11.800852
              ],
              [
                107.403097,
                11.802428
              ],
              [
                107.406842,
                11.806192
              ],
              [
                107.407656,
                11.808149
              ],
              [
                107.404431,
                11.811799
              ],
              [
                107.40309,
                11.813741
              ],
              [
                107.402697,
                11.81487
              ],
              [
                107.40256,
                11.81701
              ],
              [
                107.403453,
                11.819421
              ],
              [
                107.405727,
                11.823406
              ],
              [
                107.407582,
                11.825166
              ],
              [
                107.40857,
                11.825833
              ],
              [
                107.410553,
                11.827101
              ],
              [
                107.411129,
                11.827764
              ],
              [
                107.411161,
                11.827814
              ],
              [
                107.411623,
                11.829252
              ],
              [
                107.411732,
                11.832126
              ],
              [
                107.412077,
                11.833851
              ],
              [
                107.412482,
                11.835002
              ],
              [
                107.413585,
                11.837016
              ],
              [
                107.415211,
                11.839319
              ],
              [
                107.41742,
                11.842314
              ],
              [
                107.419573,
                11.844216
              ],
              [
                107.421671,
                11.845142
              ],
              [
                107.423885,
                11.846297
              ],
              [
                107.424953,
                11.847481
              ],
              [
                107.425175,
                11.848476
              ],
              [
                107.425188,
                11.849911
              ],
              [
                107.424547,
                11.853556
              ],
              [
                107.424099,
                11.856454
              ],
              [
                107.424438,
                11.859905
              ],
              [
                107.421723,
                11.86297
              ],
              [
                107.419009,
                11.864906
              ],
              [
                107.409262,
                11.866619
              ],
              [
                107.407014,
                11.86716
              ],
              [
                107.405629,
                11.868367
              ],
              [
                107.405039,
                11.870364
              ],
              [
                107.402396,
                11.878858
              ],
              [
                107.400782,
                11.882688
              ],
              [
                107.400607,
                11.883288
              ],
              [
                107.400497,
                11.883666
              ],
              [
                107.400315,
                11.884668
              ],
              [
                107.400314,
                11.884673
              ],
              [
                107.400853,
                11.888564
              ],
              [
                107.39175,
                11.898705
              ],
              [
                107.384483,
                11.913111
              ],
              [
                107.383955,
                11.916828
              ],
              [
                107.382322,
                11.920272
              ],
              [
                107.379287,
                11.923223
              ],
              [
                107.371489,
                11.926935
              ],
              [
                107.368322,
                11.929111
              ],
              [
                107.36466,
                11.934275
              ],
              [
                107.363026,
                11.934334
              ],
              [
                107.360372,
                11.934936
              ],
              [
                107.357176,
                11.936474
              ],
              [
                107.352591,
                11.939246
              ],
              [
                107.350946,
                11.939624
              ],
              [
                107.351702,
                11.94048
              ],
              [
                107.352213,
                11.941344
              ],
              [
                107.352383,
                11.942521
              ],
              [
                107.352387,
                11.943034
              ],
              [
                107.352533,
                11.945914
              ],
              [
                107.353293,
                11.949046
              ],
              [
                107.353726,
                11.950556
              ],
              [
                107.353428,
                11.952495
              ],
              [
                107.351324,
                11.956083
              ],
              [
                107.350946,
                11.95719
              ],
              [
                107.350507,
                11.958694
              ],
              [
                107.350434,
                11.959054
              ],
              [
                107.349085,
                11.964265
              ],
              [
                107.347469,
                11.967637
              ],
              [
                107.346733,
                11.96979
              ],
              [
                107.346733,
                11.96979
              ],
              [
                107.342954,
                11.980907
              ],
              [
                107.337651,
                11.987505
              ],
              [
                107.328772,
                11.998333
              ],
              [
                107.324773,
                12
              ],
              [
                107.324761,
                12.000012
              ],
              [
                107.324759,
                12.000015
              ],
              [
                107.320365,
                12.007231
              ],
              [
                107.315384,
                12.009601
              ],
              [
                107.312685,
                12.009901
              ],
              [
                107.309575,
                12.006755
              ],
              [
                107.305818,
                12.006467
              ],
              [
                107.302164,
                12.008281
              ],
              [
                107.301116,
                12.008639
              ],
              [
                107.300207,
                12.008961
              ],
              [
                107.299567,
                12.009192
              ],
              [
                107.299326,
                12.009281
              ],
              [
                107.296315,
                12.009565
              ],
              [
                107.293871,
                12.010846
              ],
              [
                107.293485,
                12.012513
              ],
              [
                107.293639,
                12.017118
              ],
              [
                107.293657,
                12.017649
              ],
              [
                107.293503,
                12.020035
              ],
              [
                107.291649,
                12.022518
              ],
              [
                107.289111,
                12.021888
              ],
              [
                107.284772,
                12.0198
              ],
              [
                107.281637,
                12.018445
              ],
              [
                107.279127,
                12.015784
              ],
              [
                107.277935,
                12.014216
              ],
              [
                107.276121,
                12.013834
              ],
              [
                107.273445,
                12.014395
              ],
              [
                107.271119,
                12.015916
              ],
              [
                107.268915,
                12.017439
              ],
              [
                107.266112,
                12.018357
              ],
              [
                107.261504,
                12.018295
              ],
              [
                107.258284,
                12.019025
              ],
              [
                107.258123,
                12.019072
              ],
              [
                107.256848,
                12.019439
              ],
              [
                107.25576,
                12.019761
              ],
              [
                107.254816,
                12.020062
              ],
              [
                107.253975,
                12.020367
              ],
              [
                107.253212,
                12.020689
              ],
              [
                107.252506,
                12.021042
              ],
              [
                107.251837,
                12.021438
              ],
              [
                107.247197,
                12.026745
              ],
              [
                107.245552,
                12.030199
              ],
              [
                107.243129,
                12.03672
              ],
              [
                107.240898,
                12.040128
              ],
              [
                107.240022,
                12.04026
              ],
              [
                107.23713,
                12.038931
              ],
              [
                107.234451,
                12.037531
              ],
              [
                107.233465,
                12.034417
              ],
              [
                107.231783,
                12.028429
              ],
              [
                107.230403,
                12.033692
              ],
              [
                107.230081,
                12.066613
              ],
              [
                107.232599,
                12.090206
              ],
              [
                107.236753,
                12.104853
              ],
              [
                107.239275,
                12.111393
              ],
              [
                107.237983,
                12.115763
              ],
              [
                107.227043,
                12.11743
              ],
              [
                107.22238,
                12.120998
              ],
              [
                107.221541,
                12.125979
              ],
              [
                107.225692,
                12.136929
              ],
              [
                107.226064,
                12.154183
              ],
              [
                107.220265,
                12.196138
              ],
              [
                107.203486,
                12.300009
              ],
              [
                107.205641,
                12.300677
              ],
              [
                107.215161,
                12.300618
              ],
              [
                107.219459,
                12.298959
              ],
              [
                107.219551,
                12.298937
              ],
              [
                107.223357,
                12.298057
              ],
              [
                107.230533,
                12.298921
              ],
              [
                107.237682,
                12.301694
              ],
              [
                107.251677,
                12.314877
              ],
              [
                107.262446,
                12.322666
              ],
              [
                107.268428,
                12.325614
              ],
              [
                107.272896,
                12.325675
              ],
              [
                107.277247,
                12.324062
              ],
              [
                107.277677,
                12.323921
              ],
              [
                107.278069,
                12.323798
              ],
              [
                107.278426,
                12.323692
              ],
              [
                107.278755,
                12.323603
              ],
              [
                107.27906,
                12.32353
              ],
              [
                107.279347,
                12.323473
              ],
              [
                107.279624,
                12.323432
              ],
              [
                107.279905,
                12.32341
              ],
              [
                107.280204,
                12.323411
              ],
              [
                107.280537,
                12.323436
              ],
              [
                107.280921,
                12.32349
              ],
              [
                107.281361,
                12.323573
              ],
              [
                107.281834,
                12.323676
              ],
              [
                107.283756,
                12.3241
              ],
              [
                107.287593,
                12.328129
              ],
              [
                107.300982,
                12.33198
              ],
              [
                107.307382,
                12.332831
              ],
              [
                107.309729,
                12.331717
              ],
              [
                107.310541,
                12.329244
              ],
              [
                107.312165,
                12.324299
              ],
              [
                107.314903,
                12.322998
              ],
              [
                107.319366,
                12.323441
              ],
              [
                107.325937,
                12.326013
              ],
              [
                107.335015,
                12.329956
              ],
              [
                107.341748,
                12.334823
              ],
              [
                107.343792,
                12.3353
              ],
              [
                107.346307,
                12.332035
              ],
              [
                107.350904,
                12.325322
              ],
              [
                107.354988,
                12.322565
              ],
              [
                107.361422,
                12.319015
              ],
              [
                107.366453,
                12.313818
              ],
              [
                107.37218,
                12.307557
              ],
              [
                107.381194,
                12.297046
              ],
              [
                107.381916,
                12.288514
              ],
              [
                107.385577,
                12.277832
              ],
              [
                107.38791,
                12.269735
              ],
              [
                107.396534,
                12.262321
              ],
              [
                107.396822,
                12.25668
              ],
              [
                107.400966,
                12.254686
              ],
              [
                107.413196,
                12.248802
              ],
              [
                107.424249,
                12.246125
              ],
              [
                107.434764,
                12.246371
              ],
              [
                107.43404,
                12.247984
              ],
              [
                107.433421,
                12.249362
              ],
              [
                107.432806,
                12.250732
              ],
              [
                107.432321,
                12.251814
              ],
              [
                107.431693,
                12.253213
              ],
              [
                107.432518,
                12.253315
              ],
              [
                107.433829,
                12.254017
              ],
              [
                107.434598,
                12.254938
              ],
              [
                107.434917,
                12.25613
              ],
              [
                107.434854,
                12.257166
              ],
              [
                107.434974,
                12.258307
              ],
              [
                107.4356,
                12.259407
              ],
              [
                107.437707,
                12.261904
              ],
              [
                107.438839,
                12.262822
              ],
              [
                107.4393,
                12.263384
              ],
              [
                107.439682,
                12.263849
              ],
              [
                107.440023,
                12.265488
              ],
              [
                107.439873,
                12.266863
              ],
              [
                107.439376,
                12.268081
              ],
              [
                107.438478,
                12.268909
              ],
              [
                107.437471,
                12.269775
              ],
              [
                107.437296,
                12.270035
              ],
              [
                107.436536,
                12.271345
              ],
              [
                107.436351,
                12.272106
              ],
              [
                107.436395,
                12.272713
              ],
              [
                107.43656,
                12.273926
              ],
              [
                107.437044,
                12.275188
              ],
              [
                107.4374,
                12.27586
              ],
              [
                107.438376,
                12.277005
              ],
              [
                107.439917,
                12.278147
              ],
              [
                107.439991,
                12.278225
              ],
              [
                107.440774,
                12.27905
              ],
              [
                107.441285,
                12.28007
              ],
              [
                107.441612,
                12.282079
              ],
              [
                107.441923,
                12.286629
              ],
              [
                107.442241,
                12.290628
              ],
              [
                107.442275,
                12.291061
              ],
              [
                107.442293,
                12.291278
              ],
              [
                107.442359,
                12.29211
              ],
              [
                107.442415,
                12.292812
              ],
              [
                107.443479,
                12.292919
              ],
              [
                107.445271,
                12.293006
              ],
              [
                107.445305,
                12.293005
              ],
              [
                107.44594,
                12.292992
              ],
              [
                107.448922,
                12.293587
              ],
              [
                107.449748,
                12.294163
              ],
              [
                107.452162,
                12.294659
              ],
              [
                107.453548,
                12.294647
              ],
              [
                107.454555,
                12.294752
              ],
              [
                107.455286,
                12.294975
              ],
              [
                107.455887,
                12.295271
              ],
              [
                107.458034,
                12.296985
              ],
              [
                107.459439,
                12.298249
              ],
              [
                107.461415,
                12.29885
              ],
              [
                107.463518,
                12.301157
              ],
              [
                107.464214,
                12.302077
              ],
              [
                107.465217,
                12.304112
              ],
              [
                107.465671,
                12.305865
              ],
              [
                107.465761,
                12.307621
              ],
              [
                107.464954,
                12.311107
              ],
              [
                107.464935,
                12.311663
              ],
              [
                107.468318,
                12.31254
              ],
              [
                107.469826,
                12.312962
              ],
              [
                107.474124,
                12.313366
              ],
              [
                107.477232,
                12.315977
              ],
              [
                107.479806,
                12.318363
              ],
              [
                107.480624,
                12.318966
              ],
              [
                107.481435,
                12.319337
              ],
              [
                107.482867,
                12.319552
              ],
              [
                107.48541,
                12.320795
              ],
              [
                107.488672,
                12.322389
              ],
              [
                107.493653,
                12.324823
              ],
              [
                107.50018,
                12.328013
              ],
              [
                107.51558,
                12.337954
              ],
              [
                107.531408,
                12.345995
              ],
              [
                107.539095,
                12.349917
              ],
              [
                107.542478,
                12.353062
              ],
              [
                107.545758,
                12.364378
              ],
              [
                107.547355,
                12.36941
              ],
              [
                107.549967,
                12.375306
              ],
              [
                107.55221,
                12.380085
              ],
              [
                107.551465,
                12.382319
              ],
              [
                107.549323,
                12.385509
              ],
              [
                107.544362,
                12.39299
              ],
              [
                107.542171,
                12.398371
              ],
              [
                107.541903,
                12.400653
              ],
              [
                107.541781,
                12.413361
              ],
              [
                107.543417,
                12.416203
              ],
              [
                107.547281,
                12.419905
              ],
              [
                107.550462,
                12.425185
              ],
              [
                107.555488,
                12.436024
              ],
              [
                107.559666,
                12.444408
              ],
              [
                107.563229,
                12.450437
              ],
              [
                107.564806,
                12.455965
              ],
              [
                107.565046,
                12.465302
              ],
              [
                107.564238,
                12.47163
              ],
              [
                107.564659,
                12.4738
              ],
              [
                107.567244,
                12.476769
              ],
              [
                107.571521,
                12.478232
              ],
              [
                107.574032,
                12.479403
              ],
              [
                107.575818,
                12.484263
              ],
              [
                107.577976,
                12.491361
              ],
              [
                107.578805,
                12.495882
              ],
              [
                107.578483,
                12.497448
              ],
              [
                107.573009,
                12.500976
              ],
              [
                107.57074,
                12.502476
              ],
              [
                107.569215,
                12.504435
              ],
              [
                107.568261,
                12.509268
              ],
              [
                107.567465,
                12.512382
              ],
              [
                107.564025,
                12.515083
              ],
              [
                107.561803,
                12.516629
              ],
              [
                107.56034,
                12.519299
              ],
              [
                107.561136,
                12.523528
              ],
              [
                107.563051,
                12.527309
              ],
              [
                107.56605,
                12.531339
              ],
              [
                107.571131,
                12.532639
              ],
              [
                107.574235,
                12.533947
              ],
              [
                107.575845,
                12.53682
              ],
              [
                107.57533,
                12.538444
              ],
              [
                107.574122,
                12.540658
              ],
              [
                107.574327,
                12.543086
              ],
              [
                107.575286,
                12.544784
              ],
              [
                107.577215,
                12.547849
              ],
              [
                107.582871,
                12.553102
              ],
              [
                107.586354,
                12.556507
              ],
              [
                107.587896,
                12.558742
              ],
              [
                107.587759,
                12.5603
              ],
              [
                107.585944,
                12.562971
              ],
              [
                107.583148,
                12.567795
              ],
              [
                107.579651,
                12.574368
              ],
              [
                107.578377,
                12.57796
              ],
              [
                107.578397,
                12.582956
              ],
              [
                107.579438,
                12.591052
              ],
              [
                107.580379,
                12.593473
              ],
              [
                107.582783,
                12.597797
              ],
              [
                107.582679,
                12.605666
              ],
              [
                107.581344,
                12.613368
              ],
              [
                107.579102,
                12.619696
              ],
              [
                107.575964,
                12.623893
              ],
              [
                107.573002,
                12.626428
              ],
              [
                107.571113,
                12.629431
              ],
              [
                107.569362,
                12.636893
              ],
              [
                107.568583,
                12.650035
              ],
              [
                107.568538,
                12.66027
              ],
              [
                107.569832,
                12.665382
              ],
              [
                107.573772,
                12.670468
              ],
              [
                107.579174,
                12.678172
              ],
              [
                107.57942,
                12.681615
              ],
              [
                107.576291,
                12.687996
              ],
              [
                107.571718,
                12.694744
              ],
              [
                107.560998,
                12.705397
              ],
              [
                107.559172,
                12.708912
              ],
              [
                107.557834,
                12.713336
              ],
              [
                107.557646,
                12.716202
              ],
              [
                107.558864,
                12.71928
              ],
              [
                107.562191,
                12.723927
              ],
              [
                107.564301,
                12.727667
              ],
              [
                107.565348,
                12.731465
              ],
              [
                107.562901,
                12.73586
              ],
              [
                107.560077,
                12.742319
              ],
              [
                107.558569,
                12.748752
              ],
              [
                107.558154,
                12.75797
              ],
              [
                107.558665,
                12.768025
              ],
              [
                107.560931,
                12.777159
              ],
              [
                107.56062,
                12.788678
              ],
              [
                107.560088,
                12.794466
              ],
              [
                107.60774,
                12.799629
              ],
              [
                107.636495,
                12.800098
              ],
              [
                107.665503,
                12.797146
              ],
              [
                107.704204,
                12.790322
              ],
              [
                107.732274,
                12.784401
              ],
              [
                107.777053,
                12.780472
              ],
              [
                107.802181,
                12.779953
              ],
              [
                107.817656,
                12.793928
              ],
              [
                107.822657,
                12.802791
              ],
              [
                107.824824,
                12.802571
              ],
              [
                107.827741,
                12.802964
              ],
              [
                107.830106,
                12.80359
              ],
              [
                107.832104,
                12.80445
              ],
              [
                107.835608,
                12.806583
              ],
              [
                107.838671,
                12.808854
              ],
              [
                107.843175,
                12.81243
              ],
              [
                107.845592,
                12.813424
              ],
              [
                107.847068,
                12.813306
              ],
              [
                107.849094,
                12.811768
              ],
              [
                107.850902,
                12.810039
              ],
              [
                107.853936,
                12.808877
              ],
              [
                107.861354,
                12.799443
              ],
              [
                107.861445,
                12.795483
              ],
              [
                107.858973,
                12.792414
              ],
              [
                107.854877,
                12.786989
              ],
              [
                107.852654,
                12.783665
              ],
              [
                107.851967,
                12.780217
              ],
              [
                107.852533,
                12.777442
              ],
              [
                107.854902,
                12.771867
              ],
              [
                107.854705,
                12.768334
              ],
              [
                107.854495,
                12.7648
              ],
              [
                107.854815,
                12.762996
              ],
              [
                107.85506,
                12.761613
              ],
              [
                107.856443,
                12.760052
              ],
              [
                107.858986,
                12.75722
              ],
              [
                107.864856,
                12.753296
              ],
              [
                107.866737,
                12.752401
              ],
              [
                107.871179,
                12.752167
              ],
              [
                107.874925,
                12.753092
              ],
              [
                107.888711,
                12.750903
              ],
              [
                107.901342,
                12.745125
              ],
              [
                107.908228,
                12.739376
              ],
              [
                107.908362,
                12.736319
              ],
              [
                107.907527,
                12.732964
              ],
              [
                107.905238,
                12.729018
              ],
              [
                107.901295,
                12.727087
              ],
              [
                107.898389,
                12.725858
              ],
              [
                107.896345,
                12.723803
              ],
              [
                107.894803,
                12.720559
              ],
              [
                107.894386,
                12.716406
              ],
              [
                107.894208,
                12.712629
              ],
              [
                107.895395,
                12.711037
              ],
              [
                107.898699,
                12.708323
              ],
              [
                107.901191,
                12.705198
              ],
              [
                107.904992,
                12.699967
              ],
              [
                107.908421,
                12.696623
              ],
              [
                107.910373,
                12.694524
              ],
              [
                107.91045,
                12.693034
              ],
              [
                107.909702,
                12.690978
              ],
              [
                107.90856,
                12.688292
              ],
              [
                107.906329,
                12.686047
              ],
              [
                107.904678,
                12.682473
              ],
              [
                107.903679,
                12.678217
              ],
              [
                107.904106,
                12.671857
              ],
              [
                107.911178,
                12.666548
              ],
              [
                107.912313,
                12.66444
              ],
              [
                107.912941,
                12.660777
              ],
              [
                107.912724,
                12.659398
              ],
              [
                107.911749,
                12.657953
              ],
              [
                107.910245,
                12.656731
              ],
              [
                107.9078,
                12.656072
              ],
              [
                107.905705,
                12.655474
              ],
              [
                107.903611,
                12.653956
              ],
              [
                107.903355,
                12.653568
              ],
              [
                107.903151,
                12.653176
              ],
              [
                107.902998,
                12.652783
              ],
              [
                107.902894,
                12.65239
              ],
              [
                107.902831,
                12.652002
              ],
              [
                107.902803,
                12.651623
              ],
              [
                107.902803,
                12.651258
              ],
              [
                107.902823,
                12.650912
              ],
              [
                107.902858,
                12.650589
              ],
              [
                107.90292,
                12.650288
              ],
              [
                107.903022,
                12.650006
              ],
              [
                107.90439,
                12.648291
              ],
              [
                107.905746,
                12.647217
              ],
              [
                107.907617,
                12.647067
              ],
              [
                107.910413,
                12.647672
              ],
              [
                107.913269,
                12.648107
              ],
              [
                107.915484,
                12.648419
              ],
              [
                107.917363,
                12.647638
              ],
              [
                107.919223,
                12.643474
              ],
              [
                107.919667,
                12.640447
              ],
              [
                107.920805,
                12.630597
              ],
              [
                107.923335,
                12.622502
              ],
              [
                107.926301,
                12.618594
              ],
              [
                107.927307,
                12.615857
              ],
              [
                107.92717,
                12.610304
              ],
              [
                107.927279,
                12.605028
              ],
              [
                107.928225,
                12.602201
              ],
              [
                107.928848,
                12.601284
              ],
              [
                107.932337,
                12.596982
              ],
              [
                107.933177,
                12.593837
              ],
              [
                107.932994,
                12.590824
              ],
              [
                107.932077,
                12.588161
              ],
              [
                107.930003,
                12.584625
              ],
              [
                107.924495,
                12.581336
              ],
              [
                107.917443,
                12.580703
              ],
              [
                107.908061,
                12.577011
              ],
              [
                107.898716,
                12.570182
              ],
              [
                107.893146,
                12.565412
              ],
              [
                107.892899,
                12.560856
              ],
              [
                107.89407,
                12.55692
              ],
              [
                107.894158,
                12.554651
              ],
              [
                107.893744,
                12.55375
              ],
              [
                107.891278,
                12.552545
              ],
              [
                107.887052,
                12.54912
              ],
              [
                107.886316,
                12.545575
              ],
              [
                107.886348,
                12.542899
              ],
              [
                107.887443,
                12.540809
              ],
              [
                107.89047,
                12.539888
              ],
              [
                107.894091,
                12.538114
              ],
              [
                107.898316,
                12.534627
              ],
              [
                107.901569,
                12.531128
              ],
              [
                107.903838,
                12.528478
              ],
              [
                107.908236,
                12.526808
              ],
              [
                107.911059,
                12.52665
              ],
              [
                107.912115,
                12.527809
              ],
              [
                107.913557,
                12.529259
              ],
              [
                107.916949,
                12.530349
              ],
              [
                107.921977,
                12.531378
              ],
              [
                107.922592,
                12.531567
              ],
              [
                107.926611,
                12.531375
              ],
              [
                107.934507,
                12.530031
              ],
              [
                107.942308,
                12.527758
              ],
              [
                107.947991,
                12.525119
              ],
              [
                107.955829,
                12.520429
              ],
              [
                107.963829,
                12.51412
              ],
              [
                107.976661,
                12.503482
              ],
              [
                107.981041,
                12.497552
              ],
              [
                107.983849,
                12.495825
              ],
              [
                107.984382,
                12.495816
              ],
              [
                107.987513,
                12.48982
              ],
              [
                107.988619,
                12.48741
              ],
              [
                107.990486,
                12.485917
              ],
              [
                107.993404,
                12.486706
              ],
              [
                107.995253,
                12.486727
              ],
              [
                107.997763,
                12.482818
              ],
              [
                107.999204,
                12.478141
              ],
              [
                107.998313,
                12.475254
              ],
              [
                107.994799,
                12.472733
              ],
              [
                107.993512,
                12.470497
              ],
              [
                107.991019,
                12.466391
              ],
              [
                107.989833,
                12.462441
              ],
              [
                107.989277,
                12.457334
              ],
              [
                107.988075,
                12.454548
              ],
              [
                107.983378,
                12.447683
              ],
              [
                107.977717,
                12.444289
              ],
              [
                107.970743,
                12.440598
              ],
              [
                107.964236,
                12.437778
              ],
              [
                107.961432,
                12.438026
              ],
              [
                107.957899,
                12.439524
              ],
              [
                107.954699,
                12.441287
              ],
              [
                107.950626,
                12.442319
              ],
              [
                107.9474,
                12.441525
              ],
              [
                107.941892,
                12.438284
              ],
              [
                107.937153,
                12.435202
              ],
              [
                107.929629,
                12.433149
              ],
              [
                107.924098,
                12.431875
              ],
              [
                107.921358,
                12.429118
              ],
              [
                107.920611,
                12.427142
              ],
              [
                107.920953,
                12.424269
              ],
              [
                107.924593,
                12.415983
              ],
              [
                107.924476,
                12.412803
              ],
              [
                107.922042,
                12.410201
              ],
              [
                107.915624,
                12.408373
              ],
              [
                107.91392,
                12.407358
              ],
              [
                107.911104,
                12.403469
              ],
              [
                107.911025,
                12.399979
              ],
              [
                107.912916,
                12.395723
              ],
              [
                107.916928,
                12.386676
              ],
              [
                107.919295,
                12.381858
              ],
              [
                107.923791,
                12.379335
              ],
              [
                107.928506,
                12.377699
              ],
              [
                107.931703,
                12.374429
              ],
              [
                107.932218,
                12.369892
              ],
              [
                107.931958,
                12.365802
              ],
              [
                107.928984,
                12.356684
              ],
              [
                107.929478,
                12.353964
              ],
              [
                107.931869,
                12.345005
              ],
              [
                107.933266,
                12.342255
              ],
              [
                107.935736,
                12.340085
              ],
              [
                107.941339,
                12.336756
              ],
              [
                107.943415,
                12.334415
              ],
              [
                107.942601,
                12.331298
              ],
              [
                107.941866,
                12.329711
              ],
              [
                107.942813,
                12.327425
              ],
              [
                107.948168,
                12.322531
              ],
              [
                107.953447,
                12.318805
              ],
              [
                107.961337,
                12.315562
              ],
              [
                107.969229,
                12.312168
              ],
              [
                107.972525,
                12.306754
              ],
              [
                107.973368,
                12.300404
              ],
              [
                107.974793,
                12.297862
              ],
              [
                107.979669,
                12.298585
              ],
              [
                107.985389,
                12.302065
              ],
              [
                107.991951,
                12.304193
              ],
              [
                107.996237,
                12.305482
              ],
              [
                107.997683,
                12.305281
              ],
              [
                107.998646,
                12.304001
              ],
              [
                108.000014,
                12.30167
              ],
              [
                108.000296,
                12.300796
              ],
              [
                108.000416,
                12.300421
              ],
              [
                108.001019,
                12.298904
              ],
              [
                108.00157,
                12.297907
              ],
              [
                108.001757,
                12.297693
              ],
              [
                108.001954,
                12.297466
              ],
              [
                108.002323,
                12.297141
              ],
              [
                108.002674,
                12.297044
              ],
              [
                108.002934,
                12.297067
              ],
              [
                108.003052,
                12.297077
              ],
              [
                108.003546,
                12.297254
              ],
              [
                108.005439,
                12.298086
              ],
              [
                108.005865,
                12.298151
              ],
              [
                108.0075,
                12.298927
              ],
              [
                108.008365,
                12.299607
              ],
              [
                108.00913,
                12.300209
              ],
              [
                108.009628,
                12.300598
              ],
              [
                108.011673,
                12.302462
              ],
              [
                108.01254,
                12.303078
              ],
              [
                108.013358,
                12.303441
              ],
              [
                108.014232,
                12.3034
              ],
              [
                108.014852,
                12.303053
              ],
              [
                108.015582,
                12.302151
              ],
              [
                108.016322,
                12.300288
              ],
              [
                108.016522,
                12.299252
              ],
              [
                108.016595,
                12.298875
              ],
              [
                108.017046,
                12.296145
              ],
              [
                108.017102,
                12.295632
              ],
              [
                108.01711,
                12.294933
              ],
              [
                108.01711,
                12.294855
              ],
              [
                108.017278,
                12.293022
              ],
              [
                108.017701,
                12.292177
              ],
              [
                108.01833,
                12.291572
              ],
              [
                108.019475,
                12.291075
              ],
              [
                108.019567,
                12.291041
              ],
              [
                108.02055,
                12.290679
              ],
              [
                108.022956,
                12.289974
              ],
              [
                108.024465,
                12.289532
              ],
              [
                108.026017,
                12.289328
              ],
              [
                108.02718,
                12.289268
              ],
              [
                108.028681,
                12.289189
              ],
              [
                108.029579,
                12.289269
              ],
              [
                108.033852,
                12.289653
              ],
              [
                108.035859,
                12.289846
              ],
              [
                108.036973,
                12.289953
              ],
              [
                108.03708,
                12.289951
              ],
              [
                108.038149,
                12.289745
              ],
              [
                108.03889,
                12.289213
              ],
              [
                108.038896,
                12.289205
              ],
              [
                108.03918,
                12.288487
              ],
              [
                108.03934,
                12.286541
              ],
              [
                108.039469,
                12.28523
              ],
              [
                108.039578,
                12.284464
              ],
              [
                108.039811,
                12.283007
              ],
              [
                108.039839,
                12.282893
              ],
              [
                108.040239,
                12.28122
              ],
              [
                108.040545,
                12.279944
              ],
              [
                108.041489,
                12.276969
              ],
              [
                108.042982,
                12.273831
              ],
              [
                108.046033,
                12.270422
              ],
              [
                108.05301,
                12.263615
              ],
              [
                108.064393,
                12.253891
              ],
              [
                108.070469,
                12.249368
              ],
              [
                108.075957,
                12.245316
              ],
              [
                108.079005,
                12.242098
              ],
              [
                108.081078,
                12.239156
              ],
              [
                108.082346,
                12.236252
              ],
              [
                108.083072,
                12.234589
              ],
              [
                108.087152,
                12.225933
              ],
              [
                108.090132,
                12.220038
              ],
              [
                108.095076,
                12.212252
              ],
              [
                108.096134,
                12.211532
              ],
              [
                108.099091,
                12.209522
              ],
              [
                108.103299,
                12.206794
              ],
              [
                108.104578,
                12.205563
              ],
              [
                108.105281,
                12.204779
              ],
              [
                108.105984,
                12.203994
              ],
              [
                108.108392,
                12.200889
              ],
              [
                108.108466,
                12.200809
              ],
              [
                108.108853,
                12.200305
              ],
              [
                108.109067,
                12.199974
              ],
              [
                108.10928,
                12.199644
              ],
              [
                108.109816,
                12.198749
              ],
              [
                108.110393,
                12.197715
              ],
              [
                108.110665,
                12.197188
              ],
              [
                108.11091,
                12.196669
              ],
              [
                108.111119,
                12.196131
              ],
              [
                108.111285,
                12.195541
              ],
              [
                108.1114,
                12.194864
              ],
              [
                108.111455,
                12.194065
              ],
              [
                108.111449,
                12.193126
              ],
              [
                108.111397,
                12.192087
              ],
              [
                108.111327,
                12.191075
              ],
              [
                108.111248,
                12.189927
              ],
              [
                108.111179,
                12.188925
              ],
              [
                108.111157,
                12.188027
              ],
              [
                108.111193,
                12.187221
              ],
              [
                108.111307,
                12.186476
              ],
              [
                108.111519,
                12.185759
              ],
              [
                108.111846,
                12.18504
              ],
              [
                108.1123,
                12.184294
              ],
              [
                108.112327,
                12.184257
              ],
              [
                108.11285,
                12.183524
              ],
              [
                108.113263,
                12.182992
              ],
              [
                108.114112,
                12.181897
              ],
              [
                108.114745,
                12.181058
              ],
              [
                108.115337,
                12.180211
              ],
              [
                108.115876,
                12.179385
              ],
              [
                108.116575,
                12.17826
              ],
              [
                108.116794,
                12.177907
              ],
              [
                108.117116,
                12.177389
              ],
              [
                108.11739,
                12.176989
              ],
              [
                108.117629,
                12.176723
              ],
              [
                108.117874,
                12.176563
              ],
              [
                108.118169,
                12.17648
              ],
              [
                108.118554,
                12.176446
              ],
              [
                108.119064,
                12.176442
              ],
              [
                108.119698,
                12.176481
              ],
              [
                108.120448,
                12.176585
              ],
              [
                108.121305,
                12.176774
              ],
              [
                108.12166,
                12.176884
              ],
              [
                108.12226,
                12.17707
              ],
              [
                108.123296,
                12.177485
              ],
              [
                108.124363,
                12.17799
              ],
              [
                108.125402,
                12.178546
              ],
              [
                108.126355,
                12.179116
              ],
              [
                108.127164,
                12.17966
              ],
              [
                108.127786,
                12.180146
              ],
              [
                108.128241,
                12.18057
              ],
              [
                108.128567,
                12.180934
              ],
              [
                108.128807,
                12.181254
              ],
              [
                108.128981,
                12.181488
              ],
              [
                108.129144,
                12.181683
              ],
              [
                108.129333,
                12.181838
              ],
              [
                108.129593,
                12.181967
              ],
              [
                108.129968,
                12.182083
              ],
              [
                108.130502,
                12.182203
              ],
              [
                108.130956,
                12.182284
              ],
              [
                108.133034,
                12.182655
              ],
              [
                108.134004,
                12.182842
              ],
              [
                108.13478,
                12.183012
              ],
              [
                108.134939,
                12.183047
              ],
              [
                108.135605,
                12.183223
              ],
              [
                108.135792,
                12.183272
              ],
              [
                108.136581,
                12.183526
              ],
              [
                108.137339,
                12.183817
              ],
              [
                108.149079,
                12.188331
              ],
              [
                108.153224,
                12.190108
              ],
              [
                108.154279,
                12.190589
              ],
              [
                108.155366,
                12.191084
              ],
              [
                108.159367,
                12.191783
              ],
              [
                108.160885,
                12.191858
              ],
              [
                108.164665,
                12.190523
              ],
              [
                108.166064,
                12.189956
              ],
              [
                108.170704,
                12.188075
              ],
              [
                108.174259,
                12.186263
              ],
              [
                108.174657,
                12.185946
              ],
              [
                108.178717,
                12.18272
              ],
              [
                108.183171,
                12.175608
              ],
              [
                108.185917,
                12.173831
              ],
              [
                108.187347,
                12.173458
              ],
              [
                108.190546,
                12.172623
              ],
              [
                108.197907,
                12.171443
              ],
              [
                108.201613,
                12.171302
              ],
              [
                108.203119,
                12.171522
              ],
              [
                108.203276,
                12.171568
              ],
              [
                108.204678,
                12.171979
              ],
              [
                108.206076,
                12.172723
              ],
              [
                108.207236,
                12.173556
              ],
              [
                108.207365,
                12.173719
              ],
              [
                108.207572,
                12.174159
              ],
              [
                108.207593,
                12.174627
              ],
              [
                108.207312,
                12.175664
              ],
              [
                108.207117,
                12.176381
              ],
              [
                108.207117,
                12.177571
              ],
              [
                108.207474,
                12.178582
              ],
              [
                108.20782,
                12.179192
              ],
              [
                108.207991,
                12.179492
              ],
              [
                108.208218,
                12.179891
              ],
              [
                108.208872,
                12.180427
              ],
              [
                108.210264,
                12.180981
              ],
              [
                108.211355,
                12.181674
              ],
              [
                108.211548,
                12.181796
              ],
              [
                108.212167,
                12.182318
              ],
              [
                108.212735,
                12.182799
              ],
              [
                108.215194,
                12.184252
              ],
              [
                108.216078,
                12.184355
              ],
              [
                108.218561,
                12.184645
              ],
              [
                108.223394,
                12.184181
              ],
              [
                108.224916,
                12.183809
              ],
              [
                108.225719,
                12.183612
              ],
              [
                108.227088,
                12.182216
              ],
              [
                108.227631,
                12.181022
              ],
              [
                108.228884,
                12.178352
              ],
              [
                108.230291,
                12.177523
              ],
              [
                108.230702,
                12.177281
              ],
              [
                108.233159,
                12.176559
              ],
              [
                108.23492,
                12.17543
              ],
              [
                108.235805,
                12.174406
              ],
              [
                108.236257,
                12.172775
              ],
              [
                108.236303,
                12.171761
              ],
              [
                108.236376,
                12.170629
              ],
              [
                108.236472,
                12.169446
              ],
              [
                108.236588,
                12.168279
              ],
              [
                108.236722,
                12.167197
              ],
              [
                108.236869,
                12.166253
              ],
              [
                108.237025,
                12.165447
              ],
              [
                108.237184,
                12.164767
              ],
              [
                108.237483,
                12.163729
              ],
              [
                108.237734,
                12.163032
              ],
              [
                108.237849,
                12.162779
              ],
              [
                108.237964,
                12.162573
              ],
              [
                108.238085,
                12.1624
              ],
              [
                108.238215,
                12.162251
              ],
              [
                108.238351,
                12.162123
              ],
              [
                108.239162,
                12.161823
              ],
              [
                108.239318,
                12.161856
              ],
              [
                108.239362,
                12.161872
              ],
              [
                108.239371,
                12.161875
              ],
              [
                108.239714,
                12.161998
              ],
              [
                108.240078,
                12.162169
              ],
              [
                108.240213,
                12.162232
              ],
              [
                108.24048,
                12.162376
              ],
              [
                108.24101,
                12.162704
              ],
              [
                108.241519,
                12.163086
              ],
              [
                108.241893,
                12.163423
              ],
              [
                108.241898,
                12.163428
              ],
              [
                108.242026,
                12.163543
              ],
              [
                108.242539,
                12.164083
              ],
              [
                108.243011,
                12.164665
              ],
              [
                108.243212,
                12.164956
              ],
              [
                108.243382,
                12.165241
              ],
              [
                108.243526,
                12.165531
              ],
              [
                108.243651,
                12.165841
              ],
              [
                108.243762,
                12.166185
              ],
              [
                108.243867,
                12.166578
              ],
              [
                108.244364,
                12.168831
              ],
              [
                108.244456,
                12.169137
              ],
              [
                108.244575,
                12.169375
              ],
              [
                108.244753,
                12.16957
              ],
              [
                108.245025,
                12.169749
              ],
              [
                108.245423,
                12.169937
              ],
              [
                108.245964,
                12.170153
              ],
              [
                108.24801,
                12.170915
              ],
              [
                108.248654,
                12.171176
              ],
              [
                108.249202,
                12.171426
              ],
              [
                108.249663,
                12.17166
              ],
              [
                108.250708,
                12.172242
              ],
              [
                108.251764,
                12.172723
              ],
              [
                108.251952,
                12.172829
              ],
              [
                108.252099,
                12.172941
              ],
              [
                108.252208,
                12.173063
              ],
              [
                108.252284,
                12.173196
              ],
              [
                108.252333,
                12.173339
              ],
              [
                108.252361,
                12.173494
              ],
              [
                108.252366,
                12.173835
              ],
              [
                108.25231,
                12.17418
              ],
              [
                108.25226,
                12.17434
              ],
              [
                108.252193,
                12.174488
              ],
              [
                108.252092,
                12.174636
              ],
              [
                108.251938,
                12.174801
              ],
              [
                108.25171,
                12.174998
              ],
              [
                108.25139,
                12.175245
              ],
              [
                108.250519,
                12.175864
              ],
              [
                108.249556,
                12.176514
              ],
              [
                108.248467,
                12.177014
              ],
              [
                108.24811,
                12.177197
              ],
              [
                108.247827,
                12.17736
              ],
              [
                108.247616,
                12.177507
              ],
              [
                108.247458,
                12.177646
              ],
              [
                108.247336,
                12.177786
              ],
              [
                108.247233,
                12.177935
              ],
              [
                108.247045,
                12.178284
              ],
              [
                108.246966,
                12.178484
              ],
              [
                108.246903,
                12.178703
              ],
              [
                108.246861,
                12.178941
              ],
              [
                108.246844,
                12.179196
              ],
              [
                108.246854,
                12.179467
              ],
              [
                108.246893,
                12.17975
              ],
              [
                108.246962,
                12.180042
              ],
              [
                108.247061,
                12.180341
              ],
              [
                108.247747,
                12.181842
              ],
              [
                108.247974,
                12.182414
              ],
              [
                108.248216,
                12.183103
              ],
              [
                108.248295,
                12.183339
              ],
              [
                108.249023,
                12.185523
              ],
              [
                108.249314,
                12.186306
              ],
              [
                108.249614,
                12.187016
              ],
              [
                108.249923,
                12.187652
              ],
              [
                108.250242,
                12.188223
              ],
              [
                108.25057,
                12.188735
              ],
              [
                108.250908,
                12.189197
              ],
              [
                108.251255,
                12.189616
              ],
              [
                108.251604,
                12.189993
              ],
              [
                108.251945,
                12.190326
              ],
              [
                108.252569,
                12.190863
              ],
              [
                108.252841,
                12.191068
              ],
              [
                108.253109,
                12.191236
              ],
              [
                108.253401,
                12.191377
              ],
              [
                108.253749,
                12.191498
              ],
              [
                108.25418,
                12.191608
              ],
              [
                108.254713,
                12.191714
              ],
              [
                108.256524,
                12.192022
              ],
              [
                108.257042,
                12.192125
              ],
              [
                108.257451,
                12.19223
              ],
              [
                108.257758,
                12.192339
              ],
              [
                108.257983,
                12.192453
              ],
              [
                108.258145,
                12.192573
              ],
              [
                108.258263,
                12.192701
              ],
              [
                108.258353,
                12.192842
              ],
              [
                108.258415,
                12.193016
              ],
              [
                108.258444,
                12.193245
              ],
              [
                108.258436,
                12.193552
              ],
              [
                108.258387,
                12.193961
              ],
              [
                108.258296,
                12.194482
              ],
              [
                108.258175,
                12.19508
              ],
              [
                108.257817,
                12.196857
              ],
              [
                108.257747,
                12.197298
              ],
              [
                108.25771,
                12.197647
              ],
              [
                108.257701,
                12.197928
              ],
              [
                108.257715,
                12.198162
              ],
              [
                108.257745,
                12.19837
              ],
              [
                108.257874,
                12.19899
              ],
              [
                108.257903,
                12.199215
              ],
              [
                108.25791,
                12.199459
              ],
              [
                108.25784,
                12.200286
              ],
              [
                108.257842,
                12.200563
              ],
              [
                108.257884,
                12.200824
              ],
              [
                108.257982,
                12.201062
              ],
              [
                108.258127,
                12.201276
              ],
              [
                108.258307,
                12.201465
              ],
              [
                108.258511,
                12.201633
              ],
              [
                108.258727,
                12.201778
              ],
              [
                108.258771,
                12.201803
              ],
              [
                108.258948,
                12.201906
              ],
              [
                108.259332,
                12.202102
              ],
              [
                108.260134,
                12.202513
              ],
              [
                108.262148,
                12.203629
              ],
              [
                108.262681,
                12.203897
              ],
              [
                108.263186,
                12.204123
              ],
              [
                108.26367,
                12.204302
              ],
              [
                108.264142,
                12.204434
              ],
              [
                108.264612,
                12.204514
              ],
              [
                108.265089,
                12.204543
              ],
              [
                108.265582,
                12.204522
              ],
              [
                108.266604,
                12.20443
              ],
              [
                108.267125,
                12.204416
              ],
              [
                108.267648,
                12.204461
              ],
              [
                108.268166,
                12.204584
              ],
              [
                108.268664,
                12.204768
              ],
              [
                108.269127,
                12.204989
              ],
              [
                108.269538,
                12.20522
              ],
              [
                108.270142,
                12.205618
              ],
              [
                108.270335,
                12.205786
              ],
              [
                108.270474,
                12.205965
              ],
              [
                108.270577,
                12.206182
              ],
              [
                108.270659,
                12.206463
              ],
              [
                108.270734,
                12.206827
              ],
              [
                108.270982,
                12.208281
              ],
              [
                108.271091,
                12.208828
              ],
              [
                108.271224,
                12.20938
              ],
              [
                108.271392,
                12.209938
              ],
              [
                108.27161,
                12.210508
              ],
              [
                108.271892,
                12.211094
              ],
              [
                108.271968,
                12.211221
              ],
              [
                108.272252,
                12.2117
              ],
              [
                108.272695,
                12.212326
              ],
              [
                108.273197,
                12.212947
              ],
              [
                108.273726,
                12.213534
              ],
              [
                108.27425,
                12.214056
              ],
              [
                108.274736,
                12.214483
              ],
              [
                108.275164,
                12.214792
              ],
              [
                108.275551,
                12.21499
              ],
              [
                108.275929,
                12.215089
              ],
              [
                108.27611,
                12.215095
              ],
              [
                108.276326,
                12.215103
              ],
              [
                108.276773,
                12.215045
              ],
              [
                108.277295,
                12.214924
              ],
              [
                108.2776,
                12.214833
              ],
              [
                108.277904,
                12.214743
              ],
              [
                108.278606,
                12.214496
              ],
              [
                108.279409,
                12.214182
              ],
              [
                108.28032,
                12.213798
              ],
              [
                108.281314,
                12.213356
              ],
              [
                108.282872,
                12.212653
              ],
              [
                108.285457,
                12.211487
              ],
              [
                108.286165,
                12.211109
              ],
              [
                108.287654,
                12.2113
              ],
              [
                108.287716,
                12.211296
              ],
              [
                108.289469,
                12.210887
              ],
              [
                108.291551,
                12.209757
              ],
              [
                108.292681,
                12.208627
              ],
              [
                108.292979,
                12.207259
              ],
              [
                108.292979,
                12.204344
              ],
              [
                108.293157,
                12.203332
              ],
              [
                108.293633,
                12.202797
              ],
              [
                108.294347,
                12.202916
              ],
              [
                108.295358,
                12.203392
              ],
              [
                108.296191,
                12.204284
              ],
              [
                108.296788,
                12.205507
              ],
              [
                108.29744,
                12.206842
              ],
              [
                108.298749,
                12.208627
              ],
              [
                108.29982,
                12.209757
              ],
              [
                108.3017,
                12.211037
              ],
              [
                108.302961,
                12.211811
              ],
              [
                108.30446,
                12.212731
              ],
              [
                108.307206,
                12.214272
              ],
              [
                108.308534,
                12.215102
              ],
              [
                108.308541,
                12.215104
              ],
              [
                108.308545,
                12.215109
              ],
              [
                108.308729,
                12.215224
              ],
              [
                108.308885,
                12.215518
              ],
              [
                108.309157,
                12.216033
              ],
              [
                108.3093,
                12.21727
              ],
              [
                108.309633,
                12.218317
              ],
              [
                108.309748,
                12.218399
              ],
              [
                108.310299,
                12.218793
              ],
              [
                108.311394,
                12.219031
              ],
              [
                108.313252,
                12.219154
              ],
              [
                108.314529,
                12.219238
              ],
              [
                108.317523,
                12.220007
              ],
              [
                108.318868,
                12.22036
              ],
              [
                108.320108,
                12.220686
              ],
              [
                108.32042,
                12.220766
              ],
              [
                108.320574,
                12.220999
              ],
              [
                108.320571,
                12.221307
              ],
              [
                108.320489,
                12.221691
              ],
              [
                108.319536,
                12.223068
              ],
              [
                108.319373,
                12.22376
              ],
              [
                108.319367,
                12.224376
              ],
              [
                108.319673,
                12.225073
              ],
              [
                108.320566,
                12.226149
              ],
              [
                108.32058,
                12.226162
              ],
              [
                108.320919,
                12.226418
              ],
              [
                108.321288,
                12.226651
              ],
              [
                108.321694,
                12.226874
              ],
              [
                108.323198,
                12.227653
              ],
              [
                108.323812,
                12.228
              ],
              [
                108.325128,
                12.228799
              ],
              [
                108.326383,
                12.229623
              ],
              [
                108.326928,
                12.230003
              ],
              [
                108.328507,
                12.231154
              ],
              [
                108.328995,
                12.231459
              ],
              [
                108.32919,
                12.231553
              ],
              [
                108.329365,
                12.231617
              ],
              [
                108.329694,
                12.23168
              ],
              [
                108.329729,
                12.23168
              ],
              [
                108.329864,
                12.231682
              ],
              [
                108.330047,
                12.231661
              ],
              [
                108.33025,
                12.231615
              ],
              [
                108.330479,
                12.23154
              ],
              [
                108.330703,
                12.231449
              ],
              [
                108.331144,
                12.231271
              ],
              [
                108.332686,
                12.230349
              ],
              [
                108.333723,
                12.229767
              ],
              [
                108.334604,
                12.229144
              ],
              [
                108.336653,
                12.228342
              ],
              [
                108.336874,
                12.228371
              ],
              [
                108.337129,
                12.228404
              ],
              [
                108.337293,
                12.228425
              ],
              [
                108.337423,
                12.228442
              ],
              [
                108.337604,
                12.228466
              ],
              [
                108.337763,
                12.228558
              ],
              [
                108.338378,
                12.228913
              ],
              [
                108.338706,
                12.229371
              ],
              [
                108.338831,
                12.229881
              ],
              [
                108.338844,
                12.230234
              ],
              [
                108.338691,
                12.231302
              ],
              [
                108.338502,
                12.232629
              ],
              [
                108.338473,
                12.232831
              ],
              [
                108.338446,
                12.233005
              ],
              [
                108.338366,
                12.233358
              ],
              [
                108.338257,
                12.233713
              ],
              [
                108.338125,
                12.234061
              ],
              [
                108.337977,
                12.234391
              ],
              [
                108.337822,
                12.234691
              ],
              [
                108.337667,
                12.23495
              ],
              [
                108.337518,
                12.235158
              ],
              [
                108.337376,
                12.235322
              ],
              [
                108.337238,
                12.235448
              ],
              [
                108.337104,
                12.235544
              ],
              [
                108.336833,
                12.23568
              ],
              [
                108.336665,
                12.235731
              ],
              [
                108.336113,
                12.235818
              ],
              [
                108.333706,
                12.236023
              ],
              [
                108.332471,
                12.236161
              ],
              [
                108.33205,
                12.236243
              ],
              [
                108.33177,
                12.236347
              ],
              [
                108.33161,
                12.23649
              ],
              [
                108.331548,
                12.236685
              ],
              [
                108.331562,
                12.23695
              ],
              [
                108.331636,
                12.237291
              ],
              [
                108.331757,
                12.237692
              ],
              [
                108.331919,
                12.238125
              ],
              [
                108.332113,
                12.238564
              ],
              [
                108.332333,
                12.238985
              ],
              [
                108.332569,
                12.239366
              ],
              [
                108.33281,
                12.239704
              ],
              [
                108.333422,
                12.240475
              ],
              [
                108.333547,
                12.240663
              ],
              [
                108.33362,
                12.240847
              ],
              [
                108.33364,
                12.24106
              ],
              [
                108.333605,
                12.241335
              ],
              [
                108.333512,
                12.241706
              ],
              [
                108.332987,
                12.243405
              ],
              [
                108.332806,
                12.244059
              ],
              [
                108.332662,
                12.244698
              ],
              [
                108.332575,
                12.24529
              ],
              [
                108.332543,
                12.245832
              ],
              [
                108.332561,
                12.246324
              ],
              [
                108.332623,
                12.246769
              ],
              [
                108.332722,
                12.247166
              ],
              [
                108.332853,
                12.247519
              ],
              [
                108.333011,
                12.247832
              ],
              [
                108.333189,
                12.248108
              ],
              [
                108.333384,
                12.248352
              ],
              [
                108.33359,
                12.248569
              ],
              [
                108.333802,
                12.248763
              ],
              [
                108.334018,
                12.248933
              ],
              [
                108.334236,
                12.249079
              ],
              [
                108.334456,
                12.2492
              ],
              [
                108.334676,
                12.249295
              ],
              [
                108.334896,
                12.249364
              ],
              [
                108.335124,
                12.249405
              ],
              [
                108.335369,
                12.249418
              ],
              [
                108.335639,
                12.249404
              ],
              [
                108.335945,
                12.249361
              ],
              [
                108.336291,
                12.249288
              ],
              [
                108.336666,
                12.24918
              ],
              [
                108.337054,
                12.249029
              ],
              [
                108.337437,
                12.248829
              ],
              [
                108.337801,
                12.248572
              ],
              [
                108.338132,
                12.248257
              ],
              [
                108.338431,
                12.247907
              ],
              [
                108.339187,
                12.246908
              ],
              [
                108.339406,
                12.246677
              ],
              [
                108.339611,
                12.246513
              ],
              [
                108.339803,
                12.246411
              ],
              [
                108.339981,
                12.246364
              ],
              [
                108.340078,
                12.246366
              ],
              [
                108.340699,
                12.246266
              ],
              [
                108.342412,
                12.24678
              ],
              [
                108.344011,
                12.247751
              ],
              [
                108.345662,
                12.249377
              ],
              [
                108.346413,
                12.250097
              ],
              [
                108.347046,
                12.250789
              ],
              [
                108.347679,
                12.251616
              ],
              [
                108.34907,
                12.253131
              ],
              [
                108.350086,
                12.253822
              ],
              [
                108.35125,
                12.254434
              ],
              [
                108.351742,
                12.254715
              ],
              [
                108.352508,
                12.25507
              ],
              [
                108.353965,
                12.25577
              ],
              [
                108.355039,
                12.255883
              ],
              [
                108.356146,
                12.255798
              ],
              [
                108.356651,
                12.255512
              ],
              [
                108.356986,
                12.255322
              ],
              [
                108.358485,
                12.254483
              ],
              [
                108.359793,
                12.25415
              ],
              [
                108.359939,
                12.254088
              ],
              [
                108.360278,
                12.254026
              ],
              [
                108.360298,
                12.254023
              ],
              [
                108.36206,
                12.25404
              ],
              [
                108.363062,
                12.254015
              ],
              [
                108.364395,
                12.254171
              ],
              [
                108.365151,
                12.254389
              ],
              [
                108.366384,
                12.254774
              ],
              [
                108.367271,
                12.255108
              ],
              [
                108.36765,
                12.255176
              ],
              [
                108.368063,
                12.255115
              ],
              [
                108.368544,
                12.254795
              ],
              [
                108.36859,
                12.254742
              ],
              [
                108.368958,
                12.25431
              ],
              [
                108.368992,
                12.254277
              ],
              [
                108.369947,
                12.252409
              ],
              [
                108.37037,
                12.251731
              ],
              [
                108.370684,
                12.251529
              ],
              [
                108.370905,
                12.251501
              ],
              [
                108.372454,
                12.251307
              ],
              [
                108.372948,
                12.251253
              ],
              [
                108.373213,
                12.251224
              ],
              [
                108.374799,
                12.250879
              ],
              [
                108.375412,
                12.250576
              ],
              [
                108.375992,
                12.250085
              ],
              [
                108.376067,
                12.25
              ],
              [
                108.377496,
                12.248397
              ],
              [
                108.378595,
                12.247163
              ],
              [
                108.378877,
                12.246895
              ],
              [
                108.381263,
                12.245709
              ],
              [
                108.383387,
                12.244292
              ],
              [
                108.383985,
                12.243542
              ],
              [
                108.384308,
                12.243173
              ],
              [
                108.384618,
                12.242868
              ],
              [
                108.384916,
                12.242623
              ],
              [
                108.3852,
                12.242433
              ],
              [
                108.385471,
                12.24229
              ],
              [
                108.385665,
                12.242211
              ],
              [
                108.385726,
                12.242187
              ],
              [
                108.385969,
                12.242117
              ],
              [
                108.385971,
                12.242117
              ],
              [
                108.386209,
                12.242078
              ],
              [
                108.386458,
                12.242065
              ],
              [
                108.38673,
                12.242076
              ],
              [
                108.387036,
                12.242108
              ],
              [
                108.387757,
                12.242221
              ],
              [
                108.388135,
                12.242295
              ],
              [
                108.388826,
                12.242464
              ],
              [
                108.389103,
                12.242553
              ],
              [
                108.389337,
                12.242649
              ],
              [
                108.389541,
                12.242761
              ],
              [
                108.389731,
                12.242894
              ],
              [
                108.38992,
                12.243056
              ],
              [
                108.390757,
                12.243908
              ],
              [
                108.390973,
                12.244105
              ],
              [
                108.391185,
                12.24427
              ],
              [
                108.39139,
                12.244405
              ],
              [
                108.391774,
                12.244595
              ],
              [
                108.392113,
                12.244702
              ],
              [
                108.392285,
                12.244724
              ],
              [
                108.392488,
                12.244719
              ],
              [
                108.392743,
                12.244682
              ],
              [
                108.393073,
                12.244608
              ],
              [
                108.394542,
                12.244204
              ],
              [
                108.39513,
                12.244057
              ],
              [
                108.395733,
                12.243931
              ],
              [
                108.396336,
                12.243838
              ],
              [
                108.396941,
                12.243781
              ],
              [
                108.397559,
                12.243761
              ],
              [
                108.398197,
                12.243778
              ],
              [
                108.398865,
                12.243833
              ],
              [
                108.399567,
                12.243925
              ],
              [
                108.400292,
                12.244053
              ],
              [
                108.401023,
                12.244211
              ],
              [
                108.401746,
                12.244398
              ],
              [
                108.402443,
                12.244609
              ],
              [
                108.403101,
                12.244839
              ],
              [
                108.403707,
                12.245075
              ],
              [
                108.405111,
                12.24567
              ],
              [
                108.405415,
                12.245782
              ],
              [
                108.405676,
                12.24584
              ],
              [
                108.405942,
                12.245844
              ],
              [
                108.406263,
                12.245792
              ],
              [
                108.406688,
                12.245685
              ],
              [
                108.409248,
                12.244937
              ],
              [
                108.410248,
                12.24467
              ],
              [
                108.41056,
                12.244612
              ],
              [
                108.410781,
                12.244598
              ],
              [
                108.410942,
                12.244623
              ],
              [
                108.411073,
                12.24468
              ],
              [
                108.4112,
                12.244764
              ],
              [
                108.411328,
                12.244877
              ],
              [
                108.411457,
                12.245016
              ],
              [
                108.411722,
                12.245382
              ],
              [
                108.412149,
                12.246101
              ],
              [
                108.412308,
                12.246347
              ],
              [
                108.412479,
                12.246576
              ],
              [
                108.412662,
                12.246781
              ],
              [
                108.413477,
                12.247551
              ],
              [
                108.413923,
                12.248044
              ],
              [
                108.414201,
                12.248327
              ],
              [
                108.414547,
                12.248633
              ],
              [
                108.414983,
                12.248958
              ],
              [
                108.415523,
                12.249298
              ],
              [
                108.416137,
                12.249642
              ],
              [
                108.416744,
                12.250063
              ],
              [
                108.417347,
                12.25039
              ],
              [
                108.418382,
                12.250773
              ],
              [
                108.420091,
                12.251357
              ],
              [
                108.42022,
                12.251363
              ],
              [
                108.421476,
                12.251386
              ],
              [
                108.422267,
                12.251426
              ],
              [
                108.422909,
                12.251578
              ],
              [
                108.42396,
                12.251945
              ],
              [
                108.424535,
                12.25221
              ],
              [
                108.425027,
                12.252523
              ],
              [
                108.425238,
                12.252834
              ],
              [
                108.425399,
                12.253208
              ],
              [
                108.425416,
                12.253665
              ],
              [
                108.425424,
                12.254147
              ],
              [
                108.425433,
                12.254676
              ],
              [
                108.425317,
                12.255938
              ],
              [
                108.425376,
                12.256928
              ],
              [
                108.425477,
                12.257287
              ],
              [
                108.425711,
                12.258126
              ],
              [
                108.426049,
                12.259016
              ],
              [
                108.426529,
                12.259635
              ],
              [
                108.42693,
                12.259942
              ],
              [
                108.427937,
                12.260147
              ],
              [
                108.428598,
                12.260072
              ],
              [
                108.429508,
                12.259691
              ],
              [
                108.43009,
                12.259226
              ],
              [
                108.430408,
                12.258774
              ],
              [
                108.430741,
                12.258114
              ],
              [
                108.430786,
                12.25801
              ],
              [
                108.430786,
                12.258009
              ],
              [
                108.431165,
                12.257119
              ],
              [
                108.431209,
                12.257009
              ],
              [
                108.431476,
                12.256352
              ],
              [
                108.431521,
                12.256273
              ],
              [
                108.431521,
                12.256273
              ],
              [
                108.431805,
                12.255768
              ],
              [
                108.431818,
                12.255757
              ],
              [
                108.433012,
                12.253687
              ],
              [
                108.43542,
                12.250913
              ],
              [
                108.435699,
                12.250745
              ],
              [
                108.436219,
                12.250784
              ],
              [
                108.437461,
                12.25141
              ],
              [
                108.438045,
                12.251927
              ],
              [
                108.438216,
                12.252202
              ],
              [
                108.438248,
                12.252509
              ],
              [
                108.438102,
                12.253225
              ],
              [
                108.437717,
                12.253631
              ],
              [
                108.436912,
                12.254408
              ],
              [
                108.435159,
                12.256439
              ],
              [
                108.434646,
                12.257235
              ],
              [
                108.434525,
                12.257423
              ],
              [
                108.434484,
                12.258071
              ],
              [
                108.434523,
                12.258131
              ],
              [
                108.434856,
                12.258632
              ],
              [
                108.434861,
                12.258639
              ],
              [
                108.436189,
                12.260641
              ],
              [
                108.437825,
                12.263469
              ],
              [
                108.438723,
                12.265394
              ],
              [
                108.439044,
                12.26725
              ],
              [
                108.439433,
                12.270196
              ],
              [
                108.439448,
                12.271967
              ],
              [
                108.439523,
                12.272942
              ],
              [
                108.439675,
                12.275288
              ],
              [
                108.439697,
                12.275946
              ],
              [
                108.440063,
                12.277122
              ],
              [
                108.440359,
                12.277551
              ],
              [
                108.440596,
                12.277892
              ],
              [
                108.441132,
                12.278662
              ],
              [
                108.441801,
                12.279074
              ],
              [
                108.442246,
                12.278988
              ],
              [
                108.442867,
                12.278121
              ],
              [
                108.443188,
                12.277326
              ],
              [
                108.444148,
                12.275887
              ],
              [
                108.444933,
                12.275102
              ],
              [
                108.446306,
                12.274435
              ],
              [
                108.446712,
                12.27441
              ],
              [
                108.447149,
                12.274329
              ],
              [
                108.447527,
                12.274332
              ],
              [
                108.447962,
                12.274336
              ],
              [
                108.45204,
                12.274914
              ],
              [
                108.456654,
                12.276264
              ],
              [
                108.457258,
                12.276441
              ],
              [
                108.457718,
                12.276624
              ],
              [
                108.46212,
                12.280529
              ],
              [
                108.463234,
                12.281922
              ],
              [
                108.464232,
                12.283426
              ],
              [
                108.464234,
                12.283444
              ],
              [
                108.464204,
                12.284089
              ],
              [
                108.463999,
                12.285187
              ],
              [
                108.463251,
                12.28714
              ],
              [
                108.46277,
                12.29163
              ],
              [
                108.463003,
                12.29517
              ],
              [
                108.463497,
                12.29788
              ],
              [
                108.46372,
                12.298087
              ],
              [
                108.464118,
                12.298142
              ],
              [
                108.464518,
                12.298094
              ],
              [
                108.464733,
                12.298024
              ],
              [
                108.465733,
                12.297652
              ],
              [
                108.467799,
                12.296938
              ],
              [
                108.469515,
                12.296667
              ],
              [
                108.471556,
                12.296829
              ],
              [
                108.473589,
                12.297744
              ],
              [
                108.477214,
                12.300684
              ],
              [
                108.477786,
                12.301257
              ],
              [
                108.478383,
                12.302398
              ],
              [
                108.478699,
                12.304967
              ],
              [
                108.478814,
                12.306537
              ],
              [
                108.479895,
                12.309202
              ],
              [
                108.480509,
                12.309952
              ],
              [
                108.480991,
                12.310407
              ],
              [
                108.48108,
                12.310466
              ],
              [
                108.481962,
                12.31073
              ],
              [
                108.48445,
                12.309929
              ],
              [
                108.487525,
                12.30863
              ],
              [
                108.489471,
                12.307286
              ],
              [
                108.490759,
                12.30558
              ],
              [
                108.497433,
                12.293858
              ],
              [
                108.497786,
                12.293281
              ],
              [
                108.497894,
                12.292855
              ],
              [
                108.497906,
                12.291525
              ],
              [
                108.497824,
                12.291011
              ],
              [
                108.497693,
                12.290192
              ],
              [
                108.497491,
                12.289541
              ],
              [
                108.497304,
                12.289147
              ],
              [
                108.49698,
                12.288649
              ],
              [
                108.496811,
                12.288187
              ],
              [
                108.496804,
                12.287026
              ],
              [
                108.496931,
                12.286464
              ],
              [
                108.497057,
                12.286005
              ],
              [
                108.497444,
                12.285377
              ],
              [
                108.499238,
                12.283422
              ],
              [
                108.500209,
                12.282603
              ],
              [
                108.500993,
                12.281941
              ],
              [
                108.505312,
                12.27957
              ],
              [
                108.506039,
                12.279082
              ],
              [
                108.506305,
                12.27892
              ],
              [
                108.506467,
                12.278833
              ],
              [
                108.506643,
                12.278751
              ],
              [
                108.506829,
                12.278677
              ],
              [
                108.507019,
                12.278614
              ],
              [
                108.507205,
                12.278559
              ],
              [
                108.507891,
                12.278385
              ],
              [
                108.509339,
                12.278296
              ],
              [
                108.510529,
                12.278337
              ],
              [
                108.511615,
                12.278582
              ],
              [
                108.512354,
                12.278623
              ],
              [
                108.512691,
                12.278642
              ],
              [
                108.518376,
                12.27959
              ],
              [
                108.523392,
                12.280416
              ],
              [
                108.524283,
                12.280563
              ],
              [
                108.525105,
                12.280709
              ],
              [
                108.526096,
                12.281012
              ],
              [
                108.526511,
                12.281138
              ],
              [
                108.526716,
                12.28112
              ],
              [
                108.532173,
                12.282078
              ],
              [
                108.532523,
                12.282139
              ],
              [
                108.532878,
                12.282258
              ],
              [
                108.533566,
                12.282488
              ],
              [
                108.533785,
                12.282592
              ],
              [
                108.536054,
                12.284203
              ],
              [
                108.536188,
                12.284298
              ],
              [
                108.536368,
                12.284441
              ],
              [
                108.536563,
                12.284608
              ],
              [
                108.536762,
                12.28479
              ],
              [
                108.536954,
                12.284975
              ],
              [
                108.537111,
                12.285134
              ],
              [
                108.537273,
                12.2853
              ],
              [
                108.53738,
                12.28542
              ],
              [
                108.537456,
                12.28552
              ],
              [
                108.537512,
                12.285614
              ],
              [
                108.537556,
                12.285716
              ],
              [
                108.537599,
                12.285842
              ],
              [
                108.537703,
                12.286187
              ],
              [
                108.537756,
                12.286386
              ],
              [
                108.537802,
                12.286585
              ],
              [
                108.537836,
                12.286773
              ],
              [
                108.537854,
                12.28694
              ],
              [
                108.537855,
                12.287089
              ],
              [
                108.537842,
                12.287228
              ],
              [
                108.537815,
                12.287362
              ],
              [
                108.537776,
                12.287499
              ],
              [
                108.537726,
                12.287643
              ],
              [
                108.537667,
                12.287793
              ],
              [
                108.536875,
                12.28892
              ],
              [
                108.536248,
                12.289813
              ],
              [
                108.535836,
                12.290993
              ],
              [
                108.535718,
                12.291996
              ],
              [
                108.535709,
                12.292964
              ],
              [
                108.535808,
                12.294041
              ],
              [
                108.536773,
                12.295768
              ],
              [
                108.537601,
                12.296923
              ],
              [
                108.537996,
                12.29732
              ],
              [
                108.538392,
                12.297717
              ],
              [
                108.538933,
                12.297959
              ],
              [
                108.540268,
                12.298556
              ],
              [
                108.5405,
                12.298615
              ],
              [
                108.54177,
                12.29858
              ],
              [
                108.542852,
                12.298497
              ],
              [
                108.543505,
                12.297836
              ],
              [
                108.543556,
                12.297758
              ],
              [
                108.543671,
                12.297324
              ],
              [
                108.543832,
                12.296724
              ],
              [
                108.544045,
                12.296161
              ],
              [
                108.544224,
                12.295689
              ],
              [
                108.544902,
                12.294725
              ],
              [
                108.545759,
                12.293869
              ],
              [
                108.546508,
                12.293297
              ],
              [
                108.547305,
                12.293102
              ],
              [
                108.547808,
                12.292979
              ],
              [
                108.548295,
                12.29286
              ],
              [
                108.555362,
                12.292646
              ],
              [
                108.563093,
                12.29319
              ],
              [
                108.563232,
                12.2932
              ],
              [
                108.56553,
                12.293077
              ],
              [
                108.568015,
                12.292525
              ],
              [
                108.571029,
                12.291255
              ],
              [
                108.572168,
                12.290775
              ],
              [
                108.573584,
                12.290118
              ],
              [
                108.575404,
                12.28962
              ],
              [
                108.575489,
                12.289637
              ],
              [
                108.575987,
                12.289728
              ],
              [
                108.577796,
                12.289758
              ],
              [
                108.579704,
                12.28979
              ],
              [
                108.584201,
                12.289862
              ],
              [
                108.585986,
                12.289647
              ],
              [
                108.586842,
                12.289076
              ],
              [
                108.586927,
                12.288919
              ],
              [
                108.587342,
                12.288148
              ],
              [
                108.587413,
                12.286863
              ],
              [
                108.587405,
                12.286791
              ],
              [
                108.587126,
                12.284303
              ],
              [
                108.587411,
                12.283518
              ],
              [
                108.588364,
                12.28215
              ],
              [
                108.589984,
                12.280512
              ],
              [
                108.592214,
                12.279091
              ],
              [
                108.593579,
                12.278625
              ],
              [
                108.595528,
                12.27879
              ],
              [
                108.595678,
                12.278875
              ],
              [
                108.59756,
                12.279435
              ],
              [
                108.601688,
                12.280841
              ],
              [
                108.604972,
                12.282947
              ],
              [
                108.60722,
                12.283946
              ],
              [
                108.609041,
                12.284553
              ],
              [
                108.609121,
                12.284568
              ],
              [
                108.613423,
                12.284975
              ],
              [
                108.613829,
                12.285014
              ],
              [
                108.614064,
                12.285016
              ],
              [
                108.614941,
                12.28523
              ],
              [
                108.615609,
                12.285565
              ],
              [
                108.616536,
                12.286334
              ],
              [
                108.617827,
                12.288087
              ],
              [
                108.618121,
                12.288889
              ],
              [
                108.618731,
                12.290077
              ],
              [
                108.619234,
                12.290907
              ],
              [
                108.619254,
                12.29093
              ],
              [
                108.619659,
                12.291255
              ],
              [
                108.62035,
                12.291512
              ],
              [
                108.622081,
                12.291466
              ],
              [
                108.624514,
                12.290236
              ],
              [
                108.625636,
                12.289863
              ],
              [
                108.626412,
                12.290061
              ],
              [
                108.628732,
                12.291563
              ],
              [
                108.631007,
                12.292778
              ],
              [
                108.633233,
                12.293993
              ],
              [
                108.635124,
                12.294535
              ],
              [
                108.636775,
                12.294836
              ],
              [
                108.638963,
                12.294855
              ],
              [
                108.641005,
                12.294873
              ],
              [
                108.643245,
                12.294558
              ],
              [
                108.644851,
                12.294428
              ],
              [
                108.646358,
                12.294393
              ],
              [
                108.649216,
                12.295709
              ],
              [
                108.652318,
                12.296835
              ],
              [
                108.655715,
                12.297534
              ],
              [
                108.657854,
                12.297696
              ],
              [
                108.660423,
                12.298626
              ],
              [
                108.662941,
                12.299795
              ],
              [
                108.665466,
                12.30095
              ],
              [
                108.667245,
                12.302462
              ],
              [
                108.669222,
                12.304392
              ],
              [
                108.67129,
                12.306991
              ],
              [
                108.675023,
                12.313456
              ],
              [
                108.675875,
                12.314673
              ],
              [
                108.67635,
                12.315211
              ],
              [
                108.676556,
                12.315461
              ],
              [
                108.676714,
                12.315654
              ],
              [
                108.677477,
                12.316491
              ],
              [
                108.677541,
                12.316554
              ],
              [
                108.677707,
                12.316716
              ],
              [
                108.6779,
                12.316905
              ],
              [
                108.677973,
                12.316977
              ],
              [
                108.678029,
                12.317031
              ],
              [
                108.678102,
                12.317121
              ],
              [
                108.678162,
                12.317256
              ],
              [
                108.678167,
                12.317266
              ],
              [
                108.679855,
                12.317955
              ],
              [
                108.681434,
                12.318148
              ],
              [
                108.683504,
                12.317717
              ],
              [
                108.686131,
                12.316245
              ],
              [
                108.688757,
                12.314922
              ],
              [
                108.691846,
                12.313433
              ],
              [
                108.692195,
                12.313169
              ],
              [
                108.694603,
                12.312258
              ],
              [
                108.697325,
                12.311077
              ],
              [
                108.700717,
                12.308063
              ],
              [
                108.702901,
                12.305213
              ],
              [
                108.703969,
                12.303099
              ],
              [
                108.704242,
                12.301924
              ],
              [
                108.704033,
                12.299277
              ],
              [
                108.701381,
                12.293115
              ],
              [
                108.700336,
                12.288152
              ],
              [
                108.700336,
                12.288152
              ]
            ]
          ],
          [
            [
              [
                108.961238,
                10.486296
              ],
              [
                108.961043,
                10.486324
              ],
              [
                108.960743,
                10.486468
              ],
              [
                108.960387,
                10.486817
              ],
              [
                108.959863,
                10.48775
              ],
              [
                108.959837,
                10.487794
              ],
              [
                108.959761,
                10.488588
              ],
              [
                108.959763,
                10.488622
              ],
              [
                108.959986,
                10.48903
              ],
              [
                108.960181,
                10.489225
              ],
              [
                108.960384,
                10.489336
              ],
              [
                108.961511,
                10.490749
              ],
              [
                108.961756,
                10.491558
              ],
              [
                108.962144,
                10.493004
              ],
              [
                108.962034,
                10.493588
              ],
              [
                108.962032,
                10.493608
              ],
              [
                108.961982,
                10.494898
              ],
              [
                108.961927,
                10.495781
              ],
              [
                108.961942,
                10.495822
              ],
              [
                108.96197,
                10.496083
              ],
              [
                108.96203,
                10.496374
              ],
              [
                108.96217,
                10.496611
              ],
              [
                108.962299,
                10.496743
              ],
              [
                108.96256,
                10.497009
              ],
              [
                108.962801,
                10.497143
              ],
              [
                108.963042,
                10.497226
              ],
              [
                108.963259,
                10.497247
              ],
              [
                108.963489,
                10.497191
              ],
              [
                108.963879,
                10.497005
              ],
              [
                108.96439,
                10.496699
              ],
              [
                108.965099,
                10.496256
              ],
              [
                108.965158,
                10.496219
              ],
              [
                108.965825,
                10.49577
              ],
              [
                108.966394,
                10.495072
              ],
              [
                108.966617,
                10.494613
              ],
              [
                108.96667,
                10.494204
              ],
              [
                108.966644,
                10.494148
              ],
              [
                108.966623,
                10.493922
              ],
              [
                108.966642,
                10.493595
              ],
              [
                108.966652,
                10.493395
              ],
              [
                108.966713,
                10.49293
              ],
              [
                108.966752,
                10.492667
              ],
              [
                108.966769,
                10.492545
              ],
              [
                108.96677,
                10.492426
              ],
              [
                108.966752,
                10.492285
              ],
              [
                108.966646,
                10.492024
              ],
              [
                108.96656,
                10.491779
              ],
              [
                108.966394,
                10.491284
              ],
              [
                108.966357,
                10.491237
              ],
              [
                108.965079,
                10.489886
              ],
              [
                108.96391,
                10.488789
              ],
              [
                108.963327,
                10.48789
              ],
              [
                108.962858,
                10.486914
              ],
              [
                108.962801,
                10.486808
              ],
              [
                108.96269,
                10.486702
              ],
              [
                108.962385,
                10.486531
              ],
              [
                108.961979,
                10.486423
              ],
              [
                108.961567,
                10.48631
              ],
              [
                108.961238,
                10.486296
              ],
              [
                108.961238,
                10.486296
              ]
            ]
          ],
          [
            [
              [
                108.93888,
                10.552777
              ],
              [
                108.940674,
                10.552826
              ],
              [
                108.944438,
                10.552856
              ],
              [
                108.946878,
                10.552786
              ],
              [
                108.948353,
                10.55199
              ],
              [
                108.94942,
                10.551191
              ],
              [
                108.950318,
                10.549956
              ],
              [
                108.95044,
                10.549633
              ],
              [
                108.950789,
                10.54901
              ],
              [
                108.951257,
                10.548274
              ],
              [
                108.951954,
                10.547394
              ],
              [
                108.95228,
                10.547063
              ],
              [
                108.952392,
                10.546961
              ],
              [
                108.952716,
                10.546213
              ],
              [
                108.952934,
                10.545392
              ],
              [
                108.953034,
                10.544486
              ],
              [
                108.953017,
                10.54436
              ],
              [
                108.952975,
                10.544183
              ],
              [
                108.952967,
                10.544171
              ],
              [
                108.952958,
                10.54404
              ],
              [
                108.952799,
                10.542054
              ],
              [
                108.952768,
                10.541615
              ],
              [
                108.952667,
                10.54079
              ],
              [
                108.952495,
                10.540189
              ],
              [
                108.952512,
                10.539821
              ],
              [
                108.952566,
                10.539351
              ],
              [
                108.952618,
                10.539192
              ],
              [
                108.95267,
                10.539075
              ],
              [
                108.952701,
                10.539031
              ],
              [
                108.953843,
                10.536639
              ],
              [
                108.955418,
                10.532944
              ],
              [
                108.955859,
                10.529886
              ],
              [
                108.955878,
                10.529037
              ],
              [
                108.955798,
                10.527373
              ],
              [
                108.955826,
                10.526751
              ],
              [
                108.956055,
                10.525713
              ],
              [
                108.956117,
                10.525492
              ],
              [
                108.956243,
                10.524853
              ],
              [
                108.956262,
                10.524796
              ],
              [
                108.956788,
                10.523205
              ],
              [
                108.957558,
                10.521857
              ],
              [
                108.957871,
                10.521391
              ],
              [
                108.961477,
                10.517758
              ],
              [
                108.964197,
                10.513667
              ],
              [
                108.964788,
                10.510771
              ],
              [
                108.964711,
                10.510046
              ],
              [
                108.964065,
                10.508994
              ],
              [
                108.962685,
                10.507858
              ],
              [
                108.962218,
                10.507352
              ],
              [
                108.961001,
                10.506308
              ],
              [
                108.959638,
                10.505569
              ],
              [
                108.958322,
                10.505007
              ],
              [
                108.956762,
                10.50463
              ],
              [
                108.954871,
                10.504505
              ],
              [
                108.950962,
                10.504354
              ],
              [
                108.949239,
                10.504468
              ],
              [
                108.94654,
                10.505176
              ],
              [
                108.940618,
                10.507935
              ],
              [
                108.940399,
                10.508072
              ],
              [
                108.940312,
                10.508123
              ],
              [
                108.936852,
                10.510204
              ],
              [
                108.936837,
                10.510214
              ],
              [
                108.936187,
                10.510518
              ],
              [
                108.935331,
                10.510998
              ],
              [
                108.934888,
                10.511201
              ],
              [
                108.934629,
                10.511289
              ],
              [
                108.93442,
                10.511467
              ],
              [
                108.934237,
                10.511671
              ],
              [
                108.931867,
                10.514666
              ],
              [
                108.929273,
                10.518834
              ],
              [
                108.929144,
                10.519079
              ],
              [
                108.926592,
                10.52621
              ],
              [
                108.926548,
                10.526616
              ],
              [
                108.926545,
                10.527116
              ],
              [
                108.926503,
                10.527501
              ],
              [
                108.92641,
                10.527985
              ],
              [
                108.926193,
                10.52937
              ],
              [
                108.925898,
                10.532775
              ],
              [
                108.925605,
                10.536013
              ],
              [
                108.925427,
                10.537385
              ],
              [
                108.925196,
                10.539025
              ],
              [
                108.925061,
                10.539821
              ],
              [
                108.924943,
                10.540187
              ],
              [
                108.924445,
                10.541006
              ],
              [
                108.924267,
                10.541239
              ],
              [
                108.923789,
                10.541654
              ],
              [
                108.922971,
                10.542279
              ],
              [
                108.922507,
                10.542871
              ],
              [
                108.921913,
                10.544404
              ],
              [
                108.921788,
                10.544884
              ],
              [
                108.921678,
                10.545386
              ],
              [
                108.921672,
                10.546211
              ],
              [
                108.92187,
                10.546763
              ],
              [
                108.922461,
                10.547896
              ],
              [
                108.922474,
                10.547923
              ],
              [
                108.922582,
                10.548232
              ],
              [
                108.922793,
                10.548694
              ],
              [
                108.922832,
                10.548759
              ],
              [
                108.924195,
                10.550148
              ],
              [
                108.926228,
                10.552168
              ],
              [
                108.928538,
                10.553283
              ],
              [
                108.928968,
                10.553409
              ],
              [
                108.929694,
                10.553491
              ],
              [
                108.930552,
                10.553497
              ],
              [
                108.930767,
                10.553485
              ],
              [
                108.9361,
                10.553118
              ],
              [
                108.93888,
                10.552777
              ],
              [
                108.93888,
                10.552777
              ]
            ]
          ],
          [
            [
              [
                107.800804,
                10.650388
              ],
              [
                107.799837,
                10.650468
              ],
              [
                107.79938,
                10.650822
              ],
              [
                107.798523,
                10.651888
              ],
              [
                107.798428,
                10.652365
              ],
              [
                107.798482,
                10.652993
              ],
              [
                107.798906,
                10.653393
              ],
              [
                107.79959,
                10.65387
              ],
              [
                107.80055,
                10.654388
              ],
              [
                107.801305,
                10.654425
              ],
              [
                107.802002,
                10.654223
              ],
              [
                107.802735,
                10.653424
              ],
              [
                107.803199,
                10.652324
              ],
              [
                107.803114,
                10.651756
              ],
              [
                107.802758,
                10.651185
              ],
              [
                107.801768,
                10.650577
              ],
              [
                107.800804,
                10.650388
              ],
              [
                107.800804,
                10.650388
              ]
            ]
          ],
          [
            [
              [
                107.992977,
                10.697839
              ],
              [
                107.993213,
                10.69744
              ],
              [
                107.993531,
                10.696525
              ],
              [
                107.993556,
                10.695952
              ],
              [
                107.993314,
                10.695051
              ],
              [
                107.99274,
                10.694376
              ],
              [
                107.991912,
                10.69412
              ],
              [
                107.991081,
                10.694074
              ],
              [
                107.990173,
                10.694065
              ],
              [
                107.988722,
                10.694127
              ],
              [
                107.987809,
                10.694635
              ],
              [
                107.987339,
                10.695165
              ],
              [
                107.987217,
                10.695833
              ],
              [
                107.987286,
                10.696675
              ],
              [
                107.987513,
                10.697155
              ],
              [
                107.988202,
                10.697831
              ],
              [
                107.989405,
                10.698291
              ],
              [
                107.989912,
                10.698308
              ],
              [
                107.990507,
                10.698237
              ],
              [
                107.990947,
                10.698211
              ],
              [
                107.991256,
                10.698251
              ],
              [
                107.991566,
                10.698358
              ],
              [
                107.991618,
                10.698363
              ],
              [
                107.991979,
                10.698406
              ],
              [
                107.992228,
                10.698349
              ],
              [
                107.992484,
                10.698294
              ],
              [
                107.992977,
                10.697839
              ],
              [
                107.992977,
                10.697839
              ]
            ]
          ],
          [
            [
              [
                108.830044,
                11.233955
              ],
              [
                108.830301,
                11.233958
              ],
              [
                108.830686,
                11.23378
              ],
              [
                108.83113,
                11.233062
              ],
              [
                108.831299,
                11.232341
              ],
              [
                108.831322,
                11.231709
              ],
              [
                108.831188,
                11.230846
              ],
              [
                108.831148,
                11.230394
              ],
              [
                108.831078,
                11.23011
              ],
              [
                108.830679,
                11.229299
              ],
              [
                108.830662,
                11.229278
              ],
              [
                108.830004,
                11.22849
              ],
              [
                108.82904,
                11.227367
              ],
              [
                108.828883,
                11.227203
              ],
              [
                108.82824,
                11.226529
              ],
              [
                108.827625,
                11.226025
              ],
              [
                108.826724,
                11.225516
              ],
              [
                108.825784,
                11.225243
              ],
              [
                108.82467,
                11.225182
              ],
              [
                108.823249,
                11.225072
              ],
              [
                108.821665,
                11.225061
              ],
              [
                108.820198,
                11.225285
              ],
              [
                108.819242,
                11.225904
              ],
              [
                108.818642,
                11.226682
              ],
              [
                108.818598,
                11.227308
              ],
              [
                108.818867,
                11.228366
              ],
              [
                108.81951,
                11.229505
              ],
              [
                108.820169,
                11.230422
              ],
              [
                108.820805,
                11.231069
              ],
              [
                108.821329,
                11.231265
              ],
              [
                108.82195,
                11.231298
              ],
              [
                108.822095,
                11.231282
              ],
              [
                108.823355,
                11.231245
              ],
              [
                108.824326,
                11.231416
              ],
              [
                108.824909,
                11.231644
              ],
              [
                108.826222,
                11.232015
              ],
              [
                108.827224,
                11.232492
              ],
              [
                108.828133,
                11.233058
              ],
              [
                108.82886,
                11.233605
              ],
              [
                108.82926,
                11.233842
              ],
              [
                108.829661,
                11.233953
              ],
              [
                108.83001,
                11.233963
              ],
              [
                108.830044,
                11.233955
              ],
              [
                108.830044,
                11.233955
              ]
            ]
          ]
        ]
      },
      "properties": {
        "code": "68",
        "name": "Lâm Đồng",
        "nameEn": "Lam Dong",
        "fullName": "Tỉnh Lâm Đồng",
        "fullNameEn": "Lam Dong Province",
        "codeName": "lam_dong",
        "postalCode": "",
        "postalCodePrefix": "65, 66, 77",
        "gisServerId": "diaphanhanhchinhcaptinh_sn.47",
        "areaKm2": 24233.07
      }
    }
  ]
}