{
  "type": "FeatureCollection",
  "bbox": [
    103.807747,
    9.799732,
    104.098426,
    10.452418
  ],
  "features": [
    {
      "type": "Feature",
      "id": "31078",
      "bbox": [
        103.807747,
        9.799732,
        104.098426,
        10.452418
      ],
      "geometry": {
        "type": "MultiPolygon",
        "coordinates": [
          [
            [
              [
                104.041582,
                9.799769
              ],
              [
                104.041115,
                9.799732
              ],
              [
                104.040773,
                9.799767
              ],
              [
                104.040698,
                9.799796
              ],
              [
                104.040567,
                9.799845
              ],
              [
                104.040456,
                9.799896
              ],
              [
                104.040344,
                9.800011
              ],
              [
                104.040215,
                9.800158
              ],
              [
                104.040088,
                9.800567
              ],
              [
                104.040087,
                9.800888
              ],
              [
                104.040194,
                9.801228
              ],
              [
                104.040373,
                9.801442
              ],
              [
                104.04075,
                9.801604
              ],
              [
                104.041325,
                9.801594
              ],
              [
                104.041703,
                9.801535
              ],
              [
                104.041847,
                9.801446
              ],
              [
                104.041909,
                9.801397
              ],
              [
                104.041975,
                9.801339
              ],
              [
                104.042035,
                9.801214
              ],
              [
                104.042087,
                9.801032
              ],
              [
                104.042118,
                9.800894
              ],
              [
                104.042137,
                9.800448
              ],
              [
                104.042012,
                9.800091
              ],
              [
                104.041833,
                9.799877
              ],
              [
                104.041582,
                9.799769
              ],
              [
                104.041582,
                9.799769
              ]
            ]
          ],
          [
            [
              [
                104.02884,
                9.800783
              ],
              [
                104.028586,
                9.800743
              ],
              [
                104.028397,
                9.800744
              ],
              [
                104.02825,
                9.800768
              ],
              [
                104.028128,
                9.80081
              ],
              [
                104.028018,
                9.800883
              ],
              [
                104.027956,
                9.800961
              ],
              [
                104.027944,
                9.80104
              ],
              [
                104.027973,
                9.801192
              ],
              [
                104.028008,
                9.801322
              ],
              [
                104.028346,
                9.801721
              ],
              [
                104.028543,
                9.801885
              ],
              [
                104.029067,
                9.802321
              ],
              [
                104.029375,
                9.802581
              ],
              [
                104.029505,
                9.80264
              ],
              [
                104.029639,
                9.802665
              ],
              [
                104.029823,
                9.802671
              ],
              [
                104.029927,
                9.802653
              ],
              [
                104.030007,
                9.802599
              ],
              [
                104.030107,
                9.802485
              ],
              [
                104.03016,
                9.802391
              ],
              [
                104.030178,
                9.80212
              ],
              [
                104.030179,
                9.802005
              ],
              [
                104.030161,
                9.801859
              ],
              [
                104.03014,
                9.801727
              ],
              [
                104.03009,
                9.801569
              ],
              [
                104.030046,
                9.801458
              ],
              [
                104.029985,
                9.801367
              ],
              [
                104.029787,
                9.801204
              ],
              [
                104.029637,
                9.801088
              ],
              [
                104.029498,
                9.801002
              ],
              [
                104.029356,
                9.800931
              ],
              [
                104.029187,
                9.800882
              ],
              [
                104.029117,
                9.800861
              ],
              [
                104.029021,
                9.800835
              ],
              [
                104.02884,
                9.800783
              ],
              [
                104.02884,
                9.800783
              ]
            ]
          ],
          [
            [
              [
                104.046006,
                9.820713
              ],
              [
                104.045698,
                9.820336
              ],
              [
                104.045376,
                9.82
              ],
              [
                104.044955,
                9.819608
              ],
              [
                104.044777,
                9.819443
              ],
              [
                104.044577,
                9.819259
              ],
              [
                104.044325,
                9.819035
              ],
              [
                104.044115,
                9.818784
              ],
              [
                104.043947,
                9.818504
              ],
              [
                104.043779,
                9.818253
              ],
              [
                104.043583,
                9.818085
              ],
              [
                104.043302,
                9.817959
              ],
              [
                104.043035,
                9.817923
              ],
              [
                104.042782,
                9.817999
              ],
              [
                104.042592,
                9.818096
              ],
              [
                104.042402,
                9.818298
              ],
              [
                104.042275,
                9.818451
              ],
              [
                104.04219,
                9.81866
              ],
              [
                104.042118,
                9.81905
              ],
              [
                104.042075,
                9.81944
              ],
              [
                104.04199,
                9.819788
              ],
              [
                104.041947,
                9.819983
              ],
              [
                104.041961,
                9.820123
              ],
              [
                104.042143,
                9.820319
              ],
              [
                104.042269,
                9.820347
              ],
              [
                104.042536,
                9.820334
              ],
              [
                104.042789,
                9.820334
              ],
              [
                104.042972,
                9.820418
              ],
              [
                104.043224,
                9.820559
              ],
              [
                104.043561,
                9.820852
              ],
              [
                104.043855,
                9.82123
              ],
              [
                104.043949,
                9.821702
              ],
              [
                104.043909,
                9.822051
              ],
              [
                104.04383,
                9.822373
              ],
              [
                104.043673,
                9.822657
              ],
              [
                104.04362,
                9.82298
              ],
              [
                104.043646,
                9.82316
              ],
              [
                104.043762,
                9.823329
              ],
              [
                104.04397,
                9.823446
              ],
              [
                104.044165,
                9.823446
              ],
              [
                104.044426,
                9.823421
              ],
              [
                104.044686,
                9.823228
              ],
              [
                104.045089,
                9.822736
              ],
              [
                104.045228,
                9.822593
              ],
              [
                104.045651,
                9.822204
              ],
              [
                104.045932,
                9.821967
              ],
              [
                104.046158,
                9.821633
              ],
              [
                104.046243,
                9.821327
              ],
              [
                104.046174,
                9.820978
              ],
              [
                104.046006,
                9.820713
              ],
              [
                104.046006,
                9.820713
              ]
            ]
          ],
          [
            [
              [
                104.094459,
                9.842733
              ],
              [
                104.094299,
                9.842708
              ],
              [
                104.094213,
                9.842732
              ],
              [
                104.0942,
                9.842739
              ],
              [
                104.094062,
                9.842827
              ],
              [
                104.093935,
                9.84296
              ],
              [
                104.093852,
                9.843078
              ],
              [
                104.093787,
                9.843278
              ],
              [
                104.0938,
                9.843537
              ],
              [
                104.093864,
                9.84395
              ],
              [
                104.093868,
                9.844088
              ],
              [
                104.09386,
                9.84445
              ],
              [
                104.093863,
                9.844636
              ],
              [
                104.093897,
                9.844827
              ],
              [
                104.093905,
                9.845052
              ],
              [
                104.093913,
                9.845355
              ],
              [
                104.093914,
                9.845371
              ],
              [
                104.093885,
                9.845676
              ],
              [
                104.093785,
                9.845896
              ],
              [
                104.093612,
                9.84614
              ],
              [
                104.093126,
                9.846629
              ],
              [
                104.093047,
                9.846738
              ],
              [
                104.092736,
                9.847165
              ],
              [
                104.092618,
                9.84749
              ],
              [
                104.092571,
                9.847803
              ],
              [
                104.092639,
                9.848291
              ],
              [
                104.09272,
                9.848791
              ],
              [
                104.092906,
                9.849453
              ],
              [
                104.09322,
                9.850105
              ],
              [
                104.093663,
                9.850652
              ],
              [
                104.094131,
                9.851048
              ],
              [
                104.094552,
                9.851282
              ],
              [
                104.094996,
                9.851504
              ],
              [
                104.095264,
                9.85163
              ],
              [
                104.095642,
                9.851743
              ],
              [
                104.096431,
                9.851847
              ],
              [
                104.09692,
                9.851925
              ],
              [
                104.097229,
                9.851926
              ],
              [
                104.097516,
                9.851831
              ],
              [
                104.097576,
                9.851793
              ],
              [
                104.097751,
                9.851638
              ],
              [
                104.097996,
                9.851474
              ],
              [
                104.098232,
                9.851267
              ],
              [
                104.098337,
                9.851129
              ],
              [
                104.098407,
                9.850878
              ],
              [
                104.098426,
                9.850601
              ],
              [
                104.098383,
                9.850368
              ],
              [
                104.098287,
                9.850151
              ],
              [
                104.098177,
                9.849994
              ],
              [
                104.098135,
                9.849926
              ],
              [
                104.097982,
                9.849582
              ],
              [
                104.097879,
                9.849221
              ],
              [
                104.097774,
                9.848622
              ],
              [
                104.097764,
                9.84858
              ],
              [
                104.097552,
                9.84789
              ],
              [
                104.097509,
                9.847804
              ],
              [
                104.097465,
                9.847692
              ],
              [
                104.097474,
                9.847545
              ],
              [
                104.097501,
                9.847389
              ],
              [
                104.097659,
                9.847017
              ],
              [
                104.097695,
                9.846792
              ],
              [
                104.097669,
                9.846611
              ],
              [
                104.097608,
                9.846455
              ],
              [
                104.097469,
                9.846247
              ],
              [
                104.09726,
                9.846047
              ],
              [
                104.097025,
                9.845865
              ],
              [
                104.096756,
                9.845639
              ],
              [
                104.096643,
                9.845544
              ],
              [
                104.096538,
                9.845431
              ],
              [
                104.096451,
                9.845266
              ],
              [
                104.096339,
                9.845093
              ],
              [
                104.096191,
                9.844919
              ],
              [
                104.09593,
                9.84472
              ],
              [
                104.095651,
                9.84452
              ],
              [
                104.095451,
                9.844355
              ],
              [
                104.095364,
                9.844277
              ],
              [
                104.095308,
                9.844209
              ],
              [
                104.095087,
                9.843863
              ],
              [
                104.095022,
                9.843708
              ],
              [
                104.094968,
                9.843388
              ],
              [
                104.094955,
                9.843188
              ],
              [
                104.094878,
                9.843046
              ],
              [
                104.094767,
                9.842923
              ],
              [
                104.094533,
                9.842775
              ],
              [
                104.094459,
                9.842733
              ],
              [
                104.094459,
                9.842733
              ]
            ]
          ],
          [
            [
              [
                103.993957,
                9.901974
              ],
              [
                103.993799,
                9.901923
              ],
              [
                103.993628,
                9.901936
              ],
              [
                103.993444,
                9.90201
              ],
              [
                103.993242,
                9.90206
              ],
              [
                103.993052,
                9.902122
              ],
              [
                103.992979,
                9.902147
              ],
              [
                103.992925,
                9.902166
              ],
              [
                103.992798,
                9.902222
              ],
              [
                103.992652,
                9.90229
              ],
              [
                103.992449,
                9.902453
              ],
              [
                103.992316,
                9.902585
              ],
              [
                103.992227,
                9.902729
              ],
              [
                103.992195,
                9.902848
              ],
              [
                103.992169,
                9.903055
              ],
              [
                103.992162,
                9.903237
              ],
              [
                103.992193,
                9.903375
              ],
              [
                103.992263,
                9.903507
              ],
              [
                103.992344,
                9.903652
              ],
              [
                103.99242,
                9.903778
              ],
              [
                103.992546,
                9.904036
              ],
              [
                103.992684,
                9.904224
              ],
              [
                103.992792,
                9.904325
              ],
              [
                103.992931,
                9.904363
              ],
              [
                103.993108,
                9.904364
              ],
              [
                103.99333,
                9.90432
              ],
              [
                103.993552,
                9.904239
              ],
              [
                103.993672,
                9.90412
              ],
              [
                103.993736,
                9.903989
              ],
              [
                103.993787,
                9.903769
              ],
              [
                103.993822,
                9.903655
              ],
              [
                103.993838,
                9.9036
              ],
              [
                103.993877,
                9.903506
              ],
              [
                103.993953,
                9.903406
              ],
              [
                103.994086,
                9.903249
              ],
              [
                103.994188,
                9.903067
              ],
              [
                103.994271,
                9.902842
              ],
              [
                103.994316,
                9.902697
              ],
              [
                103.994323,
                9.902528
              ],
              [
                103.994285,
                9.902308
              ],
              [
                103.994216,
                9.902176
              ],
              [
                103.994096,
                9.902075
              ],
              [
                103.993957,
                9.901974
              ],
              [
                103.993957,
                9.901974
              ]
            ]
          ],
          [
            [
              [
                103.989407,
                9.906671
              ],
              [
                103.989068,
                9.906622
              ],
              [
                103.988838,
                9.906644
              ],
              [
                103.988814,
                9.906648
              ],
              [
                103.988673,
                9.906714
              ],
              [
                103.988546,
                9.906807
              ],
              [
                103.988413,
                9.906952
              ],
              [
                103.98827,
                9.907123
              ],
              [
                103.988246,
                9.907156
              ],
              [
                103.988152,
                9.907323
              ],
              [
                103.988083,
                9.907496
              ],
              [
                103.988068,
                9.907555
              ],
              [
                103.988048,
                9.907767
              ],
              [
                103.988054,
                9.907878
              ],
              [
                103.98809,
                9.908062
              ],
              [
                103.988169,
                9.90818
              ],
              [
                103.988246,
                9.908247
              ],
              [
                103.988346,
                9.908305
              ],
              [
                103.98841,
                9.908344
              ],
              [
                103.988532,
                9.908387
              ],
              [
                103.988705,
                9.908416
              ],
              [
                103.988887,
                9.908431
              ],
              [
                103.988893,
                9.908431
              ],
              [
                103.989074,
                9.908405
              ],
              [
                103.989319,
                9.908352
              ],
              [
                103.989366,
                9.90834
              ],
              [
                103.989522,
                9.908269
              ],
              [
                103.989685,
                9.908158
              ],
              [
                103.98973,
                9.908124
              ],
              [
                103.989782,
                9.90808
              ],
              [
                103.989935,
                9.907813
              ],
              [
                103.989972,
                9.907669
              ],
              [
                103.989997,
                9.907441
              ],
              [
                103.989961,
                9.907225
              ],
              [
                103.989901,
                9.907044
              ],
              [
                103.989757,
                9.906888
              ],
              [
                103.989624,
                9.90678
              ],
              [
                103.989407,
                9.906671
              ],
              [
                103.989407,
                9.906671
              ]
            ]
          ],
          [
            [
              [
                104.021664,
                9.905259
              ],
              [
                104.021342,
                9.905205
              ],
              [
                104.021234,
                9.905205
              ],
              [
                104.020965,
                9.90523
              ],
              [
                104.020869,
                9.905301
              ],
              [
                104.020769,
                9.905397
              ],
              [
                104.020742,
                9.905465
              ],
              [
                104.020722,
                9.90566
              ],
              [
                104.020714,
                9.905722
              ],
              [
                104.020746,
                9.905816
              ],
              [
                104.020814,
                9.905885
              ],
              [
                104.021097,
                9.906192
              ],
              [
                104.021284,
                9.906566
              ],
              [
                104.021363,
                9.906967
              ],
              [
                104.021389,
                9.907234
              ],
              [
                104.021362,
                9.907474
              ],
              [
                104.021219,
                9.907701
              ],
              [
                104.021153,
                9.90779
              ],
              [
                104.021124,
                9.907903
              ],
              [
                104.021153,
                9.908051
              ],
              [
                104.021224,
                9.908144
              ],
              [
                104.021323,
                9.908229
              ],
              [
                104.021536,
                9.908337
              ],
              [
                104.021582,
                9.908368
              ],
              [
                104.021743,
                9.908508
              ],
              [
                104.021842,
                9.908622
              ],
              [
                104.02187,
                9.908654
              ],
              [
                104.021952,
                9.908763
              ],
              [
                104.021995,
                9.908853
              ],
              [
                104.022034,
                9.908986
              ],
              [
                104.022042,
                9.909026
              ],
              [
                104.022048,
                9.909223
              ],
              [
                104.022098,
                9.909377
              ],
              [
                104.022188,
                9.909504
              ],
              [
                104.022295,
                9.909611
              ],
              [
                104.022369,
                9.909651
              ],
              [
                104.022497,
                9.909682
              ],
              [
                104.022645,
                9.909682
              ],
              [
                104.02282,
                9.909633
              ],
              [
                104.022988,
                9.90954
              ],
              [
                104.023106,
                9.90941
              ],
              [
                104.023225,
                9.909247
              ],
              [
                104.02336,
                9.909037
              ],
              [
                104.023451,
                9.908837
              ],
              [
                104.023495,
                9.90872
              ],
              [
                104.023522,
                9.908523
              ],
              [
                104.023537,
                9.908454
              ],
              [
                104.02354,
                9.908425
              ],
              [
                104.023497,
                9.908023
              ],
              [
                104.023387,
                9.907743
              ],
              [
                104.023225,
                9.907539
              ],
              [
                104.023034,
                9.907339
              ],
              [
                104.022876,
                9.907207
              ],
              [
                104.022778,
                9.907149
              ],
              [
                104.022494,
                9.90665
              ],
              [
                104.022361,
                9.906276
              ],
              [
                104.022338,
                9.905902
              ],
              [
                104.022174,
                9.905608
              ],
              [
                104.021987,
                9.905447
              ],
              [
                104.021664,
                9.905259
              ],
              [
                104.021664,
                9.905259
              ]
            ]
          ],
          [
            [
              [
                103.992781,
                9.912909
              ],
              [
                103.993331,
                9.912818
              ],
              [
                103.993469,
                9.912824
              ],
              [
                103.993877,
                9.912893
              ],
              [
                103.994137,
                9.913042
              ],
              [
                103.994398,
                9.913166
              ],
              [
                103.994584,
                9.913191
              ],
              [
                103.994733,
                9.913167
              ],
              [
                103.994969,
                9.91302
              ],
              [
                103.995081,
                9.912823
              ],
              [
                103.995119,
                9.912589
              ],
              [
                103.995083,
                9.912293
              ],
              [
                103.994947,
                9.912108
              ],
              [
                103.994699,
                9.911947
              ],
              [
                103.994315,
                9.911663
              ],
              [
                103.993443,
                9.910902
              ],
              [
                103.992918,
                9.91038
              ],
              [
                103.992916,
                9.910377
              ],
              [
                103.992799,
                9.910242
              ],
              [
                103.992672,
                9.910179
              ],
              [
                103.992536,
                9.910151
              ],
              [
                103.992346,
                9.91016
              ],
              [
                103.992137,
                9.910159
              ],
              [
                103.991955,
                9.910114
              ],
              [
                103.991792,
                9.910023
              ],
              [
                103.991602,
                9.90986
              ],
              [
                103.991397,
                9.909584
              ],
              [
                103.991357,
                9.90951
              ],
              [
                103.991262,
                9.909371
              ],
              [
                103.991112,
                9.909192
              ],
              [
                103.990951,
                9.909039
              ],
              [
                103.990771,
                9.90894
              ],
              [
                103.990621,
                9.908878
              ],
              [
                103.990478,
                9.90887
              ],
              [
                103.990305,
                9.908931
              ],
              [
                103.990121,
                9.909004
              ],
              [
                103.989986,
                9.909081
              ],
              [
                103.989826,
                9.909209
              ],
              [
                103.989794,
                9.90923
              ],
              [
                103.989518,
                9.909418
              ],
              [
                103.988992,
                9.909616
              ],
              [
                103.988295,
                9.909904
              ],
              [
                103.988272,
                9.909924
              ],
              [
                103.988185,
                9.909956
              ],
              [
                103.988093,
                9.909956
              ],
              [
                103.987973,
                9.909944
              ],
              [
                103.987835,
                9.909898
              ],
              [
                103.987729,
                9.909836
              ],
              [
                103.987537,
                9.909736
              ],
              [
                103.987394,
                9.909656
              ],
              [
                103.98727,
                9.909618
              ],
              [
                103.987108,
                9.909599
              ],
              [
                103.987002,
                9.909642
              ],
              [
                103.986915,
                9.909728
              ],
              [
                103.986802,
                9.909882
              ],
              [
                103.986783,
                9.909918
              ],
              [
                103.986746,
                9.909987
              ],
              [
                103.986664,
                9.91024
              ],
              [
                103.986514,
                9.910523
              ],
              [
                103.98632,
                9.910738
              ],
              [
                103.986065,
                9.910991
              ],
              [
                103.985883,
                9.911237
              ],
              [
                103.985739,
                9.911582
              ],
              [
                103.985707,
                9.912051
              ],
              [
                103.985768,
                9.912366
              ],
              [
                103.985941,
                9.912625
              ],
              [
                103.986196,
                9.912799
              ],
              [
                103.986402,
                9.912863
              ],
              [
                103.986457,
                9.91288
              ],
              [
                103.986706,
                9.912942
              ],
              [
                103.986954,
                9.912962
              ],
              [
                103.987109,
                9.912927
              ],
              [
                103.987381,
                9.912892
              ],
              [
                103.987507,
                9.912907
              ],
              [
                103.987685,
                9.912957
              ],
              [
                103.987707,
                9.912966
              ],
              [
                103.987839,
                9.913024
              ],
              [
                103.987976,
                9.913117
              ],
              [
                103.988113,
                9.91321
              ],
              [
                103.988201,
                9.913307
              ],
              [
                103.988352,
                9.913492
              ],
              [
                103.988523,
                9.913648
              ],
              [
                103.988605,
                9.913723
              ],
              [
                103.989094,
                9.914036
              ],
              [
                103.98923,
                9.91411
              ],
              [
                103.989579,
                9.914286
              ],
              [
                103.989782,
                9.914318
              ],
              [
                103.989804,
                9.914312
              ],
              [
                103.990002,
                9.91421
              ],
              [
                103.990175,
                9.914024
              ],
              [
                103.990348,
                9.9139
              ],
              [
                103.99062,
                9.913792
              ],
              [
                103.990715,
                9.913762
              ],
              [
                103.990793,
                9.913732
              ],
              [
                103.991053,
                9.913597
              ],
              [
                103.991361,
                9.913447
              ],
              [
                103.991592,
                9.913288
              ],
              [
                103.991906,
                9.913129
              ],
              [
                103.992219,
                9.913023
              ],
              [
                103.992542,
                9.912956
              ],
              [
                103.992781,
                9.912909
              ],
              [
                103.992781,
                9.912909
              ]
            ]
          ],
          [
            [
              [
                104.017016,
                9.912294
              ],
              [
                104.016829,
                9.912
              ],
              [
                104.016641,
                9.911652
              ],
              [
                104.016486,
                9.911253
              ],
              [
                104.016422,
                9.910871
              ],
              [
                104.016383,
                9.910457
              ],
              [
                104.016389,
                9.910109
              ],
              [
                104.016389,
                9.91002
              ],
              [
                104.016353,
                9.90994
              ],
              [
                104.016316,
                9.909882
              ],
              [
                104.016229,
                9.909831
              ],
              [
                104.016075,
                9.909794
              ],
              [
                104.01584,
                9.909731
              ],
              [
                104.015334,
                9.909505
              ],
              [
                104.015271,
                9.909495
              ],
              [
                104.015167,
                9.909514
              ],
              [
                104.015087,
                9.90957
              ],
              [
                104.015008,
                9.909671
              ],
              [
                104.014941,
                9.909767
              ],
              [
                104.014886,
                9.909867
              ],
              [
                104.014854,
                9.909951
              ],
              [
                104.014783,
                9.910196
              ],
              [
                104.014667,
                9.910472
              ],
              [
                104.014452,
                9.910685
              ],
              [
                104.01429,
                9.910818
              ],
              [
                104.014074,
                9.91087
              ],
              [
                104.013805,
                9.91087
              ],
              [
                104.01359,
                9.910842
              ],
              [
                104.012944,
                9.91092
              ],
              [
                104.012091,
                9.910972
              ],
              [
                104.01179,
                9.911014
              ],
              [
                104.011556,
                9.911074
              ],
              [
                104.011268,
                9.911204
              ],
              [
                104.011087,
                9.911252
              ],
              [
                104.010895,
                9.911263
              ],
              [
                104.010666,
                9.91125
              ],
              [
                104.01057,
                9.911257
              ],
              [
                104.010478,
                9.911297
              ],
              [
                104.010426,
                9.911333
              ],
              [
                104.010341,
                9.911452
              ],
              [
                104.010305,
                9.911571
              ],
              [
                104.010305,
                9.91169
              ],
              [
                104.010376,
                9.911834
              ],
              [
                104.01052,
                9.912001
              ],
              [
                104.010748,
                9.912193
              ],
              [
                104.011108,
                9.91243
              ],
              [
                104.01119,
                9.912481
              ],
              [
                104.011398,
                9.912527
              ],
              [
                104.011687,
                9.912527
              ],
              [
                104.011915,
                9.912464
              ],
              [
                104.012252,
                9.912271
              ],
              [
                104.012427,
                9.912189
              ],
              [
                104.012995,
                9.912122
              ],
              [
                104.013506,
                9.912123
              ],
              [
                104.014098,
                9.912125
              ],
              [
                104.014455,
                9.91214
              ],
              [
                104.015059,
                9.912201
              ],
              [
                104.015409,
                9.912256
              ],
              [
                104.015583,
                9.912336
              ],
              [
                104.015774,
                9.912531
              ],
              [
                104.015938,
                9.912798
              ],
              [
                104.016206,
                9.913253
              ],
              [
                104.016555,
                9.913494
              ],
              [
                104.016984,
                9.913949
              ],
              [
                104.017333,
                9.914271
              ],
              [
                104.017709,
                9.914485
              ],
              [
                104.017897,
                9.914512
              ],
              [
                104.018167,
                9.914406
              ],
              [
                104.018329,
                9.91406
              ],
              [
                104.018304,
                9.913579
              ],
              [
                104.018063,
                9.913231
              ],
              [
                104.017687,
                9.912883
              ],
              [
                104.017365,
                9.912562
              ],
              [
                104.017016,
                9.912294
              ],
              [
                104.017016,
                9.912294
              ]
            ]
          ],
          [
            [
              [
                104.025464,
                9.915905
              ],
              [
                104.025345,
                9.915763
              ],
              [
                104.025155,
                9.915668
              ],
              [
                104.025012,
                9.915667
              ],
              [
                104.024631,
                9.91569
              ],
              [
                104.023868,
                9.915783
              ],
              [
                104.023611,
                9.915771
              ],
              [
                104.023322,
                9.915809
              ],
              [
                104.022986,
                9.915922
              ],
              [
                104.022727,
                9.916013
              ],
              [
                104.022579,
                9.916049
              ],
              [
                104.022392,
                9.916092
              ],
              [
                104.022274,
                9.916147
              ],
              [
                104.022149,
                9.916234
              ],
              [
                104.022129,
                9.916255
              ],
              [
                104.021953,
                9.916429
              ],
              [
                104.021803,
                9.916669
              ],
              [
                104.021654,
                9.917026
              ],
              [
                104.021354,
                9.917956
              ],
              [
                104.021348,
                9.917973
              ],
              [
                104.021333,
                9.918187
              ],
              [
                104.021341,
                9.91832
              ],
              [
                104.021348,
                9.9185
              ],
              [
                104.021356,
                9.918711
              ],
              [
                104.021364,
                9.918983
              ],
              [
                104.021346,
                9.919262
              ],
              [
                104.021288,
                9.919505
              ],
              [
                104.02122,
                9.91968
              ],
              [
                104.021187,
                9.919807
              ],
              [
                104.021115,
                9.919938
              ],
              [
                104.021089,
                9.92007
              ],
              [
                104.021101,
                9.920145
              ],
              [
                104.021173,
                9.920251
              ],
              [
                104.021315,
                9.920389
              ],
              [
                104.021451,
                9.920483
              ],
              [
                104.021607,
                9.920528
              ],
              [
                104.021809,
                9.920541
              ],
              [
                104.022101,
                9.920441
              ],
              [
                104.022381,
                9.920298
              ],
              [
                104.02259,
                9.920168
              ],
              [
                104.022664,
                9.920098
              ],
              [
                104.022683,
                9.920079
              ],
              [
                104.02342,
                9.919608
              ],
              [
                104.023862,
                9.919346
              ],
              [
                104.024225,
                9.919145
              ],
              [
                104.024502,
                9.91901
              ],
              [
                104.024562,
                9.918977
              ],
              [
                104.024709,
                9.91888
              ],
              [
                104.024796,
                9.91883
              ],
              [
                104.024908,
                9.918756
              ],
              [
                104.024995,
                9.918673
              ],
              [
                104.0251,
                9.918552
              ],
              [
                104.025216,
                9.918378
              ],
              [
                104.025258,
                9.918237
              ],
              [
                104.025307,
                9.918117
              ],
              [
                104.025339,
                9.917979
              ],
              [
                104.025398,
                9.917842
              ],
              [
                104.025518,
                9.917628
              ],
              [
                104.025616,
                9.9175
              ],
              [
                104.025731,
                9.91737
              ],
              [
                104.025752,
                9.917348
              ],
              [
                104.025883,
                9.917189
              ],
              [
                104.025943,
                9.917049
              ],
              [
                104.025973,
                9.916851
              ],
              [
                104.025977,
                9.916774
              ],
              [
                104.025974,
                9.916613
              ],
              [
                104.025925,
                9.916492
              ],
              [
                104.025845,
                9.916404
              ],
              [
                104.025727,
                9.916286
              ],
              [
                104.025701,
                9.916257
              ],
              [
                104.025464,
                9.915905
              ],
              [
                104.025464,
                9.915905
              ]
            ]
          ],
          [
            [
              [
                103.982128,
                9.919125
              ],
              [
                103.982066,
                9.918858
              ],
              [
                103.981954,
                9.918623
              ],
              [
                103.981769,
                9.918479
              ],
              [
                103.981454,
                9.918365
              ],
              [
                103.981035,
                9.918229
              ],
              [
                103.980765,
                9.918154
              ],
              [
                103.980422,
                9.918095
              ],
              [
                103.980345,
                9.918084
              ],
              [
                103.979797,
                9.917988
              ],
              [
                103.979648,
                9.917987
              ],
              [
                103.979184,
                9.918062
              ],
              [
                103.978988,
                9.918185
              ],
              [
                103.978802,
                9.918327
              ],
              [
                103.978677,
                9.918521
              ],
              [
                103.978636,
                9.918654
              ],
              [
                103.978635,
                9.918777
              ],
              [
                103.978717,
                9.918971
              ],
              [
                103.978933,
                9.919146
              ],
              [
                103.979159,
                9.919259
              ],
              [
                103.979448,
                9.91928
              ],
              [
                103.979737,
                9.91923
              ],
              [
                103.980007,
                9.919134
              ],
              [
                103.980013,
                9.919132
              ],
              [
                103.980022,
                9.919129
              ],
              [
                103.980165,
                9.919066
              ],
              [
                103.980216,
                9.919045
              ],
              [
                103.980531,
                9.919079
              ],
              [
                103.980747,
                9.919151
              ],
              [
                103.980787,
                9.919185
              ],
              [
                103.980952,
                9.919356
              ],
              [
                103.981014,
                9.91951
              ],
              [
                103.981041,
                9.919794
              ],
              [
                103.981022,
                9.920134
              ],
              [
                103.98101,
                9.920583
              ],
              [
                103.981009,
                9.921212
              ],
              [
                103.980965,
                9.921507
              ],
              [
                103.980935,
                9.921698
              ],
              [
                103.981006,
                9.921913
              ],
              [
                103.981222,
                9.922108
              ],
              [
                103.981428,
                9.9222
              ],
              [
                103.981602,
                9.922235
              ],
              [
                103.981614,
                9.922238
              ],
              [
                103.981663,
                9.922231
              ],
              [
                103.981799,
                9.922181
              ],
              [
                103.981964,
                9.922038
              ],
              [
                103.982057,
                9.921875
              ],
              [
                103.982099,
                9.921691
              ],
              [
                103.982093,
                9.921641
              ],
              [
                103.982107,
                9.921118
              ],
              [
                103.982155,
                9.92029
              ],
              [
                103.982144,
                9.920139
              ],
              [
                103.982157,
                9.919544
              ],
              [
                103.982128,
                9.919125
              ],
              [
                103.982128,
                9.919125
              ]
            ]
          ],
          [
            [
              [
                104.002618,
                9.918742
              ],
              [
                104.00269,
                9.918321
              ],
              [
                104.002815,
                9.917642
              ],
              [
                104.002838,
                9.917192
              ],
              [
                104.002947,
                9.916841
              ],
              [
                104.00305,
                9.916527
              ],
              [
                104.003244,
                9.916251
              ],
              [
                104.003366,
                9.915999
              ],
              [
                104.003391,
                9.915819
              ],
              [
                104.003391,
                9.915686
              ],
              [
                104.003355,
                9.915518
              ],
              [
                104.003283,
                9.915338
              ],
              [
                104.003175,
                9.915193
              ],
              [
                104.003042,
                9.915072
              ],
              [
                104.002788,
                9.915054
              ],
              [
                104.002685,
                9.915053
              ],
              [
                104.002442,
                9.915197
              ],
              [
                104.002223,
                9.915461
              ],
              [
                104.001955,
                9.915893
              ],
              [
                104.001377,
                9.916669
              ],
              [
                104.000689,
                9.917099
              ],
              [
                104.000196,
                9.917405
              ],
              [
                103.999976,
                9.91764
              ],
              [
                103.999921,
                9.917803
              ],
              [
                103.999884,
                9.917985
              ],
              [
                103.999879,
                9.918116
              ],
              [
                103.999851,
                9.918196
              ],
              [
                103.999785,
                9.918277
              ],
              [
                103.999655,
                9.918366
              ],
              [
                103.999424,
                9.918491
              ],
              [
                103.999073,
                9.918553
              ],
              [
                103.998786,
                9.918573
              ],
              [
                103.998404,
                9.918541
              ],
              [
                103.998074,
                9.918529
              ],
              [
                103.997702,
                9.918563
              ],
              [
                103.997421,
                9.918645
              ],
              [
                103.997285,
                9.918736
              ],
              [
                103.997107,
                9.918894
              ],
              [
                103.996962,
                9.919017
              ],
              [
                103.996805,
                9.919108
              ],
              [
                103.996599,
                9.919194
              ],
              [
                103.99638,
                9.919249
              ],
              [
                103.996149,
                9.919316
              ],
              [
                103.995967,
                9.919434
              ],
              [
                103.995827,
                9.919569
              ],
              [
                103.995752,
                9.91972
              ],
              [
                103.995689,
                9.919906
              ],
              [
                103.995668,
                9.920068
              ],
              [
                103.995668,
                9.920287
              ],
              [
                103.995725,
                9.920497
              ],
              [
                103.995811,
                9.92066
              ],
              [
                103.995885,
                9.920771
              ],
              [
                103.996066,
                9.920931
              ],
              [
                103.996239,
                9.921062
              ],
              [
                103.996407,
                9.92117
              ],
              [
                103.99659,
                9.921237
              ],
              [
                103.996732,
                9.921261
              ],
              [
                103.99694,
                9.921261
              ],
              [
                103.997098,
                9.921272
              ],
              [
                103.997188,
                9.921277
              ],
              [
                103.997735,
                9.921358
              ],
              [
                103.99787,
                9.921382
              ],
              [
                103.998011,
                9.921445
              ],
              [
                103.9981,
                9.921509
              ],
              [
                103.998193,
                9.92163
              ],
              [
                103.998264,
                9.921773
              ],
              [
                103.998482,
                9.921977
              ],
              [
                103.998592,
                9.922064
              ],
              [
                103.998793,
                9.922134
              ],
              [
                103.99898,
                9.922188
              ],
              [
                103.999286,
                9.92228
              ],
              [
                103.999572,
                9.922381
              ],
              [
                103.999788,
                9.922468
              ],
              [
                103.999917,
                9.922533
              ],
              [
                104.000022,
                9.922593
              ],
              [
                104.000119,
                9.922655
              ],
              [
                104.000253,
                9.922738
              ],
              [
                104.000425,
                9.922815
              ],
              [
                104.000603,
                9.922848
              ],
              [
                104.000721,
                9.922868
              ],
              [
                104.000862,
                9.922883
              ],
              [
                104.001112,
                9.922864
              ],
              [
                104.001331,
                9.922804
              ],
              [
                104.001573,
                9.922703
              ],
              [
                104.001794,
                9.922648
              ],
              [
                104.001994,
                9.922527
              ],
              [
                104.002132,
                9.922391
              ],
              [
                104.002253,
                9.922194
              ],
              [
                104.002375,
                9.921886
              ],
              [
                104.002444,
                9.921663
              ],
              [
                104.002461,
                9.921405
              ],
              [
                104.002398,
                9.921152
              ],
              [
                104.002261,
                9.920864
              ],
              [
                104.002233,
                9.920716
              ],
              [
                104.002238,
                9.920554
              ],
              [
                104.002282,
                9.920332
              ],
              [
                104.002346,
                9.920059
              ],
              [
                104.002399,
                9.919819
              ],
              [
                104.002463,
                9.919555
              ],
              [
                104.002541,
                9.919222
              ],
              [
                104.002618,
                9.918742
              ],
              [
                104.002618,
                9.918742
              ]
            ]
          ],
          [
            [
              [
                103.993629,
                9.927795
              ],
              [
                103.993373,
                9.927786
              ],
              [
                103.993304,
                9.927793
              ],
              [
                103.99314,
                9.927808
              ],
              [
                103.993002,
                9.927873
              ],
              [
                103.992883,
                9.927959
              ],
              [
                103.992772,
                9.92805
              ],
              [
                103.992712,
                9.928131
              ],
              [
                103.99267,
                9.928232
              ],
              [
                103.992613,
                9.928383
              ],
              [
                103.992588,
                9.928488
              ],
              [
                103.992584,
                9.928545
              ],
              [
                103.992582,
                9.928656
              ],
              [
                103.992582,
                9.928682
              ],
              [
                103.9926,
                9.928856
              ],
              [
                103.992628,
                9.928935
              ],
              [
                103.992703,
                9.929106
              ],
              [
                103.992741,
                9.929186
              ],
              [
                103.992748,
                9.929195
              ],
              [
                103.992839,
                9.929293
              ],
              [
                103.992927,
                9.92936
              ],
              [
                103.993029,
                9.929423
              ],
              [
                103.993087,
                9.929455
              ],
              [
                103.993346,
                9.929511
              ],
              [
                103.993771,
                9.929512
              ],
              [
                103.993904,
                9.929479
              ],
              [
                103.994001,
                9.929433
              ],
              [
                103.994135,
                9.929363
              ],
              [
                103.994223,
                9.92929
              ],
              [
                103.994287,
                9.929217
              ],
              [
                103.994384,
                9.929076
              ],
              [
                103.994411,
                9.92894
              ],
              [
                103.99441,
                9.928838
              ],
              [
                103.99441,
                9.928762
              ],
              [
                103.994393,
                9.928601
              ],
              [
                103.994377,
                9.928538
              ],
              [
                103.994355,
                9.928464
              ],
              [
                103.994311,
                9.928342
              ],
              [
                103.99418,
                9.928056
              ],
              [
                103.994118,
                9.927968
              ],
              [
                103.994021,
                9.927895
              ],
              [
                103.993972,
                9.927876
              ],
              [
                103.993813,
                9.927825
              ],
              [
                103.993629,
                9.927795
              ],
              [
                103.993629,
                9.927795
              ]
            ]
          ],
          [
            [
              [
                104.020488,
                9.933847
              ],
              [
                104.020702,
                9.933781
              ],
              [
                104.021029,
                9.933631
              ],
              [
                104.0213,
                9.933481
              ],
              [
                104.021477,
                9.93333
              ],
              [
                104.021678,
                9.933113
              ],
              [
                104.021918,
                9.932878
              ],
              [
                104.022214,
                9.932679
              ],
              [
                104.02246,
                9.932468
              ],
              [
                104.022693,
                9.932257
              ],
              [
                104.022825,
                9.932094
              ],
              [
                104.022958,
                9.931889
              ],
              [
                104.023084,
                9.931648
              ],
              [
                104.023135,
                9.931412
              ],
              [
                104.02313,
                9.931092
              ],
              [
                104.023099,
                9.930819
              ],
              [
                104.023031,
                9.930583
              ],
              [
                104.022868,
                9.930262
              ],
              [
                104.022675,
                9.929923
              ],
              [
                104.022352,
                9.929705
              ],
              [
                104.022133,
                9.929592
              ],
              [
                104.021793,
                9.929526
              ],
              [
                104.021658,
                9.929544
              ],
              [
                104.021441,
                9.929544
              ],
              [
                104.021257,
                9.929494
              ],
              [
                104.02104,
                9.929361
              ],
              [
                104.020747,
                9.929119
              ],
              [
                104.020713,
                9.929083
              ],
              [
                104.020514,
                9.928911
              ],
              [
                104.020288,
                9.92877
              ],
              [
                104.019891,
                9.928516
              ],
              [
                104.019541,
                9.928307
              ],
              [
                104.019301,
                9.928136
              ],
              [
                104.019212,
                9.928051
              ],
              [
                104.019153,
                9.927966
              ],
              [
                104.019114,
                9.927867
              ],
              [
                104.019098,
                9.927834
              ],
              [
                104.018977,
                9.927702
              ],
              [
                104.018764,
                9.927637
              ],
              [
                104.018672,
                9.927637
              ],
              [
                104.018456,
                9.92765
              ],
              [
                104.018297,
                9.927684
              ],
              [
                104.018151,
                9.927738
              ],
              [
                104.01812,
                9.927755
              ],
              [
                104.0177,
                9.928035
              ],
              [
                104.017261,
                9.928356
              ],
              [
                104.016514,
                9.929033
              ],
              [
                104.016482,
                9.92906
              ],
              [
                104.016453,
                9.929109
              ],
              [
                104.016326,
                9.929324
              ],
              [
                104.016207,
                9.929643
              ],
              [
                104.016051,
                9.9301
              ],
              [
                104.015778,
                9.930994
              ],
              [
                104.015775,
                9.931054
              ],
              [
                104.015787,
                9.931236
              ],
              [
                104.015887,
                9.931435
              ],
              [
                104.016153,
                9.931883
              ],
              [
                104.016374,
                9.93213
              ],
              [
                104.016527,
                9.932324
              ],
              [
                104.016596,
                9.932433
              ],
              [
                104.01674,
                9.932566
              ],
              [
                104.016884,
                9.93273
              ],
              [
                104.017078,
                9.93293
              ],
              [
                104.017279,
                9.933094
              ],
              [
                104.017561,
                9.933295
              ],
              [
                104.017887,
                9.933453
              ],
              [
                104.01815,
                9.933533
              ],
              [
                104.018411,
                9.933611
              ],
              [
                104.018716,
                9.933715
              ],
              [
                104.018955,
                9.933782
              ],
              [
                104.019219,
                9.933819
              ],
              [
                104.01974,
                9.933809
              ],
              [
                104.020042,
                9.933834
              ],
              [
                104.020287,
                9.933865
              ],
              [
                104.020488,
                9.933847
              ],
              [
                104.020488,
                9.933847
              ]
            ]
          ],
          [
            [
              [
                104.016104,
                9.967156
              ],
              [
                104.016263,
                9.967125
              ],
              [
                104.016422,
                9.967126
              ],
              [
                104.016603,
                9.967185
              ],
              [
                104.016691,
                9.96723
              ],
              [
                104.016953,
                9.967365
              ],
              [
                104.017189,
                9.967438
              ],
              [
                104.01724,
                9.967449
              ],
              [
                104.017414,
                9.967429
              ],
              [
                104.017659,
                9.967328
              ],
              [
                104.017833,
                9.967197
              ],
              [
                104.017987,
                9.967045
              ],
              [
                104.018111,
                9.966911
              ],
              [
                104.018432,
                9.96644
              ],
              [
                104.018583,
                9.966128
              ],
              [
                104.019193,
                9.965235
              ],
              [
                104.019435,
                9.964622
              ],
              [
                104.019637,
                9.964238
              ],
              [
                104.020585,
                9.962791
              ],
              [
                104.020653,
                9.962682
              ],
              [
                104.020681,
                9.962649
              ],
              [
                104.021015,
                9.962171
              ],
              [
                104.021046,
                9.962127
              ],
              [
                104.021137,
                9.961982
              ],
              [
                104.021293,
                9.961766
              ],
              [
                104.021385,
                9.961584
              ],
              [
                104.021529,
                9.961392
              ],
              [
                104.021703,
                9.961271
              ],
              [
                104.021863,
                9.961177
              ],
              [
                104.022041,
                9.961012
              ],
              [
                104.022103,
                9.96094
              ],
              [
                104.022215,
                9.960796
              ],
              [
                104.022318,
                9.960614
              ],
              [
                104.022354,
                9.960453
              ],
              [
                104.022457,
                9.959955
              ],
              [
                104.022485,
                9.95988
              ],
              [
                104.022787,
                9.958766
              ],
              [
                104.022876,
                9.958328
              ],
              [
                104.022938,
                9.958073
              ],
              [
                104.023001,
                9.957721
              ],
              [
                104.023049,
                9.95751
              ],
              [
                104.023094,
                9.957303
              ],
              [
                104.023096,
                9.95727
              ],
              [
                104.023091,
                9.957104
              ],
              [
                104.023065,
                9.956889
              ],
              [
                104.022978,
                9.956538
              ],
              [
                104.022868,
                9.956027
              ],
              [
                104.022734,
                9.955506
              ],
              [
                104.022721,
                9.955468
              ],
              [
                104.022599,
                9.955205
              ],
              [
                104.022504,
                9.955095
              ],
              [
                104.022357,
                9.954991
              ],
              [
                104.022135,
                9.95477
              ],
              [
                104.021838,
                9.954514
              ],
              [
                104.021705,
                9.954355
              ],
              [
                104.021682,
                9.954324
              ],
              [
                104.021521,
                9.954044
              ],
              [
                104.02151,
                9.954016
              ],
              [
                104.021449,
                9.953773
              ],
              [
                104.021419,
                9.953621
              ],
              [
                104.021409,
                9.953438
              ],
              [
                104.021379,
                9.953195
              ],
              [
                104.02135,
                9.95285
              ],
              [
                104.021279,
                9.952526
              ],
              [
                104.021249,
                9.952273
              ],
              [
                104.021189,
                9.951958
              ],
              [
                104.02119,
                9.951685
              ],
              [
                104.021211,
                9.95129
              ],
              [
                104.021233,
                9.951067
              ],
              [
                104.021285,
                9.950763
              ],
              [
                104.021297,
                9.950681
              ],
              [
                104.021479,
                9.950176
              ],
              [
                104.021787,
                9.949611
              ],
              [
                104.02203,
                9.94909
              ],
              [
                104.022228,
                9.948851
              ],
              [
                104.022536,
                9.948635
              ],
              [
                104.022609,
                9.948599
              ],
              [
                104.022895,
                9.948437
              ],
              [
                104.02294,
                9.948415
              ],
              [
                104.023216,
                9.948311
              ],
              [
                104.023455,
                9.948272
              ],
              [
                104.023632,
                9.948288
              ],
              [
                104.023897,
                9.948298
              ],
              [
                104.024132,
                9.948248
              ],
              [
                104.024327,
                9.948117
              ],
              [
                104.024552,
                9.947925
              ],
              [
                104.024849,
                9.947622
              ],
              [
                104.025054,
                9.94741
              ],
              [
                104.025218,
                9.947188
              ],
              [
                104.025372,
                9.946915
              ],
              [
                104.025527,
                9.946642
              ],
              [
                104.02567,
                9.946409
              ],
              [
                104.025814,
                9.946126
              ],
              [
                104.025897,
                9.945903
              ],
              [
                104.025897,
                9.945751
              ],
              [
                104.025877,
                9.945579
              ],
              [
                104.025806,
                9.945396
              ],
              [
                104.025705,
                9.945173
              ],
              [
                104.025644,
                9.94495
              ],
              [
                104.025636,
                9.944877
              ],
              [
                104.025576,
                9.944505
              ],
              [
                104.025411,
                9.943898
              ],
              [
                104.025084,
                9.942898
              ],
              [
                104.025057,
                9.942809
              ],
              [
                104.025014,
                9.942727
              ],
              [
                104.024903,
                9.942606
              ],
              [
                104.024767,
                9.94248
              ],
              [
                104.024565,
                9.942294
              ],
              [
                104.024235,
                9.942044
              ],
              [
                104.024091,
                9.941944
              ],
              [
                104.023792,
                9.941655
              ],
              [
                104.023775,
                9.941635
              ],
              [
                104.02369,
                9.94156
              ],
              [
                104.023597,
                9.94149
              ],
              [
                104.023524,
                9.941391
              ],
              [
                104.023413,
                9.941165
              ],
              [
                104.02334,
                9.94088
              ],
              [
                104.023314,
                9.940748
              ],
              [
                104.023274,
                9.940658
              ],
              [
                104.02327,
                9.940647
              ],
              [
                104.023106,
                9.940486
              ],
              [
                104.022841,
                9.940354
              ],
              [
                104.02259,
                9.940236
              ],
              [
                104.02231,
                9.940206
              ],
              [
                104.022,
                9.940205
              ],
              [
                104.021635,
                9.940257
              ],
              [
                104.021335,
                9.9404
              ],
              [
                104.020736,
                9.940542
              ],
              [
                104.020457,
                9.940613
              ],
              [
                104.02044,
                9.940622
              ],
              [
                104.020359,
                9.940672
              ],
              [
                104.020292,
                9.940737
              ],
              [
                104.020214,
                9.940845
              ],
              [
                104.020175,
                9.940973
              ],
              [
                104.020026,
                9.94124
              ],
              [
                104.020019,
                9.941249
              ],
              [
                104.019716,
                9.941538
              ],
              [
                104.019574,
                9.941678
              ],
              [
                104.0194,
                9.941792
              ],
              [
                104.019175,
                9.941948
              ],
              [
                104.019048,
                9.942097
              ],
              [
                104.018896,
                9.942307
              ],
              [
                104.018719,
                9.942613
              ],
              [
                104.018609,
                9.942847
              ],
              [
                104.018568,
                9.943047
              ],
              [
                104.018593,
                9.943282
              ],
              [
                104.018593,
                9.943436
              ],
              [
                104.018592,
                9.94375
              ],
              [
                104.018584,
                9.943864
              ],
              [
                104.018559,
                9.943983
              ],
              [
                104.018499,
                9.944091
              ],
              [
                104.018391,
                9.944224
              ],
              [
                104.018326,
                9.944277
              ],
              [
                104.018169,
                9.944408
              ],
              [
                104.018061,
                9.944514
              ],
              [
                104.018009,
                9.94457
              ],
              [
                104.017814,
                9.944779
              ],
              [
                104.017601,
                9.944856
              ],
              [
                104.017202,
                9.944902
              ],
              [
                104.017145,
                9.944912
              ],
              [
                104.017049,
                9.944945
              ],
              [
                104.016786,
                9.945161
              ],
              [
                104.016533,
                9.945467
              ],
              [
                104.016223,
                9.945774
              ],
              [
                104.01597,
                9.945927
              ],
              [
                104.01584,
                9.945962
              ],
              [
                104.015363,
                9.946099
              ],
              [
                104.014709,
                9.946343
              ],
              [
                104.013263,
                9.946857
              ],
              [
                104.012742,
                9.947015
              ],
              [
                104.012639,
                9.947031
              ],
              [
                104.012342,
                9.94709
              ],
              [
                104.01196,
                9.947232
              ],
              [
                104.011711,
                9.947366
              ],
              [
                104.011643,
                9.947412
              ],
              [
                104.010944,
                9.947796
              ],
              [
                104.010842,
                9.947861
              ],
              [
                104.010683,
                9.947993
              ],
              [
                104.010618,
                9.94809
              ],
              [
                104.010559,
                9.948292
              ],
              [
                104.010456,
                9.948573
              ],
              [
                104.010392,
                9.948747
              ],
              [
                104.010298,
                9.948935
              ],
              [
                104.010235,
                9.949068
              ],
              [
                104.010214,
                9.94916
              ],
              [
                104.010225,
                9.949191
              ],
              [
                104.010267,
                9.94939
              ],
              [
                104.010357,
                9.949559
              ],
              [
                104.010514,
                9.949761
              ],
              [
                104.010762,
                9.950132
              ],
              [
                104.011426,
                9.950917
              ],
              [
                104.011527,
                9.951008
              ],
              [
                104.011664,
                9.951104
              ],
              [
                104.011782,
                9.951155
              ],
              [
                104.011845,
                9.951179
              ],
              [
                104.01217,
                9.951194
              ],
              [
                104.012521,
                9.951185
              ],
              [
                104.012748,
                9.951257
              ],
              [
                104.012921,
                9.951392
              ],
              [
                104.013104,
                9.95157
              ],
              [
                104.013333,
                9.951854
              ],
              [
                104.013465,
                9.952138
              ],
              [
                104.013525,
                9.952331
              ],
              [
                104.013581,
                9.952625
              ],
              [
                104.01361,
                9.952934
              ],
              [
                104.013624,
                9.953354
              ],
              [
                104.013633,
                9.953821
              ],
              [
                104.013622,
                9.954206
              ],
              [
                104.0136,
                9.954555
              ],
              [
                104.013585,
                9.954769
              ],
              [
                104.013498,
                9.955124
              ],
              [
                104.013398,
                9.955322
              ],
              [
                104.013218,
                9.95546
              ],
              [
                104.012919,
                9.955578
              ],
              [
                104.012679,
                9.955735
              ],
              [
                104.012639,
                9.955781
              ],
              [
                104.012172,
                9.956214
              ],
              [
                104.011375,
                9.956797
              ],
              [
                104.011078,
                9.957014
              ],
              [
                104.010981,
                9.957101
              ],
              [
                104.010908,
                9.957232
              ],
              [
                104.010905,
                9.95724
              ],
              [
                104.010896,
                9.957434
              ],
              [
                104.010929,
                9.957594
              ],
              [
                104.011048,
                9.957763
              ],
              [
                104.011397,
                9.9581
              ],
              [
                104.011581,
                9.958319
              ],
              [
                104.011799,
                9.958471
              ],
              [
                104.011912,
                9.958524
              ],
              [
                104.012112,
                9.958573
              ],
              [
                104.012169,
                9.958573
              ],
              [
                104.012266,
                9.958617
              ],
              [
                104.012372,
                9.9587
              ],
              [
                104.012433,
                9.958772
              ],
              [
                104.012515,
                9.958873
              ],
              [
                104.012586,
                9.959025
              ],
              [
                104.012636,
                9.959188
              ],
              [
                104.012645,
                9.959208
              ],
              [
                104.012787,
                9.959694
              ],
              [
                104.012765,
                9.96011
              ],
              [
                104.012784,
                9.960545
              ],
              [
                104.012842,
                9.96108
              ],
              [
                104.012834,
                9.961335
              ],
              [
                104.012804,
                9.961606
              ],
              [
                104.01272,
                9.961903
              ],
              [
                104.012689,
                9.962146
              ],
              [
                104.012606,
                9.96244
              ],
              [
                104.012451,
                9.962845
              ],
              [
                104.012287,
                9.963128
              ],
              [
                104.012082,
                9.963411
              ],
              [
                104.012049,
                9.963455
              ],
              [
                104.011857,
                9.963669
              ],
              [
                104.011626,
                9.96374
              ],
              [
                104.011207,
                9.963829
              ],
              [
                104.010793,
                9.964109
              ],
              [
                104.01051,
                9.96441
              ],
              [
                104.010286,
                9.964755
              ],
              [
                104.0103,
                9.964861
              ],
              [
                104.010255,
                9.965723
              ],
              [
                104.010294,
                9.96602
              ],
              [
                104.010353,
                9.966337
              ],
              [
                104.010372,
                9.966554
              ],
              [
                104.010331,
                9.966792
              ],
              [
                104.010249,
                9.967168
              ],
              [
                104.010211,
                9.96731
              ],
              [
                104.010166,
                9.967592
              ],
              [
                104.01017,
                9.967815
              ],
              [
                104.010236,
                9.968028
              ],
              [
                104.010324,
                9.968161
              ],
              [
                104.010473,
                9.968305
              ],
              [
                104.010638,
                9.968428
              ],
              [
                104.010902,
                9.968534
              ],
              [
                104.011096,
                9.968565
              ],
              [
                104.011862,
                9.968617
              ],
              [
                104.012201,
                9.968658
              ],
              [
                104.012334,
                9.968698
              ],
              [
                104.012567,
                9.968812
              ],
              [
                104.012726,
                9.968945
              ],
              [
                104.012919,
                9.969036
              ],
              [
                104.013079,
                9.969057
              ],
              [
                104.013206,
                9.969047
              ],
              [
                104.013334,
                9.969
              ],
              [
                104.013461,
                9.968915
              ],
              [
                104.01365,
                9.968745
              ],
              [
                104.013657,
                9.968738
              ],
              [
                104.014025,
                9.968316
              ],
              [
                104.014248,
                9.968149
              ],
              [
                104.014407,
                9.968055
              ],
              [
                104.014566,
                9.968013
              ],
              [
                104.014789,
                9.967993
              ],
              [
                104.015127,
                9.967973
              ],
              [
                104.015371,
                9.96791
              ],
              [
                104.01553,
                9.967795
              ],
              [
                104.0157,
                9.967575
              ],
              [
                104.015934,
                9.967282
              ],
              [
                104.016104,
                9.967156
              ],
              [
                104.016104,
                9.967156
              ]
            ]
          ],
          [
            [
              [
                104.024838,
                9.973968
              ],
              [
                104.024974,
                9.973801
              ],
              [
                104.025062,
                9.973529
              ],
              [
                104.025097,
                9.973403
              ],
              [
                104.025204,
                9.973194
              ],
              [
                104.025287,
                9.972998
              ],
              [
                104.025369,
                9.972756
              ],
              [
                104.025376,
                9.97272
              ],
              [
                104.026138,
                9.971406
              ],
              [
                104.026183,
                9.97135
              ],
              [
                104.02632,
                9.971135
              ],
              [
                104.026436,
                9.97086
              ],
              [
                104.026567,
                9.970513
              ],
              [
                104.026683,
                9.970199
              ],
              [
                104.026732,
                9.969951
              ],
              [
                104.026778,
                9.96967
              ],
              [
                104.026773,
                9.969571
              ],
              [
                104.026774,
                9.969342
              ],
              [
                104.026734,
                9.969171
              ],
              [
                104.026626,
                9.969014
              ],
              [
                104.02651,
                9.968869
              ],
              [
                104.026242,
                9.968699
              ],
              [
                104.025993,
                9.968645
              ],
              [
                104.02575,
                9.968644
              ],
              [
                104.025548,
                9.968676
              ],
              [
                104.025537,
                9.968678
              ],
              [
                104.025355,
                9.968732
              ],
              [
                104.025182,
                9.968812
              ],
              [
                104.024841,
                9.969085
              ],
              [
                104.024566,
                9.969353
              ],
              [
                104.024312,
                9.969674
              ],
              [
                104.023986,
                9.970137
              ],
              [
                104.023858,
                9.970332
              ],
              [
                104.023792,
                9.970468
              ],
              [
                104.023715,
                9.970648
              ],
              [
                104.023629,
                9.970765
              ],
              [
                104.023502,
                9.970867
              ],
              [
                104.023334,
                9.970935
              ],
              [
                104.023151,
                9.970988
              ],
              [
                104.022928,
                9.971085
              ],
              [
                104.022633,
                9.97126
              ],
              [
                104.022506,
                9.971372
              ],
              [
                104.022419,
                9.971533
              ],
              [
                104.022353,
                9.971791
              ],
              [
                104.022296,
                9.971976
              ],
              [
                104.022159,
                9.972254
              ],
              [
                104.022005,
                9.972566
              ],
              [
                104.021853,
                9.972795
              ],
              [
                104.021634,
                9.973048
              ],
              [
                104.021395,
                9.973242
              ],
              [
                104.021222,
                9.973344
              ],
              [
                104.020999,
                9.973431
              ],
              [
                104.020765,
                9.973509
              ],
              [
                104.020547,
                9.97362
              ],
              [
                104.020394,
                9.973727
              ],
              [
                104.020262,
                9.973785
              ],
              [
                104.020034,
                9.973843
              ],
              [
                104.019856,
                9.973843
              ],
              [
                104.0196,
                9.973802
              ],
              [
                104.019233,
                9.973709
              ],
              [
                104.018909,
                9.97364
              ],
              [
                104.018716,
                9.973625
              ],
              [
                104.018467,
                9.973619
              ],
              [
                104.018168,
                9.973604
              ],
              [
                104.017996,
                9.973603
              ],
              [
                104.017858,
                9.973622
              ],
              [
                104.017631,
                9.973739
              ],
              [
                104.017544,
                9.97383
              ],
              [
                104.017471,
                9.973955
              ],
              [
                104.017434,
                9.974088
              ],
              [
                104.017426,
                9.974241
              ],
              [
                104.017426,
                9.974506
              ],
              [
                104.017425,
                9.974806
              ],
              [
                104.017373,
                9.975267
              ],
              [
                104.017314,
                9.975602
              ],
              [
                104.017269,
                9.975937
              ],
              [
                104.017246,
                9.976195
              ],
              [
                104.017246,
                9.976278
              ],
              [
                104.017275,
                9.976453
              ],
              [
                104.017318,
                9.976593
              ],
              [
                104.017354,
                9.976725
              ],
              [
                104.017402,
                9.97697
              ],
              [
                104.017402,
                9.977057
              ],
              [
                104.017412,
                9.977232
              ],
              [
                104.017381,
                9.977473
              ],
              [
                104.017351,
                9.977758
              ],
              [
                104.017314,
                9.977884
              ],
              [
                104.017256,
                9.978009
              ],
              [
                104.017074,
                9.978225
              ],
              [
                104.016972,
                9.978295
              ],
              [
                104.016848,
                9.978371
              ],
              [
                104.016579,
                9.978524
              ],
              [
                104.016463,
                9.978621
              ],
              [
                104.01646,
                9.978623
              ],
              [
                104.015993,
                9.978996
              ],
              [
                104.015963,
                9.979015
              ],
              [
                104.015871,
                9.97908
              ],
              [
                104.015835,
                9.979103
              ],
              [
                104.015632,
                9.979296
              ],
              [
                104.015256,
                9.979734
              ],
              [
                104.015211,
                9.979789
              ],
              [
                104.015125,
                9.979919
              ],
              [
                104.015007,
                9.980088
              ],
              [
                104.014841,
                9.98032
              ],
              [
                104.014715,
                9.980462
              ],
              [
                104.014532,
                9.98067
              ],
              [
                104.014349,
                9.980866
              ],
              [
                104.014257,
                9.981042
              ],
              [
                104.014171,
                9.981288
              ],
              [
                104.014119,
                9.981546
              ],
              [
                104.014107,
                9.981781
              ],
              [
                104.014118,
                9.981946
              ],
              [
                104.0141,
                9.98216
              ],
              [
                104.014027,
                9.982386
              ],
              [
                104.013961,
                9.982582
              ],
              [
                104.013881,
                9.982823
              ],
              [
                104.013775,
                9.983018
              ],
              [
                104.01365,
                9.983239
              ],
              [
                104.013557,
                9.983421
              ],
              [
                104.013412,
                9.983715
              ],
              [
                104.013366,
                9.983869
              ],
              [
                104.013348,
                9.984
              ],
              [
                104.013353,
                9.98417
              ],
              [
                104.013438,
                9.984307
              ],
              [
                104.013529,
                9.984401
              ],
              [
                104.013666,
                9.984467
              ],
              [
                104.013831,
                9.984506
              ],
              [
                104.014173,
                9.984551
              ],
              [
                104.014486,
                9.98459
              ],
              [
                104.014822,
                9.984624
              ],
              [
                104.015273,
                9.984653
              ],
              [
                104.015518,
                9.984654
              ],
              [
                104.016273,
                9.984784
              ],
              [
                104.016705,
                9.9848
              ],
              [
                104.016734,
                9.984797
              ],
              [
                104.016981,
                9.984737
              ],
              [
                104.017109,
                9.984663
              ],
              [
                104.017276,
                9.984531
              ],
              [
                104.017625,
                9.984375
              ],
              [
                104.01766,
                9.984358
              ],
              [
                104.018321,
                9.984117
              ],
              [
                104.018739,
                9.983862
              ],
              [
                104.019156,
                9.983588
              ],
              [
                104.019298,
                9.983481
              ],
              [
                104.019517,
                9.983257
              ],
              [
                104.019615,
                9.983124
              ],
              [
                104.019795,
                9.98285
              ],
              [
                104.020008,
                9.982474
              ],
              [
                104.020182,
                9.982085
              ],
              [
                104.020395,
                9.981588
              ],
              [
                104.020517,
                9.981345
              ],
              [
                104.02057,
                9.981256
              ],
              [
                104.020655,
                9.981167
              ],
              [
                104.020699,
                9.981139
              ],
              [
                104.021676,
                9.980367
              ],
              [
                104.021735,
                9.980333
              ],
              [
                104.022201,
                9.980193
              ],
              [
                104.022697,
                9.979998
              ],
              [
                104.023005,
                9.979806
              ],
              [
                104.023139,
                9.979708
              ],
              [
                104.023238,
                9.979592
              ],
              [
                104.023333,
                9.979455
              ],
              [
                104.023453,
                9.979213
              ],
              [
                104.023458,
                9.979016
              ],
              [
                104.023457,
                9.979011
              ],
              [
                104.023427,
                9.978825
              ],
              [
                104.023433,
                9.978605
              ],
              [
                104.023499,
                9.978394
              ],
              [
                104.023621,
                9.978199
              ],
              [
                104.023748,
                9.978039
              ],
              [
                104.023875,
                9.977833
              ],
              [
                104.023932,
                9.977663
              ],
              [
                104.023983,
                9.977397
              ],
              [
                104.024034,
                9.977137
              ],
              [
                104.02404,
                9.976951
              ],
              [
                104.02403,
                9.976755
              ],
              [
                104.023991,
                9.976499
              ],
              [
                104.023984,
                9.976477
              ],
              [
                104.02378,
                9.975987
              ],
              [
                104.023563,
                9.975573
              ],
              [
                104.023485,
                9.975269
              ],
              [
                104.023483,
                9.975254
              ],
              [
                104.023476,
                9.975227
              ],
              [
                104.02347,
                9.975048
              ],
              [
                104.023477,
                9.974911
              ],
              [
                104.023519,
                9.974793
              ],
              [
                104.023648,
                9.974623
              ],
              [
                104.023771,
                9.97453
              ],
              [
                104.024142,
                9.974374
              ],
              [
                104.024202,
                9.974364
              ],
              [
                104.024613,
                9.974135
              ],
              [
                104.024838,
                9.973968
              ],
              [
                104.024838,
                9.973968
              ]
            ]
          ],
          [
            [
              [
                104.040391,
                9.992904
              ],
              [
                104.040688,
                9.992871
              ],
              [
                104.041011,
                9.992921
              ],
              [
                104.041361,
                9.99306
              ],
              [
                104.041578,
                9.993079
              ],
              [
                104.041777,
                9.993047
              ],
              [
                104.041937,
                9.992966
              ],
              [
                104.042008,
                9.992895
              ],
              [
                104.042064,
                9.992807
              ],
              [
                104.042103,
                9.992687
              ],
              [
                104.042108,
                9.992616
              ],
              [
                104.042098,
                9.992441
              ],
              [
                104.042066,
                9.992321
              ],
              [
                104.042042,
                9.992244
              ],
              [
                104.041991,
                9.992143
              ],
              [
                104.041948,
                9.991935
              ],
              [
                104.041954,
                9.991641
              ],
              [
                104.04196,
                9.991586
              ],
              [
                104.041947,
                9.991451
              ],
              [
                104.041931,
                9.991282
              ],
              [
                104.041854,
                9.991151
              ],
              [
                104.041793,
                9.991085
              ],
              [
                104.0417,
                9.991041
              ],
              [
                104.041623,
                9.99103
              ],
              [
                104.041442,
                9.991049
              ],
              [
                104.041036,
                9.991189
              ],
              [
                104.040719,
                9.991419
              ],
              [
                104.040203,
                9.991715
              ],
              [
                104.040065,
                9.99178
              ],
              [
                104.03938,
                9.992168
              ],
              [
                104.039177,
                9.992308
              ],
              [
                104.038753,
                9.99273
              ],
              [
                104.038519,
                9.993008
              ],
              [
                104.038474,
                9.993051
              ],
              [
                104.03813,
                9.993484
              ],
              [
                104.038021,
                9.993619
              ],
              [
                104.037733,
                9.994022
              ],
              [
                104.037434,
                9.994404
              ],
              [
                104.037301,
                9.994655
              ],
              [
                104.037123,
                9.995207
              ],
              [
                104.036959,
                9.995514
              ],
              [
                104.036946,
                9.995533
              ],
              [
                104.036942,
                9.995543
              ],
              [
                104.036913,
                9.995618
              ],
              [
                104.036825,
                9.995744
              ],
              [
                104.03679,
                9.995801
              ],
              [
                104.036453,
                9.996396
              ],
              [
                104.036232,
                9.996723
              ],
              [
                104.036187,
                9.997008
              ],
              [
                104.036208,
                9.997226
              ],
              [
                104.036414,
                9.997507
              ],
              [
                104.036427,
                9.997512
              ],
              [
                104.036516,
                9.997577
              ],
              [
                104.036802,
                9.997578
              ],
              [
                104.037023,
                9.997491
              ],
              [
                104.037155,
                9.997404
              ],
              [
                104.037266,
                9.997295
              ],
              [
                104.037399,
                9.997011
              ],
              [
                104.037606,
                9.996566
              ],
              [
                104.037886,
                9.996007
              ],
              [
                104.038175,
                9.995374
              ],
              [
                104.038418,
                9.994981
              ],
              [
                104.038596,
                9.994675
              ],
              [
                104.038781,
                9.994404
              ],
              [
                104.039215,
                9.993901
              ],
              [
                104.039687,
                9.993375
              ],
              [
                104.039806,
                9.993274
              ],
              [
                104.040071,
                9.993045
              ],
              [
                104.040391,
                9.992904
              ],
              [
                104.040391,
                9.992904
              ]
            ]
          ],
          [
            [
              [
                104.011422,
                9.990808
              ],
              [
                104.011201,
                9.990779
              ],
              [
                104.010988,
                9.990783
              ],
              [
                104.010846,
                9.990799
              ],
              [
                104.010704,
                9.990854
              ],
              [
                104.010601,
                9.990932
              ],
              [
                104.010482,
                9.991104
              ],
              [
                104.010371,
                9.991237
              ],
              [
                104.010252,
                9.991338
              ],
              [
                104.010128,
                9.99139
              ],
              [
                104.010092,
                9.9914
              ],
              [
                104.009901,
                9.991434
              ],
              [
                104.009739,
                9.991455
              ],
              [
                104.009514,
                9.991539
              ],
              [
                104.009377,
                9.991619
              ],
              [
                104.009258,
                9.991705
              ],
              [
                104.009174,
                9.99181
              ],
              [
                104.008303,
                9.992879
              ],
              [
                104.008206,
                9.992994
              ],
              [
                104.008048,
                9.993191
              ],
              [
                104.007956,
                9.993341
              ],
              [
                104.007724,
                9.993682
              ],
              [
                104.007631,
                9.993782
              ],
              [
                104.007442,
                9.994036
              ],
              [
                104.007385,
                9.99416
              ],
              [
                104.00735,
                9.994296
              ],
              [
                104.007366,
                9.99451
              ],
              [
                104.007383,
                9.994669
              ],
              [
                104.007372,
                9.994873
              ],
              [
                104.00737,
                9.995132
              ],
              [
                104.007422,
                9.995379
              ],
              [
                104.007492,
                9.995685
              ],
              [
                104.007561,
                9.995991
              ],
              [
                104.007583,
                9.996454
              ],
              [
                104.00757,
                9.996759
              ],
              [
                104.007432,
                9.997166
              ],
              [
                104.007256,
                9.997627
              ],
              [
                104.007238,
                9.997685
              ],
              [
                104.007161,
                9.997976
              ],
              [
                104.007116,
                9.99814
              ],
              [
                104.00711,
                9.998249
              ],
              [
                104.007109,
                9.998389
              ],
              [
                104.007141,
                9.998516
              ],
              [
                104.00726,
                9.998644
              ],
              [
                104.007336,
                9.998723
              ],
              [
                104.007398,
                9.998833
              ],
              [
                104.007424,
                9.998928
              ],
              [
                104.007407,
                9.998996
              ],
              [
                104.007402,
                9.999023
              ],
              [
                104.007396,
                9.999061
              ],
              [
                104.007319,
                9.999538
              ],
              [
                104.007254,
                9.99989
              ],
              [
                104.007197,
                10.000193
              ],
              [
                104.007175,
                10.000503
              ],
              [
                104.007109,
                10.00089
              ],
              [
                104.007102,
                10.001116
              ],
              [
                104.007115,
                10.001292
              ],
              [
                104.007143,
                10.00139
              ],
              [
                104.0072,
                10.001475
              ],
              [
                104.007264,
                10.001539
              ],
              [
                104.00737,
                10.001602
              ],
              [
                104.007469,
                10.001603
              ],
              [
                104.00759,
                10.001554
              ],
              [
                104.007747,
                10.001435
              ],
              [
                104.00788,
                10.001319
              ],
              [
                104.008034,
                10.00121
              ],
              [
                104.008225,
                10.001125
              ],
              [
                104.008386,
                10.001077
              ],
              [
                104.008501,
                10.001038
              ],
              [
                104.008568,
                10.001003
              ],
              [
                104.008633,
                10.000956
              ],
              [
                104.008731,
                10.00086
              ],
              [
                104.008841,
                10.000746
              ],
              [
                104.009031,
                10.000489
              ],
              [
                104.009208,
                10.000245
              ],
              [
                104.009403,
                10.000001
              ],
              [
                104.009615,
                9.999792
              ],
              [
                104.009796,
                9.999631
              ],
              [
                104.009999,
                9.999466
              ],
              [
                104.010616,
                9.999069
              ],
              [
                104.010626,
                9.999062
              ],
              [
                104.010682,
                9.999024
              ],
              [
                104.010724,
                9.998996
              ],
              [
                104.011018,
                9.998772
              ],
              [
                104.011088,
                9.998718
              ],
              [
                104.011238,
                9.998568
              ],
              [
                104.011324,
                9.998444
              ],
              [
                104.011355,
                9.998399
              ],
              [
                104.011496,
                9.998212
              ],
              [
                104.011674,
                9.998047
              ],
              [
                104.01188,
                9.997928
              ],
              [
                104.012031,
                9.99783
              ],
              [
                104.012226,
                9.99767
              ],
              [
                104.012416,
                9.997467
              ],
              [
                104.012528,
                9.997348
              ],
              [
                104.01299,
                9.996829
              ],
              [
                104.013114,
                9.996616
              ],
              [
                104.013168,
                9.996529
              ],
              [
                104.013261,
                9.996377
              ],
              [
                104.013263,
                9.996374
              ],
              [
                104.01336,
                9.996169
              ],
              [
                104.013645,
                9.995568
              ],
              [
                104.013948,
                9.994935
              ],
              [
                104.014011,
                9.994716
              ],
              [
                104.014026,
                9.994689
              ],
              [
                104.014273,
                9.993908
              ],
              [
                104.014419,
                9.993348
              ],
              [
                104.014421,
                9.99298
              ],
              [
                104.014371,
                9.992758
              ],
              [
                104.014371,
                9.992755
              ],
              [
                104.014229,
                9.992486
              ],
              [
                104.014104,
                9.992332
              ],
              [
                104.013945,
                9.992178
              ],
              [
                104.013715,
                9.99199
              ],
              [
                104.013569,
                9.991834
              ],
              [
                104.013307,
                9.991573
              ],
              [
                104.012993,
                9.991323
              ],
              [
                104.012637,
                9.991114
              ],
              [
                104.012313,
                9.990998
              ],
              [
                104.011883,
                9.990903
              ],
              [
                104.011422,
                9.990808
              ],
              [
                104.011422,
                9.990808
              ]
            ]
          ],
          [
            [
              [
                104.035626,
                9.998101
              ],
              [
                104.035542,
                9.998101
              ],
              [
                104.035439,
                9.998131
              ],
              [
                104.03537,
                9.998175
              ],
              [
                104.035346,
                9.998193
              ],
              [
                104.035321,
                9.998219
              ],
              [
                104.035272,
                9.998303
              ],
              [
                104.035232,
                9.998386
              ],
              [
                104.035163,
                9.998647
              ],
              [
                104.035145,
                9.998714
              ],
              [
                104.035116,
                9.998811
              ],
              [
                104.035103,
                9.998855
              ],
              [
                104.035097,
                9.998874
              ],
              [
                104.035087,
                9.998907
              ],
              [
                104.035061,
                9.998996
              ],
              [
                104.035034,
                9.999034
              ],
              [
                104.035008,
                9.99907
              ],
              [
                104.034819,
                9.999336
              ],
              [
                104.034758,
                9.999465
              ],
              [
                104.034707,
                9.999583
              ],
              [
                104.034641,
                9.999766
              ],
              [
                104.03461,
                9.999862
              ],
              [
                104.034056,
                10.000547
              ],
              [
                104.033274,
                10.001261
              ],
              [
                104.032188,
                10.001977
              ],
              [
                104.032067,
                10.002029
              ],
              [
                104.031801,
                10.002176
              ],
              [
                104.031635,
                10.002274
              ],
              [
                104.031346,
                10.002419
              ],
              [
                104.031292,
                10.002452
              ],
              [
                104.030365,
                10.003123
              ],
              [
                104.029801,
                10.00383
              ],
              [
                104.029481,
                10.004373
              ],
              [
                104.029394,
                10.004602
              ],
              [
                104.029162,
                10.004859
              ],
              [
                104.02893,
                10.005088
              ],
              [
                104.028785,
                10.005288
              ],
              [
                104.028756,
                10.005429
              ],
              [
                104.028756,
                10.005431
              ],
              [
                104.028755,
                10.005689
              ],
              [
                104.028986,
                10.00589
              ],
              [
                104.02913,
                10.005919
              ],
              [
                104.029361,
                10.00592
              ],
              [
                104.030056,
                10.005349
              ],
              [
                104.03097,
                10.004465
              ],
              [
                104.031098,
                10.004407
              ],
              [
                104.031509,
                10.004194
              ],
              [
                104.031651,
                10.004117
              ],
              [
                104.031755,
                10.004072
              ],
              [
                104.033095,
                10.003381
              ],
              [
                104.034115,
                10.002496
              ],
              [
                104.034189,
                10.002438
              ],
              [
                104.034378,
                10.002237
              ],
              [
                104.034552,
                10.002047
              ],
              [
                104.035032,
                10.001092
              ],
              [
                104.035396,
                10.000068
              ],
              [
                104.035513,
                9.999789
              ],
              [
                104.03557,
                9.999506
              ],
              [
                104.03565,
                9.999223
              ],
              [
                104.035675,
                9.999071
              ],
              [
                104.035681,
                9.999034
              ],
              [
                104.035687,
                9.998996
              ],
              [
                104.035697,
                9.998966
              ],
              [
                104.035716,
                9.998913
              ],
              [
                104.035745,
                9.99883
              ],
              [
                104.03576,
                9.998785
              ],
              [
                104.035762,
                9.99878
              ],
              [
                104.035788,
                9.998706
              ],
              [
                104.035831,
                9.998582
              ],
              [
                104.03588,
                9.998354
              ],
              [
                104.035877,
                9.998288
              ],
              [
                104.035868,
                9.99825
              ],
              [
                104.035847,
                9.998192
              ],
              [
                104.035832,
                9.998168
              ],
              [
                104.035804,
                9.99814
              ],
              [
                104.035778,
                9.998119
              ],
              [
                104.035748,
                9.998108
              ],
              [
                104.035705,
                9.998101
              ],
              [
                104.035626,
                9.998101
              ],
              [
                104.035626,
                9.998101
              ]
            ]
          ],
          [
            [
              [
                103.862113,
                10.299414
              ],
              [
                103.861985,
                10.299393
              ],
              [
                103.861899,
                10.299435
              ],
              [
                103.861781,
                10.299582
              ],
              [
                103.861717,
                10.299862
              ],
              [
                103.861716,
                10.299868
              ],
              [
                103.861491,
                10.300729
              ],
              [
                103.861505,
                10.300831
              ],
              [
                103.861549,
                10.300938
              ],
              [
                103.861686,
                10.301045
              ],
              [
                103.861813,
                10.301085
              ],
              [
                103.861916,
                10.301105
              ],
              [
                103.861995,
                10.301105
              ],
              [
                103.862204,
                10.300992
              ],
              [
                103.862563,
                10.300477
              ],
              [
                103.862675,
                10.300325
              ],
              [
                103.862771,
                10.300093
              ],
              [
                103.862793,
                10.299924
              ],
              [
                103.862772,
                10.299829
              ],
              [
                103.862719,
                10.299723
              ],
              [
                103.862534,
                10.299605
              ],
              [
                103.862347,
                10.299521
              ],
              [
                103.862113,
                10.299414
              ],
              [
                103.862113,
                10.299414
              ]
            ]
          ],
          [
            [
              [
                103.840674,
                10.320869
              ],
              [
                103.839981,
                10.320488
              ],
              [
                103.839577,
                10.320502
              ],
              [
                103.839143,
                10.320748
              ],
              [
                103.838809,
                10.321093
              ],
              [
                103.838608,
                10.321439
              ],
              [
                103.83859,
                10.321867
              ],
              [
                103.838705,
                10.322346
              ],
              [
                103.839043,
                10.322797
              ],
              [
                103.83935,
                10.323206
              ],
              [
                103.839815,
                10.323604
              ],
              [
                103.84028,
                10.323886
              ],
              [
                103.840629,
                10.323986
              ],
              [
                103.840929,
                10.32397
              ],
              [
                103.841195,
                10.323905
              ],
              [
                103.841546,
                10.32361
              ],
              [
                103.841897,
                10.323116
              ],
              [
                103.842016,
                10.322539
              ],
              [
                103.841951,
                10.322127
              ],
              [
                103.841769,
                10.321763
              ],
              [
                103.841388,
                10.321317
              ],
              [
                103.840674,
                10.320869
              ],
              [
                103.840674,
                10.320869
              ]
            ]
          ],
          [
            [
              [
                103.80983,
                10.359548
              ],
              [
                103.809966,
                10.359363
              ],
              [
                103.810029,
                10.359127
              ],
              [
                103.809958,
                10.358798
              ],
              [
                103.809824,
                10.358489
              ],
              [
                103.809711,
                10.358046
              ],
              [
                103.809557,
                10.357788
              ],
              [
                103.809381,
                10.357551
              ],
              [
                103.809174,
                10.357355
              ],
              [
                103.809019,
                10.357272
              ],
              [
                103.808822,
                10.357282
              ],
              [
                103.808572,
                10.357373
              ],
              [
                103.808405,
                10.35762
              ],
              [
                103.808363,
                10.357774
              ],
              [
                103.808175,
                10.358051
              ],
              [
                103.80781,
                10.35844
              ],
              [
                103.807747,
                10.358687
              ],
              [
                103.807808,
                10.359078
              ],
              [
                103.807911,
                10.359253
              ],
              [
                103.808087,
                10.359408
              ],
              [
                103.808315,
                10.359512
              ],
              [
                103.808512,
                10.359512
              ],
              [
                103.80872,
                10.359503
              ],
              [
                103.808928,
                10.35939
              ],
              [
                103.809031,
                10.359432
              ],
              [
                103.809052,
                10.359442
              ],
              [
                103.809156,
                10.359515
              ],
              [
                103.809249,
                10.359597
              ],
              [
                103.809446,
                10.35968
              ],
              [
                103.80955,
                10.35967
              ],
              [
                103.809685,
                10.359661
              ],
              [
                103.80983,
                10.359548
              ],
              [
                103.80983,
                10.359548
              ]
            ]
          ],
          [
            [
              [
                103.813985,
                10.371895
              ],
              [
                103.813943,
                10.371684
              ],
              [
                103.813633,
                10.371361
              ],
              [
                103.813266,
                10.371219
              ],
              [
                103.812912,
                10.371302
              ],
              [
                103.812627,
                10.371609
              ],
              [
                103.812315,
                10.371861
              ],
              [
                103.812173,
                10.37186
              ],
              [
                103.812032,
                10.371789
              ],
              [
                103.81165,
                10.371704
              ],
              [
                103.811339,
                10.371773
              ],
              [
                103.810998,
                10.372122
              ],
              [
                103.810897,
                10.3725
              ],
              [
                103.810868,
                10.372865
              ],
              [
                103.810937,
                10.373117
              ],
              [
                103.811219,
                10.373441
              ],
              [
                103.811502,
                10.373596
              ],
              [
                103.811829,
                10.373662
              ],
              [
                103.812111,
                10.37336
              ],
              [
                103.812353,
                10.373165
              ],
              [
                103.812764,
                10.373012
              ],
              [
                103.813047,
                10.372859
              ],
              [
                103.813373,
                10.372748
              ],
              [
                103.813727,
                10.372679
              ],
              [
                103.813841,
                10.372595
              ],
              [
                103.813954,
                10.372456
              ],
              [
                103.814012,
                10.372315
              ],
              [
                103.813998,
                10.372105
              ],
              [
                103.813985,
                10.371895
              ],
              [
                103.813985,
                10.371895
              ]
            ]
          ],
          [
            [
              [
                103.835852,
                10.386929
              ],
              [
                103.835322,
                10.386927
              ],
              [
                103.834977,
                10.387063
              ],
              [
                103.834608,
                10.387335
              ],
              [
                103.834422,
                10.38779
              ],
              [
                103.834421,
                10.38811
              ],
              [
                103.834419,
                10.388474
              ],
              [
                103.83451,
                10.388794
              ],
              [
                103.834808,
                10.389114
              ],
              [
                103.835176,
                10.389138
              ],
              [
                103.835521,
                10.389117
              ],
              [
                103.835937,
                10.38889
              ],
              [
                103.836191,
                10.38864
              ],
              [
                103.836353,
                10.388345
              ],
              [
                103.836493,
                10.387844
              ],
              [
                103.836402,
                10.387342
              ],
              [
                103.836173,
                10.387045
              ],
              [
                103.835911,
                10.386951
              ],
              [
                103.835852,
                10.386929
              ],
              [
                103.835852,
                10.386929
              ]
            ]
          ],
          [
            [
              [
                104.06046,
                10.402831
              ],
              [
                104.060143,
                10.402758
              ],
              [
                104.059521,
                10.402785
              ],
              [
                104.058625,
                10.403033
              ],
              [
                104.058553,
                10.403047
              ],
              [
                104.058073,
                10.403154
              ],
              [
                104.05799,
                10.40316
              ],
              [
                104.057932,
                10.403205
              ],
              [
                104.057894,
                10.40328
              ],
              [
                104.057836,
                10.403439
              ],
              [
                104.057835,
                10.403679
              ],
              [
                104.057911,
                10.403781
              ],
              [
                104.057959,
                10.403814
              ],
              [
                104.058071,
                10.403822
              ],
              [
                104.058222,
                10.40387
              ],
              [
                104.058334,
                10.403942
              ],
              [
                104.05843,
                10.404045
              ],
              [
                104.058486,
                10.404164
              ],
              [
                104.058501,
                10.404378
              ],
              [
                104.0585,
                10.404608
              ],
              [
                104.05846,
                10.40479
              ],
              [
                104.058523,
                10.404988
              ],
              [
                104.058627,
                10.4051
              ],
              [
                104.058738,
                10.405179
              ],
              [
                104.058898,
                10.405306
              ],
              [
                104.059114,
                10.40537
              ],
              [
                104.059346,
                10.405339
              ],
              [
                104.059714,
                10.40519
              ],
              [
                104.059995,
                10.40504
              ],
              [
                104.060195,
                10.404969
              ],
              [
                104.060475,
                10.404851
              ],
              [
                104.0607,
                10.404701
              ],
              [
                104.060804,
                10.404551
              ],
              [
                104.060909,
                10.404187
              ],
              [
                104.060982,
                10.403886
              ],
              [
                104.060999,
                10.403624
              ],
              [
                104.060952,
                10.403347
              ],
              [
                104.060938,
                10.403309
              ],
              [
                104.060735,
                10.402961
              ],
              [
                104.06046,
                10.402831
              ],
              [
                104.06046,
                10.402831
              ]
            ]
          ],
          [
            [
              [
                103.998406,
                10.450695
              ],
              [
                103.998605,
                10.45068
              ],
              [
                103.998811,
                10.450688
              ],
              [
                103.999142,
                10.450755
              ],
              [
                103.999398,
                10.450789
              ],
              [
                103.999695,
                10.450765
              ],
              [
                103.999886,
                10.4507
              ],
              [
                104.000068,
                10.450545
              ],
              [
                104.000308,
                10.450292
              ],
              [
                104.000598,
                10.450064
              ],
              [
                104.000855,
                10.449893
              ],
              [
                104.00107,
                10.449762
              ],
              [
                104.001294,
                10.449607
              ],
              [
                104.001567,
                10.44951
              ],
              [
                104.00179,
                10.449441
              ],
              [
                104.002708,
                10.448939
              ],
              [
                104.002941,
                10.448877
              ],
              [
                104.004293,
                10.448356
              ],
              [
                104.004294,
                10.448355
              ],
              [
                104.004365,
                10.448324
              ],
              [
                104.004475,
                10.448286
              ],
              [
                104.004528,
                10.448269
              ],
              [
                104.004607,
                10.448238
              ],
              [
                104.005049,
                10.447983
              ],
              [
                104.005142,
                10.447929
              ],
              [
                104.005256,
                10.447863
              ],
              [
                104.005426,
                10.447797
              ],
              [
                104.005647,
                10.4477
              ],
              [
                104.005741,
                10.447658
              ],
              [
                104.005856,
                10.447611
              ],
              [
                104.005994,
                10.447576
              ],
              [
                104.006155,
                10.447569
              ],
              [
                104.006226,
                10.447593
              ],
              [
                104.006304,
                10.447659
              ],
              [
                104.006318,
                10.447673
              ],
              [
                104.006374,
                10.447732
              ],
              [
                104.006417,
                10.447792
              ],
              [
                104.006489,
                10.44784
              ],
              [
                104.006602,
                10.44784
              ],
              [
                104.006698,
                10.447832
              ],
              [
                104.006811,
                10.447761
              ],
              [
                104.006972,
                10.447523
              ],
              [
                104.007134,
                10.447189
              ],
              [
                104.007223,
                10.446967
              ],
              [
                104.007296,
                10.446705
              ],
              [
                104.007393,
                10.446514
              ],
              [
                104.007549,
                10.446253
              ],
              [
                104.007716,
                10.445834
              ],
              [
                104.007918,
                10.445468
              ],
              [
                104.008235,
                10.444915
              ],
              [
                104.008516,
                10.444463
              ],
              [
                104.008567,
                10.444374
              ],
              [
                104.008619,
                10.444276
              ],
              [
                104.00873,
                10.444051
              ],
              [
                104.009034,
                10.443568
              ],
              [
                104.009272,
                10.443182
              ],
              [
                104.009511,
                10.442728
              ],
              [
                104.009559,
                10.442631
              ],
              [
                104.009609,
                10.442538
              ],
              [
                104.009659,
                10.442464
              ],
              [
                104.009709,
                10.442383
              ],
              [
                104.009738,
                10.442301
              ],
              [
                104.009754,
                10.442235
              ],
              [
                104.009755,
                10.442226
              ],
              [
                104.009905,
                10.441922
              ],
              [
                104.009924,
                10.441899
              ],
              [
                104.009982,
                10.441814
              ],
              [
                104.0101,
                10.441624
              ],
              [
                104.010184,
                10.441529
              ],
              [
                104.012385,
                10.438356
              ],
              [
                104.013623,
                10.436279
              ],
              [
                104.01377,
                10.435991
              ],
              [
                104.013817,
                10.435878
              ],
              [
                104.015055,
                10.433722
              ],
              [
                104.015565,
                10.432803
              ],
              [
                104.015893,
                10.432289
              ],
              [
                104.016064,
                10.431982
              ],
              [
                104.016166,
                10.43176
              ],
              [
                104.016398,
                10.43143
              ],
              [
                104.016486,
                10.431277
              ],
              [
                104.01653,
                10.431128
              ],
              [
                104.016594,
                10.430979
              ],
              [
                104.016909,
                10.430472
              ],
              [
                104.017045,
                10.43024
              ],
              [
                104.017238,
                10.429967
              ],
              [
                104.017578,
                10.429335
              ],
              [
                104.018412,
                10.427917
              ],
              [
                104.019178,
                10.426747
              ],
              [
                104.019777,
                10.425828
              ],
              [
                104.020072,
                10.425396
              ],
              [
                104.020655,
                10.424579
              ],
              [
                104.021117,
                10.423872
              ],
              [
                104.022505,
                10.42198
              ],
              [
                104.023223,
                10.421069
              ],
              [
                104.02465,
                10.419319
              ],
              [
                104.025312,
                10.418502
              ],
              [
                104.026022,
                10.417623
              ],
              [
                104.027185,
                10.416486
              ],
              [
                104.029017,
                10.414862
              ],
              [
                104.029646,
                10.414321
              ],
              [
                104.03076,
                10.413663
              ],
              [
                104.03134,
                10.413335
              ],
              [
                104.032057,
                10.412912
              ],
              [
                104.032486,
                10.41274
              ],
              [
                104.032575,
                10.41272
              ],
              [
                104.032691,
                10.412677
              ],
              [
                104.032748,
                10.412656
              ],
              [
                104.032973,
                10.41249
              ],
              [
                104.033175,
                10.412404
              ],
              [
                104.033501,
                10.412405
              ],
              [
                104.033896,
                10.41241
              ],
              [
                104.034123,
                10.412414
              ],
              [
                104.034481,
                10.412392
              ],
              [
                104.034838,
                10.412361
              ],
              [
                104.035243,
                10.412378
              ],
              [
                104.035584,
                10.412435
              ],
              [
                104.035886,
                10.412514
              ],
              [
                104.036132,
                10.412625
              ],
              [
                104.03633,
                10.412783
              ],
              [
                104.036488,
                10.41302
              ],
              [
                104.036577,
                10.41314
              ],
              [
                104.036665,
                10.413232
              ],
              [
                104.036712,
                10.413323
              ],
              [
                104.036744,
                10.413442
              ],
              [
                104.036772,
                10.413593
              ],
              [
                104.036764,
                10.413729
              ],
              [
                104.036787,
                10.41387
              ],
              [
                104.036866,
                10.414067
              ],
              [
                104.036871,
                10.414077
              ],
              [
                104.03756,
                10.415027
              ],
              [
                104.038351,
                10.415703
              ],
              [
                104.039114,
                10.415953
              ],
              [
                104.039235,
                10.415979
              ],
              [
                104.039545,
                10.415996
              ],
              [
                104.039751,
                10.415981
              ],
              [
                104.039855,
                10.415933
              ],
              [
                104.040983,
                10.415319
              ],
              [
                104.041658,
                10.41479
              ],
              [
                104.042336,
                10.413945
              ],
              [
                104.04259,
                10.413294
              ],
              [
                104.042635,
                10.413223
              ],
              [
                104.042798,
                10.412976
              ],
              [
                104.042814,
                10.412956
              ],
              [
                104.043387,
                10.41224
              ],
              [
                104.043874,
                10.411652
              ],
              [
                104.043913,
                10.411604
              ],
              [
                104.04408,
                10.411427
              ],
              [
                104.044522,
                10.410956
              ],
              [
                104.044857,
                10.410615
              ],
              [
                104.045068,
                10.410404
              ],
              [
                104.047299,
                10.407914
              ],
              [
                104.049391,
                10.405649
              ],
              [
                104.049563,
                10.405462
              ],
              [
                104.049885,
                10.405193
              ],
              [
                104.05,
                10.40508
              ],
              [
                104.050588,
                10.404599
              ],
              [
                104.05073,
                10.404487
              ],
              [
                104.050979,
                10.404329
              ],
              [
                104.051376,
                10.404116
              ],
              [
                104.051789,
                10.403915
              ],
              [
                104.052563,
                10.403544
              ],
              [
                104.05302,
                10.403303
              ],
              [
                104.053465,
                10.403078
              ],
              [
                104.054059,
                10.402786
              ],
              [
                104.054339,
                10.402667
              ],
              [
                104.055435,
                10.402647
              ],
              [
                104.055487,
                10.402642
              ],
              [
                104.055764,
                10.402587
              ],
              [
                104.055878,
                10.402573
              ],
              [
                104.056498,
                10.402483
              ],
              [
                104.056805,
                10.402181
              ],
              [
                104.056891,
                10.401903
              ],
              [
                104.056957,
                10.401253
              ],
              [
                104.056938,
                10.401023
              ],
              [
                104.056963,
                10.400614
              ],
              [
                104.056992,
                10.400432
              ],
              [
                104.057012,
                10.400337
              ],
              [
                104.057061,
                10.400119
              ],
              [
                104.057109,
                10.399912
              ],
              [
                104.057214,
                10.399623
              ],
              [
                104.057287,
                10.39946
              ],
              [
                104.05736,
                10.39933
              ],
              [
                104.057408,
                10.399273
              ],
              [
                104.057476,
                10.399226
              ],
              [
                104.057536,
                10.399202
              ],
              [
                104.057668,
                10.399179
              ],
              [
                104.057768,
                10.399163
              ],
              [
                104.058422,
                10.398926
              ],
              [
                104.059112,
                10.398473
              ],
              [
                104.059972,
                10.397307
              ],
              [
                104.060041,
                10.397228
              ],
              [
                104.060653,
                10.39668
              ],
              [
                104.06068,
                10.396661
              ],
              [
                104.060816,
                10.39657
              ],
              [
                104.060904,
                10.396515
              ],
              [
                104.061001,
                10.396392
              ],
              [
                104.061065,
                10.396325
              ],
              [
                104.06117,
                10.396154
              ],
              [
                104.06123,
                10.396051
              ],
              [
                104.061303,
                10.395873
              ],
              [
                104.061367,
                10.395686
              ],
              [
                104.061424,
                10.39552
              ],
              [
                104.061461,
                10.395318
              ],
              [
                104.061464,
                10.395193
              ],
              [
                104.061538,
                10.394188
              ],
              [
                104.061542,
                10.394153
              ],
              [
                104.06155,
                10.39405
              ],
              [
                104.061601,
                10.393814
              ],
              [
                104.061658,
                10.3936
              ],
              [
                104.061663,
                10.39359
              ],
              [
                104.061913,
                10.392585
              ],
              [
                104.06221,
                10.3918
              ],
              [
                104.062248,
                10.391717
              ],
              [
                104.062425,
                10.391396
              ],
              [
                104.062651,
                10.391031
              ],
              [
                104.062864,
                10.390722
              ],
              [
                104.062874,
                10.390709
              ],
              [
                104.063376,
                10.390227
              ],
              [
                104.063378,
                10.390224
              ],
              [
                104.06343,
                10.390125
              ],
              [
                104.063559,
                10.389915
              ],
              [
                104.063792,
                10.389594
              ],
              [
                104.063941,
                10.38936
              ],
              [
                104.064428,
                10.388679
              ],
              [
                104.064958,
                10.388062
              ],
              [
                104.065593,
                10.387373
              ],
              [
                104.065868,
                10.387114
              ],
              [
                104.065898,
                10.387086
              ],
              [
                104.066315,
                10.38671
              ],
              [
                104.069211,
                10.38435
              ],
              [
                104.070636,
                10.383043
              ],
              [
                104.071097,
                10.382362
              ],
              [
                104.072478,
                10.380165
              ],
              [
                104.072488,
                10.380151
              ],
              [
                104.0744,
                10.377342
              ],
              [
                104.074422,
                10.377316
              ],
              [
                104.074583,
                10.377074
              ],
              [
                104.074793,
                10.376773
              ],
              [
                104.07509,
                10.376325
              ],
              [
                104.075159,
                10.376242
              ],
              [
                104.075263,
                10.376116
              ],
              [
                104.075375,
                10.375993
              ],
              [
                104.075452,
                10.375866
              ],
              [
                104.075512,
                10.375775
              ],
              [
                104.075597,
                10.375704
              ],
              [
                104.075701,
                10.375565
              ],
              [
                104.075766,
                10.375458
              ],
              [
                104.075882,
                10.375304
              ],
              [
                104.075979,
                10.375189
              ],
              [
                104.076,
                10.375162
              ],
              [
                104.077244,
                10.373662
              ],
              [
                104.077991,
                10.372132
              ],
              [
                104.078007,
                10.372109
              ],
              [
                104.078025,
                10.372029
              ],
              [
                104.078061,
                10.371965
              ],
              [
                104.078783,
                10.370786
              ],
              [
                104.078786,
                10.369876
              ],
              [
                104.078254,
                10.368737
              ],
              [
                104.07772,
                10.367978
              ],
              [
                104.077263,
                10.366499
              ],
              [
                104.077153,
                10.366056
              ],
              [
                104.077139,
                10.366014
              ],
              [
                104.077079,
                10.365859
              ],
              [
                104.077024,
                10.365672
              ],
              [
                104.076992,
                10.365522
              ],
              [
                104.076953,
                10.365256
              ],
              [
                104.076942,
                10.364769
              ],
              [
                104.076943,
                10.364432
              ],
              [
                104.076972,
                10.364289
              ],
              [
                104.077001,
                10.364152
              ],
              [
                104.077185,
                10.363244
              ],
              [
                104.077606,
                10.3616
              ],
              [
                104.078861,
                10.359473
              ],
              [
                104.079107,
                10.359173
              ],
              [
                104.079993,
                10.357095
              ],
              [
                104.080333,
                10.355331
              ],
              [
                104.080366,
                10.355158
              ],
              [
                104.080373,
                10.355093
              ],
              [
                104.080464,
                10.354288
              ],
              [
                104.080473,
                10.354256
              ],
              [
                104.08048,
                10.354202
              ],
              [
                104.080255,
                10.353477
              ],
              [
                104.079814,
                10.353347
              ],
              [
                104.078998,
                10.353436
              ],
              [
                104.078965,
                10.353447
              ],
              [
                104.078717,
                10.353446
              ],
              [
                104.078358,
                10.353406
              ],
              [
                104.077902,
                10.353278
              ],
              [
                104.077647,
                10.35315
              ],
              [
                104.077359,
                10.352951
              ],
              [
                104.0772,
                10.352806
              ],
              [
                104.076821,
                10.35253
              ],
              [
                104.076436,
                10.352171
              ],
              [
                104.076282,
                10.35202
              ],
              [
                104.076078,
                10.351766
              ],
              [
                104.075513,
                10.351059
              ],
              [
                104.075139,
                10.350535
              ],
              [
                104.074733,
                10.349963
              ],
              [
                104.074494,
                10.349677
              ],
              [
                104.074342,
                10.349402
              ],
              [
                104.074271,
                10.349219
              ],
              [
                104.07397,
                10.34821
              ],
              [
                104.073859,
                10.347876
              ],
              [
                104.073756,
                10.347527
              ],
              [
                104.073716,
                10.347239
              ],
              [
                104.073678,
                10.347067
              ],
              [
                104.073628,
                10.346929
              ],
              [
                104.073611,
                10.346891
              ],
              [
                104.073584,
                10.346793
              ],
              [
                104.073275,
                10.345765
              ],
              [
                104.073266,
                10.345719
              ],
              [
                104.073242,
                10.345465
              ],
              [
                104.073195,
                10.345235
              ],
              [
                104.073156,
                10.344981
              ],
              [
                104.0731,
                10.344735
              ],
              [
                104.073045,
                10.3446
              ],
              [
                104.073013,
                10.344505
              ],
              [
                104.072982,
                10.344355
              ],
              [
                104.072882,
                10.343842
              ],
              [
                104.07282,
                10.343225
              ],
              [
                104.072827,
                10.343148
              ],
              [
                104.072837,
                10.342878
              ],
              [
                104.072834,
                10.342709
              ],
              [
                104.072842,
                10.342636
              ],
              [
                104.07285,
                10.34259
              ],
              [
                104.072866,
                10.342537
              ],
              [
                104.072893,
                10.342479
              ],
              [
                104.07292,
                10.342433
              ],
              [
                104.072928,
                10.342387
              ],
              [
                104.072928,
                10.342322
              ],
              [
                104.072921,
                10.34223
              ],
              [
                104.072898,
                10.342138
              ],
              [
                104.072834,
                10.341919
              ],
              [
                104.072799,
                10.341726
              ],
              [
                104.072776,
                10.341472
              ],
              [
                104.072732,
                10.340473
              ],
              [
                104.072726,
                10.340445
              ],
              [
                104.072739,
                10.340153
              ],
              [
                104.07274,
                10.339837
              ],
              [
                104.072717,
                10.339521
              ],
              [
                104.0727,
                10.339153
              ],
              [
                104.072683,
                10.338883
              ],
              [
                104.072637,
                10.338585
              ],
              [
                104.07262,
                10.338363
              ],
              [
                104.07265,
                10.338111
              ],
              [
                104.072675,
                10.337837
              ],
              [
                104.072692,
                10.337495
              ],
              [
                104.0727,
                10.337451
              ],
              [
                104.072796,
                10.336907
              ],
              [
                104.072844,
                10.336621
              ],
              [
                104.072856,
                10.336457
              ],
              [
                104.072863,
                10.336253
              ],
              [
                104.072917,
                10.33592
              ],
              [
                104.073036,
                10.335452
              ],
              [
                104.073137,
                10.335201
              ],
              [
                104.073256,
                10.334898
              ],
              [
                104.073351,
                10.33467
              ],
              [
                104.073357,
                10.334652
              ],
              [
                104.073622,
                10.333981
              ],
              [
                104.073723,
                10.333731
              ],
              [
                104.073726,
                10.333695
              ],
              [
                104.073729,
                10.3336
              ],
              [
                104.073917,
                10.332777
              ],
              [
                104.074107,
                10.332287
              ],
              [
                104.074161,
                10.331995
              ],
              [
                104.074197,
                10.331796
              ],
              [
                104.074204,
                10.331597
              ],
              [
                104.074251,
                10.331451
              ],
              [
                104.074317,
                10.331247
              ],
              [
                104.074364,
                10.331159
              ],
              [
                104.074412,
                10.331002
              ],
              [
                104.074518,
                10.330873
              ],
              [
                104.074696,
                10.33064
              ],
              [
                104.074844,
                10.330412
              ],
              [
                104.074986,
                10.330167
              ],
              [
                104.075183,
                10.329918
              ],
              [
                104.075302,
                10.329737
              ],
              [
                104.075373,
                10.329533
              ],
              [
                104.075415,
                10.329398
              ],
              [
                104.075386,
                10.329182
              ],
              [
                104.075345,
                10.329012
              ],
              [
                104.075281,
                10.328813
              ],
              [
                104.075181,
                10.32862
              ],
              [
                104.075087,
                10.328456
              ],
              [
                104.074941,
                10.328204
              ],
              [
                104.074817,
                10.32797
              ],
              [
                104.074706,
                10.327718
              ],
              [
                104.074695,
                10.327467
              ],
              [
                104.074707,
                10.327309
              ],
              [
                104.074726,
                10.327035
              ],
              [
                104.074786,
                10.326696
              ],
              [
                104.074822,
                10.326433
              ],
              [
                104.07487,
                10.326094
              ],
              [
                104.074903,
                10.325893
              ],
              [
                104.07535,
                10.324092
              ],
              [
                104.075484,
                10.323793
              ],
              [
                104.075485,
                10.323782
              ],
              [
                104.075518,
                10.323685
              ],
              [
                104.075623,
                10.323334
              ],
              [
                104.07648,
                10.321127
              ],
              [
                104.076505,
                10.321048
              ],
              [
                104.077408,
                10.317138
              ],
              [
                104.077561,
                10.31663
              ],
              [
                104.07764,
                10.316383
              ],
              [
                104.078106,
                10.314536
              ],
              [
                104.079312,
                10.312346
              ],
              [
                104.079371,
                10.3122
              ],
              [
                104.079534,
                10.311809
              ],
              [
                104.079655,
                10.311429
              ],
              [
                104.079736,
                10.311187
              ],
              [
                104.080295,
                10.308748
              ],
              [
                104.08036,
                10.308506
              ],
              [
                104.080392,
                10.308292
              ],
              [
                104.080409,
                10.307943
              ],
              [
                104.080395,
                10.307365
              ],
              [
                104.080396,
                10.306937
              ],
              [
                104.080379,
                10.306716
              ],
              [
                104.079907,
                10.302361
              ],
              [
                104.079802,
                10.301224
              ],
              [
                104.07975,
                10.30103
              ],
              [
                104.079734,
                10.300919
              ],
              [
                104.079639,
                10.300435
              ],
              [
                104.079529,
                10.29988
              ],
              [
                104.079348,
                10.298841
              ],
              [
                104.079262,
                10.298351
              ],
              [
                104.078607,
                10.296348
              ],
              [
                104.07828,
                10.295327
              ],
              [
                104.07827,
                10.295288
              ],
              [
                104.078207,
                10.295019
              ],
              [
                104.078096,
                10.294717
              ],
              [
                104.077945,
                10.294352
              ],
              [
                104.077771,
                10.293773
              ],
              [
                104.077628,
                10.293257
              ],
              [
                104.077509,
                10.292916
              ],
              [
                104.077422,
                10.292654
              ],
              [
                104.077359,
                10.292448
              ],
              [
                104.077255,
                10.292186
              ],
              [
                104.077113,
                10.291829
              ],
              [
                104.07697,
                10.291377
              ],
              [
                104.076803,
                10.290933
              ],
              [
                104.076676,
                10.290607
              ],
              [
                104.076565,
                10.290329
              ],
              [
                104.076335,
                10.289766
              ],
              [
                104.07612,
                10.289274
              ],
              [
                104.076017,
                10.28898
              ],
              [
                104.075898,
                10.288647
              ],
              [
                104.075803,
                10.288377
              ],
              [
                104.075668,
                10.287989
              ],
              [
                104.075629,
                10.287806
              ],
              [
                104.075606,
                10.287545
              ],
              [
                104.075575,
                10.287235
              ],
              [
                104.075578,
                10.287089
              ],
              [
                104.075325,
                10.284447
              ],
              [
                104.075304,
                10.284388
              ],
              [
                104.075288,
                10.284289
              ],
              [
                104.075216,
                10.283945
              ],
              [
                104.0752,
                10.283889
              ],
              [
                104.075012,
                10.281318
              ],
              [
                104.074982,
                10.28078
              ],
              [
                104.07497,
                10.280734
              ],
              [
                104.074938,
                10.280584
              ],
              [
                104.074923,
                10.280433
              ],
              [
                104.074915,
                10.280211
              ],
              [
                104.074932,
                10.280013
              ],
              [
                104.074932,
                10.279886
              ],
              [
                104.074932,
                10.279883
              ],
              [
                104.074903,
                10.278642
              ],
              [
                104.074896,
                10.278467
              ],
              [
                104.074889,
                10.278221
              ],
              [
                104.074897,
                10.277915
              ],
              [
                104.075369,
                10.273607
              ],
              [
                104.07571,
                10.270184
              ],
              [
                104.076109,
                10.268855
              ],
              [
                104.077797,
                10.26556
              ],
              [
                104.077985,
                10.264987
              ],
              [
                104.077986,
                10.264656
              ],
              [
                104.078648,
                10.260874
              ],
              [
                104.078666,
                10.260826
              ],
              [
                104.078738,
                10.260692
              ],
              [
                104.078802,
                10.260573
              ],
              [
                104.078827,
                10.260455
              ],
              [
                104.078855,
                10.260168
              ],
              [
                104.078856,
                10.259875
              ],
              [
                104.078955,
                10.259485
              ],
              [
                104.079128,
                10.259169
              ],
              [
                104.079425,
                10.258879
              ],
              [
                104.079463,
                10.258863
              ],
              [
                104.079591,
                10.258784
              ],
              [
                104.079695,
                10.258657
              ],
              [
                104.079808,
                10.258476
              ],
              [
                104.079856,
                10.258333
              ],
              [
                104.079904,
                10.258246
              ],
              [
                104.079985,
                10.258056
              ],
              [
                104.080049,
                10.257889
              ],
              [
                104.080087,
                10.2577
              ],
              [
                104.080957,
                10.254583
              ],
              [
                104.080961,
                10.253067
              ],
              [
                104.080754,
                10.25139
              ],
              [
                104.08074,
                10.251361
              ],
              [
                104.080684,
                10.251305
              ],
              [
                104.080596,
                10.25117
              ],
              [
                104.080533,
                10.251067
              ],
              [
                104.080512,
                10.250995
              ],
              [
                104.080442,
                10.25011
              ],
              [
                104.08059,
                10.249048
              ],
              [
                104.080744,
                10.247747
              ],
              [
                104.080747,
                10.247684
              ],
              [
                104.080905,
                10.246092
              ],
              [
                104.080907,
                10.245334
              ],
              [
                104.08068,
                10.244424
              ],
              [
                104.080011,
                10.243162
              ],
              [
                104.079835,
                10.242787
              ],
              [
                104.079657,
                10.242389
              ],
              [
                104.079539,
                10.242104
              ],
              [
                104.079392,
                10.241697
              ],
              [
                104.079331,
                10.241478
              ],
              [
                104.079229,
                10.241177
              ],
              [
                104.079091,
                10.240856
              ],
              [
                104.078893,
                10.240352
              ],
              [
                104.078734,
                10.240026
              ],
              [
                104.07853,
                10.239669
              ],
              [
                104.078423,
                10.239445
              ],
              [
                104.078336,
                10.23921
              ],
              [
                104.078219,
                10.238813
              ],
              [
                104.0782,
                10.238726
              ],
              [
                104.076912,
                10.235003
              ],
              [
                104.076754,
                10.234556
              ],
              [
                104.076512,
                10.23361
              ],
              [
                104.07641,
                10.233238
              ],
              [
                104.076276,
                10.23265
              ],
              [
                104.076192,
                10.232242
              ],
              [
                104.076128,
                10.231878
              ],
              [
                104.076064,
                10.231321
              ],
              [
                104.076005,
                10.231057
              ],
              [
                104.075965,
                10.230892
              ],
              [
                104.075921,
                10.230688
              ],
              [
                104.075886,
                10.230479
              ],
              [
                104.075647,
                10.22948
              ],
              [
                104.075542,
                10.22903
              ],
              [
                104.075482,
                10.228738
              ],
              [
                104.075376,
                10.22842
              ],
              [
                104.075237,
                10.228095
              ],
              [
                104.075051,
                10.227592
              ],
              [
                104.074912,
                10.227121
              ],
              [
                104.074837,
                10.226748
              ],
              [
                104.074743,
                10.226334
              ],
              [
                104.074649,
                10.225975
              ],
              [
                104.074565,
                10.225512
              ],
              [
                104.074562,
                10.225495
              ],
              [
                104.074283,
                10.223345
              ],
              [
                104.074243,
                10.223201
              ],
              [
                104.074223,
                10.223001
              ],
              [
                104.074119,
                10.222683
              ],
              [
                104.073981,
                10.222365
              ],
              [
                104.073897,
                10.22221
              ],
              [
                104.073633,
                10.221662
              ],
              [
                104.072643,
                10.220219
              ],
              [
                104.071807,
                10.218473
              ],
              [
                104.070994,
                10.216304
              ],
              [
                104.070929,
                10.216163
              ],
              [
                104.070535,
                10.215436
              ],
              [
                104.069726,
                10.214205
              ],
              [
                104.069443,
                10.213876
              ],
              [
                104.069108,
                10.213542
              ],
              [
                104.068773,
                10.213541
              ],
              [
                104.068448,
                10.21374
              ],
              [
                104.068381,
                10.213762
              ],
              [
                104.068158,
                10.213761
              ],
              [
                104.067909,
                10.213587
              ],
              [
                104.067726,
                10.213455
              ],
              [
                104.067407,
                10.21313
              ],
              [
                104.067159,
                10.212768
              ],
              [
                104.066719,
                10.211942
              ],
              [
                104.06667,
                10.211848
              ],
              [
                104.065635,
                10.210572
              ],
              [
                104.06298,
                10.209057
              ],
              [
                104.062822,
                10.20899
              ],
              [
                104.060288,
                10.207368
              ],
              [
                104.057326,
                10.20347
              ],
              [
                104.056922,
                10.202762
              ],
              [
                104.05661,
                10.202348
              ],
              [
                104.056403,
                10.202003
              ],
              [
                104.056228,
                10.201725
              ],
              [
                104.056153,
                10.201599
              ],
              [
                104.056046,
                10.20139
              ],
              [
                104.056015,
                10.201257
              ],
              [
                104.056016,
                10.201174
              ],
              [
                104.056027,
                10.201099
              ],
              [
                104.05607,
                10.200965
              ],
              [
                104.056105,
                10.200877
              ],
              [
                104.056136,
                10.200764
              ],
              [
                104.056147,
                10.200669
              ],
              [
                104.056136,
                10.200562
              ],
              [
                104.056092,
                10.20041
              ],
              [
                104.055969,
                10.199959
              ],
              [
                104.05574,
                10.199155
              ],
              [
                104.055418,
                10.198327
              ],
              [
                104.055073,
                10.197546
              ],
              [
                104.05444,
                10.196213
              ],
              [
                104.053911,
                10.194995
              ],
              [
                104.053613,
                10.194271
              ],
              [
                104.053406,
                10.193754
              ],
              [
                104.052717,
                10.191904
              ],
              [
                104.052361,
                10.190962
              ],
              [
                104.052142,
                10.190433
              ],
              [
                104.051637,
                10.188917
              ],
              [
                104.05135,
                10.188181
              ],
              [
                104.0512,
                10.18794
              ],
              [
                104.051037,
                10.187693
              ],
              [
                104.050958,
                10.187526
              ],
              [
                104.050936,
                10.187262
              ],
              [
                104.050937,
                10.186941
              ],
              [
                104.050926,
                10.186562
              ],
              [
                104.050858,
                10.186091
              ],
              [
                104.050744,
                10.185459
              ],
              [
                104.050481,
                10.184414
              ],
              [
                104.050253,
                10.183601
              ],
              [
                104.050153,
                10.183188
              ],
              [
                104.050098,
                10.18289
              ],
              [
                104.049563,
                10.181267
              ],
              [
                104.049523,
                10.181146
              ],
              [
                104.049118,
                10.180048
              ],
              [
                104.049335,
                10.178748
              ],
              [
                104.049348,
                10.178518
              ],
              [
                104.049314,
                10.178193
              ],
              [
                104.049245,
                10.177752
              ],
              [
                104.049125,
                10.177226
              ],
              [
                104.04884,
                10.176443
              ],
              [
                104.04856,
                10.175663
              ],
              [
                104.048241,
                10.174549
              ],
              [
                104.048036,
                10.173722
              ],
              [
                104.04774,
                10.172045
              ],
              [
                104.047546,
                10.171081
              ],
              [
                104.047363,
                10.170311
              ],
              [
                104.047214,
                10.169771
              ],
              [
                104.046664,
                10.167635
              ],
              [
                104.046366,
                10.166785
              ],
              [
                104.046091,
                10.165797
              ],
              [
                104.045816,
                10.164924
              ],
              [
                104.045552,
                10.164166
              ],
              [
                104.045276,
                10.163373
              ],
              [
                104.044955,
                10.162431
              ],
              [
                104.044772,
                10.161707
              ],
              [
                104.044521,
                10.160616
              ],
              [
                104.044292,
                10.159766
              ],
              [
                104.044085,
                10.159042
              ],
              [
                104.044052,
                10.158583
              ],
              [
                104.044033,
                10.158376
              ],
              [
                104.043656,
                10.155426
              ],
              [
                104.043215,
                10.153696
              ],
              [
                104.04281,
                10.152812
              ],
              [
                104.042292,
                10.152258
              ],
              [
                104.041169,
                10.151499
              ],
              [
                104.040798,
                10.151297
              ],
              [
                104.039272,
                10.150398
              ],
              [
                104.037817,
                10.149475
              ],
              [
                104.037389,
                10.149141
              ],
              [
                104.036604,
                10.148462
              ],
              [
                104.035854,
                10.147748
              ],
              [
                104.03522,
                10.147
              ],
              [
                104.034713,
                10.146287
              ],
              [
                104.034367,
                10.145735
              ],
              [
                104.033722,
                10.144746
              ],
              [
                104.033226,
                10.143907
              ],
              [
                104.033166,
                10.143793
              ],
              [
                104.032766,
                10.143044
              ],
              [
                104.032363,
                10.142183
              ],
              [
                104.032088,
                10.141493
              ],
              [
                104.031628,
                10.140333
              ],
              [
                104.031353,
                10.13954
              ],
              [
                104.031135,
                10.138862
              ],
              [
                104.031009,
                10.13838
              ],
              [
                104.030803,
                10.137621
              ],
              [
                104.030643,
                10.136978
              ],
              [
                104.030472,
                10.136174
              ],
              [
                104.030358,
                10.135577
              ],
              [
                104.030221,
                10.134762
              ],
              [
                104.030143,
                10.134004
              ],
              [
                104.030127,
                10.1333
              ],
              [
                104.030122,
                10.133097
              ],
              [
                104.030123,
                10.13265
              ],
              [
                104.030194,
                10.13217
              ],
              [
                104.03034,
                10.131802
              ],
              [
                104.030487,
                10.13155
              ],
              [
                104.030668,
                10.131356
              ],
              [
                104.03068,
                10.131345
              ],
              [
                104.030679,
                10.131344
              ],
              [
                104.030885,
                10.131213
              ],
              [
                104.03117,
                10.131079
              ],
              [
                104.031411,
                10.130933
              ],
              [
                104.031529,
                10.130825
              ],
              [
                104.031671,
                10.130695
              ],
              [
                104.031841,
                10.130475
              ],
              [
                104.031901,
                10.130405
              ],
              [
                104.032893,
                10.129378
              ],
              [
                104.033329,
                10.128548
              ],
              [
                104.034583,
                10.12547
              ],
              [
                104.03561,
                10.123916
              ],
              [
                104.035621,
                10.123873
              ],
              [
                104.036409,
                10.121521
              ],
              [
                104.036599,
                10.120087
              ],
              [
                104.03638,
                10.118983
              ],
              [
                104.033648,
                10.114229
              ],
              [
                104.032614,
                10.112533
              ],
              [
                104.031689,
                10.111684
              ],
              [
                104.030319,
                10.110871
              ],
              [
                104.029164,
                10.109774
              ],
              [
                104.027274,
                10.107816
              ],
              [
                104.026455,
                10.106774
              ],
              [
                104.026305,
                10.106468
              ],
              [
                104.026105,
                10.105972
              ],
              [
                104.02588,
                10.105173
              ],
              [
                104.025647,
                10.104244
              ],
              [
                104.025518,
                10.10354
              ],
              [
                104.025345,
                10.102759
              ],
              [
                104.025234,
                10.101786
              ],
              [
                104.025157,
                10.1011
              ],
              [
                104.025115,
                10.100527
              ],
              [
                104.025108,
                10.10018
              ],
              [
                104.025179,
                10.099833
              ],
              [
                104.025197,
                10.099607
              ],
              [
                104.025207,
                10.099269
              ],
              [
                104.025234,
                10.098887
              ],
              [
                104.025232,
                10.098862
              ],
              [
                104.025264,
                10.095993
              ],
              [
                104.025261,
                10.095806
              ],
              [
                104.025297,
                10.09545
              ],
              [
                104.025351,
                10.095034
              ],
              [
                104.025395,
                10.094782
              ],
              [
                104.025432,
                10.094331
              ],
              [
                104.025432,
                10.094036
              ],
              [
                104.025477,
                10.093654
              ],
              [
                104.025539,
                10.093394
              ],
              [
                104.02555,
                10.092882
              ],
              [
                104.025551,
                10.092491
              ],
              [
                104.025508,
                10.092144
              ],
              [
                104.025387,
                10.091796
              ],
              [
                104.025117,
                10.091353
              ],
              [
                104.024707,
                10.090735
              ],
              [
                104.02461,
                10.090616
              ],
              [
                104.023878,
                10.089645
              ],
              [
                104.022581,
                10.088563
              ],
              [
                104.022508,
                10.088377
              ],
              [
                104.022127,
                10.087986
              ],
              [
                104.020821,
                10.085972
              ],
              [
                104.020267,
                10.085419
              ],
              [
                104.019822,
                10.08516
              ],
              [
                104.019303,
                10.084975
              ],
              [
                104.018896,
                10.084826
              ],
              [
                104.018414,
                10.08453
              ],
              [
                104.017957,
                10.083872
              ],
              [
                104.017937,
                10.083511
              ],
              [
                104.017974,
                10.082904
              ],
              [
                104.01802,
                10.082374
              ],
              [
                104.018109,
                10.081897
              ],
              [
                104.018259,
                10.081203
              ],
              [
                104.018392,
                10.080822
              ],
              [
                104.018771,
                10.079903
              ],
              [
                104.019035,
                10.079435
              ],
              [
                104.019352,
                10.078881
              ],
              [
                104.020081,
                10.07785
              ],
              [
                104.020459,
                10.077434
              ],
              [
                104.02081,
                10.077132
              ],
              [
                104.021349,
                10.076708
              ],
              [
                104.022797,
                10.075947
              ],
              [
                104.023057,
                10.07569
              ],
              [
                104.023203,
                10.075375
              ],
              [
                104.023206,
                10.074344
              ],
              [
                104.023409,
                10.074001
              ],
              [
                104.023699,
                10.073744
              ],
              [
                104.024508,
                10.073639
              ],
              [
                104.024649,
                10.07364
              ],
              [
                104.025167,
                10.073595
              ],
              [
                104.025472,
                10.073619
              ],
              [
                104.025637,
                10.073759
              ],
              [
                104.025824,
                10.074063
              ],
              [
                104.026198,
                10.074694
              ],
              [
                104.026344,
                10.074953
              ],
              [
                104.026505,
                10.075136
              ],
              [
                104.026653,
                10.075221
              ],
              [
                104.026897,
                10.075264
              ],
              [
                104.027056,
                10.075285
              ],
              [
                104.02712,
                10.075328
              ],
              [
                104.027141,
                10.075433
              ],
              [
                104.0271,
                10.075832
              ],
              [
                104.027019,
                10.076656
              ],
              [
                104.027266,
                10.078775
              ],
              [
                104.027338,
                10.07889
              ],
              [
                104.027439,
                10.078962
              ],
              [
                104.02754,
                10.078976
              ],
              [
                104.028147,
                10.07882
              ],
              [
                104.029783,
                10.077435
              ],
              [
                104.030472,
                10.076908
              ],
              [
                104.032008,
                10.075465
              ],
              [
                104.032186,
                10.075304
              ],
              [
                104.032489,
                10.075095
              ],
              [
                104.032673,
                10.074912
              ],
              [
                104.033782,
                10.073747
              ],
              [
                104.035664,
                10.072031
              ],
              [
                104.036706,
                10.071518
              ],
              [
                104.03766,
                10.071292
              ],
              [
                104.04003,
                10.070841
              ],
              [
                104.041687,
                10.070436
              ],
              [
                104.042057,
                10.070258
              ],
              [
                104.042498,
                10.070009
              ],
              [
                104.042811,
                10.069755
              ],
              [
                104.04301,
                10.0695
              ],
              [
                104.043149,
                10.069284
              ],
              [
                104.043263,
                10.069049
              ],
              [
                104.043368,
                10.068706
              ],
              [
                104.043448,
                10.068392
              ],
              [
                104.043509,
                10.068107
              ],
              [
                104.043516,
                10.067979
              ],
              [
                104.043506,
                10.06752
              ],
              [
                104.043364,
                10.066961
              ],
              [
                104.042999,
                10.066253
              ],
              [
                104.042841,
                10.06591
              ],
              [
                104.042682,
                10.065506
              ],
              [
                104.042599,
                10.065124
              ],
              [
                104.04254,
                10.064515
              ],
              [
                104.042511,
                10.063854
              ],
              [
                104.042514,
                10.062893
              ],
              [
                104.042569,
                10.062526
              ],
              [
                104.042799,
                10.061947
              ],
              [
                104.042918,
                10.061652
              ],
              [
                104.043,
                10.061453
              ],
              [
                104.04306,
                10.061286
              ],
              [
                104.043077,
                10.061113
              ],
              [
                104.04305,
                10.060978
              ],
              [
                104.043002,
                10.060859
              ],
              [
                104.042877,
                10.060761
              ],
              [
                104.04267,
                10.060685
              ],
              [
                104.042333,
                10.060609
              ],
              [
                104.041625,
                10.06052
              ],
              [
                104.041347,
                10.060514
              ],
              [
                104.041142,
                10.060549
              ],
              [
                104.041027,
                10.060632
              ],
              [
                104.040809,
                10.060853
              ],
              [
                104.040652,
                10.061008
              ],
              [
                104.04047,
                10.061158
              ],
              [
                104.040235,
                10.061277
              ],
              [
                104.039999,
                10.061366
              ],
              [
                104.039784,
                10.06137
              ],
              [
                104.039577,
                10.061328
              ],
              [
                104.039372,
                10.061256
              ],
              [
                104.039131,
                10.06113
              ],
              [
                104.038908,
                10.060997
              ],
              [
                104.038517,
                10.060655
              ],
              [
                104.038084,
                10.060175
              ],
              [
                104.037807,
                10.059809
              ],
              [
                104.037591,
                10.059438
              ],
              [
                104.037327,
                10.058964
              ],
              [
                104.036847,
                10.058161
              ],
              [
                104.036583,
                10.057657
              ],
              [
                104.036079,
                10.05653
              ],
              [
                104.035905,
                10.056039
              ],
              [
                104.035726,
                10.05544
              ],
              [
                104.035505,
                10.054584
              ],
              [
                104.035428,
                10.05423
              ],
              [
                104.035327,
                10.053668
              ],
              [
                104.035256,
                10.053165
              ],
              [
                104.035215,
                10.052979
              ],
              [
                104.035167,
                10.052745
              ],
              [
                104.035102,
                10.05244
              ],
              [
                104.035054,
                10.0522
              ],
              [
                104.035031,
                10.051883
              ],
              [
                104.035032,
                10.051572
              ],
              [
                104.035045,
                10.051303
              ],
              [
                104.035069,
                10.051129
              ],
              [
                104.035113,
                10.05085
              ],
              [
                104.035137,
                10.050635
              ],
              [
                104.035162,
                10.049929
              ],
              [
                104.035163,
                10.049512
              ],
              [
                104.035137,
                10.048649
              ],
              [
                104.035123,
                10.046309
              ],
              [
                104.035138,
                10.046158
              ],
              [
                104.035181,
                10.045585
              ],
              [
                104.035211,
                10.045087
              ],
              [
                104.035247,
                10.044838
              ],
              [
                104.035294,
                10.044699
              ],
              [
                104.035365,
                10.044595
              ],
              [
                104.03547,
                10.044515
              ],
              [
                104.035669,
                10.0444
              ],
              [
                104.035949,
                10.044267
              ],
              [
                104.036052,
                10.044229
              ],
              [
                104.037903,
                10.042725
              ],
              [
                104.038222,
                10.042508
              ],
              [
                104.038879,
                10.041797
              ],
              [
                104.039004,
                10.041664
              ],
              [
                104.039071,
                10.041526
              ],
              [
                104.039103,
                10.041408
              ],
              [
                104.039108,
                10.041269
              ],
              [
                104.039088,
                10.041151
              ],
              [
                104.039006,
                10.041012
              ],
              [
                104.038917,
                10.040902
              ],
              [
                104.038381,
                10.040159
              ],
              [
                104.037466,
                10.039626
              ],
              [
                104.036944,
                10.039812
              ],
              [
                104.036053,
                10.040327
              ],
              [
                104.035146,
                10.040811
              ],
              [
                104.034888,
                10.040872
              ],
              [
                104.034587,
                10.040943
              ],
              [
                104.034329,
                10.041041
              ],
              [
                104.034311,
                10.041045
              ],
              [
                104.034252,
                10.041059
              ],
              [
                104.034193,
                10.04105
              ],
              [
                104.03412,
                10.041018
              ],
              [
                104.033994,
                10.04096
              ],
              [
                104.033732,
                10.04077
              ],
              [
                104.033415,
                10.040527
              ],
              [
                104.033086,
                10.04022
              ],
              [
                104.032667,
                10.039768
              ],
              [
                104.032343,
                10.039325
              ],
              [
                104.032121,
                10.039001
              ],
              [
                104.031865,
                10.038558
              ],
              [
                104.031609,
                10.03809
              ],
              [
                104.031167,
                10.037137
              ],
              [
                104.030784,
                10.036209
              ],
              [
                104.030605,
                10.035639
              ],
              [
                104.030394,
                10.034729
              ],
              [
                104.030268,
                10.033938
              ],
              [
                104.030219,
                10.033172
              ],
              [
                104.030238,
                10.032433
              ],
              [
                104.030291,
                10.031694
              ],
              [
                104.03031,
                10.031332
              ],
              [
                104.030328,
                10.030922
              ],
              [
                104.030339,
                10.030666
              ],
              [
                104.030378,
                10.030513
              ],
              [
                104.030456,
                10.030344
              ],
              [
                104.030622,
                10.030066
              ],
              [
                104.030893,
                10.029646
              ],
              [
                104.030942,
                10.02958
              ],
              [
                104.032617,
                10.027977
              ],
              [
                104.032839,
                10.027685
              ],
              [
                104.033184,
                10.027241
              ],
              [
                104.033891,
                10.026377
              ],
              [
                104.034107,
                10.026095
              ],
              [
                104.034481,
                10.025588
              ],
              [
                104.034668,
                10.025312
              ],
              [
                104.034855,
                10.025012
              ],
              [
                104.03496,
                10.024839
              ],
              [
                104.035095,
                10.024591
              ],
              [
                104.0353,
                10.02428
              ],
              [
                104.035715,
                10.023692
              ],
              [
                104.036026,
                10.023247
              ],
              [
                104.037429,
                10.021913
              ],
              [
                104.039429,
                10.019347
              ],
              [
                104.03982,
                10.018786
              ],
              [
                104.039975,
                10.018028
              ],
              [
                104.040208,
                10.017044
              ],
              [
                104.040515,
                10.016362
              ],
              [
                104.041362,
                10.015056
              ],
              [
                104.042018,
                10.013538
              ],
              [
                104.042191,
                10.01332
              ],
              [
                104.042364,
                10.013144
              ],
              [
                104.042806,
                10.012803
              ],
              [
                104.043285,
                10.01248
              ],
              [
                104.043809,
                10.012193
              ],
              [
                104.04427,
                10.011992
              ],
              [
                104.044712,
                10.011878
              ],
              [
                104.045119,
                10.011839
              ],
              [
                104.045487,
                10.011837
              ],
              [
                104.045561,
                10.011863
              ],
              [
                104.045643,
                10.011924
              ],
              [
                104.045773,
                10.012079
              ],
              [
                104.045919,
                10.012324
              ],
              [
                104.046031,
                10.012535
              ],
              [
                104.046126,
                10.012828
              ],
              [
                104.046276,
                10.013327
              ],
              [
                104.046354,
                10.013508
              ],
              [
                104.046457,
                10.013745
              ],
              [
                104.046543,
                10.01387
              ],
              [
                104.046682,
                10.014008
              ],
              [
                104.046807,
                10.014053
              ],
              [
                104.046965,
                10.01405
              ],
              [
                104.04718,
                10.014012
              ],
              [
                104.0474,
                10.013936
              ],
              [
                104.047503,
                10.013883
              ],
              [
                104.047917,
                10.013611
              ],
              [
                104.048765,
                10.012876
              ],
              [
                104.049153,
                10.01255
              ],
              [
                104.049721,
                10.012103
              ],
              [
                104.050858,
                10.01031
              ],
              [
                104.051631,
                10.009236
              ],
              [
                104.051689,
                10.009124
              ],
              [
                104.051815,
                10.008861
              ],
              [
                104.051912,
                10.008625
              ],
              [
                104.051989,
                10.008434
              ],
              [
                104.052026,
                10.008222
              ],
              [
                104.052039,
                10.008023
              ],
              [
                104.052019,
                10.007903
              ],
              [
                104.051955,
                10.007651
              ],
              [
                104.051895,
                10.007423
              ],
              [
                104.051868,
                10.007267
              ],
              [
                104.051871,
                10.00718
              ],
              [
                104.051872,
                10.007146
              ],
              [
                104.051703,
                10.006388
              ],
              [
                104.051551,
                10.00616
              ],
              [
                104.051246,
                10.006008
              ],
              [
                104.050865,
                10.005934
              ],
              [
                104.050796,
                10.00596
              ],
              [
                104.050593,
                10.005996
              ],
              [
                104.048415,
                10.006505
              ],
              [
                104.048297,
                10.006548
              ],
              [
                104.047931,
                10.006692
              ],
              [
                104.04717,
                10.007096
              ],
              [
                104.045488,
                10.008197
              ],
              [
                104.045464,
                10.008241
              ],
              [
                104.044602,
                10.009316
              ],
              [
                104.04382,
                10.009886
              ],
              [
                104.041979,
                10.011122
              ],
              [
                104.041776,
                10.011359
              ],
              [
                104.041428,
                10.01172
              ],
              [
                104.040682,
                10.012941
              ],
              [
                104.04009,
                10.014576
              ],
              [
                104.03957,
                10.015481
              ],
              [
                104.03911,
                10.015995
              ],
              [
                104.038998,
                10.016055
              ],
              [
                104.038788,
                10.016143
              ],
              [
                104.038614,
                10.016188
              ],
              [
                104.038557,
                10.016203
              ],
              [
                104.03824,
                10.016261
              ],
              [
                104.037869,
                10.016295
              ],
              [
                104.037502,
                10.016308
              ],
              [
                104.037094,
                10.016275
              ],
              [
                104.036786,
                10.016229
              ],
              [
                104.036496,
                10.016166
              ],
              [
                104.036116,
                10.016043
              ],
              [
                104.035713,
                10.015885
              ],
              [
                104.035397,
                10.01574
              ],
              [
                104.035021,
                10.015537
              ],
              [
                104.03465,
                10.01532
              ],
              [
                104.034178,
                10.01501
              ],
              [
                104.03369,
                10.014675
              ],
              [
                104.033267,
                10.014297
              ],
              [
                104.032846,
                10.013811
              ],
              [
                104.03276,
                10.013697
              ],
              [
                104.03258,
                10.013449
              ],
              [
                104.032328,
                10.013064
              ],
              [
                104.032174,
                10.012808
              ],
              [
                104.032083,
                10.012611
              ],
              [
                104.031925,
                10.012327
              ],
              [
                104.031865,
                10.012156
              ],
              [
                104.031761,
                10.011739
              ],
              [
                104.031557,
                10.01081
              ],
              [
                104.031446,
                10.010543
              ],
              [
                104.031322,
                10.01049
              ],
              [
                104.031153,
                10.010515
              ],
              [
                104.031019,
                10.010665
              ],
              [
                104.030795,
                10.011056
              ],
              [
                104.029854,
                10.012705
              ],
              [
                104.029593,
                10.013078
              ],
              [
                104.028961,
                10.013805
              ],
              [
                104.028141,
                10.014692
              ],
              [
                104.027923,
                10.014961
              ],
              [
                104.02771,
                10.015225
              ],
              [
                104.027474,
                10.015505
              ],
              [
                104.027346,
                10.015657
              ],
              [
                104.02725,
                10.015734
              ],
              [
                104.026126,
                10.016599
              ],
              [
                104.02598,
                10.01672
              ],
              [
                104.025753,
                10.016895
              ],
              [
                104.025399,
                10.017121
              ],
              [
                104.02512,
                10.017316
              ],
              [
                104.024631,
                10.017649
              ],
              [
                104.024229,
                10.017889
              ],
              [
                104.023874,
                10.018044
              ],
              [
                104.023479,
                10.018152
              ],
              [
                104.022991,
                10.018289
              ],
              [
                104.022689,
                10.018363
              ],
              [
                104.022404,
                10.018374
              ],
              [
                104.020604,
                10.018317
              ],
              [
                104.020365,
                10.018362
              ],
              [
                104.019965,
                10.018349
              ],
              [
                104.01946,
                10.018261
              ],
              [
                104.019042,
                10.018162
              ],
              [
                104.018536,
                10.018055
              ],
              [
                104.018276,
                10.017987
              ],
              [
                104.017925,
                10.017873
              ],
              [
                104.017628,
                10.017758
              ],
              [
                104.016445,
                10.017203
              ],
              [
                104.015452,
                10.016636
              ],
              [
                104.014773,
                10.016248
              ],
              [
                104.014182,
                10.014965
              ],
              [
                104.01402,
                10.014122
              ],
              [
                104.014066,
                10.012704
              ],
              [
                104.014065,
                10.012697
              ],
              [
                104.014035,
                10.012363
              ],
              [
                104.013858,
                10.011801
              ],
              [
                104.013825,
                10.011736
              ],
              [
                104.013728,
                10.011512
              ],
              [
                104.013556,
                10.011112
              ],
              [
                104.013349,
                10.010653
              ],
              [
                104.013228,
                10.010509
              ],
              [
                104.013095,
                10.010417
              ],
              [
                104.012893,
                10.010324
              ],
              [
                104.012673,
                10.010249
              ],
              [
                104.012448,
                10.010179
              ],
              [
                104.012274,
                10.010162
              ],
              [
                104.012043,
                10.010172
              ],
              [
                104.011748,
                10.010137
              ],
              [
                104.011482,
                10.010108
              ],
              [
                104.011456,
                10.0101
              ],
              [
                104.01069,
                10.010098
              ],
              [
                104.010199,
                10.010132
              ],
              [
                104.009678,
                10.010302
              ],
              [
                104.009273,
                10.010587
              ],
              [
                104.009098,
                10.011189
              ],
              [
                104.009009,
                10.011847
              ],
              [
                104.008948,
                10.012907
              ],
              [
                104.00893,
                10.014077
              ],
              [
                104.00915,
                10.016087
              ],
              [
                104.009152,
                10.016187
              ],
              [
                104.009176,
                10.017331
              ],
              [
                104.009204,
                10.018625
              ],
              [
                104.009123,
                10.019184
              ],
              [
                104.009019,
                10.019682
              ],
              [
                104.008969,
                10.020048
              ],
              [
                104.008926,
                10.020469
              ],
              [
                104.008882,
                10.020847
              ],
              [
                104.008864,
                10.02097
              ],
              [
                104.008775,
                10.021496
              ],
              [
                104.008677,
                10.021948
              ],
              [
                104.008012,
                10.022938
              ],
              [
                104.007969,
                10.02297
              ],
              [
                104.007826,
                10.023079
              ],
              [
                104.007242,
                10.024214
              ],
              [
                104.007097,
                10.024706
              ],
              [
                104.006828,
                10.026423
              ],
              [
                104.006736,
                10.028056
              ],
              [
                104.006561,
                10.028685
              ],
              [
                104.006183,
                10.029343
              ],
              [
                104.004999,
                10.03068
              ],
              [
                104.004591,
                10.031261
              ],
              [
                104.003958,
                10.032093
              ],
              [
                104.003455,
                10.03346
              ],
              [
                104.002903,
                10.034892
              ],
              [
                104.002828,
                10.035004
              ],
              [
                104.002747,
                10.035215
              ],
              [
                104.002712,
                10.035374
              ],
              [
                104.002728,
                10.035551
              ],
              [
                104.002808,
                10.035683
              ],
              [
                104.002849,
                10.035713
              ],
              [
                104.003003,
                10.036264
              ],
              [
                104.003,
                10.037249
              ],
              [
                104.002937,
                10.037938
              ],
              [
                104.002832,
                10.038192
              ],
              [
                104.002296,
                10.039991
              ],
              [
                104.002083,
                10.040612
              ],
              [
                104.001788,
                10.041473
              ],
              [
                104.001417,
                10.042431
              ],
              [
                104.001121,
                10.043121
              ],
              [
                104.000721,
                10.04397
              ],
              [
                104.000293,
                10.044689
              ],
              [
                104.000253,
                10.044745
              ],
              [
                103.99992,
                10.04521
              ],
              [
                103.999878,
                10.045246
              ],
              [
                103.99915,
                10.045856
              ],
              [
                103.998548,
                10.046175
              ],
              [
                103.997687,
                10.046632
              ],
              [
                103.996224,
                10.046781
              ],
              [
                103.994577,
                10.047017
              ],
              [
                103.991857,
                10.047678
              ],
              [
                103.990987,
                10.048707
              ],
              [
                103.990522,
                10.049679
              ],
              [
                103.990518,
                10.051055
              ],
              [
                103.990509,
                10.053919
              ],
              [
                103.990175,
                10.056944
              ],
              [
                103.990247,
                10.058242
              ],
              [
                103.990258,
                10.058448
              ],
              [
                103.98977,
                10.064873
              ],
              [
                103.98963,
                10.065724
              ],
              [
                103.989329,
                10.067558
              ],
              [
                103.989191,
                10.068659
              ],
              [
                103.989188,
                10.068678
              ],
              [
                103.988572,
                10.073266
              ],
              [
                103.988583,
                10.073555
              ],
              [
                103.988543,
                10.074289
              ],
              [
                103.988474,
                10.074793
              ],
              [
                103.988375,
                10.075376
              ],
              [
                103.988199,
                10.076578
              ],
              [
                103.987962,
                10.078183
              ],
              [
                103.987762,
                10.079652
              ],
              [
                103.987556,
                10.081048
              ],
              [
                103.987373,
                10.082192
              ],
              [
                103.987197,
                10.083193
              ],
              [
                103.987014,
                10.084222
              ],
              [
                103.986914,
                10.085115
              ],
              [
                103.986815,
                10.085647
              ],
              [
                103.986739,
                10.086036
              ],
              [
                103.986571,
                10.087036
              ],
              [
                103.986457,
                10.087475
              ],
              [
                103.986397,
                10.087777
              ],
              [
                103.986381,
                10.088072
              ],
              [
                103.986312,
                10.088497
              ],
              [
                103.986176,
                10.089008
              ],
              [
                103.986084,
                10.08962
              ],
              [
                103.985983,
                10.090115
              ],
              [
                103.985924,
                10.09039
              ],
              [
                103.98584,
                10.090987
              ],
              [
                103.985642,
                10.092146
              ],
              [
                103.98558,
                10.092585
              ],
              [
                103.985534,
                10.092945
              ],
              [
                103.985407,
                10.093751
              ],
              [
                103.985245,
                10.09455
              ],
              [
                103.985062,
                10.095413
              ],
              [
                103.984879,
                10.096543
              ],
              [
                103.984704,
                10.097537
              ],
              [
                103.984422,
                10.099005
              ],
              [
                103.984147,
                10.100631
              ],
              [
                103.983843,
                10.10202
              ],
              [
                103.983547,
                10.103373
              ],
              [
                103.983221,
                10.104747
              ],
              [
                103.983094,
                10.105319
              ],
              [
                103.982962,
                10.106153
              ],
              [
                103.982688,
                10.107235
              ],
              [
                103.982418,
                10.108125
              ],
              [
                103.982189,
                10.109336
              ],
              [
                103.981901,
                10.110715
              ],
              [
                103.981698,
                10.111605
              ],
              [
                103.981562,
                10.112415
              ],
              [
                103.981519,
                10.11288
              ],
              [
                103.981408,
                10.11353
              ],
              [
                103.981138,
                10.114475
              ],
              [
                103.980944,
                10.115028
              ],
              [
                103.980801,
                10.11563
              ],
              [
                103.980648,
                10.116472
              ],
              [
                103.980471,
                10.117313
              ],
              [
                103.98025,
                10.118107
              ],
              [
                103.979859,
                10.119748
              ],
              [
                103.979571,
                10.121015
              ],
              [
                103.979352,
                10.122389
              ],
              [
                103.979067,
                10.12362
              ],
              [
                103.978948,
                10.12412
              ],
              [
                103.978821,
                10.1248
              ],
              [
                103.978623,
                10.125463
              ],
              [
                103.978534,
                10.125917
              ],
              [
                103.978394,
                10.126622
              ],
              [
                103.97825,
                10.127214
              ],
              [
                103.978142,
                10.127632
              ],
              [
                103.978045,
                10.128065
              ],
              [
                103.977988,
                10.128424
              ],
              [
                103.977908,
                10.128814
              ],
              [
                103.977804,
                10.129338
              ],
              [
                103.977664,
                10.12991
              ],
              [
                103.977479,
                10.131027
              ],
              [
                103.977376,
                10.131642
              ],
              [
                103.977214,
                10.132326
              ],
              [
                103.977,
                10.133317
              ],
              [
                103.976631,
                10.134888
              ],
              [
                103.976595,
                10.135062
              ],
              [
                103.976447,
                10.135691
              ],
              [
                103.976373,
                10.136137
              ],
              [
                103.976299,
                10.136542
              ],
              [
                103.975945,
                10.13826
              ],
              [
                103.97587,
                10.138618
              ],
              [
                103.975812,
                10.138993
              ],
              [
                103.97569,
                10.13963
              ],
              [
                103.975515,
                10.140291
              ],
              [
                103.975414,
                10.14072
              ],
              [
                103.975391,
                10.14082
              ],
              [
                103.975111,
                10.142283
              ],
              [
                103.974921,
                10.143593
              ],
              [
                103.974785,
                10.144208
              ],
              [
                103.974645,
                10.144997
              ],
              [
                103.974541,
                10.145632
              ],
              [
                103.974467,
                10.146114
              ],
              [
                103.974223,
                10.147364
              ],
              [
                103.974149,
                10.147741
              ],
              [
                103.974067,
                10.148439
              ],
              [
                103.973934,
                10.149102
              ],
              [
                103.973823,
                10.149815
              ],
              [
                103.973712,
                10.150436
              ],
              [
                103.973527,
                10.15142
              ],
              [
                103.97342,
                10.152087
              ],
              [
                103.973287,
                10.152841
              ],
              [
                103.973084,
                10.153592
              ],
              [
                103.972973,
                10.154071
              ],
              [
                103.972863,
                10.154506
              ],
              [
                103.972084,
                10.158141
              ],
              [
                103.971517,
                10.160958
              ],
              [
                103.970957,
                10.163169
              ],
              [
                103.970677,
                10.164547
              ],
              [
                103.970405,
                10.165988
              ],
              [
                103.970232,
                10.166868
              ],
              [
                103.969937,
                10.16806
              ],
              [
                103.969821,
                10.168628
              ],
              [
                103.969615,
                10.169672
              ],
              [
                103.969555,
                10.170033
              ],
              [
                103.96804,
                10.177146
              ],
              [
                103.967358,
                10.180351
              ],
              [
                103.967186,
                10.180952
              ],
              [
                103.966986,
                10.181589
              ],
              [
                103.966779,
                10.182335
              ],
              [
                103.966615,
                10.182878
              ],
              [
                103.96635,
                10.183929
              ],
              [
                103.966257,
                10.184384
              ],
              [
                103.966135,
                10.184886
              ],
              [
                103.966026,
                10.185238
              ],
              [
                103.965963,
                10.185426
              ],
              [
                103.965938,
                10.185535
              ],
              [
                103.965008,
                10.189813
              ],
              [
                103.964525,
                10.191383
              ],
              [
                103.963563,
                10.195664
              ],
              [
                103.963554,
                10.195726
              ],
              [
                103.963503,
                10.195915
              ],
              [
                103.96338,
                10.196434
              ],
              [
                103.963247,
                10.196962
              ],
              [
                103.96316,
                10.197341
              ],
              [
                103.963068,
                10.19769
              ],
              [
                103.962735,
                10.199116
              ],
              [
                103.962437,
                10.200518
              ],
              [
                103.96235,
                10.200998
              ],
              [
                103.962263,
                10.2014
              ],
              [
                103.962191,
                10.201648
              ],
              [
                103.962113,
                10.202016
              ],
              [
                103.962038,
                10.202302
              ],
              [
                103.961936,
                10.202642
              ],
              [
                103.961696,
                10.203398
              ],
              [
                103.961522,
                10.203975
              ],
              [
                103.961471,
                10.204194
              ],
              [
                103.961384,
                10.204613
              ],
              [
                103.961299,
                10.205223
              ],
              [
                103.961059,
                10.206156
              ],
              [
                103.96094,
                10.206519
              ],
              [
                103.960812,
                10.206997
              ],
              [
                103.960557,
                10.207762
              ],
              [
                103.96039,
                10.208285
              ],
              [
                103.960095,
                10.208975
              ],
              [
                103.959889,
                10.209452
              ],
              [
                103.95986,
                10.209504
              ],
              [
                103.958975,
                10.211709
              ],
              [
                103.958791,
                10.212165
              ],
              [
                103.958393,
                10.213511
              ],
              [
                103.958265,
                10.214254
              ],
              [
                103.957392,
                10.216569
              ],
              [
                103.957105,
                10.217332
              ],
              [
                103.956748,
                10.218278
              ],
              [
                103.956712,
                10.218374
              ],
              [
                103.95619,
                10.219625
              ],
              [
                103.955774,
                10.220568
              ],
              [
                103.955549,
                10.221101
              ],
              [
                103.955368,
                10.22164
              ],
              [
                103.955093,
                10.222553
              ],
              [
                103.954783,
                10.223503
              ],
              [
                103.954604,
                10.224234
              ],
              [
                103.95435,
                10.22499
              ],
              [
                103.954249,
                10.225363
              ],
              [
                103.954186,
                10.225561
              ],
              [
                103.953265,
                10.228424
              ],
              [
                103.952342,
                10.23149
              ],
              [
                103.952235,
                10.231822
              ],
              [
                103.952077,
                10.232384
              ],
              [
                103.951967,
                10.232775
              ],
              [
                103.951864,
                10.233121
              ],
              [
                103.951575,
                10.234067
              ],
              [
                103.95152,
                10.234253
              ],
              [
                103.9514,
                10.234605
              ],
              [
                103.951274,
                10.234993
              ],
              [
                103.951177,
                10.235305
              ],
              [
                103.951011,
                10.235774
              ],
              [
                103.950939,
                10.235963
              ],
              [
                103.950779,
                10.236539
              ],
              [
                103.950534,
                10.237298
              ],
              [
                103.950367,
                10.237812
              ],
              [
                103.950227,
                10.238195
              ],
              [
                103.950139,
                10.238475
              ],
              [
                103.949978,
                10.238862
              ],
              [
                103.9499,
                10.239093
              ],
              [
                103.949684,
                10.239755
              ],
              [
                103.949499,
                10.240169
              ],
              [
                103.949401,
                10.240388
              ],
              [
                103.949257,
                10.240709
              ],
              [
                103.949097,
                10.241116
              ],
              [
                103.948784,
                10.241923
              ],
              [
                103.948497,
                10.242439
              ],
              [
                103.948325,
                10.242807
              ],
              [
                103.948247,
                10.243025
              ],
              [
                103.947527,
                10.243868
              ],
              [
                103.946561,
                10.244819
              ],
              [
                103.945859,
                10.245653
              ],
              [
                103.945794,
                10.245742
              ],
              [
                103.945765,
                10.245829
              ],
              [
                103.945548,
                10.246518
              ],
              [
                103.945218,
                10.247412
              ],
              [
                103.945045,
                10.247951
              ],
              [
                103.944986,
                10.248134
              ],
              [
                103.944877,
                10.248575
              ],
              [
                103.94471,
                10.248947
              ],
              [
                103.944315,
                10.249638
              ],
              [
                103.944075,
                10.249939
              ],
              [
                103.943821,
                10.250202
              ],
              [
                103.942735,
                10.251561
              ],
              [
                103.942038,
                10.25278
              ],
              [
                103.94134,
                10.254229
              ],
              [
                103.941115,
                10.254513
              ],
              [
                103.940256,
                10.2556
              ],
              [
                103.939175,
                10.256437
              ],
              [
                103.938017,
                10.25712
              ],
              [
                103.936937,
                10.257346
              ],
              [
                103.93601,
                10.258107
              ],
              [
                103.934557,
                10.25973
              ],
              [
                103.933225,
                10.261229
              ],
              [
                103.931578,
                10.262339
              ],
              [
                103.93045,
                10.263268
              ],
              [
                103.929684,
                10.264022
              ],
              [
                103.929134,
                10.264929
              ],
              [
                103.928509,
                10.265897
              ],
              [
                103.928329,
                10.266224
              ],
              [
                103.928072,
                10.26673
              ],
              [
                103.927879,
                10.267577
              ],
              [
                103.927663,
                10.268282
              ],
              [
                103.927609,
                10.268823
              ],
              [
                103.92759,
                10.269217
              ],
              [
                103.927589,
                10.269238
              ],
              [
                103.92742,
                10.269788
              ],
              [
                103.926745,
                10.27136
              ],
              [
                103.926469,
                10.271873
              ],
              [
                103.926283,
                10.272208
              ],
              [
                103.926094,
                10.272723
              ],
              [
                103.925775,
                10.273391
              ],
              [
                103.925526,
                10.27394
              ],
              [
                103.925481,
                10.274042
              ],
              [
                103.924829,
                10.275322
              ],
              [
                103.923785,
                10.277344
              ],
              [
                103.923757,
                10.277399
              ],
              [
                103.923261,
                10.278263
              ],
              [
                103.92254,
                10.279526
              ],
              [
                103.921763,
                10.280822
              ],
              [
                103.920839,
                10.282217
              ],
              [
                103.920164,
                10.283137
              ],
              [
                103.919955,
                10.2834
              ],
              [
                103.919366,
                10.284144
              ],
              [
                103.918736,
                10.284852
              ],
              [
                103.917915,
                10.28576
              ],
              [
                103.917095,
                10.286567
              ],
              [
                103.916656,
                10.286978
              ],
              [
                103.915719,
                10.287783
              ],
              [
                103.912405,
                10.289939
              ],
              [
                103.91211,
                10.290104
              ],
              [
                103.90978,
                10.291323
              ],
              [
                103.908122,
                10.291929
              ],
              [
                103.906733,
                10.292268
              ],
              [
                103.905577,
                10.292493
              ],
              [
                103.904999,
                10.292491
              ],
              [
                103.904498,
                10.292298
              ],
              [
                103.904076,
                10.291991
              ],
              [
                103.903735,
                10.291415
              ],
              [
                103.903692,
                10.291356
              ],
              [
                103.90349,
                10.291193
              ],
              [
                103.903048,
                10.29102
              ],
              [
                103.902557,
                10.290942
              ],
              [
                103.902525,
                10.29095
              ],
              [
                103.902075,
                10.291017
              ],
              [
                103.901728,
                10.291082
              ],
              [
                103.901343,
                10.291081
              ],
              [
                103.900919,
                10.291061
              ],
              [
                103.900683,
                10.291004
              ],
              [
                103.900263,
                10.290904
              ],
              [
                103.899613,
                10.290471
              ],
              [
                103.899348,
                10.290248
              ],
              [
                103.898985,
                10.290058
              ],
              [
                103.898621,
                10.289919
              ],
              [
                103.898222,
                10.289866
              ],
              [
                103.897844,
                10.289865
              ],
              [
                103.897545,
                10.289898
              ],
              [
                103.896867,
                10.289999
              ],
              [
                103.896642,
                10.290102
              ],
              [
                103.896528,
                10.290162
              ],
              [
                103.896401,
                10.290209
              ],
              [
                103.896307,
                10.290256
              ],
              [
                103.896084,
                10.29037
              ],
              [
                103.895945,
                10.290387
              ],
              [
                103.895809,
                10.290395
              ],
              [
                103.895719,
                10.290389
              ],
              [
                103.895623,
                10.290388
              ],
              [
                103.895518,
                10.290391
              ],
              [
                103.895414,
                10.290385
              ],
              [
                103.894888,
                10.29025
              ],
              [
                103.894316,
                10.290042
              ],
              [
                103.893917,
                10.289937
              ],
              [
                103.893397,
                10.289953
              ],
              [
                103.892858,
                10.290003
              ],
              [
                103.892453,
                10.290092
              ],
              [
                103.891868,
                10.290343
              ],
              [
                103.890894,
                10.290942
              ],
              [
                103.890459,
                10.29113
              ],
              [
                103.89024,
                10.291229
              ],
              [
                103.88975,
                10.291634
              ],
              [
                103.889286,
                10.292052
              ],
              [
                103.889014,
                10.292548
              ],
              [
                103.888722,
                10.293396
              ],
              [
                103.888659,
                10.293597
              ],
              [
                103.888477,
                10.29397
              ],
              [
                103.888324,
                10.294302
              ],
              [
                103.888191,
                10.294528
              ],
              [
                103.888086,
                10.294696
              ],
              [
                103.887465,
                10.295718
              ],
              [
                103.887095,
                10.296321
              ],
              [
                103.886388,
                10.297436
              ],
              [
                103.885054,
                10.298973
              ],
              [
                103.884635,
                10.299522
              ],
              [
                103.883772,
                10.300497
              ],
              [
                103.882766,
                10.301509
              ],
              [
                103.881671,
                10.302499
              ],
              [
                103.880509,
                10.303423
              ],
              [
                103.879415,
                10.304214
              ],
              [
                103.878567,
                10.304684
              ],
              [
                103.877942,
                10.305062
              ],
              [
                103.877473,
                10.305348
              ],
              [
                103.877051,
                10.305523
              ],
              [
                103.876694,
                10.305693
              ],
              [
                103.876344,
                10.30585
              ],
              [
                103.876277,
                10.305874
              ],
              [
                103.874076,
                10.30685
              ],
              [
                103.873974,
                10.306895
              ],
              [
                103.871506,
                10.307574
              ],
              [
                103.86902,
                10.307985
              ],
              [
                103.866703,
                10.308022
              ],
              [
                103.864833,
                10.307645
              ],
              [
                103.863046,
                10.306806
              ],
              [
                103.861893,
                10.306153
              ],
              [
                103.861603,
                10.30573
              ],
              [
                103.861447,
                10.30546
              ],
              [
                103.861448,
                10.305126
              ],
              [
                103.861449,
                10.304749
              ],
              [
                103.861535,
                10.304415
              ],
              [
                103.861874,
                10.303956
              ],
              [
                103.862044,
                10.303539
              ],
              [
                103.862088,
                10.302996
              ],
              [
                103.86209,
                10.302494
              ],
              [
                103.862007,
                10.302201
              ],
              [
                103.861839,
                10.301991
              ],
              [
                103.861628,
                10.301949
              ],
              [
                103.861249,
                10.301947
              ],
              [
                103.860885,
                10.302211
              ],
              [
                103.860614,
                10.302447
              ],
              [
                103.860106,
                10.302989
              ],
              [
                103.860019,
                10.303532
              ],
              [
                103.860059,
                10.304201
              ],
              [
                103.860057,
                10.30487
              ],
              [
                103.859886,
                10.305454
              ],
              [
                103.859214,
                10.306421
              ],
              [
                103.859001,
                10.306601
              ],
              [
                103.857834,
                10.307153
              ],
              [
                103.856898,
                10.307646
              ],
              [
                103.856468,
                10.308024
              ],
              [
                103.856066,
                10.308519
              ],
              [
                103.855755,
                10.309282
              ],
              [
                103.855753,
                10.30974
              ],
              [
                103.85606,
                10.310199
              ],
              [
                103.856597,
                10.310736
              ],
              [
                103.856749,
                10.3115
              ],
              [
                103.856746,
                10.312264
              ],
              [
                103.856237,
                10.313428
              ],
              [
                103.856178,
                10.31355
              ],
              [
                103.855952,
                10.314216
              ],
              [
                103.855858,
                10.314542
              ],
              [
                103.855705,
                10.315031
              ],
              [
                103.855605,
                10.315286
              ],
              [
                103.855392,
                10.315918
              ],
              [
                103.855225,
                10.316369
              ],
              [
                103.855092,
                10.316812
              ],
              [
                103.855006,
                10.317027
              ],
              [
                103.8547,
                10.317712
              ],
              [
                103.85454,
                10.318103
              ],
              [
                103.854421,
                10.31843
              ],
              [
                103.854128,
                10.31916
              ],
              [
                103.853975,
                10.319473
              ],
              [
                103.853822,
                10.319792
              ],
              [
                103.853603,
                10.320203
              ],
              [
                103.853437,
                10.320588
              ],
              [
                103.853172,
                10.321155
              ],
              [
                103.852979,
                10.321474
              ],
              [
                103.85278,
                10.321813
              ],
              [
                103.852548,
                10.322322
              ],
              [
                103.852389,
                10.322654
              ],
              [
                103.851957,
                10.32341
              ],
              [
                103.851765,
                10.323808
              ],
              [
                103.851652,
                10.324108
              ],
              [
                103.851426,
                10.32461
              ],
              [
                103.851299,
                10.325015
              ],
              [
                103.851046,
                10.325752
              ],
              [
                103.850926,
                10.326104
              ],
              [
                103.850793,
                10.326456
              ],
              [
                103.850628,
                10.327294
              ],
              [
                103.850439,
                10.328379
              ],
              [
                103.850339,
                10.329226
              ],
              [
                103.850339,
                10.329303
              ],
              [
                103.850331,
                10.329656
              ],
              [
                103.8503,
                10.329871
              ],
              [
                103.850139,
                10.3311
              ],
              [
                103.850071,
                10.331566
              ],
              [
                103.849997,
                10.332049
              ],
              [
                103.849899,
                10.332533
              ],
              [
                103.849809,
                10.33283
              ],
              [
                103.849445,
                10.334134
              ],
              [
                103.849145,
                10.335419
              ],
              [
                103.848845,
                10.336734
              ],
              [
                103.848621,
                10.337679
              ],
              [
                103.848195,
                10.339219
              ],
              [
                103.848181,
                10.33927
              ],
              [
                103.848102,
                10.339532
              ],
              [
                103.847998,
                10.339831
              ],
              [
                103.847937,
                10.340057
              ],
              [
                103.847815,
                10.340421
              ],
              [
                103.847736,
                10.340678
              ],
              [
                103.847656,
                10.340928
              ],
              [
                103.847653,
                10.340957
              ],
              [
                103.847283,
                10.342623
              ],
              [
                103.847277,
                10.342647
              ],
              [
                103.847185,
                10.342904
              ],
              [
                103.847106,
                10.343148
              ],
              [
                103.847032,
                10.343476
              ],
              [
                103.846825,
                10.34421
              ],
              [
                103.84669,
                10.344771
              ],
              [
                103.846513,
                10.345344
              ],
              [
                103.846428,
                10.345654
              ],
              [
                103.846207,
                10.346561
              ],
              [
                103.846079,
                10.347039
              ],
              [
                103.845921,
                10.347534
              ],
              [
                103.845817,
                10.347916
              ],
              [
                103.845743,
                10.34816
              ],
              [
                103.845658,
                10.348375
              ],
              [
                103.845543,
                10.348667
              ],
              [
                103.845427,
                10.349085
              ],
              [
                103.845174,
                10.349746
              ],
              [
                103.844477,
                10.35162
              ],
              [
                103.844422,
                10.351739
              ],
              [
                103.844252,
                10.35218
              ],
              [
                103.84413,
                10.352514
              ],
              [
                103.844027,
                10.352771
              ],
              [
                103.843899,
                10.353051
              ],
              [
                103.843784,
                10.353302
              ],
              [
                103.843668,
                10.353576
              ],
              [
                103.843407,
                10.354244
              ],
              [
                103.8432,
                10.354679
              ],
              [
                103.84303,
                10.355037
              ],
              [
                103.84299,
                10.35513
              ],
              [
                103.842697,
                10.355786
              ],
              [
                103.842547,
                10.356105
              ],
              [
                103.841342,
                10.358103
              ],
              [
                103.840816,
                10.358509
              ],
              [
                103.84026,
                10.358939
              ],
              [
                103.83856,
                10.360078
              ],
              [
                103.836475,
                10.360987
              ],
              [
                103.83447,
                10.361209
              ],
              [
                103.833313,
                10.36151
              ],
              [
                103.832848,
                10.36212
              ],
              [
                103.832536,
                10.363341
              ],
              [
                103.83253,
                10.364715
              ],
              [
                103.832605,
                10.365327
              ],
              [
                103.833296,
                10.366169
              ],
              [
                103.834907,
                10.368161
              ],
              [
                103.835649,
                10.368781
              ],
              [
                103.835942,
                10.369035
              ],
              [
                103.836332,
                10.369244
              ],
              [
                103.83674,
                10.369579
              ],
              [
                103.83789,
                10.370427
              ],
              [
                103.8379,
                10.370442
              ],
              [
                103.838312,
                10.371039
              ],
              [
                103.838462,
                10.371956
              ],
              [
                103.83846,
                10.37272
              ],
              [
                103.838341,
                10.373369
              ],
              [
                103.837802,
                10.374155
              ],
              [
                103.837515,
                10.374551
              ],
              [
                103.837236,
                10.374954
              ],
              [
                103.837083,
                10.37516
              ],
              [
                103.836928,
                10.375435
              ],
              [
                103.836857,
                10.375733
              ],
              [
                103.836833,
                10.3761
              ],
              [
                103.836804,
                10.37646
              ],
              [
                103.836786,
                10.377258
              ],
              [
                103.837054,
                10.377603
              ],
              [
                103.837477,
                10.377833
              ],
              [
                103.838681,
                10.377944
              ],
              [
                103.838874,
                10.377928
              ],
              [
                103.839181,
                10.377891
              ],
              [
                103.839488,
                10.377833
              ],
              [
                103.839839,
                10.377758
              ],
              [
                103.840102,
                10.37771
              ],
              [
                103.840233,
                10.377667
              ],
              [
                103.840783,
                10.377604
              ],
              [
                103.841118,
                10.377584
              ],
              [
                103.841453,
                10.377532
              ],
              [
                103.841658,
                10.377518
              ],
              [
                103.841987,
                10.377487
              ],
              [
                103.842431,
                10.377432
              ],
              [
                103.842913,
                10.377307
              ],
              [
                103.843073,
                10.377249
              ],
              [
                103.843091,
                10.377242
              ],
              [
                103.843681,
                10.376997
              ],
              [
                103.844039,
                10.376782
              ],
              [
                103.844178,
                10.376586
              ],
              [
                103.844247,
                10.376352
              ],
              [
                103.844259,
                10.376311
              ],
              [
                103.844352,
                10.376049
              ],
              [
                103.844498,
                10.375743
              ],
              [
                103.844815,
                10.375434
              ],
              [
                103.845074,
                10.375247
              ],
              [
                103.845324,
                10.375096
              ],
              [
                103.845458,
                10.375021
              ],
              [
                103.84566,
                10.374945
              ],
              [
                103.845661,
                10.374945
              ],
              [
                103.845906,
                10.374846
              ],
              [
                103.847471,
                10.37449
              ],
              [
                103.848627,
                10.374647
              ],
              [
                103.850012,
                10.375416
              ],
              [
                103.851165,
                10.37626
              ],
              [
                103.851858,
                10.376491
              ],
              [
                103.852706,
                10.376342
              ],
              [
                103.853787,
                10.375964
              ],
              [
                103.855795,
                10.374749
              ],
              [
                103.860501,
                10.373544
              ],
              [
                103.864665,
                10.373253
              ],
              [
                103.86821,
                10.372736
              ],
              [
                103.868752,
                10.372656
              ],
              [
                103.872612,
                10.371066
              ],
              [
                103.874528,
                10.37059
              ],
              [
                103.878625,
                10.371011
              ],
              [
                103.880706,
                10.370942
              ],
              [
                103.88248,
                10.370642
              ],
              [
                103.884795,
                10.369887
              ],
              [
                103.887493,
                10.369743
              ],
              [
                103.889654,
                10.369063
              ],
              [
                103.891199,
                10.368076
              ],
              [
                103.893051,
                10.367395
              ],
              [
                103.896466,
                10.366603
              ],
              [
                103.89713,
                10.366229
              ],
              [
                103.897289,
                10.366154
              ],
              [
                103.897537,
                10.366013
              ],
              [
                103.898338,
                10.36568
              ],
              [
                103.899281,
                10.36538
              ],
              [
                103.899684,
                10.365237
              ],
              [
                103.899759,
                10.365216
              ],
              [
                103.899953,
                10.365171
              ],
              [
                103.900043,
                10.36514
              ],
              [
                103.900754,
                10.364936
              ],
              [
                103.901536,
                10.364753
              ],
              [
                103.902081,
                10.364698
              ],
              [
                103.904855,
                10.36438
              ],
              [
                103.907393,
                10.363754
              ],
              [
                103.907678,
                10.363661
              ],
              [
                103.908462,
                10.363468
              ],
              [
                103.908625,
                10.363415
              ],
              [
                103.909091,
                10.363257
              ],
              [
                103.909301,
                10.36321
              ],
              [
                103.909422,
                10.363198
              ],
              [
                103.909443,
                10.363197
              ],
              [
                103.909885,
                10.363143
              ],
              [
                103.912648,
                10.362039
              ],
              [
                103.915735,
                10.361057
              ],
              [
                103.917901,
                10.36041
              ],
              [
                103.91798,
                10.360352
              ],
              [
                103.918197,
                10.36021
              ],
              [
                103.918343,
                10.360114
              ],
              [
                103.91854,
                10.360032
              ],
              [
                103.918885,
                10.359916
              ],
              [
                103.919235,
                10.359805
              ],
              [
                103.91936,
                10.359759
              ],
              [
                103.919363,
                10.359758
              ],
              [
                103.919597,
                10.359727
              ],
              [
                103.920151,
                10.359639
              ],
              [
                103.920778,
                10.359617
              ],
              [
                103.921387,
                10.359578
              ],
              [
                103.921707,
                10.359632
              ],
              [
                103.922297,
                10.35973
              ],
              [
                103.923092,
                10.359948
              ],
              [
                103.923766,
                10.360195
              ],
              [
                103.924356,
                10.360412
              ],
              [
                103.924838,
                10.360521
              ],
              [
                103.925536,
                10.360726
              ],
              [
                103.926042,
                10.360913
              ],
              [
                103.926415,
                10.361087
              ],
              [
                103.927071,
                10.361436
              ],
              [
                103.927727,
                10.361785
              ],
              [
                103.928028,
                10.361959
              ],
              [
                103.928214,
                10.362085
              ],
              [
                103.928515,
                10.362301
              ],
              [
                103.928815,
                10.362577
              ],
              [
                103.929218,
                10.362954
              ],
              [
                103.929488,
                10.3632
              ],
              [
                103.929656,
                10.363386
              ],
              [
                103.92983,
                10.363613
              ],
              [
                103.929875,
                10.363652
              ],
              [
                103.931058,
                10.365011
              ],
              [
                103.931132,
                10.365091
              ],
              [
                103.931395,
                10.365361
              ],
              [
                103.931711,
                10.365604
              ],
              [
                103.93201,
                10.365886
              ],
              [
                103.932212,
                10.366088
              ],
              [
                103.932544,
                10.366375
              ],
              [
                103.932747,
                10.366565
              ],
              [
                103.932933,
                10.366682
              ],
              [
                103.933253,
                10.366864
              ],
              [
                103.93352,
                10.367082
              ],
              [
                103.933795,
                10.3673
              ],
              [
                103.933965,
                10.367437
              ],
              [
                103.934297,
                10.367688
              ],
              [
                103.934694,
                10.368035
              ],
              [
                103.935026,
                10.368414
              ],
              [
                103.935341,
                10.368785
              ],
              [
                103.935657,
                10.369116
              ],
              [
                103.935908,
                10.369444
              ],
              [
                103.936389,
                10.370401
              ],
              [
                103.938468,
                10.374542
              ],
              [
                103.93848,
                10.374585
              ],
              [
                103.938511,
                10.37465
              ],
              [
                103.938574,
                10.374758
              ],
              [
                103.938719,
                10.375019
              ],
              [
                103.93898,
                10.375357
              ],
              [
                103.93937,
                10.375908
              ],
              [
                103.939641,
                10.376347
              ],
              [
                103.939886,
                10.376785
              ],
              [
                103.940207,
                10.37725
              ],
              [
                103.940503,
                10.377689
              ],
              [
                103.940782,
                10.378195
              ],
              [
                103.941111,
                10.378836
              ],
              [
                103.941314,
                10.379308
              ],
              [
                103.941668,
                10.380042
              ],
              [
                103.941972,
                10.380725
              ],
              [
                103.942216,
                10.381315
              ],
              [
                103.942326,
                10.381661
              ],
              [
                103.942485,
                10.382184
              ],
              [
                103.94273,
                10.382867
              ],
              [
                103.942803,
                10.383181
              ],
              [
                103.943317,
                10.385171
              ],
              [
                103.943513,
                10.385926
              ],
              [
                103.943545,
                10.386048
              ],
              [
                103.943627,
                10.386365
              ],
              [
                103.943677,
                10.386676
              ],
              [
                103.943761,
                10.386929
              ],
              [
                103.943929,
                10.38762
              ],
              [
                103.944054,
                10.388438
              ],
              [
                103.944128,
                10.389103
              ],
              [
                103.944169,
                10.389743
              ],
              [
                103.944218,
                10.390173
              ],
              [
                103.944385,
                10.390999
              ],
              [
                103.944493,
                10.391799
              ],
              [
                103.944576,
                10.392296
              ],
              [
                103.944616,
                10.392645
              ],
              [
                103.944813,
                10.393848
              ],
              [
                103.944883,
                10.394176
              ],
              [
                103.945171,
                10.39544
              ],
              [
                103.946284,
                10.399345
              ],
              [
                103.947048,
                10.401333
              ],
              [
                103.948278,
                10.402636
              ],
              [
                103.949971,
                10.403481
              ],
              [
                103.953203,
                10.405019
              ],
              [
                103.955976,
                10.405792
              ],
              [
                103.958442,
                10.406029
              ],
              [
                103.961294,
                10.406584
              ],
              [
                103.961352,
                10.406579
              ],
              [
                103.961944,
                10.406708
              ],
              [
                103.962586,
                10.407042
              ],
              [
                103.963042,
                10.40725
              ],
              [
                103.964178,
                10.407863
              ],
              [
                103.964225,
                10.407882
              ],
              [
                103.965026,
                10.408263
              ],
              [
                103.96645,
                10.408881
              ],
              [
                103.966889,
                10.409428
              ],
              [
                103.967064,
                10.409647
              ],
              [
                103.967446,
                10.410717
              ],
              [
                103.968064,
                10.412702
              ],
              [
                103.968426,
                10.413483
              ],
              [
                103.969149,
                10.415117
              ],
              [
                103.969248,
                10.415325
              ],
              [
                103.970286,
                10.418387
              ],
              [
                103.970488,
                10.419052
              ],
              [
                103.970601,
                10.419525
              ],
              [
                103.970727,
                10.419972
              ],
              [
                103.970821,
                10.420338
              ],
              [
                103.970902,
                10.42076
              ],
              [
                103.970971,
                10.420936
              ],
              [
                103.971167,
                10.42183
              ],
              [
                103.971264,
                10.422378
              ],
              [
                103.971405,
                10.42313
              ],
              [
                103.971509,
                10.42361
              ],
              [
                103.971594,
                10.424183
              ],
              [
                103.971645,
                10.424636
              ],
              [
                103.971692,
                10.424937
              ],
              [
                103.97174,
                10.425291
              ],
              [
                103.971792,
                10.425579
              ],
              [
                103.971817,
                10.425845
              ],
              [
                103.971843,
                10.426177
              ],
              [
                103.971864,
                10.426348
              ],
              [
                103.971881,
                10.426492
              ],
              [
                103.971889,
                10.426762
              ],
              [
                103.97192,
                10.42706
              ],
              [
                103.971968,
                10.427806
              ],
              [
                103.972002,
                10.42876
              ],
              [
                103.971999,
                10.429641
              ],
              [
                103.97201,
                10.429961
              ],
              [
                103.971997,
                10.430405
              ],
              [
                103.971978,
                10.430834
              ],
              [
                103.972065,
                10.432251
              ],
              [
                103.972071,
                10.432283
              ],
              [
                103.972089,
                10.432462
              ],
              [
                103.972107,
                10.432764
              ],
              [
                103.972179,
                10.433638
              ],
              [
                103.972171,
                10.434199
              ],
              [
                103.972156,
                10.434925
              ],
              [
                103.97211,
                10.435744
              ],
              [
                103.972138,
                10.435948
              ],
              [
                103.972151,
                10.436813
              ],
              [
                103.972265,
                10.437232
              ],
              [
                103.97231,
                10.437334
              ],
              [
                103.97244,
                10.43758
              ],
              [
                103.972564,
                10.437812
              ],
              [
                103.972687,
                10.438099
              ],
              [
                103.972775,
                10.438248
              ],
              [
                103.972867,
                10.438439
              ],
              [
                103.972894,
                10.438605
              ],
              [
                103.972949,
                10.438854
              ],
              [
                103.972956,
                10.439132
              ],
              [
                103.972984,
                10.439314
              ],
              [
                103.973025,
                10.439524
              ],
              [
                103.973107,
                10.439743
              ],
              [
                103.973183,
                10.439905
              ],
              [
                103.97328,
                10.440029
              ],
              [
                103.973395,
                10.440121
              ],
              [
                103.973458,
                10.440161
              ],
              [
                103.973581,
                10.440244
              ],
              [
                103.97376,
                10.440346
              ],
              [
                103.974041,
                10.440527
              ],
              [
                103.974307,
                10.44069
              ],
              [
                103.974561,
                10.440872
              ],
              [
                103.974786,
                10.441041
              ],
              [
                103.97504,
                10.441266
              ],
              [
                103.975188,
                10.441457
              ],
              [
                103.975215,
                10.441497
              ],
              [
                103.975323,
                10.441683
              ],
              [
                103.975476,
                10.441975
              ],
              [
                103.975681,
                10.442426
              ],
              [
                103.975724,
                10.442503
              ],
              [
                103.976466,
                10.443567
              ],
              [
                103.976682,
                10.443821
              ],
              [
                103.976793,
                10.44395
              ],
              [
                103.977158,
                10.444218
              ],
              [
                103.977601,
                10.444449
              ],
              [
                103.978216,
                10.444737
              ],
              [
                103.978524,
                10.444948
              ],
              [
                103.978793,
                10.445255
              ],
              [
                103.9791,
                10.445695
              ],
              [
                103.979803,
                10.446562
              ],
              [
                103.980387,
                10.447096
              ],
              [
                103.981311,
                10.447838
              ],
              [
                103.981794,
                10.448167
              ],
              [
                103.982286,
                10.448372
              ],
              [
                103.982941,
                10.448527
              ],
              [
                103.983364,
                10.4487
              ],
              [
                103.983806,
                10.449045
              ],
              [
                103.984287,
                10.449524
              ],
              [
                103.984451,
                10.449653
              ],
              [
                103.984724,
                10.449801
              ],
              [
                103.985046,
                10.449933
              ],
              [
                103.985335,
                10.44995
              ],
              [
                103.985698,
                10.449927
              ],
              [
                103.986128,
                10.449808
              ],
              [
                103.986682,
                10.449639
              ],
              [
                103.98694,
                10.449589
              ],
              [
                103.987274,
                10.449641
              ],
              [
                103.989639,
                10.450235
              ],
              [
                103.991156,
                10.450648
              ],
              [
                103.992203,
                10.450977
              ],
              [
                103.992802,
                10.451177
              ],
              [
                103.993255,
                10.451408
              ],
              [
                103.993639,
                10.451653
              ],
              [
                103.994111,
                10.452059
              ],
              [
                103.994496,
                10.452315
              ],
              [
                103.994856,
                10.452418
              ],
              [
                103.995087,
                10.452394
              ],
              [
                103.99543,
                10.452211
              ],
              [
                103.995697,
                10.452007
              ],
              [
                103.996213,
                10.451597
              ],
              [
                103.996553,
                10.451385
              ],
              [
                103.996859,
                10.45119
              ],
              [
                103.997224,
                10.451003
              ],
              [
                103.997546,
                10.450873
              ],
              [
                103.997852,
                10.4508
              ],
              [
                103.998117,
                10.450752
              ],
              [
                103.998406,
                10.450695
              ],
              [
                103.998406,
                10.450695
              ]
            ]
          ]
        ]
      },
      "properties": {
        "code": "31078",
        "name": "Phú Quốc",
        "nameEn": "Phu Quoc",
        "fullName": "Đặc khu Phú Quốc",
        "fullNameEn": "Phu Quoc Special administrative region",
        "codeName": "phu_quoc",
        "postalCode": "92516",
        "postalCodePrefix": "",
        "gisServerId": "diaphanhanhchinhcapxa_2025.3303",
        "areaKm2": 575.29
      }
    }
  ]
}