{
  "type": "FeatureCollection",
  "bbox": [
    103.566301,
    22.515218,
    103.749154,
    22.629265
  ],
  "features": [
    {
      "type": "Feature",
      "id": "02707",
      "bbox": [
        103.566301,
        22.515218,
        103.749154,
        22.629265
      ],
      "geometry": {
        "type": "MultiPolygon",
        "coordinates": [
          [
            [
              [
                103.643082,
                22.624051
              ],
              [
                103.657045,
                22.619636
              ],
              [
                103.660004,
                22.624055
              ],
              [
                103.662838,
                22.628312
              ],
              [
                103.662927,
                22.628155
              ],
              [
                103.663385,
                22.627815
              ],
              [
                103.663643,
                22.627673
              ],
              [
                103.663836,
                22.627622
              ],
              [
                103.664338,
                22.627499
              ],
              [
                103.664502,
                22.627457
              ],
              [
                103.664732,
                22.627302
              ],
              [
                103.664878,
                22.627185
              ],
              [
                103.665039,
                22.626973
              ],
              [
                103.6652,
                22.62667
              ],
              [
                103.665233,
                22.626531
              ],
              [
                103.665219,
                22.626312
              ],
              [
                103.665053,
                22.625655
              ],
              [
                103.664996,
                22.625428
              ],
              [
                103.664884,
                22.625298
              ],
              [
                103.664856,
                22.625165
              ],
              [
                103.664886,
                22.625027
              ],
              [
                103.664956,
                22.624897
              ],
              [
                103.665153,
                22.62465
              ],
              [
                103.66532,
                22.624456
              ],
              [
                103.66545,
                22.624328
              ],
              [
                103.665625,
                22.624249
              ],
              [
                103.666912,
                22.624056
              ],
              [
                103.666944,
                22.624049
              ],
              [
                103.666962,
                22.624045
              ],
              [
                103.667136,
                22.624007
              ],
              [
                103.66723,
                22.623955
              ],
              [
                103.667421,
                22.623849
              ],
              [
                103.667817,
                22.623365
              ],
              [
                103.668389,
                22.62236
              ],
              [
                103.668586,
                22.622177
              ],
              [
                103.66867,
                22.621961
              ],
              [
                103.668582,
                22.621562
              ],
              [
                103.668242,
                22.620965
              ],
              [
                103.66838,
                22.620608
              ],
              [
                103.668398,
                22.620548
              ],
              [
                103.668432,
                22.620464
              ],
              [
                103.668467,
                22.620321
              ],
              [
                103.668494,
                22.620201
              ],
              [
                103.668509,
                22.620082
              ],
              [
                103.668518,
                22.619935
              ],
              [
                103.668519,
                22.619815
              ],
              [
                103.668517,
                22.619719
              ],
              [
                103.668532,
                22.619644
              ],
              [
                103.668595,
                22.6196
              ],
              [
                103.668701,
                22.619556
              ],
              [
                103.66886,
                22.61947
              ],
              [
                103.668995,
                22.619409
              ],
              [
                103.669064,
                22.619371
              ],
              [
                103.669129,
                22.619327
              ],
              [
                103.669159,
                22.61927
              ],
              [
                103.669223,
                22.619105
              ],
              [
                103.669266,
                22.619002
              ],
              [
                103.669461,
                22.618615
              ],
              [
                103.669521,
                22.618505
              ],
              [
                103.669578,
                22.61842
              ],
              [
                103.669963,
                22.61814
              ],
              [
                103.670435,
                22.617828
              ],
              [
                103.670713,
                22.61752
              ],
              [
                103.670858,
                22.617276
              ],
              [
                103.670989,
                22.617141
              ],
              [
                103.671089,
                22.617011
              ],
              [
                103.671243,
                22.61686
              ],
              [
                103.671303,
                22.616764
              ],
              [
                103.671337,
                22.616659
              ],
              [
                103.67135,
                22.616546
              ],
              [
                103.671362,
                22.616436
              ],
              [
                103.671394,
                22.616356
              ],
              [
                103.671453,
                22.616278
              ],
              [
                103.671554,
                22.616188
              ],
              [
                103.671762,
                22.615963
              ],
              [
                103.672044,
                22.615751
              ],
              [
                103.67234,
                22.615645
              ],
              [
                103.672523,
                22.615615
              ],
              [
                103.672991,
                22.615592
              ],
              [
                103.673183,
                22.615546
              ],
              [
                103.673315,
                22.61549
              ],
              [
                103.67355,
                22.615348
              ],
              [
                103.674018,
                22.614984
              ],
              [
                103.674659,
                22.614276
              ],
              [
                103.675041,
                22.613904
              ],
              [
                103.675496,
                22.613578
              ],
              [
                103.67584,
                22.613383
              ],
              [
                103.67589,
                22.61332
              ],
              [
                103.676056,
                22.613131
              ],
              [
                103.676121,
                22.613057
              ],
              [
                103.676149,
                22.613029
              ],
              [
                103.676561,
                22.612612
              ],
              [
                103.676607,
                22.612545
              ],
              [
                103.676722,
                22.612373
              ],
              [
                103.676765,
                22.61231
              ],
              [
                103.676816,
                22.612234
              ],
              [
                103.67698,
                22.612071
              ],
              [
                103.677076,
                22.611999
              ],
              [
                103.677946,
                22.612171
              ],
              [
                103.678557,
                22.612066
              ],
              [
                103.679317,
                22.612053
              ],
              [
                103.679331,
                22.612054
              ],
              [
                103.679757,
                22.612026
              ],
              [
                103.680501,
                22.612039
              ],
              [
                103.680584,
                22.612036
              ],
              [
                103.681331,
                22.611779
              ],
              [
                103.682313,
                22.611531
              ],
              [
                103.682813,
                22.611343
              ],
              [
                103.683632,
                22.611158
              ],
              [
                103.684566,
                22.611115
              ],
              [
                103.685222,
                22.610804
              ],
              [
                103.68609,
                22.61062
              ],
              [
                103.686514,
                22.610566
              ],
              [
                103.686522,
                22.610562
              ],
              [
                103.6876,
                22.610512
              ],
              [
                103.687994,
                22.610495
              ],
              [
                103.688348,
                22.610478
              ],
              [
                103.688886,
                22.61053
              ],
              [
                103.6894,
                22.610726
              ],
              [
                103.689414,
                22.610731
              ],
              [
                103.690768,
                22.610616
              ],
              [
                103.691039,
                22.610553
              ],
              [
                103.691098,
                22.610457
              ],
              [
                103.691458,
                22.609878
              ],
              [
                103.691692,
                22.609558
              ],
              [
                103.691861,
                22.609427
              ],
              [
                103.692133,
                22.609221
              ],
              [
                103.692612,
                22.609027
              ],
              [
                103.693116,
                22.608709
              ],
              [
                103.693447,
                22.608437
              ],
              [
                103.693783,
                22.608266
              ],
              [
                103.694079,
                22.608227
              ],
              [
                103.694606,
                22.608392
              ],
              [
                103.695107,
                22.608474
              ],
              [
                103.695673,
                22.608497
              ],
              [
                103.696859,
                22.608285
              ],
              [
                103.69755,
                22.608022
              ],
              [
                103.698656,
                22.607445
              ],
              [
                103.699017,
                22.607335
              ],
              [
                103.699391,
                22.607302
              ],
              [
                103.699629,
                22.607262
              ],
              [
                103.699959,
                22.607074
              ],
              [
                103.70033,
                22.606599
              ],
              [
                103.700609,
                22.606332
              ],
              [
                103.700888,
                22.606101
              ],
              [
                103.701193,
                22.605901
              ],
              [
                103.701541,
                22.605796
              ],
              [
                103.701947,
                22.605763
              ],
              [
                103.702487,
                22.605792
              ],
              [
                103.703139,
                22.605936
              ],
              [
                103.703523,
                22.60577
              ],
              [
                103.704268,
                22.605261
              ],
              [
                103.704612,
                22.604972
              ],
              [
                103.704846,
                22.604687
              ],
              [
                103.705172,
                22.604224
              ],
              [
                103.706339,
                22.602483
              ],
              [
                103.70698,
                22.601478
              ],
              [
                103.707521,
                22.600802
              ],
              [
                103.707865,
                22.60041
              ],
              [
                103.708098,
                22.600281
              ],
              [
                103.708524,
                22.60021
              ],
              [
                103.708731,
                22.599975
              ],
              [
                103.709297,
                22.599352
              ],
              [
                103.709597,
                22.598913
              ],
              [
                103.709932,
                22.598156
              ],
              [
                103.710102,
                22.597853
              ],
              [
                103.710303,
                22.597759
              ],
              [
                103.710586,
                22.597714
              ],
              [
                103.711674,
                22.597651
              ],
              [
                103.712658,
                22.597712
              ],
              [
                103.713262,
                22.597785
              ],
              [
                103.713559,
                22.597702
              ],
              [
                103.713928,
                22.59746
              ],
              [
                103.714532,
                22.596861
              ],
              [
                103.714895,
                22.596565
              ],
              [
                103.715116,
                22.59637
              ],
              [
                103.715208,
                22.596096
              ],
              [
                103.715226,
                22.595606
              ],
              [
                103.715234,
                22.595409
              ],
              [
                103.715314,
                22.595165
              ],
              [
                103.715431,
                22.594956
              ],
              [
                103.715749,
                22.59472
              ],
              [
                103.71598,
                22.594626
              ],
              [
                103.716194,
                22.59453
              ],
              [
                103.716844,
                22.594487
              ],
              [
                103.717541,
                22.594289
              ],
              [
                103.718669,
                22.594083
              ],
              [
                103.718933,
                22.59405
              ],
              [
                103.719493,
                22.594096
              ],
              [
                103.720309,
                22.594192
              ],
              [
                103.721795,
                22.594338
              ],
              [
                103.72261,
                22.594556
              ],
              [
                103.723121,
                22.594874
              ],
              [
                103.723249,
                22.594917
              ],
              [
                103.723417,
                22.594889
              ],
              [
                103.723817,
                22.594731
              ],
              [
                103.724332,
                22.594723
              ],
              [
                103.724641,
                22.594665
              ],
              [
                103.725661,
                22.594399
              ],
              [
                103.726409,
                22.594124
              ],
              [
                103.727198,
                22.593778
              ],
              [
                103.727384,
                22.593743
              ],
              [
                103.72768,
                22.593763
              ],
              [
                103.72822,
                22.593821
              ],
              [
                103.728652,
                22.593789
              ],
              [
                103.729076,
                22.593705
              ],
              [
                103.730135,
                22.593454
              ],
              [
                103.730348,
                22.593378
              ],
              [
                103.730548,
                22.593236
              ],
              [
                103.730679,
                22.59304
              ],
              [
                103.730836,
                22.592695
              ],
              [
                103.731025,
                22.59247
              ],
              [
                103.731685,
                22.592021
              ],
              [
                103.732145,
                22.591702
              ],
              [
                103.732495,
                22.591465
              ],
              [
                103.732709,
                22.591276
              ],
              [
                103.733015,
                22.59089
              ],
              [
                103.733515,
                22.590422
              ],
              [
                103.733889,
                22.590192
              ],
              [
                103.734233,
                22.589983
              ],
              [
                103.734628,
                22.589628
              ],
              [
                103.734856,
                22.589415
              ],
              [
                103.734996,
                22.589301
              ],
              [
                103.735208,
                22.589212
              ],
              [
                103.735466,
                22.589133
              ],
              [
                103.735518,
                22.5891
              ],
              [
                103.735534,
                22.589023
              ],
              [
                103.73553,
                22.588923
              ],
              [
                103.735283,
                22.588333
              ],
              [
                103.735102,
                22.587878
              ],
              [
                103.735052,
                22.587719
              ],
              [
                103.735052,
                22.587661
              ],
              [
                103.735072,
                22.587555
              ],
              [
                103.735177,
                22.587328
              ],
              [
                103.735666,
                22.586889
              ],
              [
                103.735925,
                22.58648
              ],
              [
                103.736177,
                22.586297
              ],
              [
                103.73632,
                22.586184
              ],
              [
                103.736379,
                22.586065
              ],
              [
                103.736426,
                22.585868
              ],
              [
                103.736415,
                22.585593
              ],
              [
                103.736469,
                22.585325
              ],
              [
                103.736651,
                22.585099
              ],
              [
                103.736999,
                22.584823
              ],
              [
                103.738953,
                22.583875
              ],
              [
                103.739637,
                22.583605
              ],
              [
                103.740239,
                22.583252
              ],
              [
                103.740737,
                22.582921
              ],
              [
                103.741533,
                22.582413
              ],
              [
                103.741951,
                22.582187
              ],
              [
                103.742238,
                22.581998
              ],
              [
                103.742402,
                22.581874
              ],
              [
                103.742558,
                22.5817
              ],
              [
                103.742682,
                22.581579
              ],
              [
                103.742845,
                22.581508
              ],
              [
                103.743205,
                22.5814
              ],
              [
                103.743476,
                22.581305
              ],
              [
                103.743721,
                22.581178
              ],
              [
                103.743907,
                22.581043
              ],
              [
                103.744101,
                22.580884
              ],
              [
                103.744222,
                22.580759
              ],
              [
                103.744444,
                22.580531
              ],
              [
                103.7445,
                22.580396
              ],
              [
                103.744532,
                22.580274
              ],
              [
                103.744502,
                22.580134
              ],
              [
                103.744398,
                22.579953
              ],
              [
                103.744311,
                22.579698
              ],
              [
                103.743921,
                22.578503
              ],
              [
                103.743259,
                22.576629
              ],
              [
                103.742752,
                22.575244
              ],
              [
                103.742474,
                22.57409
              ],
              [
                103.742446,
                22.573752
              ],
              [
                103.742447,
                22.573734
              ],
              [
                103.742446,
                22.573717
              ],
              [
                103.742444,
                22.573699
              ],
              [
                103.742442,
                22.573682
              ],
              [
                103.742439,
                22.573665
              ],
              [
                103.742435,
                22.573649
              ],
              [
                103.742431,
                22.573632
              ],
              [
                103.742426,
                22.573616
              ],
              [
                103.742421,
                22.5736
              ],
              [
                103.742409,
                22.573567
              ],
              [
                103.742391,
                22.573518
              ],
              [
                103.742328,
                22.573355
              ],
              [
                103.742291,
                22.573257
              ],
              [
                103.742273,
                22.573208
              ],
              [
                103.742246,
                22.573129
              ],
              [
                103.742225,
                22.573065
              ],
              [
                103.742215,
                22.573032
              ],
              [
                103.74221,
                22.573017
              ],
              [
                103.742203,
                22.572986
              ],
              [
                103.742199,
                22.572971
              ],
              [
                103.742196,
                22.572955
              ],
              [
                103.742193,
                22.572939
              ],
              [
                103.742191,
                22.572922
              ],
              [
                103.742189,
                22.572904
              ],
              [
                103.742187,
                22.572886
              ],
              [
                103.742187,
                22.572868
              ],
              [
                103.742187,
                22.57285
              ],
              [
                103.742187,
                22.572833
              ],
              [
                103.742188,
                22.572815
              ],
              [
                103.742189,
                22.572797
              ],
              [
                103.742191,
                22.572779
              ],
              [
                103.742195,
                22.572744
              ],
              [
                103.74221,
                22.572639
              ],
              [
                103.742223,
                22.572551
              ],
              [
                103.742229,
                22.572517
              ],
              [
                103.742232,
                22.572499
              ],
              [
                103.742236,
                22.572484
              ],
              [
                103.742243,
                22.572453
              ],
              [
                103.742252,
                22.572423
              ],
              [
                103.742257,
                22.572408
              ],
              [
                103.742267,
                22.572378
              ],
              [
                103.742279,
                22.572348
              ],
              [
                103.74229,
                22.572319
              ],
              [
                103.742304,
                22.572288
              ],
              [
                103.742318,
                22.572255
              ],
              [
                103.742341,
                22.572206
              ],
              [
                103.74247,
                22.571929
              ],
              [
                103.742492,
                22.571883
              ],
              [
                103.742523,
                22.571822
              ],
              [
                103.742546,
                22.571776
              ],
              [
                103.742562,
                22.571745
              ],
              [
                103.742606,
                22.571665
              ],
              [
                103.742694,
                22.571505
              ],
              [
                103.742728,
                22.571446
              ],
              [
                103.742762,
                22.571389
              ],
              [
                103.742789,
                22.571345
              ],
              [
                103.742819,
                22.571299
              ],
              [
                103.742972,
                22.571072
              ],
              [
                103.743002,
                22.571027
              ],
              [
                103.743021,
                22.570998
              ],
              [
                103.743045,
                22.570958
              ],
              [
                103.743061,
                22.57093
              ],
              [
                103.743077,
                22.570902
              ],
              [
                103.743084,
                22.570888
              ],
              [
                103.743099,
                22.570858
              ],
              [
                103.743113,
                22.570827
              ],
              [
                103.743127,
                22.570795
              ],
              [
                103.743141,
                22.570764
              ],
              [
                103.743154,
                22.570731
              ],
              [
                103.743242,
                22.570514
              ],
              [
                103.743275,
                22.57043
              ],
              [
                103.743293,
                22.570381
              ],
              [
                103.743317,
                22.570314
              ],
              [
                103.743417,
                22.570031
              ],
              [
                103.743429,
                22.569998
              ],
              [
                103.74344,
                22.569964
              ],
              [
                103.74345,
                22.569933
              ],
              [
                103.743454,
                22.569918
              ],
              [
                103.743463,
                22.569886
              ],
              [
                103.743469,
                22.569859
              ],
              [
                103.743474,
                22.569831
              ],
              [
                103.743477,
                22.569802
              ],
              [
                103.74348,
                22.569771
              ],
              [
                103.743481,
                22.56974
              ],
              [
                103.743482,
                22.569709
              ],
              [
                103.743482,
                22.569693
              ],
              [
                103.74348,
                22.56966
              ],
              [
                103.743479,
                22.569627
              ],
              [
                103.743475,
                22.569576
              ],
              [
                103.743433,
                22.569054
              ],
              [
                103.743428,
                22.568981
              ],
              [
                103.743427,
                22.568963
              ],
              [
                103.743425,
                22.568929
              ],
              [
                103.743425,
                22.568895
              ],
              [
                103.743425,
                22.568861
              ],
              [
                103.743427,
                22.568831
              ],
              [
                103.743429,
                22.568816
              ],
              [
                103.743431,
                22.568799
              ],
              [
                103.743433,
                22.568783
              ],
              [
                103.743439,
                22.568749
              ],
              [
                103.743446,
                22.568717
              ],
              [
                103.74345,
                22.568701
              ],
              [
                103.743459,
                22.56867
              ],
              [
                103.743469,
                22.568638
              ],
              [
                103.743485,
                22.568587
              ],
              [
                103.743529,
                22.568453
              ],
              [
                103.743552,
                22.568386
              ],
              [
                103.743563,
                22.568354
              ],
              [
                103.743574,
                22.568323
              ],
              [
                103.743587,
                22.568293
              ],
              [
                103.7436,
                22.568262
              ],
              [
                103.743614,
                22.568231
              ],
              [
                103.743622,
                22.568216
              ],
              [
                103.743638,
                22.568186
              ],
              [
                103.743655,
                22.568157
              ],
              [
                103.743663,
                22.568143
              ],
              [
                103.743679,
                22.56812
              ],
              [
                103.743695,
                22.568097
              ],
              [
                103.743711,
                22.568076
              ],
              [
                103.743731,
                22.568052
              ],
              [
                103.743752,
                22.568029
              ],
              [
                103.743775,
                22.568005
              ],
              [
                103.743788,
                22.567992
              ],
              [
                103.743829,
                22.567954
              ],
              [
                103.743884,
                22.567903
              ],
              [
                103.743925,
                22.567866
              ],
              [
                103.743954,
                22.567842
              ],
              [
                103.743981,
                22.56782
              ],
              [
                103.74401,
                22.567799
              ],
              [
                103.744025,
                22.567788
              ],
              [
                103.74404,
                22.567779
              ],
              [
                103.744054,
                22.567769
              ],
              [
                103.744085,
                22.567752
              ],
              [
                103.744115,
                22.567736
              ],
              [
                103.744131,
                22.567728
              ],
              [
                103.744166,
                22.567712
              ],
              [
                103.744218,
                22.567688
              ],
              [
                103.744412,
                22.567605
              ],
              [
                103.744481,
                22.567575
              ],
              [
                103.744906,
                22.56738
              ],
              [
                103.744956,
                22.567356
              ],
              [
                103.74499,
                22.56734
              ],
              [
                103.745006,
                22.567331
              ],
              [
                103.745037,
                22.567315
              ],
              [
                103.745066,
                22.567297
              ],
              [
                103.745095,
                22.567279
              ],
              [
                103.745123,
                22.567259
              ],
              [
                103.745151,
                22.567238
              ],
              [
                103.745179,
                22.567216
              ],
              [
                103.745206,
                22.567194
              ],
              [
                103.745219,
                22.567183
              ],
              [
                103.745231,
                22.567171
              ],
              [
                103.745242,
                22.567161
              ],
              [
                103.745252,
                22.56715
              ],
              [
                103.745262,
                22.56714
              ],
              [
                103.745272,
                22.567128
              ],
              [
                103.745282,
                22.567116
              ],
              [
                103.745291,
                22.567102
              ],
              [
                103.7453,
                22.567088
              ],
              [
                103.745309,
                22.567074
              ],
              [
                103.745317,
                22.567059
              ],
              [
                103.745324,
                22.567045
              ],
              [
                103.74533,
                22.56703
              ],
              [
                103.745336,
                22.567016
              ],
              [
                103.745348,
                22.566987
              ],
              [
                103.745361,
                22.566949
              ],
              [
                103.745365,
                22.566939
              ],
              [
                103.745402,
                22.566826
              ],
              [
                103.745414,
                22.566794
              ],
              [
                103.745425,
                22.566764
              ],
              [
                103.745437,
                22.566737
              ],
              [
                103.745443,
                22.566724
              ],
              [
                103.745456,
                22.566696
              ],
              [
                103.745471,
                22.566669
              ],
              [
                103.745487,
                22.566642
              ],
              [
                103.745504,
                22.566617
              ],
              [
                103.745522,
                22.566592
              ],
              [
                103.745531,
                22.566579
              ],
              [
                103.745542,
                22.566566
              ],
              [
                103.745554,
                22.566552
              ],
              [
                103.745566,
                22.566539
              ],
              [
                103.745579,
                22.566527
              ],
              [
                103.745591,
                22.566515
              ],
              [
                103.745604,
                22.566505
              ],
              [
                103.745618,
                22.566494
              ],
              [
                103.745632,
                22.566485
              ],
              [
                103.745648,
                22.566476
              ],
              [
                103.745664,
                22.566467
              ],
              [
                103.745676,
                22.566461
              ],
              [
                103.745688,
                22.566456
              ],
              [
                103.745701,
                22.566451
              ],
              [
                103.745715,
                22.566446
              ],
              [
                103.74573,
                22.566441
              ],
              [
                103.745744,
                22.566437
              ],
              [
                103.745761,
                22.566433
              ],
              [
                103.745778,
                22.566429
              ],
              [
                103.745811,
                22.566421
              ],
              [
                103.745845,
                22.566415
              ],
              [
                103.745883,
                22.566408
              ],
              [
                103.745922,
                22.566403
              ],
              [
                103.74619,
                22.566363
              ],
              [
                103.746572,
                22.566304
              ],
              [
                103.747143,
                22.566214
              ],
              [
                103.747173,
                22.566209
              ],
              [
                103.747232,
                22.566199
              ],
              [
                103.747267,
                22.566192
              ],
              [
                103.747303,
                22.566185
              ],
              [
                103.747321,
                22.566182
              ],
              [
                103.747357,
                22.566173
              ],
              [
                103.747394,
                22.566164
              ],
              [
                103.74741,
                22.566159
              ],
              [
                103.747427,
                22.566154
              ],
              [
                103.74746,
                22.566144
              ],
              [
                103.747477,
                22.566139
              ],
              [
                103.747507,
                22.566128
              ],
              [
                103.747537,
                22.566117
              ],
              [
                103.747569,
                22.566105
              ],
              [
                103.747638,
                22.566078
              ],
              [
                103.74774,
                22.566036
              ],
              [
                103.747774,
                22.566022
              ],
              [
                103.747808,
                22.566008
              ],
              [
                103.747839,
                22.565994
              ],
              [
                103.747871,
                22.565979
              ],
              [
                103.747901,
                22.565964
              ],
              [
                103.747917,
                22.565957
              ],
              [
                103.747933,
                22.565948
              ],
              [
                103.747966,
                22.565929
              ],
              [
                103.747998,
                22.56591
              ],
              [
                103.748014,
                22.5659
              ],
              [
                103.748061,
                22.56587
              ],
              [
                103.748123,
                22.565829
              ],
              [
                103.748166,
                22.565799
              ],
              [
                103.74819,
                22.565781
              ],
              [
                103.748201,
                22.565772
              ],
              [
                103.748215,
                22.565761
              ],
              [
                103.748229,
                22.565749
              ],
              [
                103.748242,
                22.565738
              ],
              [
                103.748254,
                22.565725
              ],
              [
                103.748271,
                22.565707
              ],
              [
                103.748279,
                22.565698
              ],
              [
                103.748289,
                22.565686
              ],
              [
                103.748298,
                22.565674
              ],
              [
                103.748307,
                22.565662
              ],
              [
                103.748315,
                22.565649
              ],
              [
                103.748323,
                22.565637
              ],
              [
                103.748338,
                22.565611
              ],
              [
                103.748345,
                22.565598
              ],
              [
                103.748359,
                22.565572
              ],
              [
                103.748375,
                22.56554
              ],
              [
                103.748412,
                22.565461
              ],
              [
                103.748448,
                22.565381
              ],
              [
                103.748461,
                22.565351
              ],
              [
                103.748479,
                22.565306
              ],
              [
                103.74849,
                22.565276
              ],
              [
                103.748499,
                22.565249
              ],
              [
                103.748506,
                22.565225
              ],
              [
                103.74851,
                22.565208
              ],
              [
                103.748513,
                22.56519
              ],
              [
                103.748516,
                22.565173
              ],
              [
                103.748519,
                22.565155
              ],
              [
                103.748522,
                22.565124
              ],
              [
                103.748525,
                22.565093
              ],
              [
                103.748527,
                22.565041
              ],
              [
                103.748529,
                22.564989
              ],
              [
                103.748529,
                22.564936
              ],
              [
                103.748529,
                22.564901
              ],
              [
                103.748528,
                22.564878
              ],
              [
                103.748527,
                22.564865
              ],
              [
                103.748525,
                22.564829
              ],
              [
                103.748521,
                22.564795
              ],
              [
                103.748516,
                22.564763
              ],
              [
                103.748511,
                22.564731
              ],
              [
                103.748503,
                22.564684
              ],
              [
                103.748496,
                22.564649
              ],
              [
                103.748477,
                22.564562
              ],
              [
                103.748419,
                22.564303
              ],
              [
                103.748407,
                22.564251
              ],
              [
                103.7484,
                22.564216
              ],
              [
                103.748394,
                22.564181
              ],
              [
                103.748389,
                22.564145
              ],
              [
                103.748386,
                22.564114
              ],
              [
                103.748384,
                22.564086
              ],
              [
                103.748384,
                22.564053
              ],
              [
                103.748384,
                22.564021
              ],
              [
                103.748385,
                22.564004
              ],
              [
                103.748386,
                22.563989
              ],
              [
                103.748389,
                22.563958
              ],
              [
                103.748395,
                22.563911
              ],
              [
                103.748402,
                22.56386
              ],
              [
                103.748412,
                22.563793
              ],
              [
                103.74842,
                22.563742
              ],
              [
                103.748426,
                22.563709
              ],
              [
                103.748429,
                22.563692
              ],
              [
                103.748435,
                22.563661
              ],
              [
                103.748442,
                22.56363
              ],
              [
                103.748446,
                22.563615
              ],
              [
                103.748455,
                22.563588
              ],
              [
                103.748459,
                22.563574
              ],
              [
                103.748465,
                22.563559
              ],
              [
                103.748471,
                22.563545
              ],
              [
                103.748477,
                22.563531
              ],
              [
                103.748484,
                22.563516
              ],
              [
                103.748491,
                22.563501
              ],
              [
                103.748499,
                22.563486
              ],
              [
                103.748508,
                22.56347
              ],
              [
                103.748527,
                22.563439
              ],
              [
                103.748546,
                22.563407
              ],
              [
                103.748614,
                22.563298
              ],
              [
                103.748633,
                22.563267
              ],
              [
                103.748652,
                22.563235
              ],
              [
                103.748678,
                22.563189
              ],
              [
                103.748736,
                22.563081
              ],
              [
                103.748753,
                22.56305
              ],
              [
                103.748762,
                22.563035
              ],
              [
                103.748771,
                22.56302
              ],
              [
                103.74878,
                22.563005
              ],
              [
                103.74879,
                22.562991
              ],
              [
                103.7488,
                22.562978
              ],
              [
                103.748811,
                22.562964
              ],
              [
                103.748822,
                22.56295
              ],
              [
                103.748835,
                22.562937
              ],
              [
                103.748852,
                22.56292
              ],
              [
                103.748853,
                22.56292
              ],
              [
                103.748862,
                22.562911
              ],
              [
                103.748874,
                22.562902
              ],
              [
                103.748885,
                22.562892
              ],
              [
                103.74891,
                22.562874
              ],
              [
                103.748937,
                22.562856
              ],
              [
                103.748968,
                22.562837
              ],
              [
                103.748988,
                22.562825
              ],
              [
                103.749154,
                22.562445
              ],
              [
                103.748787,
                22.56227
              ],
              [
                103.748482,
                22.562124
              ],
              [
                103.747949,
                22.561875
              ],
              [
                103.747258,
                22.561468
              ],
              [
                103.746967,
                22.561215
              ],
              [
                103.746609,
                22.56077
              ],
              [
                103.74658,
                22.560734
              ],
              [
                103.746503,
                22.560623
              ],
              [
                103.746464,
                22.560566
              ],
              [
                103.746282,
                22.560178
              ],
              [
                103.746099,
                22.559889
              ],
              [
                103.745702,
                22.559449
              ],
              [
                103.745336,
                22.55893
              ],
              [
                103.745077,
                22.558555
              ],
              [
                103.74488,
                22.558138
              ],
              [
                103.7448,
                22.557628
              ],
              [
                103.744765,
                22.557147
              ],
              [
                103.7448,
                22.556703
              ],
              [
                103.744749,
                22.556437
              ],
              [
                103.74459,
                22.556006
              ],
              [
                103.744256,
                22.555444
              ],
              [
                103.74393,
                22.555106
              ],
              [
                103.743837,
                22.555002
              ],
              [
                103.743658,
                22.554795
              ],
              [
                103.743538,
                22.554631
              ],
              [
                103.743459,
                22.554412
              ],
              [
                103.743344,
                22.55406
              ],
              [
                103.743348,
                22.553606
              ],
              [
                103.743366,
                22.553008
              ],
              [
                103.743389,
                22.552641
              ],
              [
                103.743411,
                22.552292
              ],
              [
                103.743367,
                22.551455
              ],
              [
                103.743131,
                22.550617
              ],
              [
                103.742921,
                22.549552
              ],
              [
                103.742672,
                22.548653
              ],
              [
                103.742337,
                22.548032
              ],
              [
                103.742182,
                22.547701
              ],
              [
                103.7421,
                22.547392
              ],
              [
                103.742081,
                22.54694
              ],
              [
                103.742124,
                22.546396
              ],
              [
                103.742349,
                22.545422
              ],
              [
                103.742689,
                22.544486
              ],
              [
                103.742988,
                22.54391
              ],
              [
                103.743488,
                22.54328
              ],
              [
                103.743637,
                22.542959
              ],
              [
                103.743624,
                22.542693
              ],
              [
                103.743554,
                22.542587
              ],
              [
                103.743449,
                22.542427
              ],
              [
                103.743105,
                22.542023
              ],
              [
                103.742825,
                22.541433
              ],
              [
                103.742612,
                22.541137
              ],
              [
                103.742312,
                22.540991
              ],
              [
                103.742004,
                22.540974
              ],
              [
                103.740975,
                22.541196
              ],
              [
                103.740065,
                22.541529
              ],
              [
                103.739454,
                22.541741
              ],
              [
                103.738846,
                22.54186
              ],
              [
                103.738683,
                22.541967
              ],
              [
                103.738432,
                22.542266
              ],
              [
                103.738178,
                22.542614
              ],
              [
                103.738004,
                22.543015
              ],
              [
                103.737902,
                22.543477
              ],
              [
                103.73783,
                22.544017
              ],
              [
                103.73774,
                22.544279
              ],
              [
                103.737644,
                22.544383
              ],
              [
                103.737566,
                22.544433
              ],
              [
                103.737469,
                22.544447
              ],
              [
                103.737303,
                22.544407
              ],
              [
                103.737108,
                22.544339
              ],
              [
                103.737029,
                22.544294
              ],
              [
                103.736615,
                22.543948
              ],
              [
                103.736217,
                22.543572
              ],
              [
                103.735737,
                22.543186
              ],
              [
                103.735358,
                22.543001
              ],
              [
                103.734927,
                22.542931
              ],
              [
                103.734225,
                22.54279
              ],
              [
                103.734163,
                22.542787
              ],
              [
                103.733236,
                22.542737
              ],
              [
                103.732741,
                22.542709
              ],
              [
                103.732323,
                22.54264
              ],
              [
                103.731791,
                22.542421
              ],
              [
                103.731234,
                22.542208
              ],
              [
                103.730618,
                22.541982
              ],
              [
                103.730164,
                22.541739
              ],
              [
                103.729607,
                22.541436
              ],
              [
                103.729269,
                22.541165
              ],
              [
                103.729118,
                22.541034
              ],
              [
                103.728871,
                22.540756
              ],
              [
                103.728687,
                22.540498
              ],
              [
                103.728421,
                22.540224
              ],
              [
                103.727972,
                22.539855
              ],
              [
                103.72764,
                22.539637
              ],
              [
                103.727303,
                22.53949
              ],
              [
                103.72694,
                22.539424
              ],
              [
                103.726523,
                22.539402
              ],
              [
                103.725536,
                22.539283
              ],
              [
                103.725048,
                22.539189
              ],
              [
                103.724567,
                22.539036
              ],
              [
                103.724139,
                22.538758
              ],
              [
                103.723788,
                22.538468
              ],
              [
                103.72359,
                22.538364
              ],
              [
                103.723197,
                22.538135
              ],
              [
                103.723132,
                22.538095
              ],
              [
                103.722934,
                22.538026
              ],
              [
                103.72267,
                22.537982
              ],
              [
                103.722358,
                22.537996
              ],
              [
                103.722056,
                22.538067
              ],
              [
                103.721778,
                22.538211
              ],
              [
                103.721574,
                22.53835
              ],
              [
                103.721373,
                22.538561
              ],
              [
                103.721102,
                22.538758
              ],
              [
                103.720909,
                22.538858
              ],
              [
                103.72029,
                22.539074
              ],
              [
                103.719716,
                22.539207
              ],
              [
                103.719149,
                22.53931
              ],
              [
                103.718524,
                22.53949
              ],
              [
                103.718149,
                22.539644
              ],
              [
                103.717997,
                22.539734
              ],
              [
                103.717928,
                22.539899
              ],
              [
                103.71779,
                22.540637
              ],
              [
                103.717582,
                22.541485
              ],
              [
                103.717461,
                22.541857
              ],
              [
                103.717307,
                22.542133
              ],
              [
                103.717139,
                22.542305
              ],
              [
                103.716975,
                22.542363
              ],
              [
                103.7168,
                22.542383
              ],
              [
                103.716614,
                22.542349
              ],
              [
                103.716425,
                22.542303
              ],
              [
                103.716087,
                22.542167
              ],
              [
                103.715814,
                22.542028
              ],
              [
                103.715396,
                22.541719
              ],
              [
                103.715144,
                22.541436
              ],
              [
                103.714535,
                22.540863
              ],
              [
                103.714292,
                22.540664
              ],
              [
                103.714025,
                22.54046
              ],
              [
                103.713551,
                22.540149
              ],
              [
                103.713286,
                22.540014
              ],
              [
                103.713128,
                22.539902
              ],
              [
                103.712939,
                22.539694
              ],
              [
                103.712684,
                22.539293
              ],
              [
                103.712082,
                22.538605
              ],
              [
                103.711789,
                22.538408
              ],
              [
                103.71125,
                22.538207
              ],
              [
                103.710647,
                22.538042
              ],
              [
                103.710428,
                22.537947
              ],
              [
                103.71012,
                22.537726
              ],
              [
                103.709894,
                22.537407
              ],
              [
                103.709687,
                22.536934
              ],
              [
                103.709638,
                22.536683
              ],
              [
                103.709627,
                22.536251
              ],
              [
                103.709668,
                22.536006
              ],
              [
                103.710174,
                22.534948
              ],
              [
                103.710584,
                22.534136
              ],
              [
                103.710626,
                22.533989
              ],
              [
                103.710932,
                22.53351
              ],
              [
                103.711029,
                22.533134
              ],
              [
                103.711091,
                22.532681
              ],
              [
                103.711008,
                22.53223
              ],
              [
                103.710936,
                22.531614
              ],
              [
                103.710865,
                22.531341
              ],
              [
                103.710691,
                22.530992
              ],
              [
                103.710462,
                22.530675
              ],
              [
                103.710188,
                22.530371
              ],
              [
                103.710094,
                22.530272
              ],
              [
                103.709845,
                22.53001
              ],
              [
                103.70908,
                22.529462
              ],
              [
                103.708162,
                22.529074
              ],
              [
                103.70781,
                22.528875
              ],
              [
                103.707613,
                22.528708
              ],
              [
                103.707425,
                22.528472
              ],
              [
                103.707199,
                22.52797
              ],
              [
                103.707033,
                22.527835
              ],
              [
                103.706783,
                22.527789
              ],
              [
                103.706509,
                22.527835
              ],
              [
                103.706236,
                22.527945
              ],
              [
                103.704903,
                22.528662
              ],
              [
                103.704413,
                22.528844
              ],
              [
                103.703986,
                22.528909
              ],
              [
                103.703633,
                22.528907
              ],
              [
                103.703201,
                22.528832
              ],
              [
                103.702678,
                22.528627
              ],
              [
                103.702203,
                22.528302
              ],
              [
                103.701698,
                22.528075
              ],
              [
                103.701138,
                22.527884
              ],
              [
                103.700672,
                22.527739
              ],
              [
                103.700214,
                22.528006
              ],
              [
                103.699912,
                22.528235
              ],
              [
                103.699713,
                22.528429
              ],
              [
                103.699494,
                22.528659
              ],
              [
                103.699202,
                22.528914
              ],
              [
                103.699011,
                22.529092
              ],
              [
                103.698667,
                22.529385
              ],
              [
                103.698229,
                22.529777
              ],
              [
                103.698072,
                22.529771
              ],
              [
                103.697881,
                22.529767
              ],
              [
                103.697718,
                22.529763
              ],
              [
                103.697556,
                22.529766
              ],
              [
                103.697223,
                22.529803
              ],
              [
                103.696939,
                22.529847
              ],
              [
                103.696788,
                22.529873
              ],
              [
                103.696406,
                22.529949
              ],
              [
                103.696107,
                22.530057
              ],
              [
                103.695977,
                22.530127
              ],
              [
                103.695853,
                22.530263
              ],
              [
                103.69574,
                22.530485
              ],
              [
                103.695623,
                22.530722
              ],
              [
                103.695515,
                22.530906
              ],
              [
                103.69538,
                22.531093
              ],
              [
                103.695232,
                22.531243
              ],
              [
                103.695083,
                22.531359
              ],
              [
                103.694793,
                22.531505
              ],
              [
                103.694616,
                22.531514
              ],
              [
                103.6945,
                22.531459
              ],
              [
                103.694232,
                22.531263
              ],
              [
                103.694006,
                22.531103
              ],
              [
                103.693862,
                22.530988
              ],
              [
                103.693711,
                22.530865
              ],
              [
                103.693586,
                22.530824
              ],
              [
                103.693428,
                22.530797
              ],
              [
                103.693267,
                22.530813
              ],
              [
                103.693101,
                22.530858
              ],
              [
                103.693017,
                22.530907
              ],
              [
                103.692783,
                22.531134
              ],
              [
                103.692572,
                22.531329
              ],
              [
                103.692241,
                22.531515
              ],
              [
                103.692101,
                22.531545
              ],
              [
                103.691982,
                22.531544
              ],
              [
                103.691826,
                22.531525
              ],
              [
                103.691639,
                22.53149
              ],
              [
                103.69145,
                22.531439
              ],
              [
                103.691282,
                22.531367
              ],
              [
                103.691174,
                22.531288
              ],
              [
                103.691076,
                22.531203
              ],
              [
                103.690964,
                22.531103
              ],
              [
                103.690867,
                22.531038
              ],
              [
                103.690779,
                22.530983
              ],
              [
                103.69067,
                22.530944
              ],
              [
                103.690477,
                22.530879
              ],
              [
                103.690293,
                22.530846
              ],
              [
                103.69012,
                22.530824
              ],
              [
                103.689994,
                22.530829
              ],
              [
                103.689847,
                22.530848
              ],
              [
                103.689582,
                22.530919
              ],
              [
                103.689399,
                22.530968
              ],
              [
                103.689319,
                22.530987
              ],
              [
                103.689219,
                22.531022
              ],
              [
                103.689069,
                22.531082
              ],
              [
                103.688803,
                22.531252
              ],
              [
                103.688632,
                22.531419
              ],
              [
                103.688577,
                22.531476
              ],
              [
                103.68842,
                22.531606
              ],
              [
                103.688411,
                22.531616
              ],
              [
                103.6884,
                22.531626
              ],
              [
                103.688386,
                22.531638
              ],
              [
                103.688369,
                22.531652
              ],
              [
                103.688364,
                22.531656
              ],
              [
                103.688355,
                22.531662
              ],
              [
                103.68835,
                22.531665
              ],
              [
                103.688331,
                22.531677
              ],
              [
                103.688312,
                22.531688
              ],
              [
                103.688292,
                22.531698
              ],
              [
                103.688274,
                22.531706
              ],
              [
                103.688192,
                22.531738
              ],
              [
                103.687779,
                22.531861
              ],
              [
                103.687506,
                22.531916
              ],
              [
                103.687275,
                22.5319
              ],
              [
                103.687128,
                22.531845
              ],
              [
                103.687106,
                22.531837
              ],
              [
                103.68683,
                22.531557
              ],
              [
                103.686805,
                22.531514
              ],
              [
                103.686704,
                22.531346
              ],
              [
                103.686566,
                22.531254
              ],
              [
                103.686391,
                22.531205
              ],
              [
                103.686221,
                22.531213
              ],
              [
                103.685933,
                22.531244
              ],
              [
                103.685521,
                22.531307
              ],
              [
                103.68529,
                22.531428
              ],
              [
                103.685274,
                22.531437
              ],
              [
                103.685258,
                22.531446
              ],
              [
                103.685243,
                22.531455
              ],
              [
                103.685228,
                22.531465
              ],
              [
                103.685213,
                22.531475
              ],
              [
                103.685199,
                22.531486
              ],
              [
                103.685184,
                22.531497
              ],
              [
                103.68517,
                22.531508
              ],
              [
                103.685157,
                22.531519
              ],
              [
                103.685144,
                22.531531
              ],
              [
                103.685131,
                22.531544
              ],
              [
                103.68512,
                22.531556
              ],
              [
                103.685108,
                22.53157
              ],
              [
                103.685097,
                22.531583
              ],
              [
                103.685075,
                22.53161
              ],
              [
                103.685011,
                22.531693
              ],
              [
                103.684979,
                22.531734
              ],
              [
                103.684944,
                22.531775
              ],
              [
                103.684908,
                22.531816
              ],
              [
                103.68485,
                22.531878
              ],
              [
                103.684846,
                22.531882
              ],
              [
                103.684797,
                22.531935
              ],
              [
                103.684759,
                22.531975
              ],
              [
                103.684734,
                22.532001
              ],
              [
                103.684709,
                22.532026
              ],
              [
                103.68467,
                22.532063
              ],
              [
                103.684633,
                22.532097
              ],
              [
                103.684596,
                22.53213
              ],
              [
                103.684489,
                22.53222
              ],
              [
                103.684347,
                22.532343
              ],
              [
                103.684319,
                22.532367
              ],
              [
                103.684304,
                22.532379
              ],
              [
                103.684289,
                22.53239
              ],
              [
                103.684261,
                22.532411
              ],
              [
                103.684232,
                22.532431
              ],
              [
                103.684217,
                22.53244
              ],
              [
                103.684203,
                22.532449
              ],
              [
                103.684173,
                22.532466
              ],
              [
                103.684143,
                22.532482
              ],
              [
                103.684127,
                22.532489
              ],
              [
                103.684112,
                22.532496
              ],
              [
                103.684096,
                22.532502
              ],
              [
                103.68408,
                22.532508
              ],
              [
                103.684063,
                22.532513
              ],
              [
                103.684047,
                22.532517
              ],
              [
                103.68403,
                22.53252
              ],
              [
                103.684013,
                22.532524
              ],
              [
                103.683995,
                22.532527
              ],
              [
                103.683959,
                22.532531
              ],
              [
                103.683923,
                22.532535
              ],
              [
                103.683905,
                22.532536
              ],
              [
                103.683869,
                22.532538
              ],
              [
                103.683851,
                22.532539
              ],
              [
                103.683834,
                22.532538
              ],
              [
                103.683815,
                22.532537
              ],
              [
                103.683796,
                22.532535
              ],
              [
                103.683778,
                22.532532
              ],
              [
                103.683761,
                22.532528
              ],
              [
                103.683744,
                22.532523
              ],
              [
                103.683727,
                22.532517
              ],
              [
                103.683711,
                22.532511
              ],
              [
                103.683695,
                22.532503
              ],
              [
                103.683679,
                22.532495
              ],
              [
                103.683647,
                22.532477
              ],
              [
                103.683616,
                22.532459
              ],
              [
                103.683591,
                22.532444
              ],
              [
                103.683539,
                22.532413
              ],
              [
                103.683523,
                22.532404
              ],
              [
                103.68351,
                22.532397
              ],
              [
                103.683496,
                22.532391
              ],
              [
                103.683483,
                22.532386
              ],
              [
                103.683469,
                22.532381
              ],
              [
                103.683453,
                22.532378
              ],
              [
                103.683437,
                22.532375
              ],
              [
                103.683421,
                22.532373
              ],
              [
                103.683405,
                22.532373
              ],
              [
                103.683389,
                22.532375
              ],
              [
                103.683372,
                22.532377
              ],
              [
                103.68337,
                22.532378
              ],
              [
                103.683356,
                22.532382
              ],
              [
                103.683341,
                22.532389
              ],
              [
                103.683326,
                22.532397
              ],
              [
                103.683312,
                22.532408
              ],
              [
                103.683301,
                22.532418
              ],
              [
                103.683291,
                22.532429
              ],
              [
                103.683282,
                22.532442
              ],
              [
                103.683273,
                22.532454
              ],
              [
                103.683264,
                22.53247
              ],
              [
                103.683255,
                22.532485
              ],
              [
                103.683246,
                22.532501
              ],
              [
                103.683213,
                22.532566
              ],
              [
                103.683204,
                22.532582
              ],
              [
                103.683195,
                22.532598
              ],
              [
                103.683186,
                22.532614
              ],
              [
                103.683176,
                22.532629
              ],
              [
                103.683157,
                22.532658
              ],
              [
                103.683136,
                22.532686
              ],
              [
                103.683094,
                22.532743
              ],
              [
                103.68304,
                22.532813
              ],
              [
                103.682997,
                22.532868
              ],
              [
                103.682987,
                22.532881
              ],
              [
                103.682963,
                22.53291
              ],
              [
                103.682905,
                22.532979
              ],
              [
                103.682846,
                22.533047
              ],
              [
                103.682823,
                22.533074
              ],
              [
                103.682798,
                22.533101
              ],
              [
                103.682773,
                22.533127
              ],
              [
                103.682733,
                22.533166
              ],
              [
                103.682706,
                22.533192
              ],
              [
                103.682693,
                22.533204
              ],
              [
                103.682679,
                22.533216
              ],
              [
                103.682664,
                22.533227
              ],
              [
                103.682651,
                22.533237
              ],
              [
                103.682637,
                22.533246
              ],
              [
                103.682623,
                22.533255
              ],
              [
                103.682608,
                22.533263
              ],
              [
                103.682594,
                22.533271
              ],
              [
                103.682579,
                22.533278
              ],
              [
                103.682562,
                22.533286
              ],
              [
                103.682555,
                22.533289
              ],
              [
                103.682546,
                22.533292
              ],
              [
                103.682529,
                22.533299
              ],
              [
                103.682512,
                22.533305
              ],
              [
                103.682495,
                22.53331
              ],
              [
                103.682478,
                22.533315
              ],
              [
                103.68246,
                22.53332
              ],
              [
                103.682442,
                22.533324
              ],
              [
                103.682423,
                22.533328
              ],
              [
                103.682404,
                22.533331
              ],
              [
                103.682386,
                22.533334
              ],
              [
                103.682367,
                22.533336
              ],
              [
                103.682348,
                22.533338
              ],
              [
                103.68233,
                22.533339
              ],
              [
                103.682294,
                22.53334
              ],
              [
                103.682257,
                22.533341
              ],
              [
                103.68222,
                22.533341
              ],
              [
                103.682184,
                22.53334
              ],
              [
                103.682166,
                22.533338
              ],
              [
                103.682147,
                22.533336
              ],
              [
                103.682128,
                22.533334
              ],
              [
                103.68209,
                22.533329
              ],
              [
                103.682053,
                22.533322
              ],
              [
                103.681771,
                22.533272
              ],
              [
                103.68164,
                22.53325
              ],
              [
                103.681567,
                22.533238
              ],
              [
                103.681312,
                22.533199
              ],
              [
                103.681221,
                22.533185
              ],
              [
                103.681185,
                22.53318
              ],
              [
                103.681149,
                22.533175
              ],
              [
                103.681113,
                22.533172
              ],
              [
                103.681095,
                22.53317
              ],
              [
                103.681078,
                22.53317
              ],
              [
                103.68106,
                22.53317
              ],
              [
                103.681043,
                22.53317
              ],
              [
                103.681026,
                22.533171
              ],
              [
                103.681008,
                22.533173
              ],
              [
                103.68099,
                22.533177
              ],
              [
                103.680971,
                22.533181
              ],
              [
                103.680953,
                22.533186
              ],
              [
                103.680934,
                22.533191
              ],
              [
                103.680916,
                22.533197
              ],
              [
                103.680898,
                22.533204
              ],
              [
                103.68088,
                22.53321
              ],
              [
                103.680845,
                22.533225
              ],
              [
                103.680825,
                22.533234
              ],
              [
                103.68081,
                22.53324
              ],
              [
                103.680688,
                22.533295
              ],
              [
                103.680653,
                22.53331
              ],
              [
                103.680635,
                22.533317
              ],
              [
                103.680618,
                22.533324
              ],
              [
                103.680583,
                22.533336
              ],
              [
                103.680547,
                22.533348
              ],
              [
                103.680529,
                22.533353
              ],
              [
                103.680511,
                22.533358
              ],
              [
                103.680495,
                22.533361
              ],
              [
                103.68048,
                22.533365
              ],
              [
                103.680464,
                22.533367
              ],
              [
                103.680448,
                22.53337
              ],
              [
                103.680432,
                22.533371
              ],
              [
                103.680413,
                22.533373
              ],
              [
                103.680394,
                22.533374
              ],
              [
                103.680375,
                22.533374
              ],
              [
                103.680356,
                22.533374
              ],
              [
                103.680336,
                22.533373
              ],
              [
                103.68032,
                22.533371
              ],
              [
                103.680304,
                22.53337
              ],
              [
                103.680288,
                22.533367
              ],
              [
                103.680273,
                22.533365
              ],
              [
                103.680257,
                22.533361
              ],
              [
                103.680242,
                22.533357
              ],
              [
                103.680226,
                22.533351
              ],
              [
                103.680211,
                22.533345
              ],
              [
                103.680198,
                22.533338
              ],
              [
                103.680196,
                22.533337
              ],
              [
                103.680038,
                22.533245
              ],
              [
                103.679932,
                22.533111
              ],
              [
                103.679864,
                22.53295
              ],
              [
                103.679826,
                22.532874
              ],
              [
                103.679734,
                22.532775
              ],
              [
                103.679719,
                22.532771
              ],
              [
                103.679703,
                22.532767
              ],
              [
                103.679687,
                22.532764
              ],
              [
                103.679669,
                22.532761
              ],
              [
                103.679651,
                22.53276
              ],
              [
                103.679632,
                22.532759
              ],
              [
                103.679614,
                22.532759
              ],
              [
                103.679599,
                22.532759
              ],
              [
                103.679584,
                22.53276
              ],
              [
                103.679569,
                22.532762
              ],
              [
                103.679553,
                22.532764
              ],
              [
                103.679536,
                22.532767
              ],
              [
                103.679518,
                22.53277
              ],
              [
                103.679501,
                22.532774
              ],
              [
                103.679466,
                22.532783
              ],
              [
                103.679431,
                22.532792
              ],
              [
                103.679414,
                22.532797
              ],
              [
                103.679413,
                22.532797
              ],
              [
                103.679379,
                22.532808
              ],
              [
                103.679276,
                22.532843
              ],
              [
                103.679242,
                22.532854
              ],
              [
                103.679225,
                22.53286
              ],
              [
                103.679207,
                22.532865
              ],
              [
                103.679206,
                22.532865
              ],
              [
                103.679189,
                22.532869
              ],
              [
                103.67917,
                22.532873
              ],
              [
                103.679152,
                22.532877
              ],
              [
                103.679134,
                22.532881
              ],
              [
                103.679116,
                22.532883
              ],
              [
                103.67908,
                22.532888
              ],
              [
                103.679044,
                22.532892
              ],
              [
                103.679025,
                22.532894
              ],
              [
                103.679007,
                22.532895
              ],
              [
                103.678989,
                22.532896
              ],
              [
                103.678972,
                22.532896
              ],
              [
                103.678956,
                22.532895
              ],
              [
                103.678939,
                22.532894
              ],
              [
                103.678922,
                22.532893
              ],
              [
                103.678906,
                22.532892
              ],
              [
                103.678887,
                22.532889
              ],
              [
                103.678868,
                22.532887
              ],
              [
                103.678811,
                22.532878
              ],
              [
                103.678717,
                22.532862
              ],
              [
                103.67866,
                22.532852
              ],
              [
                103.678622,
                22.532847
              ],
              [
                103.678603,
                22.532844
              ],
              [
                103.678566,
                22.532841
              ],
              [
                103.678528,
                22.532838
              ],
              [
                103.67849,
                22.532835
              ],
              [
                103.678209,
                22.532819
              ],
              [
                103.678019,
                22.532807
              ],
              [
                103.678008,
                22.532807
              ],
              [
                103.677981,
                22.532806
              ],
              [
                103.677943,
                22.532805
              ],
              [
                103.677811,
                22.532802
              ],
              [
                103.677773,
                22.532801
              ],
              [
                103.677755,
                22.5328
              ],
              [
                103.677736,
                22.532798
              ],
              [
                103.677717,
                22.532797
              ],
              [
                103.677699,
                22.532794
              ],
              [
                103.67768,
                22.532792
              ],
              [
                103.677662,
                22.532788
              ],
              [
                103.677625,
                22.532782
              ],
              [
                103.677589,
                22.532774
              ],
              [
                103.677553,
                22.532766
              ],
              [
                103.677517,
                22.532758
              ],
              [
                103.677499,
                22.532753
              ],
              [
                103.677464,
                22.532742
              ],
              [
                103.677446,
                22.532736
              ],
              [
                103.677428,
                22.532729
              ],
              [
                103.67741,
                22.532722
              ],
              [
                103.677393,
                22.532714
              ],
              [
                103.677376,
                22.532706
              ],
              [
                103.677316,
                22.532676
              ],
              [
                103.677301,
                22.532669
              ],
              [
                103.677285,
                22.532662
              ],
              [
                103.67727,
                22.532656
              ],
              [
                103.677252,
                22.53265
              ],
              [
                103.677234,
                22.532644
              ],
              [
                103.677215,
                22.53264
              ],
              [
                103.677178,
                22.532631
              ],
              [
                103.677121,
                22.53262
              ],
              [
                103.677083,
                22.532614
              ],
              [
                103.677049,
                22.532608
              ],
              [
                103.676998,
                22.5326
              ],
              [
                103.676964,
                22.532597
              ],
              [
                103.676946,
                22.532595
              ],
              [
                103.676928,
                22.532594
              ],
              [
                103.676892,
                22.532593
              ],
              [
                103.676856,
                22.532593
              ],
              [
                103.676838,
                22.532593
              ],
              [
                103.67682,
                22.532594
              ],
              [
                103.676799,
                22.532595
              ],
              [
                103.676775,
                22.532597
              ],
              [
                103.676725,
                22.532601
              ],
              [
                103.676629,
                22.532611
              ],
              [
                103.676445,
                22.53228
              ],
              [
                103.676419,
                22.532233
              ],
              [
                103.676392,
                22.532187
              ],
              [
                103.676374,
                22.532158
              ],
              [
                103.676356,
                22.53213
              ],
              [
                103.676328,
                22.532087
              ],
              [
                103.676289,
                22.532028
              ],
              [
                103.676199,
                22.531898
              ],
              [
                103.67617,
                22.531854
              ],
              [
                103.676151,
                22.531825
              ],
              [
                103.676134,
                22.531796
              ],
              [
                103.676116,
                22.531767
              ],
              [
                103.676099,
                22.531738
              ],
              [
                103.676074,
                22.531691
              ],
              [
                103.67605,
                22.531644
              ],
              [
                103.675937,
                22.531425
              ],
              [
                103.675906,
                22.531362
              ],
              [
                103.675884,
                22.531316
              ],
              [
                103.67587,
                22.531286
              ],
              [
                103.675857,
                22.531257
              ],
              [
                103.675845,
                22.531227
              ],
              [
                103.675834,
                22.531195
              ],
              [
                103.675823,
                22.531161
              ],
              [
                103.675818,
                22.531143
              ],
              [
                103.67581,
                22.531114
              ],
              [
                103.675799,
                22.531068
              ],
              [
                103.675784,
                22.531
              ],
              [
                103.675774,
                22.530948
              ],
              [
                103.675771,
                22.530931
              ],
              [
                103.675766,
                22.530898
              ],
              [
                103.675762,
                22.530864
              ],
              [
                103.67576,
                22.530847
              ],
              [
                103.675758,
                22.53083
              ],
              [
                103.675756,
                22.530794
              ],
              [
                103.675754,
                22.530758
              ],
              [
                103.675754,
                22.530722
              ],
              [
                103.675754,
                22.53067
              ],
              [
                103.675757,
                22.530513
              ],
              [
                103.675757,
                22.530461
              ],
              [
                103.675757,
                22.530397
              ],
              [
                103.675756,
                22.530366
              ],
              [
                103.675755,
                22.530332
              ],
              [
                103.675751,
                22.530279
              ],
              [
                103.675747,
                22.530226
              ],
              [
                103.675742,
                22.530172
              ],
              [
                103.675737,
                22.530119
              ],
              [
                103.675731,
                22.530066
              ],
              [
                103.675726,
                22.53003
              ],
              [
                103.675721,
                22.529997
              ],
              [
                103.675717,
                22.529981
              ],
              [
                103.675714,
                22.529965
              ],
              [
                103.675709,
                22.529948
              ],
              [
                103.675704,
                22.52993
              ],
              [
                103.675699,
                22.529913
              ],
              [
                103.675693,
                22.529897
              ],
              [
                103.675686,
                22.52988
              ],
              [
                103.675678,
                22.529864
              ],
              [
                103.67567,
                22.529848
              ],
              [
                103.675661,
                22.529832
              ],
              [
                103.675653,
                22.529818
              ],
              [
                103.675644,
                22.529805
              ],
              [
                103.675627,
                22.529778
              ],
              [
                103.675608,
                22.529752
              ],
              [
                103.675598,
                22.529737
              ],
              [
                103.675565,
                22.529694
              ],
              [
                103.675533,
                22.529652
              ],
              [
                103.67551,
                22.529623
              ],
              [
                103.675503,
                22.529614
              ],
              [
                103.675488,
                22.529595
              ],
              [
                103.675466,
                22.52957
              ],
              [
                103.675445,
                22.529548
              ],
              [
                103.675435,
                22.529537
              ],
              [
                103.675412,
                22.529516
              ],
              [
                103.6754,
                22.529505
              ],
              [
                103.675376,
                22.529485
              ],
              [
                103.675349,
                22.529463
              ],
              [
                103.675334,
                22.529452
              ],
              [
                103.675304,
                22.52943
              ],
              [
                103.675059,
                22.529259
              ],
              [
                103.675015,
                22.529227
              ],
              [
                103.674973,
                22.529196
              ],
              [
                103.674945,
                22.529174
              ],
              [
                103.674932,
                22.529164
              ],
              [
                103.674907,
                22.529143
              ],
              [
                103.674895,
                22.529132
              ],
              [
                103.674883,
                22.529121
              ],
              [
                103.674872,
                22.529109
              ],
              [
                103.674861,
                22.529097
              ],
              [
                103.67485,
                22.529086
              ],
              [
                103.674839,
                22.529073
              ],
              [
                103.674829,
                22.529061
              ],
              [
                103.67482,
                22.52905
              ],
              [
                103.674804,
                22.529028
              ],
              [
                103.674795,
                22.529014
              ],
              [
                103.674787,
                22.529
              ],
              [
                103.674778,
                22.528986
              ],
              [
                103.674762,
                22.528957
              ],
              [
                103.674745,
                22.528926
              ],
              [
                103.67473,
                22.528894
              ],
              [
                103.674637,
                22.528702
              ],
              [
                103.674606,
                22.528638
              ],
              [
                103.67459,
                22.528606
              ],
              [
                103.674563,
                22.528559
              ],
              [
                103.674545,
                22.528527
              ],
              [
                103.674526,
                22.528498
              ],
              [
                103.674517,
                22.528483
              ],
              [
                103.674498,
                22.528455
              ],
              [
                103.674477,
                22.528427
              ],
              [
                103.674455,
                22.528398
              ],
              [
                103.674432,
                22.528369
              ],
              [
                103.674398,
                22.528326
              ],
              [
                103.674281,
                22.528182
              ],
              [
                103.674258,
                22.528153
              ],
              [
                103.674246,
                22.528139
              ],
              [
                103.674221,
                22.528111
              ],
              [
                103.674199,
                22.528087
              ],
              [
                103.674187,
                22.528075
              ],
              [
                103.674176,
                22.528063
              ],
              [
                103.674163,
                22.528052
              ],
              [
                103.674152,
                22.528042
              ],
              [
                103.67414,
                22.528032
              ],
              [
                103.674128,
                22.528023
              ],
              [
                103.674115,
                22.528014
              ],
              [
                103.674102,
                22.528005
              ],
              [
                103.674088,
                22.527996
              ],
              [
                103.674073,
                22.527987
              ],
              [
                103.674057,
                22.527978
              ],
              [
                103.674042,
                22.52797
              ],
              [
                103.674025,
                22.527962
              ],
              [
                103.673992,
                22.527946
              ],
              [
                103.673957,
                22.527931
              ],
              [
                103.673734,
                22.527835
              ],
              [
                103.67358,
                22.527768
              ],
              [
                103.673301,
                22.527643
              ],
              [
                103.673249,
                22.52762
              ],
              [
                103.673216,
                22.527604
              ],
              [
                103.673172,
                22.527582
              ],
              [
                103.673143,
                22.527566
              ],
              [
                103.673114,
                22.527549
              ],
              [
                103.673086,
                22.527531
              ],
              [
                103.673073,
                22.527522
              ],
              [
                103.673059,
                22.527512
              ],
              [
                103.673045,
                22.527501
              ],
              [
                103.673031,
                22.527491
              ],
              [
                103.673018,
                22.527479
              ],
              [
                103.673004,
                22.527467
              ],
              [
                103.672991,
                22.527455
              ],
              [
                103.672964,
                22.52743
              ],
              [
                103.672939,
                22.527404
              ],
              [
                103.672926,
                22.527391
              ],
              [
                103.672889,
                22.52735
              ],
              [
                103.672841,
                22.527295
              ],
              [
                103.672806,
                22.527253
              ],
              [
                103.672771,
                22.52721
              ],
              [
                103.672625,
                22.52703
              ],
              [
                103.672374,
                22.52672
              ],
              [
                103.67234,
                22.526677
              ],
              [
                103.672295,
                22.52662
              ],
              [
                103.672261,
                22.526576
              ],
              [
                103.672228,
                22.526532
              ],
              [
                103.672207,
                22.526503
              ],
              [
                103.672186,
                22.526473
              ],
              [
                103.672155,
                22.526428
              ],
              [
                103.672125,
                22.526382
              ],
              [
                103.672087,
                22.526322
              ],
              [
                103.671895,
                22.52602
              ],
              [
                103.671867,
                22.525974
              ],
              [
                103.671848,
                22.525944
              ],
              [
                103.67183,
                22.525913
              ],
              [
                103.671812,
                22.525881
              ],
              [
                103.671786,
                22.525834
              ],
              [
                103.671778,
                22.525817
              ],
              [
                103.671763,
                22.525788
              ],
              [
                103.671749,
                22.525758
              ],
              [
                103.671736,
                22.525728
              ],
              [
                103.671722,
                22.525695
              ],
              [
                103.671702,
                22.525645
              ],
              [
                103.671473,
                22.52506
              ],
              [
                103.67146,
                22.525027
              ],
              [
                103.671438,
                22.524977
              ],
              [
                103.671424,
                22.524943
              ],
              [
                103.671409,
                22.52491
              ],
              [
                103.671401,
                22.524893
              ],
              [
                103.671386,
                22.524864
              ],
              [
                103.671371,
                22.524836
              ],
              [
                103.671355,
                22.524807
              ],
              [
                103.671329,
                22.524763
              ],
              [
                103.671311,
                22.524732
              ],
              [
                103.671292,
                22.524702
              ],
              [
                103.671273,
                22.524672
              ],
              [
                103.671263,
                22.524658
              ],
              [
                103.671252,
                22.524643
              ],
              [
                103.671243,
                22.524631
              ],
              [
                103.671233,
                22.524619
              ],
              [
                103.671223,
                22.524607
              ],
              [
                103.671213,
                22.524595
              ],
              [
                103.671201,
                22.524583
              ],
              [
                103.671188,
                22.524572
              ],
              [
                103.671174,
                22.524561
              ],
              [
                103.671159,
                22.52455
              ],
              [
                103.671143,
                22.524541
              ],
              [
                103.671127,
                22.524532
              ],
              [
                103.671112,
                22.524525
              ],
              [
                103.671097,
                22.524519
              ],
              [
                103.671082,
                22.524513
              ],
              [
                103.671067,
                22.524508
              ],
              [
                103.671051,
                22.524503
              ],
              [
                103.671033,
                22.524498
              ],
              [
                103.671015,
                22.524493
              ],
              [
                103.670979,
                22.524484
              ],
              [
                103.670758,
                22.524433
              ],
              [
                103.670703,
                22.52442
              ],
              [
                103.670668,
                22.524411
              ],
              [
                103.670617,
                22.524397
              ],
              [
                103.670584,
                22.524387
              ],
              [
                103.67055,
                22.524376
              ],
              [
                103.670534,
                22.52437
              ],
              [
                103.6705,
                22.524357
              ],
              [
                103.670448,
                22.524336
              ],
              [
                103.670413,
                22.524321
              ],
              [
                103.670379,
                22.524306
              ],
              [
                103.670327,
                22.524283
              ],
              [
                103.67019,
                22.52422
              ],
              [
                103.670105,
                22.52418
              ],
              [
                103.670056,
                22.524156
              ],
              [
                103.670009,
                22.524132
              ],
              [
                103.669994,
                22.524123
              ],
              [
                103.669963,
                22.524105
              ],
              [
                103.669933,
                22.524087
              ],
              [
                103.669904,
                22.524068
              ],
              [
                103.669875,
                22.524049
              ],
              [
                103.669818,
                22.52401
              ],
              [
                103.669775,
                22.523979
              ],
              [
                103.669759,
                22.523968
              ],
              [
                103.669598,
                22.523852
              ],
              [
                103.669525,
                22.523798
              ],
              [
                103.669454,
                22.523745
              ],
              [
                103.669384,
                22.523692
              ],
              [
                103.669342,
                22.523659
              ],
              [
                103.669269,
                22.523599
              ],
              [
                103.668923,
                22.523309
              ],
              [
                103.668836,
                22.523237
              ],
              [
                103.668793,
                22.523202
              ],
              [
                103.668736,
                22.523157
              ],
              [
                103.668507,
                22.522975
              ],
              [
                103.668478,
                22.522952
              ],
              [
                103.66845,
                22.522929
              ],
              [
                103.668436,
                22.522917
              ],
              [
                103.668411,
                22.522894
              ],
              [
                103.668387,
                22.522871
              ],
              [
                103.668376,
                22.522858
              ],
              [
                103.667819,
                22.522773
              ],
              [
                103.667483,
                22.522641
              ],
              [
                103.666867,
                22.522409
              ],
              [
                103.666634,
                22.522303
              ],
              [
                103.666292,
                22.522094
              ],
              [
                103.66624,
                22.522087
              ],
              [
                103.665804,
                22.522296
              ],
              [
                103.66552,
                22.522377
              ],
              [
                103.665286,
                22.522402
              ],
              [
                103.664957,
                22.522406
              ],
              [
                103.659343,
                22.522853
              ],
              [
                103.659159,
                22.52256
              ],
              [
                103.658764,
                22.522222
              ],
              [
                103.657798,
                22.521535
              ],
              [
                103.656642,
                22.520712
              ],
              [
                103.65659,
                22.520694
              ],
              [
                103.642706,
                22.515218
              ],
              [
                103.642702,
                22.515227
              ],
              [
                103.642519,
                22.51567
              ],
              [
                103.642292,
                22.515859
              ],
              [
                103.641401,
                22.516162
              ],
              [
                103.6386,
                22.516969
              ],
              [
                103.637996,
                22.517143
              ],
              [
                103.637719,
                22.517266
              ],
              [
                103.637369,
                22.517478
              ],
              [
                103.636242,
                22.51796
              ],
              [
                103.634327,
                22.518698
              ],
              [
                103.633666,
                22.519106
              ],
              [
                103.632112,
                22.520317
              ],
              [
                103.631006,
                22.521049
              ],
              [
                103.630422,
                22.521372
              ],
              [
                103.630177,
                22.521412
              ],
              [
                103.629015,
                22.521698
              ],
              [
                103.628168,
                22.52189
              ],
              [
                103.627521,
                22.522156
              ],
              [
                103.626907,
                22.522742
              ],
              [
                103.626902,
                22.522753
              ],
              [
                103.6269,
                22.522758
              ],
              [
                103.626573,
                22.523343
              ],
              [
                103.626473,
                22.523521
              ],
              [
                103.625193,
                22.523287
              ],
              [
                103.62397,
                22.523263
              ],
              [
                103.623576,
                22.52331
              ],
              [
                103.623409,
                22.523337
              ],
              [
                103.62286,
                22.523445
              ],
              [
                103.62238,
                22.523581
              ],
              [
                103.621977,
                22.523756
              ],
              [
                103.621718,
                22.523885
              ],
              [
                103.621486,
                22.523943
              ],
              [
                103.621201,
                22.523941
              ],
              [
                103.620846,
                22.523836
              ],
              [
                103.620533,
                22.523689
              ],
              [
                103.620411,
                22.523617
              ],
              [
                103.620149,
                22.523591
              ],
              [
                103.619732,
                22.523686
              ],
              [
                103.618325,
                22.52433
              ],
              [
                103.617815,
                22.524397
              ],
              [
                103.617371,
                22.524451
              ],
              [
                103.616928,
                22.524405
              ],
              [
                103.616638,
                22.524318
              ],
              [
                103.616254,
                22.524198
              ],
              [
                103.615933,
                22.524117
              ],
              [
                103.615749,
                22.5241
              ],
              [
                103.615558,
                22.524122
              ],
              [
                103.615296,
                22.524169
              ],
              [
                103.615072,
                22.52419
              ],
              [
                103.614854,
                22.524171
              ],
              [
                103.614707,
                22.524125
              ],
              [
                103.614624,
                22.524063
              ],
              [
                103.614571,
                22.524016
              ],
              [
                103.614333,
                22.523875
              ],
              [
                103.614027,
                22.523859
              ],
              [
                103.61343,
                22.523954
              ],
              [
                103.612941,
                22.523965
              ],
              [
                103.612566,
                22.523975
              ],
              [
                103.61239,
                22.524018
              ],
              [
                103.612037,
                22.5242
              ],
              [
                103.611866,
                22.524318
              ],
              [
                103.611643,
                22.524528
              ],
              [
                103.611445,
                22.524675
              ],
              [
                103.611104,
                22.52491
              ],
              [
                103.610684,
                22.525143
              ],
              [
                103.610382,
                22.525421
              ],
              [
                103.610115,
                22.525664
              ],
              [
                103.609904,
                22.525891
              ],
              [
                103.609666,
                22.526159
              ],
              [
                103.609405,
                22.526442
              ],
              [
                103.608907,
                22.526922
              ],
              [
                103.608786,
                22.526962
              ],
              [
                103.60866,
                22.526974
              ],
              [
                103.60851,
                22.52696
              ],
              [
                103.608178,
                22.526894
              ],
              [
                103.607802,
                22.526811
              ],
              [
                103.607456,
                22.526611
              ],
              [
                103.606916,
                22.526441
              ],
              [
                103.60642,
                22.526244
              ],
              [
                103.605943,
                22.526084
              ],
              [
                103.605612,
                22.525864
              ],
              [
                103.605415,
                22.525712
              ],
              [
                103.605102,
                22.525471
              ],
              [
                103.604898,
                22.525309
              ],
              [
                103.6047,
                22.525167
              ],
              [
                103.604291,
                22.525012
              ],
              [
                103.603761,
                22.524838
              ],
              [
                103.603598,
                22.524811
              ],
              [
                103.603575,
                22.52481
              ],
              [
                103.603144,
                22.524768
              ],
              [
                103.602897,
                22.52478
              ],
              [
                103.602696,
                22.5248
              ],
              [
                103.60255,
                22.524799
              ],
              [
                103.602389,
                22.524793
              ],
              [
                103.602158,
                22.524718
              ],
              [
                103.601701,
                22.524549
              ],
              [
                103.601267,
                22.524384
              ],
              [
                103.601051,
                22.524296
              ],
              [
                103.600787,
                22.524206
              ],
              [
                103.600511,
                22.524143
              ],
              [
                103.600349,
                22.524149
              ],
              [
                103.600148,
                22.524176
              ],
              [
                103.600055,
                22.524211
              ],
              [
                103.599947,
                22.524282
              ],
              [
                103.599822,
                22.524374
              ],
              [
                103.599729,
                22.524452
              ],
              [
                103.599685,
                22.524486
              ],
              [
                103.599568,
                22.524578
              ],
              [
                103.599558,
                22.524586
              ],
              [
                103.599549,
                22.52459
              ],
              [
                103.599513,
                22.524606
              ],
              [
                103.599293,
                22.524704
              ],
              [
                103.599095,
                22.524804
              ],
              [
                103.598916,
                22.524897
              ],
              [
                103.598708,
                22.524959
              ],
              [
                103.598505,
                22.524971
              ],
              [
                103.597901,
                22.524926
              ],
              [
                103.597442,
                22.52495
              ],
              [
                103.597152,
                22.524984
              ],
              [
                103.597007,
                22.524987
              ],
              [
                103.596809,
                22.525048
              ],
              [
                103.596692,
                22.525155
              ],
              [
                103.596514,
                22.525427
              ],
              [
                103.596383,
                22.525554
              ],
              [
                103.596172,
                22.525636
              ],
              [
                103.595997,
                22.525671
              ],
              [
                103.595543,
                22.525722
              ],
              [
                103.595488,
                22.525975
              ],
              [
                103.595469,
                22.526301
              ],
              [
                103.595495,
                22.526587
              ],
              [
                103.595392,
                22.526877
              ],
              [
                103.595292,
                22.527118
              ],
              [
                103.595182,
                22.527246
              ],
              [
                103.595097,
                22.527276
              ],
              [
                103.595006,
                22.527296
              ],
              [
                103.594874,
                22.527295
              ],
              [
                103.594778,
                22.527311
              ],
              [
                103.594727,
                22.527373
              ],
              [
                103.594669,
                22.527489
              ],
              [
                103.594602,
                22.527671
              ],
              [
                103.594398,
                22.527938
              ],
              [
                103.594186,
                22.52799
              ],
              [
                103.593859,
                22.528059
              ],
              [
                103.593318,
                22.527774
              ],
              [
                103.592785,
                22.527676
              ],
              [
                103.592483,
                22.527652
              ],
              [
                103.592218,
                22.527663
              ],
              [
                103.592069,
                22.527707
              ],
              [
                103.591986,
                22.527822
              ],
              [
                103.591888,
                22.528112
              ],
              [
                103.591798,
                22.528518
              ],
              [
                103.591555,
                22.528865
              ],
              [
                103.591413,
                22.52897
              ],
              [
                103.591302,
                22.529066
              ],
              [
                103.591253,
                22.529109
              ],
              [
                103.591217,
                22.52917
              ],
              [
                103.591187,
                22.529242
              ],
              [
                103.591171,
                22.52929
              ],
              [
                103.591143,
                22.529365
              ],
              [
                103.5911,
                22.529425
              ],
              [
                103.591043,
                22.52947
              ],
              [
                103.590976,
                22.529507
              ],
              [
                103.590886,
                22.529525
              ],
              [
                103.590792,
                22.529556
              ],
              [
                103.590708,
                22.529578
              ],
              [
                103.590379,
                22.529786
              ],
              [
                103.589829,
                22.530085
              ],
              [
                103.589355,
                22.530331
              ],
              [
                103.588981,
                22.530595
              ],
              [
                103.588546,
                22.530679
              ],
              [
                103.58829,
                22.530717
              ],
              [
                103.58792,
                22.530813
              ],
              [
                103.587733,
                22.530767
              ],
              [
                103.587499,
                22.530609
              ],
              [
                103.587273,
                22.530527
              ],
              [
                103.587134,
                22.530544
              ],
              [
                103.586882,
                22.530743
              ],
              [
                103.586709,
                22.530787
              ],
              [
                103.586464,
                22.530785
              ],
              [
                103.585748,
                22.530717
              ],
              [
                103.58572,
                22.530711
              ],
              [
                103.585548,
                22.530718
              ],
              [
                103.58537,
                22.530746
              ],
              [
                103.585137,
                22.530858
              ],
              [
                103.584841,
                22.531128
              ],
              [
                103.584615,
                22.531377
              ],
              [
                103.584358,
                22.531583
              ],
              [
                103.584063,
                22.531759
              ],
              [
                103.583893,
                22.531822
              ],
              [
                103.583799,
                22.531886
              ],
              [
                103.583698,
                22.532036
              ],
              [
                103.58361,
                22.532165
              ],
              [
                103.583594,
                22.532196
              ],
              [
                103.583424,
                22.532705
              ],
              [
                103.583339,
                22.533233
              ],
              [
                103.583212,
                22.533474
              ],
              [
                103.582931,
                22.533835
              ],
              [
                103.582688,
                22.534287
              ],
              [
                103.582458,
                22.534967
              ],
              [
                103.582352,
                22.535468
              ],
              [
                103.582187,
                22.53586
              ],
              [
                103.581965,
                22.536224
              ],
              [
                103.581819,
                22.536721
              ],
              [
                103.581881,
                22.537239
              ],
              [
                103.581736,
                22.537512
              ],
              [
                103.581443,
                22.537944
              ],
              [
                103.581228,
                22.538373
              ],
              [
                103.581058,
                22.538989
              ],
              [
                103.581044,
                22.539374
              ],
              [
                103.580976,
                22.539668
              ],
              [
                103.580863,
                22.540023
              ],
              [
                103.580759,
                22.540712
              ],
              [
                103.580605,
                22.541224
              ],
              [
                103.5804,
                22.541963
              ],
              [
                103.580333,
                22.542149
              ],
              [
                103.580288,
                22.54248
              ],
              [
                103.580263,
                22.54263
              ],
              [
                103.58027,
                22.542745
              ],
              [
                103.580322,
                22.54286
              ],
              [
                103.580391,
                22.542968
              ],
              [
                103.580451,
                22.543134
              ],
              [
                103.580471,
                22.543449
              ],
              [
                103.580461,
                22.543643
              ],
              [
                103.580373,
                22.543972
              ],
              [
                103.580265,
                22.544192
              ],
              [
                103.580245,
                22.544267
              ],
              [
                103.580206,
                22.544417
              ],
              [
                103.580205,
                22.544477
              ],
              [
                103.580224,
                22.544596
              ],
              [
                103.580254,
                22.544726
              ],
              [
                103.580268,
                22.54485
              ],
              [
                103.580252,
                22.544931
              ],
              [
                103.580204,
                22.545041
              ],
              [
                103.580152,
                22.545117
              ],
              [
                103.580074,
                22.545202
              ],
              [
                103.579989,
                22.545277
              ],
              [
                103.579945,
                22.545346
              ],
              [
                103.579914,
                22.545681
              ],
              [
                103.579876,
                22.545747
              ],
              [
                103.579876,
                22.545747
              ],
              [
                103.578086,
                22.546476
              ],
              [
                103.577766,
                22.54665
              ],
              [
                103.577547,
                22.546868
              ],
              [
                103.577329,
                22.547115
              ],
              [
                103.576903,
                22.547469
              ],
              [
                103.576642,
                22.547797
              ],
              [
                103.576438,
                22.54812
              ],
              [
                103.576307,
                22.548406
              ],
              [
                103.576164,
                22.548744
              ],
              [
                103.575933,
                22.549702
              ],
              [
                103.575821,
                22.55016
              ],
              [
                103.575739,
                22.550618
              ],
              [
                103.575691,
                22.550799
              ],
              [
                103.575559,
                22.551099
              ],
              [
                103.575453,
                22.551395
              ],
              [
                103.575375,
                22.551944
              ],
              [
                103.57528,
                22.552244
              ],
              [
                103.575194,
                22.552502
              ],
              [
                103.575126,
                22.552604
              ],
              [
                103.575012,
                22.552774
              ],
              [
                103.574889,
                22.552957
              ],
              [
                103.574834,
                22.55304
              ],
              [
                103.574746,
                22.553129
              ],
              [
                103.574659,
                22.553216
              ],
              [
                103.57462,
                22.553324
              ],
              [
                103.574501,
                22.553647
              ],
              [
                103.574496,
                22.553746
              ],
              [
                103.574488,
                22.553914
              ],
              [
                103.574568,
                22.55433
              ],
              [
                103.574587,
                22.554398
              ],
              [
                103.574612,
                22.554483
              ],
              [
                103.574658,
                22.55462
              ],
              [
                103.574689,
                22.554748
              ],
              [
                103.574867,
                22.555399
              ],
              [
                103.574867,
                22.555579
              ],
              [
                103.574804,
                22.555729
              ],
              [
                103.574594,
                22.555892
              ],
              [
                103.574368,
                22.556051
              ],
              [
                103.574166,
                22.556186
              ],
              [
                103.57408,
                22.556259
              ],
              [
                103.574037,
                22.556295
              ],
              [
                103.573692,
                22.55666
              ],
              [
                103.573376,
                22.557116
              ],
              [
                103.573095,
                22.557507
              ],
              [
                103.572976,
                22.557736
              ],
              [
                103.57292,
                22.557943
              ],
              [
                103.572879,
                22.558244
              ],
              [
                103.572783,
                22.558558
              ],
              [
                103.572587,
                22.558858
              ],
              [
                103.572508,
                22.55895
              ],
              [
                103.572383,
                22.559157
              ],
              [
                103.572226,
                22.559371
              ],
              [
                103.572117,
                22.559527
              ],
              [
                103.572092,
                22.559635
              ],
              [
                103.572098,
                22.559807
              ],
              [
                103.57215,
                22.560044
              ],
              [
                103.572217,
                22.560274
              ],
              [
                103.572254,
                22.560446
              ],
              [
                103.572253,
                22.560568
              ],
              [
                103.572205,
                22.560718
              ],
              [
                103.572134,
                22.560818
              ],
              [
                103.571994,
                22.560896
              ],
              [
                103.571839,
                22.560959
              ],
              [
                103.571715,
                22.561029
              ],
              [
                103.571584,
                22.561064
              ],
              [
                103.571413,
                22.561106
              ],
              [
                103.571228,
                22.561133
              ],
              [
                103.571221,
                22.561132
              ],
              [
                103.571042,
                22.561167
              ],
              [
                103.571002,
                22.561188
              ],
              [
                103.570687,
                22.561313
              ],
              [
                103.570592,
                22.561421
              ],
              [
                103.570552,
                22.561528
              ],
              [
                103.570566,
                22.561672
              ],
              [
                103.570542,
                22.561815
              ],
              [
                103.570434,
                22.562005
              ],
              [
                103.57025,
                22.562244
              ],
              [
                103.570167,
                22.562367
              ],
              [
                103.570077,
                22.562553
              ],
              [
                103.569993,
                22.562772
              ],
              [
                103.569895,
                22.56304
              ],
              [
                103.569888,
                22.563056
              ],
              [
                103.569815,
                22.563335
              ],
              [
                103.569794,
                22.563558
              ],
              [
                103.569797,
                22.563769
              ],
              [
                103.569801,
                22.56387
              ],
              [
                103.56978,
                22.563913
              ],
              [
                103.569718,
                22.563969
              ],
              [
                103.569575,
                22.564035
              ],
              [
                103.569414,
                22.564142
              ],
              [
                103.569281,
                22.564298
              ],
              [
                103.56928,
                22.5643
              ],
              [
                103.569198,
                22.564481
              ],
              [
                103.569135,
                22.564609
              ],
              [
                103.569083,
                22.564695
              ],
              [
                103.568999,
                22.564799
              ],
              [
                103.568891,
                22.564865
              ],
              [
                103.568709,
                22.564978
              ],
              [
                103.568621,
                22.565059
              ],
              [
                103.56848,
                22.565196
              ],
              [
                103.568343,
                22.565423
              ],
              [
                103.568108,
                22.565765
              ],
              [
                103.567982,
                22.565993
              ],
              [
                103.567802,
                22.566228
              ],
              [
                103.567575,
                22.566513
              ],
              [
                103.567341,
                22.566776
              ],
              [
                103.567014,
                22.567067
              ],
              [
                103.566972,
                22.567114
              ],
              [
                103.566463,
                22.567494
              ],
              [
                103.566307,
                22.567831
              ],
              [
                103.566301,
                22.568029
              ],
              [
                103.566338,
                22.56823
              ],
              [
                103.566465,
                22.568654
              ],
              [
                103.566624,
                22.568928
              ],
              [
                103.566761,
                22.569158
              ],
              [
                103.566958,
                22.56944
              ],
              [
                103.567203,
                22.569664
              ],
              [
                103.567295,
                22.569765
              ],
              [
                103.567363,
                22.569859
              ],
              [
                103.567415,
                22.570031
              ],
              [
                103.567467,
                22.570304
              ],
              [
                103.567495,
                22.570505
              ],
              [
                103.567616,
                22.570786
              ],
              [
                103.567775,
                22.571096
              ],
              [
                103.567848,
                22.571218
              ],
              [
                103.567948,
                22.571372
              ],
              [
                103.568094,
                22.571517
              ],
              [
                103.568234,
                22.571662
              ],
              [
                103.568349,
                22.571806
              ],
              [
                103.568457,
                22.571951
              ],
              [
                103.568711,
                22.572306
              ],
              [
                103.56877,
                22.572375
              ],
              [
                103.568878,
                22.572511
              ],
              [
                103.568986,
                22.572648
              ],
              [
                103.569146,
                22.572907
              ],
              [
                103.569259,
                22.573123
              ],
              [
                103.569327,
                22.573282
              ],
              [
                103.569372,
                22.57339
              ],
              [
                103.569437,
                22.573451
              ],
              [
                103.569456,
                22.573469
              ],
              [
                103.569533,
                22.573513
              ],
              [
                103.569664,
                22.573536
              ],
              [
                103.569891,
                22.573556
              ],
              [
                103.569926,
                22.57356
              ],
              [
                103.570027,
                22.57356
              ],
              [
                103.570212,
                22.573598
              ],
              [
                103.570334,
                22.573664
              ],
              [
                103.570472,
                22.573808
              ],
              [
                103.570601,
                22.574024
              ],
              [
                103.570706,
                22.574312
              ],
              [
                103.570872,
                22.574658
              ],
              [
                103.570979,
                22.574831
              ],
              [
                103.571101,
                22.574961
              ],
              [
                103.571215,
                22.575084
              ],
              [
                103.571228,
                22.575117
              ],
              [
                103.571268,
                22.575228
              ],
              [
                103.57132,
                22.575379
              ],
              [
                103.571378,
                22.575573
              ],
              [
                103.571395,
                22.57563
              ],
              [
                103.571516,
                22.575897
              ],
              [
                103.571667,
                22.57617
              ],
              [
                103.571859,
                22.576496
              ],
              [
                103.571925,
                22.576593
              ],
              [
                103.572031,
                22.576699
              ],
              [
                103.572219,
                22.576822
              ],
              [
                103.572318,
                22.576884
              ],
              [
                103.572495,
                22.576982
              ],
              [
                103.572621,
                22.577102
              ],
              [
                103.572709,
                22.577203
              ],
              [
                103.572735,
                22.577314
              ],
              [
                103.572737,
                22.577443
              ],
              [
                103.572754,
                22.577641
              ],
              [
                103.572768,
                22.577824
              ],
              [
                103.572794,
                22.577949
              ],
              [
                103.572805,
                22.57804
              ],
              [
                103.573017,
                22.578119
              ],
              [
                103.573107,
                22.578162
              ],
              [
                103.573367,
                22.578357
              ],
              [
                103.573471,
                22.578458
              ],
              [
                103.573544,
                22.578542
              ],
              [
                103.573688,
                22.578788
              ],
              [
                103.573843,
                22.579442
              ],
              [
                103.573934,
                22.579579
              ],
              [
                103.574249,
                22.579733
              ],
              [
                103.575096,
                22.579991
              ],
              [
                103.576287,
                22.580342
              ],
              [
                103.576596,
                22.580439
              ],
              [
                103.576968,
                22.580514
              ],
              [
                103.577095,
                22.580512
              ],
              [
                103.577225,
                22.580509
              ],
              [
                103.577349,
                22.580507
              ],
              [
                103.577425,
                22.580506
              ],
              [
                103.577663,
                22.580514
              ],
              [
                103.577914,
                22.580529
              ],
              [
                103.578126,
                22.58053
              ],
              [
                103.578325,
                22.580562
              ],
              [
                103.578467,
                22.580587
              ],
              [
                103.578672,
                22.580661
              ],
              [
                103.578915,
                22.580753
              ],
              [
                103.579019,
                22.5808
              ],
              [
                103.579184,
                22.580874
              ],
              [
                103.579325,
                22.580971
              ],
              [
                103.579426,
                22.581098
              ],
              [
                103.579534,
                22.581302
              ],
              [
                103.579621,
                22.581535
              ],
              [
                103.57973,
                22.581632
              ],
              [
                103.580018,
                22.58176
              ],
              [
                103.580299,
                22.581879
              ],
              [
                103.580863,
                22.58215
              ],
              [
                103.581152,
                22.582242
              ],
              [
                103.581376,
                22.582298
              ],
              [
                103.581562,
                22.582371
              ],
              [
                103.581799,
                22.582445
              ],
              [
                103.581926,
                22.582514
              ],
              [
                103.582011,
                22.58256
              ],
              [
                103.582279,
                22.582748
              ],
              [
                103.582308,
                22.582766
              ],
              [
                103.582573,
                22.582936
              ],
              [
                103.582822,
                22.583117
              ],
              [
                103.583122,
                22.583305
              ],
              [
                103.583175,
                22.583353
              ],
              [
                103.583312,
                22.583515
              ],
              [
                103.583388,
                22.583659
              ],
              [
                103.583408,
                22.583715
              ],
              [
                103.583452,
                22.58391
              ],
              [
                103.583472,
                22.584218
              ],
              [
                103.583497,
                22.584395
              ],
              [
                103.583553,
                22.584575
              ],
              [
                103.583673,
                22.584791
              ],
              [
                103.583877,
                22.585044
              ],
              [
                103.583985,
                22.585147
              ],
              [
                103.584048,
                22.585243
              ],
              [
                103.584105,
                22.585399
              ],
              [
                103.584154,
                22.585554
              ],
              [
                103.584231,
                22.585662
              ],
              [
                103.584416,
                22.58576
              ],
              [
                103.584717,
                22.585858
              ],
              [
                103.585045,
                22.58595
              ],
              [
                103.58532,
                22.58606
              ],
              [
                103.585762,
                22.586261
              ],
              [
                103.586115,
                22.58639
              ],
              [
                103.586404,
                22.586434
              ],
              [
                103.58653,
                22.586466
              ],
              [
                103.586647,
                22.586496
              ],
              [
                103.586885,
                22.586564
              ],
              [
                103.587028,
                22.586614
              ],
              [
                103.587077,
                22.586631
              ],
              [
                103.587372,
                22.586771
              ],
              [
                103.58757,
                22.586887
              ],
              [
                103.587839,
                22.587038
              ],
              [
                103.588082,
                22.58719
              ],
              [
                103.588586,
                22.587565
              ],
              [
                103.589064,
                22.587993
              ],
              [
                103.58953,
                22.588374
              ],
              [
                103.589715,
                22.588572
              ],
              [
                103.589841,
                22.588765
              ],
              [
                103.589929,
                22.588987
              ],
              [
                103.590024,
                22.589185
              ],
              [
                103.590208,
                22.589437
              ],
              [
                103.590411,
                22.589642
              ],
              [
                103.590592,
                22.589794
              ],
              [
                103.590641,
                22.589835
              ],
              [
                103.5909,
                22.589999
              ],
              [
                103.590907,
                22.590002
              ],
              [
                103.591327,
                22.590185
              ],
              [
                103.591621,
                22.590251
              ],
              [
                103.591659,
                22.59026
              ],
              [
                103.591982,
                22.590313
              ],
              [
                103.592291,
                22.590316
              ],
              [
                103.592334,
                22.590316
              ],
              [
                103.592368,
                22.590316
              ],
              [
                103.592646,
                22.590355
              ],
              [
                103.592997,
                22.590437
              ],
              [
                103.593123,
                22.590466
              ],
              [
                103.5933,
                22.590525
              ],
              [
                103.593385,
                22.590569
              ],
              [
                103.593469,
                22.590634
              ],
              [
                103.593491,
                22.590742
              ],
              [
                103.593504,
                22.591043
              ],
              [
                103.593492,
                22.591409
              ],
              [
                103.593449,
                22.591817
              ],
              [
                103.593447,
                22.592075
              ],
              [
                103.593521,
                22.592319
              ],
              [
                103.593628,
                22.592514
              ],
              [
                103.593817,
                22.592831
              ],
              [
                103.594054,
                22.59312
              ],
              [
                103.594153,
                22.593278
              ],
              [
                103.594257,
                22.593674
              ],
              [
                103.594362,
                22.593983
              ],
              [
                103.594475,
                22.594206
              ],
              [
                103.594538,
                22.594304
              ],
              [
                103.594809,
                22.594249
              ],
              [
                103.595449,
                22.59415
              ],
              [
                103.59592,
                22.594126
              ],
              [
                103.596306,
                22.59415
              ],
              [
                103.596721,
                22.594247
              ],
              [
                103.597214,
                22.594402
              ],
              [
                103.597706,
                22.594586
              ],
              [
                103.598036,
                22.594768
              ],
              [
                103.598251,
                22.594927
              ],
              [
                103.59858,
                22.595267
              ],
              [
                103.598826,
                22.595535
              ],
              [
                103.599053,
                22.59578
              ],
              [
                103.599352,
                22.595991
              ],
              [
                103.599545,
                22.596088
              ],
              [
                103.599629,
                22.596129
              ],
              [
                103.599813,
                22.596239
              ],
              [
                103.600058,
                22.596442
              ],
              [
                103.600318,
                22.596709
              ],
              [
                103.600578,
                22.596942
              ],
              [
                103.600731,
                22.597078
              ],
              [
                103.600992,
                22.597231
              ],
              [
                103.601307,
                22.59737
              ],
              [
                103.601351,
                22.597384
              ],
              [
                103.601592,
                22.597459
              ],
              [
                103.602154,
                22.597549
              ],
              [
                103.602283,
                22.597562
              ],
              [
                103.602515,
                22.597584
              ],
              [
                103.602656,
                22.597597
              ],
              [
                103.60301,
                22.597664
              ],
              [
                103.603292,
                22.597745
              ],
              [
                103.603318,
                22.597753
              ],
              [
                103.603649,
                22.597871
              ],
              [
                103.603887,
                22.597966
              ],
              [
                103.603942,
                22.597996
              ],
              [
                103.604074,
                22.598069
              ],
              [
                103.604164,
                22.598119
              ],
              [
                103.604394,
                22.598243
              ],
              [
                103.604462,
                22.598288
              ],
              [
                103.604609,
                22.598345
              ],
              [
                103.604779,
                22.598368
              ],
              [
                103.604957,
                22.598377
              ],
              [
                103.605039,
                22.598383
              ],
              [
                103.605173,
                22.598393
              ],
              [
                103.60535,
                22.598387
              ],
              [
                103.605512,
                22.598389
              ],
              [
                103.605674,
                22.598426
              ],
              [
                103.605836,
                22.598485
              ],
              [
                103.605951,
                22.598522
              ],
              [
                103.606082,
                22.59853
              ],
              [
                103.606229,
                22.598538
              ],
              [
                103.606391,
                22.598511
              ],
              [
                103.606558,
                22.598472
              ],
              [
                103.606569,
                22.59847
              ],
              [
                103.606724,
                22.598457
              ],
              [
                103.606741,
                22.598453
              ],
              [
                103.606917,
                22.598415
              ],
              [
                103.607142,
                22.598353
              ],
              [
                103.607328,
                22.598276
              ],
              [
                103.607437,
                22.598212
              ],
              [
                103.607647,
                22.59802
              ],
              [
                103.607811,
                22.597893
              ],
              [
                103.60816,
                22.597695
              ],
              [
                103.608416,
                22.597561
              ],
              [
                103.608772,
                22.597471
              ],
              [
                103.608957,
                22.597431
              ],
              [
                103.608966,
                22.597429
              ],
              [
                103.609313,
                22.597397
              ],
              [
                103.609483,
                22.597398
              ],
              [
                103.60974,
                22.597386
              ],
              [
                103.609869,
                22.59738
              ],
              [
                103.610253,
                22.59737
              ],
              [
                103.610294,
                22.597369
              ],
              [
                103.610873,
                22.597353
              ],
              [
                103.610982,
                22.597335
              ],
              [
                103.611252,
                22.597291
              ],
              [
                103.611507,
                22.597265
              ],
              [
                103.611832,
                22.597275
              ],
              [
                103.611897,
                22.597278
              ],
              [
                103.612194,
                22.597292
              ],
              [
                103.612595,
                22.597353
              ],
              [
                103.612847,
                22.597376
              ],
              [
                103.613066,
                22.597378
              ],
              [
                103.613336,
                22.597374
              ],
              [
                103.613521,
                22.597397
              ],
              [
                103.613714,
                22.597456
              ],
              [
                103.613821,
                22.597484
              ],
              [
                103.614022,
                22.597487
              ],
              [
                103.614073,
                22.597484
              ],
              [
                103.614215,
                22.597475
              ],
              [
                103.614425,
                22.597369
              ],
              [
                103.614565,
                22.597282
              ],
              [
                103.61463,
                22.597241
              ],
              [
                103.614694,
                22.597193
              ],
              [
                103.614992,
                22.597037
              ],
              [
                103.615217,
                22.596917
              ],
              [
                103.615434,
                22.596862
              ],
              [
                103.615781,
                22.596843
              ],
              [
                103.616129,
                22.596782
              ],
              [
                103.616439,
                22.596691
              ],
              [
                103.616788,
                22.596522
              ],
              [
                103.617422,
                22.59617
              ],
              [
                103.617516,
                22.596128
              ],
              [
                103.617794,
                22.596043
              ],
              [
                103.618,
                22.595937
              ],
              [
                103.618224,
                22.595781
              ],
              [
                103.618573,
                22.595555
              ],
              [
                103.618558,
                22.595737
              ],
              [
                103.618575,
                22.595902
              ],
              [
                103.618596,
                22.596067
              ],
              [
                103.61861,
                22.59621
              ],
              [
                103.618648,
                22.596311
              ],
              [
                103.618662,
                22.596433
              ],
              [
                103.61866,
                22.596612
              ],
              [
                103.618644,
                22.596741
              ],
              [
                103.618619,
                22.596856
              ],
              [
                103.618564,
                22.596984
              ],
              [
                103.618501,
                22.597105
              ],
              [
                103.618392,
                22.597234
              ],
              [
                103.618251,
                22.597369
              ],
              [
                103.618072,
                22.597561
              ],
              [
                103.617954,
                22.597768
              ],
              [
                103.617898,
                22.597918
              ],
              [
                103.617841,
                22.598218
              ],
              [
                103.617808,
                22.598498
              ],
              [
                103.617787,
                22.599035
              ],
              [
                103.617755,
                22.599515
              ],
              [
                103.617762,
                22.599658
              ],
              [
                103.617802,
                22.600191
              ],
              [
                103.617778,
                22.600435
              ],
              [
                103.617778,
                22.600698
              ],
              [
                103.617792,
                22.600835
              ],
              [
                103.617844,
                22.601079
              ],
              [
                103.617872,
                22.60138
              ],
              [
                103.617851,
                22.601587
              ],
              [
                103.617846,
                22.601645
              ],
              [
                103.617829,
                22.60186
              ],
              [
                103.617828,
                22.601874
              ],
              [
                103.617772,
                22.602082
              ],
              [
                103.617537,
                22.602438
              ],
              [
                103.617269,
                22.602974
              ],
              [
                103.617119,
                22.603309
              ],
              [
                103.617071,
                22.603474
              ],
              [
                103.61705,
                22.603583
              ],
              [
                103.617046,
                22.603603
              ],
              [
                103.617053,
                22.60371
              ],
              [
                103.61709,
                22.603832
              ],
              [
                103.617143,
                22.603991
              ],
              [
                103.617145,
                22.604
              ],
              [
                103.61718,
                22.604134
              ],
              [
                103.617149,
                22.604405
              ],
              [
                103.617096,
                22.604822
              ],
              [
                103.617062,
                22.605123
              ],
              [
                103.616996,
                22.605509
              ],
              [
                103.616955,
                22.605781
              ],
              [
                103.616936,
                22.60614
              ],
              [
                103.616925,
                22.606512
              ],
              [
                103.616922,
                22.606735
              ],
              [
                103.616928,
                22.606921
              ],
              [
                103.61695,
                22.607108
              ],
              [
                103.617009,
                22.607359
              ],
              [
                103.617022,
                22.607567
              ],
              [
                103.617013,
                22.607667
              ],
              [
                103.616966,
                22.607782
              ],
              [
                103.616903,
                22.607924
              ],
              [
                103.616863,
                22.608046
              ],
              [
                103.616814,
                22.608275
              ],
              [
                103.616804,
                22.60854
              ],
              [
                103.616771,
                22.608769
              ],
              [
                103.616673,
                22.609035
              ],
              [
                103.616628,
                22.609171
              ],
              [
                103.617683,
                22.610065
              ],
              [
                103.620574,
                22.613201
              ],
              [
                103.622438,
                22.615285
              ],
              [
                103.622439,
                22.615286
              ],
              [
                103.624196,
                22.6173
              ],
              [
                103.624989,
                22.618084
              ],
              [
                103.625843,
                22.624046
              ],
              [
                103.626503,
                22.628655
              ],
              [
                103.626588,
                22.629247
              ],
              [
                103.626591,
                22.629265
              ],
              [
                103.626901,
                22.629167
              ],
              [
                103.626903,
                22.629166
              ],
              [
                103.629525,
                22.628338
              ],
              [
                103.633657,
                22.627031
              ],
              [
                103.638615,
                22.625464
              ],
              [
                103.643082,
                22.624051
              ],
              [
                103.643082,
                22.624051
              ]
            ]
          ]
        ]
      },
      "properties": {
        "code": "02707",
        "name": "Dền Sáng",
        "nameEn": "Den Sang",
        "fullName": "Xã Dền Sáng",
        "fullNameEn": "Den Sang Commune",
        "codeName": "den_sang",
        "postalCode": "31616",
        "postalCodePrefix": "",
        "gisServerId": "diaphanhanhchinhcapxa_2025.1095",
        "areaKm2": 148.2
      }
    }
  ]
}