{
  "type": "FeatureCollection",
  "bbox": [
    105.442826,
    21.33737,
    105.518331,
    21.400328
  ],
  "features": [
    {
      "type": "Feature",
      "id": "08842",
      "bbox": [
        105.442826,
        21.33737,
        105.518331,
        21.400328
      ],
      "geometry": {
        "type": "MultiPolygon",
        "coordinates": [
          [
            [
              [
                105.460991,
                21.400243
              ],
              [
                105.461031,
                21.399616
              ],
              [
                105.461052,
                21.399131
              ],
              [
                105.461059,
                21.399059
              ],
              [
                105.461168,
                21.399084
              ],
              [
                105.461178,
                21.398998
              ],
              [
                105.461177,
                21.398984
              ],
              [
                105.461264,
                21.397278
              ],
              [
                105.461309,
                21.396651
              ],
              [
                105.4614,
                21.396598
              ],
              [
                105.461498,
                21.39662
              ],
              [
                105.461563,
                21.396638
              ],
              [
                105.461656,
                21.396647
              ],
              [
                105.461788,
                21.396623
              ],
              [
                105.461879,
                21.396597
              ],
              [
                105.461976,
                21.396593
              ],
              [
                105.462073,
                21.396596
              ],
              [
                105.462175,
                21.396595
              ],
              [
                105.462279,
                21.396582
              ],
              [
                105.462365,
                21.396543
              ],
              [
                105.462493,
                21.396442
              ],
              [
                105.462594,
                21.396362
              ],
              [
                105.462659,
                21.396316
              ],
              [
                105.462711,
                21.39629
              ],
              [
                105.462743,
                21.396257
              ],
              [
                105.462847,
                21.396148
              ],
              [
                105.463061,
                21.395986
              ],
              [
                105.463211,
                21.395877
              ],
              [
                105.463313,
                21.395789
              ],
              [
                105.463498,
                21.395681
              ],
              [
                105.46357,
                21.395602
              ],
              [
                105.463716,
                21.395405
              ],
              [
                105.463853,
                21.39524
              ],
              [
                105.463985,
                21.395093
              ],
              [
                105.464086,
                21.395057
              ],
              [
                105.464252,
                21.394979
              ],
              [
                105.464341,
                21.394904
              ],
              [
                105.464414,
                21.394833
              ],
              [
                105.46452,
                21.394767
              ],
              [
                105.464596,
                21.39469
              ],
              [
                105.464742,
                21.394553
              ],
              [
                105.464796,
                21.394382
              ],
              [
                105.464855,
                21.394363
              ],
              [
                105.464892,
                21.394333
              ],
              [
                105.464966,
                21.394211
              ],
              [
                105.464941,
                21.39418
              ],
              [
                105.46501,
                21.394091
              ],
              [
                105.465107,
                21.393956
              ],
              [
                105.46514,
                21.393838
              ],
              [
                105.465165,
                21.3938
              ],
              [
                105.465256,
                21.393847
              ],
              [
                105.465295,
                21.393727
              ],
              [
                105.465392,
                21.39376
              ],
              [
                105.465467,
                21.393591
              ],
              [
                105.465571,
                21.393475
              ],
              [
                105.465754,
                21.39362
              ],
              [
                105.465947,
                21.393833
              ],
              [
                105.465991,
                21.393804
              ],
              [
                105.465955,
                21.393712
              ],
              [
                105.46608,
                21.393588
              ],
              [
                105.466185,
                21.393584
              ],
              [
                105.466579,
                21.393522
              ],
              [
                105.466875,
                21.393473
              ],
              [
                105.467106,
                21.393458
              ],
              [
                105.467118,
                21.393574
              ],
              [
                105.467115,
                21.393616
              ],
              [
                105.467111,
                21.393628
              ],
              [
                105.467101,
                21.393715
              ],
              [
                105.467099,
                21.393762
              ],
              [
                105.46709,
                21.393793
              ],
              [
                105.467068,
                21.393821
              ],
              [
                105.467054,
                21.393844
              ],
              [
                105.467054,
                21.393845
              ],
              [
                105.467055,
                21.393849
              ],
              [
                105.467059,
                21.393861
              ],
              [
                105.467062,
                21.393864
              ],
              [
                105.466979,
                21.393866
              ],
              [
                105.466979,
                21.393897
              ],
              [
                105.466986,
                21.393914
              ],
              [
                105.467021,
                21.39396
              ],
              [
                105.467057,
                21.394007
              ],
              [
                105.467074,
                21.394041
              ],
              [
                105.467084,
                21.394078
              ],
              [
                105.467107,
                21.394094
              ],
              [
                105.467116,
                21.394128
              ],
              [
                105.467118,
                21.394159
              ],
              [
                105.467127,
                21.394196
              ],
              [
                105.467128,
                21.394216
              ],
              [
                105.467283,
                21.394188
              ],
              [
                105.46736,
                21.394185
              ],
              [
                105.467352,
                21.394302
              ],
              [
                105.469741,
                21.394312
              ],
              [
                105.469808,
                21.394099
              ],
              [
                105.469898,
                21.393969
              ],
              [
                105.470003,
                21.393823
              ],
              [
                105.47023,
                21.393649
              ],
              [
                105.470631,
                21.393391
              ],
              [
                105.4712,
                21.392825
              ],
              [
                105.471786,
                21.392407
              ],
              [
                105.472017,
                21.392121
              ],
              [
                105.472146,
                21.391865
              ],
              [
                105.472235,
                21.391532
              ],
              [
                105.472281,
                21.391292
              ],
              [
                105.472602,
                21.390651
              ],
              [
                105.472837,
                21.390343
              ],
              [
                105.473048,
                21.390071
              ],
              [
                105.473225,
                21.389854
              ],
              [
                105.47337,
                21.389661
              ],
              [
                105.47372,
                21.38897
              ],
              [
                105.473852,
                21.38871
              ],
              [
                105.473945,
                21.388409
              ],
              [
                105.473997,
                21.388054
              ],
              [
                105.473991,
                21.387861
              ],
              [
                105.473954,
                21.387737
              ],
              [
                105.473984,
                21.387578
              ],
              [
                105.474116,
                21.387313
              ],
              [
                105.474224,
                21.387052
              ],
              [
                105.474368,
                21.386928
              ],
              [
                105.474612,
                21.38688
              ],
              [
                105.474634,
                21.386864
              ],
              [
                105.474672,
                21.386812
              ],
              [
                105.474701,
                21.386739
              ],
              [
                105.474765,
                21.386487
              ],
              [
                105.47483,
                21.386469
              ],
              [
                105.47496,
                21.38649
              ],
              [
                105.475092,
                21.386565
              ],
              [
                105.475254,
                21.386601
              ],
              [
                105.475408,
                21.386579
              ],
              [
                105.475562,
                21.386521
              ],
              [
                105.475801,
                21.386296
              ],
              [
                105.476047,
                21.385955
              ],
              [
                105.4762,
                21.385727
              ],
              [
                105.476759,
                21.384892
              ],
              [
                105.476859,
                21.384702
              ],
              [
                105.476864,
                21.384597
              ],
              [
                105.476752,
                21.38424
              ],
              [
                105.476695,
                21.383966
              ],
              [
                105.476695,
                21.3838
              ],
              [
                105.47671,
                21.383434
              ],
              [
                105.476745,
                21.383111
              ],
              [
                105.476775,
                21.382695
              ],
              [
                105.476776,
                21.382518
              ],
              [
                105.476661,
                21.382206
              ],
              [
                105.477675,
                21.382157
              ],
              [
                105.477952,
                21.381975
              ],
              [
                105.477961,
                21.381969
              ],
              [
                105.478037,
                21.381929
              ],
              [
                105.478041,
                21.381927
              ],
              [
                105.478144,
                21.381892
              ],
              [
                105.478256,
                21.381861
              ],
              [
                105.478511,
                21.381817
              ],
              [
                105.478791,
                21.381672
              ],
              [
                105.479831,
                21.381269
              ],
              [
                105.480065,
                21.381036
              ],
              [
                105.480209,
                21.380862
              ],
              [
                105.480364,
                21.380767
              ],
              [
                105.480485,
                21.380724
              ],
              [
                105.480567,
                21.380671
              ],
              [
                105.480993,
                21.380416
              ],
              [
                105.481567,
                21.379781
              ],
              [
                105.481968,
                21.379393
              ],
              [
                105.482275,
                21.379135
              ],
              [
                105.482627,
                21.378918
              ],
              [
                105.4833,
                21.378624
              ],
              [
                105.483487,
                21.378506
              ],
              [
                105.483979,
                21.378254
              ],
              [
                105.484305,
                21.378031
              ],
              [
                105.484371,
                21.377969
              ],
              [
                105.484435,
                21.377908
              ],
              [
                105.484537,
                21.377826
              ],
              [
                105.4847,
                21.377673
              ],
              [
                105.485526,
                21.377189
              ],
              [
                105.48561,
                21.377156
              ],
              [
                105.485791,
                21.377066
              ],
              [
                105.486097,
                21.376934
              ],
              [
                105.486085,
                21.376987
              ],
              [
                105.486071,
                21.377364
              ],
              [
                105.486071,
                21.377453
              ],
              [
                105.486064,
                21.377539
              ],
              [
                105.486033,
                21.377597
              ],
              [
                105.485926,
                21.377758
              ],
              [
                105.485763,
                21.378021
              ],
              [
                105.485717,
                21.378096
              ],
              [
                105.485698,
                21.378171
              ],
              [
                105.48566,
                21.37829
              ],
              [
                105.485573,
                21.378408
              ],
              [
                105.485315,
                21.378669
              ],
              [
                105.485579,
                21.37887
              ],
              [
                105.485799,
                21.379041
              ],
              [
                105.48582,
                21.379073
              ],
              [
                105.485845,
                21.379117
              ],
              [
                105.485889,
                21.379189
              ],
              [
                105.485919,
                21.379231
              ],
              [
                105.485989,
                21.379283
              ],
              [
                105.486193,
                21.379439
              ],
              [
                105.48637,
                21.379575
              ],
              [
                105.486528,
                21.37969
              ],
              [
                105.48659,
                21.379657
              ],
              [
                105.486996,
                21.379486
              ],
              [
                105.486868,
                21.379373
              ],
              [
                105.486892,
                21.379343
              ],
              [
                105.486991,
                21.379285
              ],
              [
                105.487054,
                21.379162
              ],
              [
                105.487133,
                21.379029
              ],
              [
                105.487186,
                21.379016
              ],
              [
                105.487248,
                21.378945
              ],
              [
                105.487232,
                21.378925
              ],
              [
                105.487265,
                21.378887
              ],
              [
                105.487244,
                21.378831
              ],
              [
                105.487293,
                21.37878
              ],
              [
                105.487358,
                21.378764
              ],
              [
                105.487392,
                21.378729
              ],
              [
                105.487477,
                21.378644
              ],
              [
                105.487539,
                21.378622
              ],
              [
                105.487582,
                21.378604
              ],
              [
                105.487613,
                21.378629
              ],
              [
                105.487627,
                21.378638
              ],
              [
                105.487643,
                21.378646
              ],
              [
                105.48766,
                21.378657
              ],
              [
                105.487693,
                21.378687
              ],
              [
                105.487755,
                21.37869
              ],
              [
                105.487772,
                21.378762
              ],
              [
                105.4877,
                21.378842
              ],
              [
                105.487729,
                21.378874
              ],
              [
                105.487773,
                21.378937
              ],
              [
                105.487773,
                21.378975
              ],
              [
                105.487766,
                21.379097
              ],
              [
                105.487771,
                21.379116
              ],
              [
                105.487795,
                21.379185
              ],
              [
                105.487805,
                21.379216
              ],
              [
                105.48782,
                21.379242
              ],
              [
                105.487868,
                21.379292
              ],
              [
                105.487904,
                21.379356
              ],
              [
                105.487947,
                21.379428
              ],
              [
                105.48799,
                21.379493
              ],
              [
                105.488039,
                21.37953
              ],
              [
                105.488054,
                21.379584
              ],
              [
                105.488083,
                21.379685
              ],
              [
                105.488195,
                21.379797
              ],
              [
                105.488274,
                21.379935
              ],
              [
                105.488274,
                21.37996
              ],
              [
                105.488287,
                21.38001
              ],
              [
                105.488305,
                21.380085
              ],
              [
                105.488314,
                21.380124
              ],
              [
                105.488331,
                21.380187
              ],
              [
                105.488289,
                21.3802
              ],
              [
                105.488318,
                21.380329
              ],
              [
                105.488326,
                21.380346
              ],
              [
                105.488402,
                21.380534
              ],
              [
                105.488554,
                21.3805
              ],
              [
                105.48859,
                21.38072
              ],
              [
                105.488475,
                21.380787
              ],
              [
                105.488154,
                21.38086
              ],
              [
                105.48819,
                21.380997
              ],
              [
                105.488104,
                21.381013
              ],
              [
                105.488134,
                21.381137
              ],
              [
                105.487841,
                21.38122
              ],
              [
                105.487861,
                21.381495
              ],
              [
                105.487906,
                21.381849
              ],
              [
                105.487587,
                21.381933
              ],
              [
                105.487596,
                21.382048
              ],
              [
                105.487525,
                21.382067
              ],
              [
                105.487506,
                21.382194
              ],
              [
                105.487516,
                21.382264
              ],
              [
                105.487479,
                21.382269
              ],
              [
                105.48739,
                21.382283
              ],
              [
                105.487204,
                21.38231
              ],
              [
                105.487089,
                21.382327
              ],
              [
                105.487101,
                21.382361
              ],
              [
                105.487109,
                21.382386
              ],
              [
                105.487126,
                21.382443
              ],
              [
                105.487204,
                21.382461
              ],
              [
                105.48723,
                21.38254
              ],
              [
                105.487247,
                21.382595
              ],
              [
                105.487264,
                21.382646
              ],
              [
                105.48727,
                21.382769
              ],
              [
                105.487291,
                21.382795
              ],
              [
                105.487303,
                21.382881
              ],
              [
                105.487306,
                21.382901
              ],
              [
                105.487274,
                21.382948
              ],
              [
                105.487224,
                21.382972
              ],
              [
                105.487191,
                21.382988
              ],
              [
                105.487173,
                21.383012
              ],
              [
                105.487171,
                21.383035
              ],
              [
                105.48718,
                21.383059
              ],
              [
                105.487147,
                21.383102
              ],
              [
                105.48716,
                21.383122
              ],
              [
                105.487165,
                21.383139
              ],
              [
                105.487166,
                21.383154
              ],
              [
                105.487157,
                21.383182
              ],
              [
                105.487134,
                21.383206
              ],
              [
                105.48711,
                21.383229
              ],
              [
                105.487077,
                21.383253
              ],
              [
                105.487025,
                21.383266
              ],
              [
                105.486984,
                21.383291
              ],
              [
                105.486967,
                21.38331
              ],
              [
                105.48696,
                21.383324
              ],
              [
                105.486961,
                21.383347
              ],
              [
                105.486988,
                21.383444
              ],
              [
                105.487004,
                21.383506
              ],
              [
                105.48701,
                21.38354
              ],
              [
                105.487012,
                21.383573
              ],
              [
                105.487031,
                21.383574
              ],
              [
                105.487068,
                21.383583
              ],
              [
                105.487134,
                21.383913
              ],
              [
                105.487148,
                21.383939
              ],
              [
                105.487163,
                21.383959
              ],
              [
                105.487167,
                21.383982
              ],
              [
                105.487162,
                21.384191
              ],
              [
                105.487158,
                21.384374
              ],
              [
                105.487166,
                21.384453
              ],
              [
                105.487268,
                21.384812
              ],
              [
                105.487287,
                21.384824
              ],
              [
                105.487311,
                21.384827
              ],
              [
                105.487357,
                21.384832
              ],
              [
                105.487379,
                21.384849
              ],
              [
                105.487397,
                21.384882
              ],
              [
                105.48744,
                21.38502
              ],
              [
                105.487519,
                21.385261
              ],
              [
                105.487537,
                21.385622
              ],
              [
                105.487575,
                21.385642
              ],
              [
                105.487608,
                21.385874
              ],
              [
                105.487608,
                21.385993
              ],
              [
                105.487599,
                21.386055
              ],
              [
                105.487579,
                21.38614
              ],
              [
                105.487544,
                21.386223
              ],
              [
                105.487498,
                21.386334
              ],
              [
                105.487481,
                21.386432
              ],
              [
                105.487488,
                21.386551
              ],
              [
                105.487477,
                21.38659
              ],
              [
                105.487445,
                21.386594
              ],
              [
                105.487427,
                21.386654
              ],
              [
                105.487425,
                21.386721
              ],
              [
                105.487423,
                21.386794
              ],
              [
                105.487426,
                21.386833
              ],
              [
                105.487436,
                21.38689
              ],
              [
                105.487447,
                21.386935
              ],
              [
                105.487471,
                21.386975
              ],
              [
                105.48749,
                21.386989
              ],
              [
                105.487493,
                21.386996
              ],
              [
                105.487493,
                21.387001
              ],
              [
                105.487491,
                21.387016
              ],
              [
                105.487487,
                21.38703
              ],
              [
                105.487426,
                21.38715
              ],
              [
                105.487376,
                21.387411
              ],
              [
                105.487379,
                21.387442
              ],
              [
                105.48739,
                21.387506
              ],
              [
                105.487396,
                21.387626
              ],
              [
                105.487388,
                21.387649
              ],
              [
                105.487393,
                21.387705
              ],
              [
                105.487394,
                21.38775
              ],
              [
                105.487394,
                21.387864
              ],
              [
                105.487396,
                21.387912
              ],
              [
                105.487447,
                21.388033
              ],
              [
                105.487472,
                21.388172
              ],
              [
                105.487482,
                21.388211
              ],
              [
                105.487481,
                21.388309
              ],
              [
                105.487496,
                21.388366
              ],
              [
                105.487531,
                21.38842
              ],
              [
                105.487587,
                21.388469
              ],
              [
                105.48762,
                21.38851
              ],
              [
                105.487638,
                21.388542
              ],
              [
                105.487683,
                21.388579
              ],
              [
                105.487722,
                21.388601
              ],
              [
                105.487767,
                21.388625
              ],
              [
                105.487839,
                21.388643
              ],
              [
                105.487828,
                21.388682
              ],
              [
                105.487832,
                21.388735
              ],
              [
                105.487922,
                21.388777
              ],
              [
                105.488171,
                21.388882
              ],
              [
                105.488212,
                21.388853
              ],
              [
                105.488234,
                21.38883
              ],
              [
                105.488237,
                21.388811
              ],
              [
                105.488215,
                21.388787
              ],
              [
                105.488216,
                21.388785
              ],
              [
                105.488227,
                21.388764
              ],
              [
                105.488246,
                21.388729
              ],
              [
                105.488249,
                21.388703
              ],
              [
                105.488264,
                21.388683
              ],
              [
                105.48831,
                21.388659
              ],
              [
                105.488359,
                21.388686
              ],
              [
                105.488426,
                21.388747
              ],
              [
                105.488459,
                21.38882
              ],
              [
                105.488472,
                21.38884
              ],
              [
                105.488481,
                21.388854
              ],
              [
                105.488487,
                21.388858
              ],
              [
                105.488511,
                21.388875
              ],
              [
                105.488729,
                21.388923
              ],
              [
                105.488751,
                21.388928
              ],
              [
                105.488793,
                21.38894
              ],
              [
                105.488933,
                21.389007
              ],
              [
                105.48897,
                21.38902
              ],
              [
                105.489019,
                21.389018
              ],
              [
                105.489096,
                21.388996
              ],
              [
                105.489133,
                21.388987
              ],
              [
                105.489172,
                21.388982
              ],
              [
                105.489205,
                21.389005
              ],
              [
                105.489264,
                21.389049
              ],
              [
                105.489309,
                21.38906
              ],
              [
                105.489351,
                21.38906
              ],
              [
                105.489395,
                21.389035
              ],
              [
                105.48942,
                21.388995
              ],
              [
                105.489439,
                21.388912
              ],
              [
                105.489446,
                21.388729
              ],
              [
                105.489443,
                21.388471
              ],
              [
                105.489462,
                21.388328
              ],
              [
                105.489509,
                21.388193
              ],
              [
                105.489592,
                21.388093
              ],
              [
                105.489656,
                21.388049
              ],
              [
                105.489748,
                21.388028
              ],
              [
                105.489834,
                21.388028
              ],
              [
                105.489909,
                21.388044
              ],
              [
                105.489985,
                21.388092
              ],
              [
                105.490077,
                21.388215
              ],
              [
                105.490135,
                21.388326
              ],
              [
                105.490179,
                21.3884
              ],
              [
                105.490237,
                21.388443
              ],
              [
                105.49044,
                21.388455
              ],
              [
                105.490604,
                21.388491
              ],
              [
                105.49066,
                21.388553
              ],
              [
                105.490748,
                21.388646
              ],
              [
                105.491254,
                21.388281
              ],
              [
                105.491605,
                21.388097
              ],
              [
                105.491721,
                21.388101
              ],
              [
                105.491825,
                21.388126
              ],
              [
                105.491929,
                21.388165
              ],
              [
                105.49205,
                21.38819
              ],
              [
                105.492173,
                21.388206
              ],
              [
                105.492294,
                21.388259
              ],
              [
                105.492388,
                21.388282
              ],
              [
                105.492514,
                21.388293
              ],
              [
                105.492653,
                21.388316
              ],
              [
                105.492776,
                21.38833
              ],
              [
                105.492973,
                21.388338
              ],
              [
                105.49322,
                21.38835
              ],
              [
                105.493483,
                21.388337
              ],
              [
                105.493639,
                21.388314
              ],
              [
                105.493799,
                21.38828
              ],
              [
                105.493861,
                21.387867
              ],
              [
                105.493904,
                21.387577
              ],
              [
                105.493942,
                21.387504
              ],
              [
                105.494,
                21.387435
              ],
              [
                105.49429,
                21.38735
              ],
              [
                105.494545,
                21.387252
              ],
              [
                105.494744,
                21.387147
              ],
              [
                105.49495,
                21.386979
              ],
              [
                105.495146,
                21.386678
              ],
              [
                105.495269,
                21.386447
              ],
              [
                105.495504,
                21.386259
              ],
              [
                105.495789,
                21.386181
              ],
              [
                105.496197,
                21.386166
              ],
              [
                105.496227,
                21.386165
              ],
              [
                105.497802,
                21.385977
              ],
              [
                105.497872,
                21.385892
              ],
              [
                105.497953,
                21.385741
              ],
              [
                105.497959,
                21.385624
              ],
              [
                105.497973,
                21.385527
              ],
              [
                105.498017,
                21.385447
              ],
              [
                105.498056,
                21.385394
              ],
              [
                105.498082,
                21.385353
              ],
              [
                105.498124,
                21.385313
              ],
              [
                105.498766,
                21.385096
              ],
              [
                105.498805,
                21.385084
              ],
              [
                105.498901,
                21.385113
              ],
              [
                105.499784,
                21.384849
              ],
              [
                105.5002,
                21.384675
              ],
              [
                105.500233,
                21.384554
              ],
              [
                105.500495,
                21.384448
              ],
              [
                105.500991,
                21.38417
              ],
              [
                105.501468,
                21.383883
              ],
              [
                105.501843,
                21.38362
              ],
              [
                105.501851,
                21.383507
              ],
              [
                105.501689,
                21.383301
              ],
              [
                105.501576,
                21.38337
              ],
              [
                105.501249,
                21.382969
              ],
              [
                105.501881,
                21.382628
              ],
              [
                105.502751,
                21.38217
              ],
              [
                105.503499,
                21.381764
              ],
              [
                105.503509,
                21.38176
              ],
              [
                105.503816,
                21.381622
              ],
              [
                105.503877,
                21.3816
              ],
              [
                105.504431,
                21.382605
              ],
              [
                105.505042,
                21.382999
              ],
              [
                105.505392,
                21.383207
              ],
              [
                105.505948,
                21.383021
              ],
              [
                105.506626,
                21.382834
              ],
              [
                105.506677,
                21.38282
              ],
              [
                105.507027,
                21.382728
              ],
              [
                105.507358,
                21.38264
              ],
              [
                105.507418,
                21.38262
              ],
              [
                105.507799,
                21.382495
              ],
              [
                105.508459,
                21.382325
              ],
              [
                105.508581,
                21.382294
              ],
              [
                105.508726,
                21.382256
              ],
              [
                105.508728,
                21.382252
              ],
              [
                105.508791,
                21.382244
              ],
              [
                105.508978,
                21.382218
              ],
              [
                105.509112,
                21.382219
              ],
              [
                105.509243,
                21.38224
              ],
              [
                105.509465,
                21.382298
              ],
              [
                105.509501,
                21.382312
              ],
              [
                105.509717,
                21.382393
              ],
              [
                105.510158,
                21.38255
              ],
              [
                105.510611,
                21.38274
              ],
              [
                105.511076,
                21.382917
              ],
              [
                105.511352,
                21.383036
              ],
              [
                105.5115,
                21.3831
              ],
              [
                105.511831,
                21.383217
              ],
              [
                105.512009,
                21.383294
              ],
              [
                105.512197,
                21.383413
              ],
              [
                105.512381,
                21.383537
              ],
              [
                105.512466,
                21.383627
              ],
              [
                105.512468,
                21.383649
              ],
              [
                105.512479,
                21.383742
              ],
              [
                105.512475,
                21.383794
              ],
              [
                105.512914,
                21.384089
              ],
              [
                105.513115,
                21.384141
              ],
              [
                105.513115,
                21.384132
              ],
              [
                105.513113,
                21.384101
              ],
              [
                105.513108,
                21.384033
              ],
              [
                105.513094,
                21.383894
              ],
              [
                105.513094,
                21.383883
              ],
              [
                105.513096,
                21.383845
              ],
              [
                105.513097,
                21.383843
              ],
              [
                105.513112,
                21.383799
              ],
              [
                105.513153,
                21.383735
              ],
              [
                105.513162,
                21.38372
              ],
              [
                105.513199,
                21.383662
              ],
              [
                105.513242,
                21.383569
              ],
              [
                105.513265,
                21.38349
              ],
              [
                105.513266,
                21.383485
              ],
              [
                105.513285,
                21.383404
              ],
              [
                105.513286,
                21.383403
              ],
              [
                105.513299,
                21.383347
              ],
              [
                105.513315,
                21.383304
              ],
              [
                105.513333,
                21.383278
              ],
              [
                105.513349,
                21.383267
              ],
              [
                105.513357,
                21.383262
              ],
              [
                105.513388,
                21.383254
              ],
              [
                105.51341,
                21.383254
              ],
              [
                105.513436,
                21.383255
              ],
              [
                105.513488,
                21.383269
              ],
              [
                105.513654,
                21.383345
              ],
              [
                105.513656,
                21.383346
              ],
              [
                105.51374,
                21.383377
              ],
              [
                105.513832,
                21.383396
              ],
              [
                105.513906,
                21.383397
              ],
              [
                105.513916,
                21.383395
              ],
              [
                105.513939,
                21.38339
              ],
              [
                105.513971,
                21.383373
              ],
              [
                105.513979,
                21.383367
              ],
              [
                105.514001,
                21.383349
              ],
              [
                105.514084,
                21.383258
              ],
              [
                105.514111,
                21.38324
              ],
              [
                105.514142,
                21.383228
              ],
              [
                105.514211,
                21.383218
              ],
              [
                105.514348,
                21.383223
              ],
              [
                105.514397,
                21.383213
              ],
              [
                105.514403,
                21.383211
              ],
              [
                105.514518,
                21.383385
              ],
              [
                105.514785,
                21.383791
              ],
              [
                105.514928,
                21.384007
              ],
              [
                105.514933,
                21.384014
              ],
              [
                105.515156,
                21.383984
              ],
              [
                105.515726,
                21.38397
              ],
              [
                105.516674,
                21.383947
              ],
              [
                105.516691,
                21.383928
              ],
              [
                105.517408,
                21.383114
              ],
              [
                105.517461,
                21.383054
              ],
              [
                105.517555,
                21.382986
              ],
              [
                105.517307,
                21.382709
              ],
              [
                105.517235,
                21.382607
              ],
              [
                105.517187,
                21.382508
              ],
              [
                105.517143,
                21.382285
              ],
              [
                105.517133,
                21.382087
              ],
              [
                105.517136,
                21.382025
              ],
              [
                105.517238,
                21.381573
              ],
              [
                105.517522,
                21.380565
              ],
              [
                105.51763,
                21.380027
              ],
              [
                105.517659,
                21.379671
              ],
              [
                105.517658,
                21.379564
              ],
              [
                105.517625,
                21.379163
              ],
              [
                105.517613,
                21.379083
              ],
              [
                105.517566,
                21.378872
              ],
              [
                105.51748,
                21.378683
              ],
              [
                105.517448,
                21.378628
              ],
              [
                105.517318,
                21.378449
              ],
              [
                105.517261,
                21.378404
              ],
              [
                105.517109,
                21.378299
              ],
              [
                105.51704,
                21.378268
              ],
              [
                105.516987,
                21.378249
              ],
              [
                105.516451,
                21.37809
              ],
              [
                105.516378,
                21.378071
              ],
              [
                105.515905,
                21.378006
              ],
              [
                105.515617,
                21.377994
              ],
              [
                105.515366,
                21.377993
              ],
              [
                105.515271,
                21.377997
              ],
              [
                105.514001,
                21.378092
              ],
              [
                105.513038,
                21.378076
              ],
              [
                105.512462,
                21.377994
              ],
              [
                105.512378,
                21.377977
              ],
              [
                105.511664,
                21.377756
              ],
              [
                105.511261,
                21.377582
              ],
              [
                105.510842,
                21.377316
              ],
              [
                105.510406,
                21.376956
              ],
              [
                105.51034,
                21.376892
              ],
              [
                105.510032,
                21.376541
              ],
              [
                105.509633,
                21.375985
              ],
              [
                105.509589,
                21.375916
              ],
              [
                105.509159,
                21.375111
              ],
              [
                105.508845,
                21.374415
              ],
              [
                105.508632,
                21.37402
              ],
              [
                105.508631,
                21.374018
              ],
              [
                105.508342,
                21.373207
              ],
              [
                105.508318,
                21.373109
              ],
              [
                105.5081,
                21.372372
              ],
              [
                105.507973,
                21.371535
              ],
              [
                105.507895,
                21.370856
              ],
              [
                105.50789,
                21.370553
              ],
              [
                105.507916,
                21.370334
              ],
              [
                105.507959,
                21.370219
              ],
              [
                105.50804,
                21.370076
              ],
              [
                105.508153,
                21.369955
              ],
              [
                105.508285,
                21.36989
              ],
              [
                105.508424,
                21.369853
              ],
              [
                105.508558,
                21.369855
              ],
              [
                105.508894,
                21.369963
              ],
              [
                105.509483,
                21.370225
              ],
              [
                105.510236,
                21.370574
              ],
              [
                105.511896,
                21.371265
              ],
              [
                105.512868,
                21.371625
              ],
              [
                105.513404,
                21.371865
              ],
              [
                105.513724,
                21.372037
              ],
              [
                105.514157,
                21.372406
              ],
              [
                105.514686,
                21.372864
              ],
              [
                105.515114,
                21.373189
              ],
              [
                105.515516,
                21.37341
              ],
              [
                105.515891,
                21.373579
              ],
              [
                105.516103,
                21.373661
              ],
              [
                105.516471,
                21.373737
              ],
              [
                105.516947,
                21.37376
              ],
              [
                105.517427,
                21.373682
              ],
              [
                105.517639,
                21.373582
              ],
              [
                105.517923,
                21.373352
              ],
              [
                105.518004,
                21.373218
              ],
              [
                105.518109,
                21.372991
              ],
              [
                105.518208,
                21.37275
              ],
              [
                105.518294,
                21.372327
              ],
              [
                105.518324,
                21.37208
              ],
              [
                105.518324,
                21.371392
              ],
              [
                105.518331,
                21.370805
              ],
              [
                105.518271,
                21.370071
              ],
              [
                105.518242,
                21.369934
              ],
              [
                105.518239,
                21.369886
              ],
              [
                105.518131,
                21.369186
              ],
              [
                105.518048,
                21.368622
              ],
              [
                105.51804,
                21.36851
              ],
              [
                105.518032,
                21.368304
              ],
              [
                105.51803,
                21.368261
              ],
              [
                105.518019,
                21.368178
              ],
              [
                105.517994,
                21.367761
              ],
              [
                105.517992,
                21.367576
              ],
              [
                105.517965,
                21.367264
              ],
              [
                105.517881,
                21.366863
              ],
              [
                105.517812,
                21.366663
              ],
              [
                105.517702,
                21.366473
              ],
              [
                105.517475,
                21.36625
              ],
              [
                105.517465,
                21.36624
              ],
              [
                105.517356,
                21.36616
              ],
              [
                105.516984,
                21.365907
              ],
              [
                105.516965,
                21.365894
              ],
              [
                105.516406,
                21.365633
              ],
              [
                105.515591,
                21.365266
              ],
              [
                105.514975,
                21.364967
              ],
              [
                105.514702,
                21.364754
              ],
              [
                105.514541,
                21.364554
              ],
              [
                105.514441,
                21.364321
              ],
              [
                105.514425,
                21.364053
              ],
              [
                105.514474,
                21.363816
              ],
              [
                105.514595,
                21.363454
              ],
              [
                105.514734,
                21.362835
              ],
              [
                105.514741,
                21.362595
              ],
              [
                105.514713,
                21.362362
              ],
              [
                105.51464,
                21.362155
              ],
              [
                105.514467,
                21.361969
              ],
              [
                105.514341,
                21.361891
              ],
              [
                105.514199,
                21.361837
              ],
              [
                105.514046,
                21.361813
              ],
              [
                105.513733,
                21.361871
              ],
              [
                105.513271,
                21.362087
              ],
              [
                105.512943,
                21.362296
              ],
              [
                105.512795,
                21.362372
              ],
              [
                105.511818,
                21.362926
              ],
              [
                105.511189,
                21.363182
              ],
              [
                105.511044,
                21.363222
              ],
              [
                105.510746,
                21.363255
              ],
              [
                105.510451,
                21.363234
              ],
              [
                105.510195,
                21.363192
              ],
              [
                105.510058,
                21.363143
              ],
              [
                105.50972,
                21.362982
              ],
              [
                105.509448,
                21.362743
              ],
              [
                105.509287,
                21.362486
              ],
              [
                105.509221,
                21.362246
              ],
              [
                105.509224,
                21.361899
              ],
              [
                105.509268,
                21.361537
              ],
              [
                105.509408,
                21.360975
              ],
              [
                105.509624,
                21.360476
              ],
              [
                105.509741,
                21.360303
              ],
              [
                105.509982,
                21.360046
              ],
              [
                105.510771,
                21.359377
              ],
              [
                105.511586,
                21.358677
              ],
              [
                105.512078,
                21.358299
              ],
              [
                105.512554,
                21.357965
              ],
              [
                105.512985,
                21.357659
              ],
              [
                105.513841,
                21.357039
              ],
              [
                105.513917,
                21.35698
              ],
              [
                105.514265,
                21.356745
              ],
              [
                105.514421,
                21.356622
              ],
              [
                105.514532,
                21.356478
              ],
              [
                105.514617,
                21.356346
              ],
              [
                105.514639,
                21.356297
              ],
              [
                105.514654,
                21.3562
              ],
              [
                105.514669,
                21.356035
              ],
              [
                105.514664,
                21.356
              ],
              [
                105.51465,
                21.355921
              ],
              [
                105.514622,
                21.355627
              ],
              [
                105.514598,
                21.354389
              ],
              [
                105.514496,
                21.353526
              ],
              [
                105.514433,
                21.353212
              ],
              [
                105.514254,
                21.352617
              ],
              [
                105.514194,
                21.352459
              ],
              [
                105.514163,
                21.352384
              ],
              [
                105.51375,
                21.351488
              ],
              [
                105.513372,
                21.350836
              ],
              [
                105.513327,
                21.350779
              ],
              [
                105.513137,
                21.350524
              ],
              [
                105.512853,
                21.350161
              ],
              [
                105.51268,
                21.350009
              ],
              [
                105.512424,
                21.349858
              ],
              [
                105.511734,
                21.349495
              ],
              [
                105.510551,
                21.349
              ],
              [
                105.509752,
                21.348661
              ],
              [
                105.508968,
                21.348308
              ],
              [
                105.508302,
                21.348061
              ],
              [
                105.50774,
                21.347906
              ],
              [
                105.506936,
                21.347724
              ],
              [
                105.505547,
                21.347599
              ],
              [
                105.504867,
                21.347569
              ],
              [
                105.504168,
                21.347562
              ],
              [
                105.503557,
                21.347586
              ],
              [
                105.502398,
                21.347749
              ],
              [
                105.501881,
                21.347854
              ],
              [
                105.50188,
                21.347854
              ],
              [
                105.501638,
                21.34792
              ],
              [
                105.501486,
                21.347967
              ],
              [
                105.501325,
                21.348018
              ],
              [
                105.501133,
                21.348056
              ],
              [
                105.500908,
                21.348086
              ],
              [
                105.500688,
                21.348071
              ],
              [
                105.500523,
                21.348025
              ],
              [
                105.500379,
                21.347933
              ],
              [
                105.500272,
                21.347824
              ],
              [
                105.500194,
                21.347697
              ],
              [
                105.500054,
                21.347503
              ],
              [
                105.499938,
                21.34739
              ],
              [
                105.499735,
                21.347181
              ],
              [
                105.49967,
                21.347068
              ],
              [
                105.499638,
                21.346978
              ],
              [
                105.499615,
                21.346817
              ],
              [
                105.499577,
                21.346649
              ],
              [
                105.499517,
                21.346481
              ],
              [
                105.499416,
                21.346201
              ],
              [
                105.499393,
                21.34606
              ],
              [
                105.49939,
                21.345898
              ],
              [
                105.499425,
                21.345763
              ],
              [
                105.499425,
                21.345641
              ],
              [
                105.499407,
                21.345453
              ],
              [
                105.49938,
                21.345299
              ],
              [
                105.499375,
                21.345218
              ],
              [
                105.499394,
                21.34506
              ],
              [
                105.499435,
                21.344909
              ],
              [
                105.49948,
                21.344787
              ],
              [
                105.499528,
                21.344717
              ],
              [
                105.499609,
                21.344624
              ],
              [
                105.499681,
                21.344573
              ],
              [
                105.499706,
                21.344559
              ],
              [
                105.499753,
                21.344546
              ],
              [
                105.49981,
                21.344545
              ],
              [
                105.499904,
                21.344571
              ],
              [
                105.500037,
                21.34459
              ],
              [
                105.500179,
                21.344578
              ],
              [
                105.500303,
                21.34454
              ],
              [
                105.500449,
                21.344461
              ],
              [
                105.500513,
                21.344438
              ],
              [
                105.50057,
                21.344437
              ],
              [
                105.500616,
                21.344461
              ],
              [
                105.500643,
                21.344502
              ],
              [
                105.500668,
                21.34456
              ],
              [
                105.500704,
                21.344619
              ],
              [
                105.500748,
                21.344664
              ],
              [
                105.500811,
                21.344699
              ],
              [
                105.500909,
                21.344714
              ],
              [
                105.501095,
                21.344706
              ],
              [
                105.50132,
                21.34468
              ],
              [
                105.501481,
                21.34464
              ],
              [
                105.50188,
                21.344384
              ],
              [
                105.502643,
                21.344261
              ],
              [
                105.502959,
                21.344188
              ],
              [
                105.503483,
                21.344039
              ],
              [
                105.50391,
                21.343866
              ],
              [
                105.504205,
                21.343708
              ],
              [
                105.504659,
                21.343408
              ],
              [
                105.505199,
                21.342926
              ],
              [
                105.506114,
                21.342164
              ],
              [
                105.507082,
                21.34129
              ],
              [
                105.507292,
                21.340964
              ],
              [
                105.507366,
                21.340755
              ],
              [
                105.50739,
                21.340515
              ],
              [
                105.507368,
                21.34022
              ],
              [
                105.50733,
                21.34005
              ],
              [
                105.507239,
                21.339872
              ],
              [
                105.507102,
                21.339687
              ],
              [
                105.506745,
                21.339386
              ],
              [
                105.506149,
                21.339066
              ],
              [
                105.505043,
                21.33855
              ],
              [
                105.50457,
                21.338363
              ],
              [
                105.504344,
                21.338274
              ],
              [
                105.503028,
                21.337782
              ],
              [
                105.502201,
                21.337557
              ],
              [
                105.50188,
                21.337464
              ],
              [
                105.501597,
                21.337379
              ],
              [
                105.500729,
                21.33737
              ],
              [
                105.500066,
                21.337563
              ],
              [
                105.49911,
                21.337829
              ],
              [
                105.498231,
                21.337999
              ],
              [
                105.49781,
                21.338
              ],
              [
                105.497235,
                21.337894
              ],
              [
                105.496342,
                21.337753
              ],
              [
                105.49559,
                21.337875
              ],
              [
                105.494456,
                21.338345
              ],
              [
                105.493259,
                21.339053
              ],
              [
                105.492215,
                21.339786
              ],
              [
                105.490988,
                21.340909
              ],
              [
                105.491096,
                21.340979
              ],
              [
                105.491102,
                21.340994
              ],
              [
                105.491111,
                21.341011
              ],
              [
                105.491122,
                21.341028
              ],
              [
                105.491132,
                21.341043
              ],
              [
                105.491246,
                21.341131
              ],
              [
                105.491302,
                21.341194
              ],
              [
                105.491537,
                21.341469
              ],
              [
                105.491659,
                21.341612
              ],
              [
                105.491664,
                21.341618
              ],
              [
                105.491906,
                21.341868
              ],
              [
                105.492038,
                21.342048
              ],
              [
                105.492107,
                21.342159
              ],
              [
                105.492113,
                21.342177
              ],
              [
                105.492114,
                21.342181
              ],
              [
                105.492116,
                21.342184
              ],
              [
                105.492121,
                21.342191
              ],
              [
                105.492126,
                21.342197
              ],
              [
                105.492128,
                21.342198
              ],
              [
                105.492139,
                21.342204
              ],
              [
                105.492145,
                21.342205
              ],
              [
                105.492179,
                21.342212
              ],
              [
                105.492243,
                21.342224
              ],
              [
                105.492304,
                21.342236
              ],
              [
                105.492355,
                21.342244
              ],
              [
                105.492358,
                21.342245
              ],
              [
                105.49247,
                21.342271
              ],
              [
                105.492621,
                21.342329
              ],
              [
                105.49271,
                21.342381
              ],
              [
                105.492717,
                21.342393
              ],
              [
                105.49272,
                21.3424
              ],
              [
                105.49272,
                21.342406
              ],
              [
                105.49272,
                21.342413
              ],
              [
                105.492718,
                21.342423
              ],
              [
                105.492677,
                21.342453
              ],
              [
                105.492659,
                21.342504
              ],
              [
                105.492639,
                21.342689
              ],
              [
                105.492613,
                21.342802
              ],
              [
                105.492454,
                21.34318
              ],
              [
                105.492221,
                21.343088
              ],
              [
                105.491286,
                21.342751
              ],
              [
                105.491063,
                21.342681
              ],
              [
                105.490987,
                21.342681
              ],
              [
                105.490854,
                21.342747
              ],
              [
                105.490689,
                21.342807
              ],
              [
                105.490613,
                21.342807
              ],
              [
                105.490142,
                21.34266
              ],
              [
                105.489956,
                21.34259
              ],
              [
                105.48991,
                21.342652
              ],
              [
                105.48982,
                21.342742
              ],
              [
                105.48972,
                21.342839
              ],
              [
                105.489553,
                21.342981
              ],
              [
                105.489345,
                21.343158
              ],
              [
                105.489095,
                21.343365
              ],
              [
                105.488771,
                21.34364
              ],
              [
                105.48739,
                21.34482
              ],
              [
                105.48674,
                21.345385
              ],
              [
                105.48618,
                21.345856
              ],
              [
                105.485637,
                21.346318
              ],
              [
                105.485446,
                21.346476
              ],
              [
                105.485391,
                21.346365
              ],
              [
                105.485353,
                21.346297
              ],
              [
                105.485283,
                21.346221
              ],
              [
                105.485226,
                21.346174
              ],
              [
                105.485182,
                21.346123
              ],
              [
                105.485154,
                21.346069
              ],
              [
                105.485121,
                21.346013
              ],
              [
                105.485084,
                21.345974
              ],
              [
                105.485008,
                21.34593
              ],
              [
                105.484939,
                21.345904
              ],
              [
                105.484873,
                21.3459
              ],
              [
                105.484823,
                21.345906
              ],
              [
                105.484743,
                21.345953
              ],
              [
                105.484666,
                21.346011
              ],
              [
                105.484596,
                21.346097
              ],
              [
                105.484587,
                21.34618
              ],
              [
                105.484587,
                21.346286
              ],
              [
                105.484602,
                21.346396
              ],
              [
                105.484629,
                21.346514
              ],
              [
                105.484648,
                21.346611
              ],
              [
                105.484649,
                21.346729
              ],
              [
                105.484636,
                21.347004
              ],
              [
                105.484605,
                21.347246
              ],
              [
                105.484593,
                21.347294
              ],
              [
                105.484634,
                21.347351
              ],
              [
                105.484666,
                21.347463
              ],
              [
                105.484696,
                21.347569
              ],
              [
                105.484762,
                21.347807
              ],
              [
                105.484758,
                21.347808
              ],
              [
                105.484755,
                21.347827
              ],
              [
                105.484375,
                21.347785
              ],
              [
                105.4843,
                21.347807
              ],
              [
                105.484239,
                21.34782
              ],
              [
                105.484134,
                21.347837
              ],
              [
                105.484173,
                21.34805
              ],
              [
                105.484182,
                21.348156
              ],
              [
                105.483856,
                21.348109
              ],
              [
                105.483781,
                21.3481
              ],
              [
                105.483651,
                21.348067
              ],
              [
                105.483509,
                21.348031
              ],
              [
                105.483366,
                21.348014
              ],
              [
                105.483349,
                21.348104
              ],
              [
                105.483311,
                21.348152
              ],
              [
                105.483246,
                21.348241
              ],
              [
                105.483222,
                21.3483
              ],
              [
                105.483207,
                21.348361
              ],
              [
                105.483207,
                21.348411
              ],
              [
                105.483223,
                21.348484
              ],
              [
                105.483247,
                21.348587
              ],
              [
                105.48329,
                21.348714
              ],
              [
                105.483361,
                21.348848
              ],
              [
                105.483404,
                21.348947
              ],
              [
                105.483404,
                21.349056
              ],
              [
                105.483401,
                21.349107
              ],
              [
                105.483393,
                21.349161
              ],
              [
                105.483379,
                21.34924
              ],
              [
                105.483357,
                21.349345
              ],
              [
                105.483337,
                21.349433
              ],
              [
                105.483309,
                21.349532
              ],
              [
                105.483291,
                21.349601
              ],
              [
                105.483281,
                21.349635
              ],
              [
                105.483277,
                21.349665
              ],
              [
                105.483283,
                21.349705
              ],
              [
                105.483291,
                21.349771
              ],
              [
                105.483322,
                21.349868
              ],
              [
                105.483377,
                21.350019
              ],
              [
                105.483401,
                21.350093
              ],
              [
                105.483416,
                21.350162
              ],
              [
                105.483432,
                21.350251
              ],
              [
                105.483445,
                21.350321
              ],
              [
                105.483455,
                21.350372
              ],
              [
                105.483467,
                21.350416
              ],
              [
                105.483488,
                21.350499
              ],
              [
                105.483516,
                21.350596
              ],
              [
                105.483531,
                21.350628
              ],
              [
                105.483555,
                21.350668
              ],
              [
                105.483588,
                21.350706
              ],
              [
                105.483649,
                21.350779
              ],
              [
                105.483715,
                21.350844
              ],
              [
                105.483784,
                21.350898
              ],
              [
                105.483839,
                21.350936
              ],
              [
                105.483912,
                21.350987
              ],
              [
                105.483957,
                21.351019
              ],
              [
                105.483995,
                21.351052
              ],
              [
                105.484024,
                21.351076
              ],
              [
                105.484046,
                21.351103
              ],
              [
                105.484067,
                21.351135
              ],
              [
                105.484079,
                21.351169
              ],
              [
                105.484093,
                21.351211
              ],
              [
                105.484107,
                21.351281
              ],
              [
                105.48411,
                21.351332
              ],
              [
                105.484106,
                21.351381
              ],
              [
                105.484092,
                21.351438
              ],
              [
                105.484054,
                21.351503
              ],
              [
                105.483989,
                21.351588
              ],
              [
                105.483939,
                21.351657
              ],
              [
                105.483915,
                21.351697
              ],
              [
                105.483901,
                21.351731
              ],
              [
                105.483897,
                21.351757
              ],
              [
                105.483897,
                21.351803
              ],
              [
                105.483907,
                21.35185
              ],
              [
                105.483929,
                21.351919
              ],
              [
                105.483944,
                21.351979
              ],
              [
                105.483958,
                21.352042
              ],
              [
                105.483964,
                21.352084
              ],
              [
                105.483965,
                21.352166
              ],
              [
                105.483967,
                21.352367
              ],
              [
                105.483991,
                21.352539
              ],
              [
                105.484035,
                21.352736
              ],
              [
                105.484023,
                21.35292
              ],
              [
                105.48395,
                21.353125
              ],
              [
                105.483845,
                21.353239
              ],
              [
                105.483548,
                21.353419
              ],
              [
                105.483138,
                21.353559
              ],
              [
                105.483076,
                21.353576
              ],
              [
                105.483102,
                21.353491
              ],
              [
                105.483052,
                21.353357
              ],
              [
                105.483051,
                21.35332
              ],
              [
                105.483051,
                21.353268
              ],
              [
                105.48301,
                21.353232
              ],
              [
                105.482975,
                21.353209
              ],
              [
                105.482967,
                21.353194
              ],
              [
                105.482979,
                21.353169
              ],
              [
                105.482973,
                21.353152
              ],
              [
                105.482946,
                21.353118
              ],
              [
                105.482934,
                21.353081
              ],
              [
                105.482764,
                21.352987
              ],
              [
                105.482765,
                21.35299
              ],
              [
                105.482696,
                21.352952
              ],
              [
                105.482674,
                21.352938
              ],
              [
                105.482687,
                21.352854
              ],
              [
                105.482528,
                21.352836
              ],
              [
                105.482453,
                21.352826
              ],
              [
                105.482397,
                21.352808
              ],
              [
                105.482377,
                21.352797
              ],
              [
                105.482346,
                21.352783
              ],
              [
                105.482292,
                21.352784
              ],
              [
                105.482155,
                21.352801
              ],
              [
                105.482096,
                21.352807
              ],
              [
                105.482092,
                21.352806
              ],
              [
                105.482024,
                21.352775
              ],
              [
                105.481968,
                21.352745
              ],
              [
                105.481951,
                21.352691
              ],
              [
                105.481783,
                21.35259
              ],
              [
                105.481636,
                21.352817
              ],
              [
                105.48144,
                21.352727
              ],
              [
                105.481203,
                21.352666
              ],
              [
                105.481144,
                21.352891
              ],
              [
                105.481109,
                21.352966
              ],
              [
                105.481007,
                21.352937
              ],
              [
                105.480947,
                21.352934
              ],
              [
                105.480931,
                21.352936
              ],
              [
                105.480918,
                21.352943
              ],
              [
                105.480902,
                21.352958
              ],
              [
                105.48087,
                21.353011
              ],
              [
                105.480871,
                21.353026
              ],
              [
                105.480876,
                21.353039
              ],
              [
                105.480779,
                21.353192
              ],
              [
                105.480663,
                21.353165
              ],
              [
                105.480572,
                21.353136
              ],
              [
                105.480495,
                21.353098
              ],
              [
                105.480398,
                21.353063
              ],
              [
                105.480294,
                21.353038
              ],
              [
                105.480194,
                21.353021
              ],
              [
                105.480078,
                21.353009
              ],
              [
                105.480046,
                21.352981
              ],
              [
                105.480023,
                21.352974
              ],
              [
                105.479952,
                21.35299
              ],
              [
                105.479778,
                21.353034
              ],
              [
                105.479687,
                21.353076
              ],
              [
                105.479637,
                21.353061
              ],
              [
                105.479568,
                21.353016
              ],
              [
                105.47954,
                21.352986
              ],
              [
                105.47951,
                21.352946
              ],
              [
                105.479486,
                21.352922
              ],
              [
                105.479466,
                21.352904
              ],
              [
                105.479322,
                21.353027
              ],
              [
                105.47918,
                21.353155
              ],
              [
                105.479138,
                21.353143
              ],
              [
                105.479099,
                21.353163
              ],
              [
                105.478758,
                21.353461
              ],
              [
                105.478739,
                21.353445
              ],
              [
                105.478698,
                21.353419
              ],
              [
                105.478656,
                21.353425
              ],
              [
                105.478648,
                21.353418
              ],
              [
                105.478373,
                21.353681
              ],
              [
                105.478348,
                21.353691
              ],
              [
                105.478331,
                21.353693
              ],
              [
                105.47831,
                21.353765
              ],
              [
                105.478274,
                21.35387
              ],
              [
                105.478269,
                21.353913
              ],
              [
                105.478251,
                21.35392
              ],
              [
                105.478212,
                21.353987
              ],
              [
                105.478168,
                21.354034
              ],
              [
                105.478145,
                21.354056
              ],
              [
                105.478053,
                21.354073
              ],
              [
                105.477944,
                21.354045
              ],
              [
                105.477946,
                21.35393
              ],
              [
                105.47795,
                21.353888
              ],
              [
                105.477968,
                21.353874
              ],
              [
                105.477957,
                21.353848
              ],
              [
                105.477923,
                21.353797
              ],
              [
                105.477892,
                21.353753
              ],
              [
                105.477719,
                21.353715
              ],
              [
                105.477587,
                21.353666
              ],
              [
                105.477503,
                21.353656
              ],
              [
                105.477403,
                21.353681
              ],
              [
                105.477335,
                21.353698
              ],
              [
                105.477214,
                21.353725
              ],
              [
                105.477128,
                21.35372
              ],
              [
                105.47703,
                21.353743
              ],
              [
                105.477,
                21.353761
              ],
              [
                105.476972,
                21.353771
              ],
              [
                105.476814,
                21.353798
              ],
              [
                105.476737,
                21.3538
              ],
              [
                105.476698,
                21.353804
              ],
              [
                105.476712,
                21.353833
              ],
              [
                105.476539,
                21.353914
              ],
              [
                105.476396,
                21.353978
              ],
              [
                105.476381,
                21.35401
              ],
              [
                105.476286,
                21.354136
              ],
              [
                105.476268,
                21.354166
              ],
              [
                105.476204,
                21.35431
              ],
              [
                105.476236,
                21.35432
              ],
              [
                105.476229,
                21.354349
              ],
              [
                105.476108,
                21.354351
              ],
              [
                105.476053,
                21.354342
              ],
              [
                105.476041,
                21.354328
              ],
              [
                105.476043,
                21.354301
              ],
              [
                105.476101,
                21.354162
              ],
              [
                105.476137,
                21.354064
              ],
              [
                105.476168,
                21.353959
              ],
              [
                105.476146,
                21.35391
              ],
              [
                105.476116,
                21.353869
              ],
              [
                105.476112,
                21.353799
              ],
              [
                105.476093,
                21.353716
              ],
              [
                105.476063,
                21.353677
              ],
              [
                105.476033,
                21.353663
              ],
              [
                105.475964,
                21.353654
              ],
              [
                105.475861,
                21.353621
              ],
              [
                105.475825,
                21.353603
              ],
              [
                105.475787,
                21.353628
              ],
              [
                105.475743,
                21.353666
              ],
              [
                105.475713,
                21.35371
              ],
              [
                105.475684,
                21.353757
              ],
              [
                105.475674,
                21.353767
              ],
              [
                105.475639,
                21.353811
              ],
              [
                105.475582,
                21.353848
              ],
              [
                105.475509,
                21.35378
              ],
              [
                105.475427,
                21.353874
              ],
              [
                105.475411,
                21.353894
              ],
              [
                105.475401,
                21.353909
              ],
              [
                105.475324,
                21.353972
              ],
              [
                105.475325,
                21.353979
              ],
              [
                105.475385,
                21.354061
              ],
              [
                105.475311,
                21.354134
              ],
              [
                105.475192,
                21.354224
              ],
              [
                105.475096,
                21.354292
              ],
              [
                105.475141,
                21.35436
              ],
              [
                105.475035,
                21.354421
              ],
              [
                105.47492,
                21.354483
              ],
              [
                105.474882,
                21.35446
              ],
              [
                105.474587,
                21.354756
              ],
              [
                105.474473,
                21.354826
              ],
              [
                105.474209,
                21.355397
              ],
              [
                105.474139,
                21.355584
              ],
              [
                105.47401,
                21.355898
              ],
              [
                105.473905,
                21.356225
              ],
              [
                105.473865,
                21.356234
              ],
              [
                105.473836,
                21.35623
              ],
              [
                105.473792,
                21.35621
              ],
              [
                105.473462,
                21.356473
              ],
              [
                105.472583,
                21.357004
              ],
              [
                105.472478,
                21.357166
              ],
              [
                105.472565,
                21.357226
              ],
              [
                105.472668,
                21.357103
              ],
              [
                105.472802,
                21.357182
              ],
              [
                105.472741,
                21.357293
              ],
              [
                105.472786,
                21.357451
              ],
              [
                105.472787,
                21.357555
              ],
              [
                105.4728,
                21.357575
              ],
              [
                105.472815,
                21.35759
              ],
              [
                105.472889,
                21.35764
              ],
              [
                105.472907,
                21.357688
              ],
              [
                105.473026,
                21.357799
              ],
              [
                105.473051,
                21.357837
              ],
              [
                105.47336,
                21.358654
              ],
              [
                105.47386,
                21.35996
              ],
              [
                105.474208,
                21.360986
              ],
              [
                105.474278,
                21.361157
              ],
              [
                105.474122,
                21.36123
              ],
              [
                105.473998,
                21.361297
              ],
              [
                105.473996,
                21.361298
              ],
              [
                105.473878,
                21.361263
              ],
              [
                105.473821,
                21.36129
              ],
              [
                105.473726,
                21.36135
              ],
              [
                105.473709,
                21.361375
              ],
              [
                105.473701,
                21.361401
              ],
              [
                105.473689,
                21.361444
              ],
              [
                105.47373,
                21.361527
              ],
              [
                105.473717,
                21.361599
              ],
              [
                105.473688,
                21.361615
              ],
              [
                105.473608,
                21.361625
              ],
              [
                105.47358,
                21.361623
              ],
              [
                105.473523,
                21.36162
              ],
              [
                105.473431,
                21.361838
              ],
              [
                105.473471,
                21.362288
              ],
              [
                105.473391,
                21.362298
              ],
              [
                105.473269,
                21.362369
              ],
              [
                105.473251,
                21.362387
              ],
              [
                105.473279,
                21.362404
              ],
              [
                105.473063,
                21.362588
              ],
              [
                105.472884,
                21.362836
              ],
              [
                105.47267,
                21.363149
              ],
              [
                105.472611,
                21.36318
              ],
              [
                105.47258,
                21.363169
              ],
              [
                105.47254,
                21.363121
              ],
              [
                105.472481,
                21.363011
              ],
              [
                105.472468,
                21.362885
              ],
              [
                105.47251,
                21.362741
              ],
              [
                105.472636,
                21.362513
              ],
              [
                105.472731,
                21.362326
              ],
              [
                105.472744,
                21.362286
              ],
              [
                105.472741,
                21.362146
              ],
              [
                105.472726,
                21.362046
              ],
              [
                105.472681,
                21.361957
              ],
              [
                105.472677,
                21.361955
              ],
              [
                105.472584,
                21.361925
              ],
              [
                105.472523,
                21.361923
              ],
              [
                105.472469,
                21.361923
              ],
              [
                105.472415,
                21.361905
              ],
              [
                105.472343,
                21.36187
              ],
              [
                105.472281,
                21.361834
              ],
              [
                105.472244,
                21.361777
              ],
              [
                105.472229,
                21.361702
              ],
              [
                105.472254,
                21.361571
              ],
              [
                105.472369,
                21.361292
              ],
              [
                105.472471,
                21.361065
              ],
              [
                105.472496,
                21.360914
              ],
              [
                105.47249,
                21.360872
              ],
              [
                105.47245,
                21.360839
              ],
              [
                105.472411,
                21.360825
              ],
              [
                105.472364,
                21.360829
              ],
              [
                105.472306,
                21.360845
              ],
              [
                105.472233,
                21.360882
              ],
              [
                105.472147,
                21.360937
              ],
              [
                105.472031,
                21.361022
              ],
              [
                105.471977,
                21.361072
              ],
              [
                105.471992,
                21.361079
              ],
              [
                105.472027,
                21.361137
              ],
              [
                105.472037,
                21.361227
              ],
              [
                105.471973,
                21.361529
              ],
              [
                105.47194,
                21.361585
              ],
              [
                105.471875,
                21.361589
              ],
              [
                105.471802,
                21.361548
              ],
              [
                105.471671,
                21.361454
              ],
              [
                105.471605,
                21.361343
              ],
              [
                105.471575,
                21.361265
              ],
              [
                105.471565,
                21.361141
              ],
              [
                105.471568,
                21.360957
              ],
              [
                105.47157,
                21.360957
              ],
              [
                105.471642,
                21.360185
              ],
              [
                105.471618,
                21.360127
              ],
              [
                105.471579,
                21.360124
              ],
              [
                105.471577,
                21.360034
              ],
              [
                105.471571,
                21.360003
              ],
              [
                105.471572,
                21.359961
              ],
              [
                105.471708,
                21.35997
              ],
              [
                105.471847,
                21.359953
              ],
              [
                105.471936,
                21.359925
              ],
              [
                105.471986,
                21.359872
              ],
              [
                105.472039,
                21.359797
              ],
              [
                105.472089,
                21.359727
              ],
              [
                105.472179,
                21.359654
              ],
              [
                105.472262,
                21.359609
              ],
              [
                105.472336,
                21.359573
              ],
              [
                105.472398,
                21.359506
              ],
              [
                105.472445,
                21.359454
              ],
              [
                105.472531,
                21.359406
              ],
              [
                105.472571,
                21.359377
              ],
              [
                105.472582,
                21.359319
              ],
              [
                105.472635,
                21.359194
              ],
              [
                105.472626,
                21.359111
              ],
              [
                105.472593,
                21.359044
              ],
              [
                105.472543,
                21.358931
              ],
              [
                105.472434,
                21.358805
              ],
              [
                105.472327,
                21.358703
              ],
              [
                105.472215,
                21.358606
              ],
              [
                105.472185,
                21.358568
              ],
              [
                105.472161,
                21.358498
              ],
              [
                105.472113,
                21.358415
              ],
              [
                105.472052,
                21.358348
              ],
              [
                105.47191,
                21.358262
              ],
              [
                105.471774,
                21.358188
              ],
              [
                105.471667,
                21.35813
              ],
              [
                105.471609,
                21.358084
              ],
              [
                105.471556,
                21.357985
              ],
              [
                105.471493,
                21.35786
              ],
              [
                105.47146,
                21.357802
              ],
              [
                105.471413,
                21.357719
              ],
              [
                105.471377,
                21.357564
              ],
              [
                105.471287,
                21.357356
              ],
              [
                105.471257,
                21.357259
              ],
              [
                105.471061,
                21.356868
              ],
              [
                105.469597,
                21.356925
              ],
              [
                105.469156,
                21.35694
              ],
              [
                105.469107,
                21.35588
              ],
              [
                105.469049,
                21.355608
              ],
              [
                105.468966,
                21.355438
              ],
              [
                105.468834,
                21.355244
              ],
              [
                105.468693,
                21.354833
              ],
              [
                105.468597,
                21.354736
              ],
              [
                105.468433,
                21.354588
              ],
              [
                105.468347,
                21.3545
              ],
              [
                105.468212,
                21.354395
              ],
              [
                105.468144,
                21.354344
              ],
              [
                105.468141,
                21.354326
              ],
              [
                105.468101,
                21.35429
              ],
              [
                105.468027,
                21.354162
              ],
              [
                105.467972,
                21.354125
              ],
              [
                105.46792,
                21.354119
              ],
              [
                105.467883,
                21.354087
              ],
              [
                105.467797,
                21.354082
              ],
              [
                105.467672,
                21.354083
              ],
              [
                105.46756,
                21.354103
              ],
              [
                105.467458,
                21.354148
              ],
              [
                105.467419,
                21.354178
              ],
              [
                105.467376,
                21.354235
              ],
              [
                105.467346,
                21.354285
              ],
              [
                105.467322,
                21.354341
              ],
              [
                105.4673,
                21.354407
              ],
              [
                105.467276,
                21.354455
              ],
              [
                105.467248,
                21.354479
              ],
              [
                105.4672,
                21.354483
              ],
              [
                105.46714,
                21.354479
              ],
              [
                105.467066,
                21.354457
              ],
              [
                105.467036,
                21.354443
              ],
              [
                105.467012,
                21.354418
              ],
              [
                105.467004,
                21.354383
              ],
              [
                105.467003,
                21.35435
              ],
              [
                105.466942,
                21.354359
              ],
              [
                105.466841,
                21.354393
              ],
              [
                105.466712,
                21.354432
              ],
              [
                105.46655,
                21.354488
              ],
              [
                105.466369,
                21.354563
              ],
              [
                105.466174,
                21.354635
              ],
              [
                105.466113,
                21.354654
              ],
              [
                105.466065,
                21.354659
              ],
              [
                105.466067,
                21.354947
              ],
              [
                105.465653,
                21.354972
              ],
              [
                105.464939,
                21.35501
              ],
              [
                105.464744,
                21.355021
              ],
              [
                105.464759,
                21.355179
              ],
              [
                105.464778,
                21.355179
              ],
              [
                105.464846,
                21.355292
              ],
              [
                105.464929,
                21.355551
              ],
              [
                105.464948,
                21.355753
              ],
              [
                105.465027,
                21.356023
              ],
              [
                105.464426,
                21.356269
              ],
              [
                105.464377,
                21.35619
              ],
              [
                105.464158,
                21.355914
              ],
              [
                105.464013,
                21.355726
              ],
              [
                105.464004,
                21.3557
              ],
              [
                105.463806,
                21.355592
              ],
              [
                105.463792,
                21.355582
              ],
              [
                105.463753,
                21.355544
              ],
              [
                105.463721,
                21.355487
              ],
              [
                105.463698,
                21.355439
              ],
              [
                105.463651,
                21.355377
              ],
              [
                105.463606,
                21.355294
              ],
              [
                105.463269,
                21.354878
              ],
              [
                105.463215,
                21.354764
              ],
              [
                105.4632,
                21.354722
              ],
              [
                105.463186,
                21.354663
              ],
              [
                105.463169,
                21.354623
              ],
              [
                105.463145,
                21.354585
              ],
              [
                105.463043,
                21.354485
              ],
              [
                105.462928,
                21.354369
              ],
              [
                105.462887,
                21.354322
              ],
              [
                105.462878,
                21.35428
              ],
              [
                105.462884,
                21.354209
              ],
              [
                105.462879,
                21.354152
              ],
              [
                105.462855,
                21.354114
              ],
              [
                105.462627,
                21.354111
              ],
              [
                105.462485,
                21.354081
              ],
              [
                105.46233,
                21.354054
              ],
              [
                105.462265,
                21.354059
              ],
              [
                105.462227,
                21.353972
              ],
              [
                105.462234,
                21.353909
              ],
              [
                105.462188,
                21.353824
              ],
              [
                105.462185,
                21.353812
              ],
              [
                105.462169,
                21.353778
              ],
              [
                105.462157,
                21.353736
              ],
              [
                105.462148,
                21.35366
              ],
              [
                105.46217,
                21.35359
              ],
              [
                105.462124,
                21.352988
              ],
              [
                105.46212,
                21.352922
              ],
              [
                105.462066,
                21.352341
              ],
              [
                105.462043,
                21.352078
              ],
              [
                105.462037,
                21.352065
              ],
              [
                105.462024,
                21.352036
              ],
              [
                105.462017,
                21.352016
              ],
              [
                105.462018,
                21.352009
              ],
              [
                105.462019,
                21.351983
              ],
              [
                105.462022,
                21.351964
              ],
              [
                105.46218,
                21.351909
              ],
              [
                105.462181,
                21.351885
              ],
              [
                105.462184,
                21.351845
              ],
              [
                105.462188,
                21.351819
              ],
              [
                105.462194,
                21.35179
              ],
              [
                105.462211,
                21.351724
              ],
              [
                105.462194,
                21.351632
              ],
              [
                105.462195,
                21.351591
              ],
              [
                105.4622,
                21.351563
              ],
              [
                105.462239,
                21.351547
              ],
              [
                105.462355,
                21.351493
              ],
              [
                105.462357,
                21.351487
              ],
              [
                105.462427,
                21.351359
              ],
              [
                105.462415,
                21.351308
              ],
              [
                105.462412,
                21.351287
              ],
              [
                105.462456,
                21.351183
              ],
              [
                105.462449,
                21.35117
              ],
              [
                105.462432,
                21.35113
              ],
              [
                105.462438,
                21.351069
              ],
              [
                105.462442,
                21.351026
              ],
              [
                105.462442,
                21.350993
              ],
              [
                105.462442,
                21.350973
              ],
              [
                105.462441,
                21.350944
              ],
              [
                105.462457,
                21.350932
              ],
              [
                105.462455,
                21.350892
              ],
              [
                105.462454,
                21.35084
              ],
              [
                105.46243,
                21.350785
              ],
              [
                105.462404,
                21.350727
              ],
              [
                105.462404,
                21.350712
              ],
              [
                105.4624,
                21.35069
              ],
              [
                105.462383,
                21.35065
              ],
              [
                105.462365,
                21.35063
              ],
              [
                105.462285,
                21.35049
              ],
              [
                105.462202,
                21.350417
              ],
              [
                105.462143,
                21.350487
              ],
              [
                105.462121,
                21.350489
              ],
              [
                105.462081,
                21.350462
              ],
              [
                105.462063,
                21.350459
              ],
              [
                105.462038,
                21.350457
              ],
              [
                105.462007,
                21.350454
              ],
              [
                105.461792,
                21.35044
              ],
              [
                105.461762,
                21.350104
              ],
              [
                105.461624,
                21.348987
              ],
              [
                105.46154,
                21.348086
              ],
              [
                105.46149,
                21.348069
              ],
              [
                105.461341,
                21.348073
              ],
              [
                105.461029,
                21.34808
              ],
              [
                105.460956,
                21.348053
              ],
              [
                105.460928,
                21.348028
              ],
              [
                105.46089,
                21.348005
              ],
              [
                105.460813,
                21.347973
              ],
              [
                105.46078,
                21.347961
              ],
              [
                105.460765,
                21.34796
              ],
              [
                105.46073,
                21.347923
              ],
              [
                105.460715,
                21.347887
              ],
              [
                105.460712,
                21.347844
              ],
              [
                105.460725,
                21.34779
              ],
              [
                105.460757,
                21.347704
              ],
              [
                105.460782,
                21.347639
              ],
              [
                105.460835,
                21.347479
              ],
              [
                105.460875,
                21.347352
              ],
              [
                105.46091,
                21.347206
              ],
              [
                105.46094,
                21.347055
              ],
              [
                105.460954,
                21.346887
              ],
              [
                105.460938,
                21.346702
              ],
              [
                105.460924,
                21.346568
              ],
              [
                105.460895,
                21.346388
              ],
              [
                105.460873,
                21.346316
              ],
              [
                105.460855,
                21.346265
              ],
              [
                105.460813,
                21.346224
              ],
              [
                105.460708,
                21.346134
              ],
              [
                105.460653,
                21.346103
              ],
              [
                105.460593,
                21.346075
              ],
              [
                105.460592,
                21.346073
              ],
              [
                105.460492,
                21.346058
              ],
              [
                105.46046,
                21.346037
              ],
              [
                105.460343,
                21.345974
              ],
              [
                105.460234,
                21.345915
              ],
              [
                105.460186,
                21.345968
              ],
              [
                105.460115,
                21.345951
              ],
              [
                105.460057,
                21.345938
              ],
              [
                105.460012,
                21.346006
              ],
              [
                105.460003,
                21.346022
              ],
              [
                105.459952,
                21.346173
              ],
              [
                105.459915,
                21.346278
              ],
              [
                105.459863,
                21.346431
              ],
              [
                105.459848,
                21.346478
              ],
              [
                105.459778,
                21.346599
              ],
              [
                105.459745,
                21.346663
              ],
              [
                105.459744,
                21.346673
              ],
              [
                105.459666,
                21.34669
              ],
              [
                105.459643,
                21.346682
              ],
              [
                105.459616,
                21.34671
              ],
              [
                105.459536,
                21.346849
              ],
              [
                105.459501,
                21.346826
              ],
              [
                105.459484,
                21.346875
              ],
              [
                105.459448,
                21.346977
              ],
              [
                105.459472,
                21.347138
              ],
              [
                105.459417,
                21.347141
              ],
              [
                105.459248,
                21.347018
              ],
              [
                105.459198,
                21.346944
              ],
              [
                105.459126,
                21.346973
              ],
              [
                105.458984,
                21.347033
              ],
              [
                105.458857,
                21.346856
              ],
              [
                105.458778,
                21.346866
              ],
              [
                105.458629,
                21.346739
              ],
              [
                105.458626,
                21.346709
              ],
              [
                105.458596,
                21.346552
              ],
              [
                105.458559,
                21.346422
              ],
              [
                105.458491,
                21.346473
              ],
              [
                105.458443,
                21.34642
              ],
              [
                105.458461,
                21.346394
              ],
              [
                105.45844,
                21.346343
              ],
              [
                105.458438,
                21.346333
              ],
              [
                105.458512,
                21.346244
              ],
              [
                105.458469,
                21.346097
              ],
              [
                105.458427,
                21.346011
              ],
              [
                105.458367,
                21.345963
              ],
              [
                105.458382,
                21.345925
              ],
              [
                105.458571,
                21.345773
              ],
              [
                105.45853,
                21.345708
              ],
              [
                105.458663,
                21.345582
              ],
              [
                105.458673,
                21.345559
              ],
              [
                105.458673,
                21.345555
              ],
              [
                105.458614,
                21.345484
              ],
              [
                105.458638,
                21.345446
              ],
              [
                105.458608,
                21.34541
              ],
              [
                105.45859,
                21.345387
              ],
              [
                105.458642,
                21.345299
              ],
              [
                105.458589,
                21.345238
              ],
              [
                105.458542,
                21.345186
              ],
              [
                105.45863,
                21.345052
              ],
              [
                105.458529,
                21.344966
              ],
              [
                105.458441,
                21.3449
              ],
              [
                105.45837,
                21.344849
              ],
              [
                105.458368,
                21.344846
              ],
              [
                105.458336,
                21.344798
              ],
              [
                105.458324,
                21.344777
              ],
              [
                105.458296,
                21.344686
              ],
              [
                105.458349,
                21.344652
              ],
              [
                105.458563,
                21.344511
              ],
              [
                105.458599,
                21.344467
              ],
              [
                105.458557,
                21.34446
              ],
              [
                105.458485,
                21.34443
              ],
              [
                105.45845,
                21.344442
              ],
              [
                105.4584,
                21.344432
              ],
              [
                105.458305,
                21.344367
              ],
              [
                105.458227,
                21.344335
              ],
              [
                105.458166,
                21.34432
              ],
              [
                105.458085,
                21.344297
              ],
              [
                105.45801,
                21.344267
              ],
              [
                105.457934,
                21.34422
              ],
              [
                105.457856,
                21.344164
              ],
              [
                105.457811,
                21.344108
              ],
              [
                105.457759,
                21.344015
              ],
              [
                105.457702,
                21.343923
              ],
              [
                105.457639,
                21.343858
              ],
              [
                105.457532,
                21.343772
              ],
              [
                105.457461,
                21.343712
              ],
              [
                105.457424,
                21.343667
              ],
              [
                105.457385,
                21.343618
              ],
              [
                105.457369,
                21.343596
              ],
              [
                105.457338,
                21.343577
              ],
              [
                105.457282,
                21.343567
              ],
              [
                105.457247,
                21.343549
              ],
              [
                105.457123,
                21.343381
              ],
              [
                105.45701,
                21.343264
              ],
              [
                105.456955,
                21.34321
              ],
              [
                105.456884,
                21.343168
              ],
              [
                105.456723,
                21.343098
              ],
              [
                105.456638,
                21.343068
              ],
              [
                105.456554,
                21.343055
              ],
              [
                105.456303,
                21.34304
              ],
              [
                105.456168,
                21.34304
              ],
              [
                105.456102,
                21.343053
              ],
              [
                105.456009,
                21.343078
              ],
              [
                105.455933,
                21.343092
              ],
              [
                105.455841,
                21.343084
              ],
              [
                105.455791,
                21.343056
              ],
              [
                105.455764,
                21.343045
              ],
              [
                105.455723,
                21.343034
              ],
              [
                105.455637,
                21.343032
              ],
              [
                105.455169,
                21.343019
              ],
              [
                105.455106,
                21.343011
              ],
              [
                105.455006,
                21.342967
              ],
              [
                105.454984,
                21.342959
              ],
              [
                105.454996,
                21.342934
              ],
              [
                105.455165,
                21.342769
              ],
              [
                105.455238,
                21.342734
              ],
              [
                105.455232,
                21.342705
              ],
              [
                105.455232,
                21.342685
              ],
              [
                105.455238,
                21.342662
              ],
              [
                105.455258,
                21.342622
              ],
              [
                105.455382,
                21.342351
              ],
              [
                105.455403,
                21.342265
              ],
              [
                105.455433,
                21.342147
              ],
              [
                105.455457,
                21.342
              ],
              [
                105.455457,
                21.341896
              ],
              [
                105.455439,
                21.341809
              ],
              [
                105.455439,
                21.341809
              ],
              [
                105.455401,
                21.341598
              ],
              [
                105.455375,
                21.341529
              ],
              [
                105.455374,
                21.341385
              ],
              [
                105.45533,
                21.341266
              ],
              [
                105.455319,
                21.341223
              ],
              [
                105.455323,
                21.341216
              ],
              [
                105.455426,
                21.34115
              ],
              [
                105.455569,
                21.34107
              ],
              [
                105.455619,
                21.34101
              ],
              [
                105.455629,
                21.340981
              ],
              [
                105.455627,
                21.340937
              ],
              [
                105.455595,
                21.340851
              ],
              [
                105.455592,
                21.340845
              ],
              [
                105.455499,
                21.340681
              ],
              [
                105.455454,
                21.340611
              ],
              [
                105.455445,
                21.340607
              ],
              [
                105.455432,
                21.340603
              ],
              [
                105.455418,
                21.340602
              ],
              [
                105.455408,
                21.340602
              ],
              [
                105.4554,
                21.340603
              ],
              [
                105.455332,
                21.340442
              ],
              [
                105.455106,
                21.339879
              ],
              [
                105.454992,
                21.339931
              ],
              [
                105.454737,
                21.340044
              ],
              [
                105.454605,
                21.340101
              ],
              [
                105.454318,
                21.340231
              ],
              [
                105.45419,
                21.340294
              ],
              [
                105.453905,
                21.340418
              ],
              [
                105.453751,
                21.340481
              ],
              [
                105.453607,
                21.340523
              ],
              [
                105.453528,
                21.340544
              ],
              [
                105.453357,
                21.340569
              ],
              [
                105.453139,
                21.340577
              ],
              [
                105.452904,
                21.340577
              ],
              [
                105.45266,
                21.34057
              ],
              [
                105.452417,
                21.340572
              ],
              [
                105.452309,
                21.340576
              ],
              [
                105.452126,
                21.340567
              ],
              [
                105.451972,
                21.340582
              ],
              [
                105.451845,
                21.3406
              ],
              [
                105.451769,
                21.340655
              ],
              [
                105.451765,
                21.340654
              ],
              [
                105.451739,
                21.340718
              ],
              [
                105.451733,
                21.34073
              ],
              [
                105.45173,
                21.340741
              ],
              [
                105.451724,
                21.340757
              ],
              [
                105.451711,
                21.340787
              ],
              [
                105.451621,
                21.341012
              ],
              [
                105.451567,
                21.341135
              ],
              [
                105.451567,
                21.341226
              ],
              [
                105.451572,
                21.341372
              ],
              [
                105.451622,
                21.341626
              ],
              [
                105.451656,
                21.341749
              ],
              [
                105.451704,
                21.341852
              ],
              [
                105.451828,
                21.342087
              ],
              [
                105.45189,
                21.3422
              ],
              [
                105.451914,
                21.342262
              ],
              [
                105.451789,
                21.342287
              ],
              [
                105.451718,
                21.342239
              ],
              [
                105.451035,
                21.342364
              ],
              [
                105.450613,
                21.342466
              ],
              [
                105.450627,
                21.342493
              ],
              [
                105.450711,
                21.342785
              ],
              [
                105.450525,
                21.342849
              ],
              [
                105.45044,
                21.342889
              ],
              [
                105.450412,
                21.342901
              ],
              [
                105.450285,
                21.342962
              ],
              [
                105.450268,
                21.342971
              ],
              [
                105.45023,
                21.342988
              ],
              [
                105.450214,
                21.342993
              ],
              [
                105.450181,
                21.343003
              ],
              [
                105.450164,
                21.343011
              ],
              [
                105.450144,
                21.342958
              ],
              [
                105.450113,
                21.342966
              ],
              [
                105.449753,
                21.343082
              ],
              [
                105.44974,
                21.343067
              ],
              [
                105.44971,
                21.343024
              ],
              [
                105.449327,
                21.3431
              ],
              [
                105.449334,
                21.343164
              ],
              [
                105.449143,
                21.343192
              ],
              [
                105.448723,
                21.343215
              ],
              [
                105.448106,
                21.343215
              ],
              [
                105.448013,
                21.343292
              ],
              [
                105.447995,
                21.343315
              ],
              [
                105.448118,
                21.343392
              ],
              [
                105.448222,
                21.343432
              ],
              [
                105.448416,
                21.343471
              ],
              [
                105.4486,
                21.343496
              ],
              [
                105.448772,
                21.343532
              ],
              [
                105.448882,
                21.343593
              ],
              [
                105.44902,
                21.343663
              ],
              [
                105.449059,
                21.343699
              ],
              [
                105.449095,
                21.343772
              ],
              [
                105.449151,
                21.34405
              ],
              [
                105.449161,
                21.344233
              ],
              [
                105.449154,
                21.344416
              ],
              [
                105.449136,
                21.344412
              ],
              [
                105.44893,
                21.344379
              ],
              [
                105.448938,
                21.344141
              ],
              [
                105.448909,
                21.344137
              ],
              [
                105.448624,
                21.344098
              ],
              [
                105.44846,
                21.344076
              ],
              [
                105.448451,
                21.344113
              ],
              [
                105.448454,
                21.344119
              ],
              [
                105.448483,
                21.344135
              ],
              [
                105.448446,
                21.344354
              ],
              [
                105.448433,
                21.344417
              ],
              [
                105.448426,
                21.344451
              ],
              [
                105.448396,
                21.344559
              ],
              [
                105.448331,
                21.344544
              ],
              [
                105.448319,
                21.344575
              ],
              [
                105.447457,
                21.344306
              ],
              [
                105.447292,
                21.344636
              ],
              [
                105.447013,
                21.345314
              ],
              [
                105.446843,
                21.345797
              ],
              [
                105.446794,
                21.345933
              ],
              [
                105.446494,
                21.346611
              ],
              [
                105.446375,
                21.34686
              ],
              [
                105.44625,
                21.347097
              ],
              [
                105.446184,
                21.347205
              ],
              [
                105.446128,
                21.347279
              ],
              [
                105.445991,
                21.347459
              ],
              [
                105.445574,
                21.347976
              ],
              [
                105.445152,
                21.348491
              ],
              [
                105.444926,
                21.348836
              ],
              [
                105.444805,
                21.349269
              ],
              [
                105.444735,
                21.349586
              ],
              [
                105.444618,
                21.350032
              ],
              [
                105.444634,
                21.350609
              ],
              [
                105.444921,
                21.350587
              ],
              [
                105.445083,
                21.351192
              ],
              [
                105.444992,
                21.351213
              ],
              [
                105.445503,
                21.352566
              ],
              [
                105.445616,
                21.352525
              ],
              [
                105.445693,
                21.352497
              ],
              [
                105.445721,
                21.352515
              ],
              [
                105.445756,
                21.352505
              ],
              [
                105.445918,
                21.352456
              ],
              [
                105.445954,
                21.352496
              ],
              [
                105.446081,
                21.352424
              ],
              [
                105.446111,
                21.352449
              ],
              [
                105.446119,
                21.352476
              ],
              [
                105.44617,
                21.352497
              ],
              [
                105.446248,
                21.352529
              ],
              [
                105.446258,
                21.352477
              ],
              [
                105.446336,
                21.352459
              ],
              [
                105.446326,
                21.35239
              ],
              [
                105.446307,
                21.352277
              ],
              [
                105.446314,
                21.352234
              ],
              [
                105.446505,
                21.352202
              ],
              [
                105.446503,
                21.352303
              ],
              [
                105.446673,
                21.352299
              ],
              [
                105.446689,
                21.352314
              ],
              [
                105.446727,
                21.352295
              ],
              [
                105.446844,
                21.352227
              ],
              [
                105.447042,
                21.352205
              ],
              [
                105.447117,
                21.3522
              ],
              [
                105.447209,
                21.352236
              ],
              [
                105.447207,
                21.352262
              ],
              [
                105.447286,
                21.352264
              ],
              [
                105.447286,
                21.352285
              ],
              [
                105.44729,
                21.352307
              ],
              [
                105.447296,
                21.3524
              ],
              [
                105.447305,
                21.352458
              ],
              [
                105.447309,
                21.352486
              ],
              [
                105.447262,
                21.352626
              ],
              [
                105.447331,
                21.353159
              ],
              [
                105.447357,
                21.353226
              ],
              [
                105.447412,
                21.353249
              ],
              [
                105.44752,
                21.353269
              ],
              [
                105.447582,
                21.353317
              ],
              [
                105.447601,
                21.353337
              ],
              [
                105.447625,
                21.353362
              ],
              [
                105.447644,
                21.353395
              ],
              [
                105.447647,
                21.353414
              ],
              [
                105.447637,
                21.3535
              ],
              [
                105.447637,
                21.353602
              ],
              [
                105.447643,
                21.353726
              ],
              [
                105.447661,
                21.353822
              ],
              [
                105.447685,
                21.353895
              ],
              [
                105.447737,
                21.35398
              ],
              [
                105.447788,
                21.354028
              ],
              [
                105.44784,
                21.354058
              ],
              [
                105.447987,
                21.35411
              ],
              [
                105.448072,
                21.354118
              ],
              [
                105.448183,
                21.354109
              ],
              [
                105.448275,
                21.354072
              ],
              [
                105.448401,
                21.353994
              ],
              [
                105.44856,
                21.35391
              ],
              [
                105.448607,
                21.353887
              ],
              [
                105.448705,
                21.3542
              ],
              [
                105.448543,
                21.354237
              ],
              [
                105.448373,
                21.354282
              ],
              [
                105.448362,
                21.354284
              ],
              [
                105.448222,
                21.354341
              ],
              [
                105.448211,
                21.354345
              ],
              [
                105.448036,
                21.354429
              ],
              [
                105.447969,
                21.354469
              ],
              [
                105.447871,
                21.354555
              ],
              [
                105.447804,
                21.354614
              ],
              [
                105.447767,
                21.354643
              ],
              [
                105.447624,
                21.354733
              ],
              [
                105.447521,
                21.354793
              ],
              [
                105.447305,
                21.35491
              ],
              [
                105.447259,
                21.354937
              ],
              [
                105.447217,
                21.354961
              ],
              [
                105.447186,
                21.354979
              ],
              [
                105.447143,
                21.355014
              ],
              [
                105.447123,
                21.355029
              ],
              [
                105.447103,
                21.355044
              ],
              [
                105.447067,
                21.355063
              ],
              [
                105.447047,
                21.355074
              ],
              [
                105.446986,
                21.35511
              ],
              [
                105.446969,
                21.355114
              ],
              [
                105.446944,
                21.355118
              ],
              [
                105.44686,
                21.355138
              ],
              [
                105.446791,
                21.354986
              ],
              [
                105.446767,
                21.354931
              ],
              [
                105.446731,
                21.354836
              ],
              [
                105.446726,
                21.354821
              ],
              [
                105.446718,
                21.354806
              ],
              [
                105.446771,
                21.354786
              ],
              [
                105.446884,
                21.354749
              ],
              [
                105.446932,
                21.354668
              ],
              [
                105.447054,
                21.354566
              ],
              [
                105.447188,
                21.354458
              ],
              [
                105.447076,
                21.354396
              ],
              [
                105.446946,
                21.354186
              ],
              [
                105.44717,
                21.354047
              ],
              [
                105.447273,
                21.353971
              ],
              [
                105.447389,
                21.353703
              ],
              [
                105.447392,
                21.353594
              ],
              [
                105.447305,
                21.353588
              ],
              [
                105.447266,
                21.353587
              ],
              [
                105.44722,
                21.353596
              ],
              [
                105.447189,
                21.353613
              ],
              [
                105.447105,
                21.353632
              ],
              [
                105.447039,
                21.353645
              ],
              [
                105.446969,
                21.353639
              ],
              [
                105.446912,
                21.353625
              ],
              [
                105.446858,
                21.353604
              ],
              [
                105.446788,
                21.353575
              ],
              [
                105.446721,
                21.353545
              ],
              [
                105.446705,
                21.353542
              ],
              [
                105.446673,
                21.353532
              ],
              [
                105.446644,
                21.353526
              ],
              [
                105.446605,
                21.353525
              ],
              [
                105.446592,
                21.353521
              ],
              [
                105.446579,
                21.35352
              ],
              [
                105.446564,
                21.353524
              ],
              [
                105.446536,
                21.353535
              ],
              [
                105.446521,
                21.353553
              ],
              [
                105.446509,
                21.353564
              ],
              [
                105.446495,
                21.353592
              ],
              [
                105.446487,
                21.353638
              ],
              [
                105.446492,
                21.35368
              ],
              [
                105.446497,
                21.353728
              ],
              [
                105.446494,
                21.3538
              ],
              [
                105.44642,
                21.353898
              ],
              [
                105.446345,
                21.353979
              ],
              [
                105.446318,
                21.354001
              ],
              [
                105.446295,
                21.354001
              ],
              [
                105.446261,
                21.353992
              ],
              [
                105.446215,
                21.353971
              ],
              [
                105.446103,
                21.353972
              ],
              [
                105.445964,
                21.353975
              ],
              [
                105.445926,
                21.354024
              ],
              [
                105.446062,
                21.354384
              ],
              [
                105.446471,
                21.355464
              ],
              [
                105.446394,
                21.355818
              ],
              [
                105.44631,
                21.355852
              ],
              [
                105.446195,
                21.35593
              ],
              [
                105.446153,
                21.356208
              ],
              [
                105.446146,
                21.356284
              ],
              [
                105.446137,
                21.356351
              ],
              [
                105.446112,
                21.356529
              ],
              [
                105.446111,
                21.356538
              ],
              [
                105.446118,
                21.356612
              ],
              [
                105.446135,
                21.356839
              ],
              [
                105.446143,
                21.356937
              ],
              [
                105.446151,
                21.357035
              ],
              [
                105.446258,
                21.357154
              ],
              [
                105.44639,
                21.357263
              ],
              [
                105.446426,
                21.357371
              ],
              [
                105.446443,
                21.35752
              ],
              [
                105.446398,
                21.357968
              ],
              [
                105.446397,
                21.357984
              ],
              [
                105.446383,
                21.358066
              ],
              [
                105.44636,
                21.358206
              ],
              [
                105.446338,
                21.358307
              ],
              [
                105.446253,
                21.358485
              ],
              [
                105.446253,
                21.358486
              ],
              [
                105.446242,
                21.358493
              ],
              [
                105.446071,
                21.358628
              ],
              [
                105.446025,
                21.35876
              ],
              [
                105.446001,
                21.35883
              ],
              [
                105.445948,
                21.358986
              ],
              [
                105.445937,
                21.359022
              ],
              [
                105.445953,
                21.359047
              ],
              [
                105.445946,
                21.359061
              ],
              [
                105.445953,
                21.359068
              ],
              [
                105.445964,
                21.359076
              ],
              [
                105.445973,
                21.359081
              ],
              [
                105.445983,
                21.359086
              ],
              [
                105.446004,
                21.359099
              ],
              [
                105.446015,
                21.359112
              ],
              [
                105.446021,
                21.359121
              ],
              [
                105.446018,
                21.359131
              ],
              [
                105.446004,
                21.359176
              ],
              [
                105.445991,
                21.359199
              ],
              [
                105.445987,
                21.359233
              ],
              [
                105.445981,
                21.359257
              ],
              [
                105.445963,
                21.359324
              ],
              [
                105.445956,
                21.359351
              ],
              [
                105.445954,
                21.35946
              ],
              [
                105.445946,
                21.359574
              ],
              [
                105.445932,
                21.359729
              ],
              [
                105.445925,
                21.359839
              ],
              [
                105.445919,
                21.359932
              ],
              [
                105.445917,
                21.360036
              ],
              [
                105.445914,
                21.360117
              ],
              [
                105.445908,
                21.360173
              ],
              [
                105.445902,
                21.360201
              ],
              [
                105.445888,
                21.360235
              ],
              [
                105.445872,
                21.360259
              ],
              [
                105.445848,
                21.360283
              ],
              [
                105.445814,
                21.360305
              ],
              [
                105.445763,
                21.360345
              ],
              [
                105.445655,
                21.36039
              ],
              [
                105.445585,
                21.360419
              ],
              [
                105.445493,
                21.360459
              ],
              [
                105.445481,
                21.360471
              ],
              [
                105.445478,
                21.360485
              ],
              [
                105.445467,
                21.360535
              ],
              [
                105.445463,
                21.360544
              ],
              [
                105.445447,
                21.360578
              ],
              [
                105.445433,
                21.360653
              ],
              [
                105.445422,
                21.360711
              ],
              [
                105.4454,
                21.360778
              ],
              [
                105.445371,
                21.360836
              ],
              [
                105.445335,
                21.360918
              ],
              [
                105.445325,
                21.36096
              ],
              [
                105.44532,
                21.360995
              ],
              [
                105.445321,
                21.361015
              ],
              [
                105.445321,
                21.361031
              ],
              [
                105.445335,
                21.361053
              ],
              [
                105.44534,
                21.361082
              ],
              [
                105.44534,
                21.361136
              ],
              [
                105.44534,
                21.361197
              ],
              [
                105.445328,
                21.36121
              ],
              [
                105.4453,
                21.361211
              ],
              [
                105.4453,
                21.361235
              ],
              [
                105.445306,
                21.361244
              ],
              [
                105.445355,
                21.361319
              ],
              [
                105.445491,
                21.361609
              ],
              [
                105.44551,
                21.361903
              ],
              [
                105.445498,
                21.362058
              ],
              [
                105.445481,
                21.362202
              ],
              [
                105.44546,
                21.362415
              ],
              [
                105.445438,
                21.362561
              ],
              [
                105.445408,
                21.362671
              ],
              [
                105.445395,
                21.362716
              ],
              [
                105.44537,
                21.362785
              ],
              [
                105.445338,
                21.362862
              ],
              [
                105.445306,
                21.362963
              ],
              [
                105.44528,
                21.363147
              ],
              [
                105.445261,
                21.363224
              ],
              [
                105.445261,
                21.363404
              ],
              [
                105.445278,
                21.363608
              ],
              [
                105.445278,
                21.36371
              ],
              [
                105.445278,
                21.36372
              ],
              [
                105.445263,
                21.363807
              ],
              [
                105.44524,
                21.363945
              ],
              [
                105.445243,
                21.364011
              ],
              [
                105.44524,
                21.364123
              ],
              [
                105.445247,
                21.364178
              ],
              [
                105.445263,
                21.36428
              ],
              [
                105.4453,
                21.364523
              ],
              [
                105.445313,
                21.364634
              ],
              [
                105.445303,
                21.364635
              ],
              [
                105.445108,
                21.364654
              ],
              [
                105.444961,
                21.364646
              ],
              [
                105.444947,
                21.364664
              ],
              [
                105.4448,
                21.364609
              ],
              [
                105.444778,
                21.364629
              ],
              [
                105.444782,
                21.36473
              ],
              [
                105.444747,
                21.364811
              ],
              [
                105.444705,
                21.36489
              ],
              [
                105.444655,
                21.364869
              ],
              [
                105.444553,
                21.364791
              ],
              [
                105.444487,
                21.364903
              ],
              [
                105.444435,
                21.36499
              ],
              [
                105.444393,
                21.365062
              ],
              [
                105.444309,
                21.365168
              ],
              [
                105.444049,
                21.365633
              ],
              [
                105.443954,
                21.36561
              ],
              [
                105.443853,
                21.365576
              ],
              [
                105.443799,
                21.365758
              ],
              [
                105.443907,
                21.365787
              ],
              [
                105.444398,
                21.365912
              ],
              [
                105.44459,
                21.365952
              ],
              [
                105.444735,
                21.365966
              ],
              [
                105.444841,
                21.36597
              ],
              [
                105.444941,
                21.365975
              ],
              [
                105.445023,
                21.365998
              ],
              [
                105.445082,
                21.366023
              ],
              [
                105.445133,
                21.366067
              ],
              [
                105.445179,
                21.366124
              ],
              [
                105.445157,
                21.36619
              ],
              [
                105.445097,
                21.366412
              ],
              [
                105.445071,
                21.366448
              ],
              [
                105.445029,
                21.366492
              ],
              [
                105.444976,
                21.36654
              ],
              [
                105.444919,
                21.36663
              ],
              [
                105.444745,
                21.366893
              ],
              [
                105.444659,
                21.366994
              ],
              [
                105.444586,
                21.367054
              ],
              [
                105.444549,
                21.367084
              ],
              [
                105.444539,
                21.367126
              ],
              [
                105.444537,
                21.367199
              ],
              [
                105.444548,
                21.367245
              ],
              [
                105.444622,
                21.367394
              ],
              [
                105.444669,
                21.367507
              ],
              [
                105.444681,
                21.367593
              ],
              [
                105.444848,
                21.367676
              ],
              [
                105.445056,
                21.367683
              ],
              [
                105.445186,
                21.367732
              ],
              [
                105.445228,
                21.367802
              ],
              [
                105.445221,
                21.367864
              ],
              [
                105.445181,
                21.367946
              ],
              [
                105.445158,
                21.368093
              ],
              [
                105.445138,
                21.368263
              ],
              [
                105.445134,
                21.368387
              ],
              [
                105.44513,
                21.36843
              ],
              [
                105.445147,
                21.368513
              ],
              [
                105.445129,
                21.368558
              ],
              [
                105.445127,
                21.368561
              ],
              [
                105.445118,
                21.36857
              ],
              [
                105.445102,
                21.368579
              ],
              [
                105.445085,
                21.368586
              ],
              [
                105.445072,
                21.36859
              ],
              [
                105.445061,
                21.368593
              ],
              [
                105.445048,
                21.368599
              ],
              [
                105.444684,
                21.369401
              ],
              [
                105.444664,
                21.369436
              ],
              [
                105.444569,
                21.36964
              ],
              [
                105.444608,
                21.369805
              ],
              [
                105.444607,
                21.369813
              ],
              [
                105.444673,
                21.369835
              ],
              [
                105.44463,
                21.370073
              ],
              [
                105.444628,
                21.370158
              ],
              [
                105.444658,
                21.37016
              ],
              [
                105.444688,
                21.370188
              ],
              [
                105.444763,
                21.370345
              ],
              [
                105.444771,
                21.370348
              ],
              [
                105.444776,
                21.370347
              ],
              [
                105.444791,
                21.370346
              ],
              [
                105.444823,
                21.370446
              ],
              [
                105.444809,
                21.370448
              ],
              [
                105.444819,
                21.370511
              ],
              [
                105.444756,
                21.370528
              ],
              [
                105.444717,
                21.370556
              ],
              [
                105.444722,
                21.370559
              ],
              [
                105.444738,
                21.370626
              ],
              [
                105.44485,
                21.370622
              ],
              [
                105.444883,
                21.370754
              ],
              [
                105.44491,
                21.370803
              ],
              [
                105.444969,
                21.371095
              ],
              [
                105.445012,
                21.371107
              ],
              [
                105.445073,
                21.371125
              ],
              [
                105.445199,
                21.371305
              ],
              [
                105.445332,
                21.371465
              ],
              [
                105.44536,
                21.371484
              ],
              [
                105.44553,
                21.371484
              ],
              [
                105.445685,
                21.371438
              ],
              [
                105.445826,
                21.371415
              ],
              [
                105.446062,
                21.371383
              ],
              [
                105.446216,
                21.371417
              ],
              [
                105.446322,
                21.371466
              ],
              [
                105.446407,
                21.371556
              ],
              [
                105.446713,
                21.371983
              ],
              [
                105.446911,
                21.372257
              ],
              [
                105.446919,
                21.372258
              ],
              [
                105.44702,
                21.372277
              ],
              [
                105.447196,
                21.372338
              ],
              [
                105.447342,
                21.372391
              ],
              [
                105.447423,
                21.372411
              ],
              [
                105.44749,
                21.372418
              ],
              [
                105.447623,
                21.372403
              ],
              [
                105.447824,
                21.372353
              ],
              [
                105.448153,
                21.372275
              ],
              [
                105.448296,
                21.372221
              ],
              [
                105.448417,
                21.372162
              ],
              [
                105.448593,
                21.372068
              ],
              [
                105.448778,
                21.371983
              ],
              [
                105.448882,
                21.371942
              ],
              [
                105.448942,
                21.371931
              ],
              [
                105.449078,
                21.371931
              ],
              [
                105.449056,
                21.372222
              ],
              [
                105.449081,
                21.37258
              ],
              [
                105.449151,
                21.372785
              ],
              [
                105.449342,
                21.373077
              ],
              [
                105.449593,
                21.373346
              ],
              [
                105.449669,
                21.373413
              ],
              [
                105.449813,
                21.373644
              ],
              [
                105.449979,
                21.373935
              ],
              [
                105.449979,
                21.373935
              ],
              [
                105.449944,
                21.373994
              ],
              [
                105.449909,
                21.374029
              ],
              [
                105.449839,
                21.374102
              ],
              [
                105.449487,
                21.374358
              ],
              [
                105.449296,
                21.37451
              ],
              [
                105.449175,
                21.374626
              ],
              [
                105.449111,
                21.374704
              ],
              [
                105.449071,
                21.374724
              ],
              [
                105.448959,
                21.374793
              ],
              [
                105.449216,
                21.375468
              ],
              [
                105.449404,
                21.376078
              ],
              [
                105.449105,
                21.376199
              ],
              [
                105.449027,
                21.376283
              ],
              [
                105.44899,
                21.376334
              ],
              [
                105.448957,
                21.376359
              ],
              [
                105.448898,
                21.376396
              ],
              [
                105.448862,
                21.376493
              ],
              [
                105.448858,
                21.376577
              ],
              [
                105.44885,
                21.376703
              ],
              [
                105.448706,
                21.377147
              ],
              [
                105.448681,
                21.377142
              ],
              [
                105.44862,
                21.377212
              ],
              [
                105.448622,
                21.377255
              ],
              [
                105.448643,
                21.377287
              ],
              [
                105.448691,
                21.377326
              ],
              [
                105.448657,
                21.377358
              ],
              [
                105.448556,
                21.377499
              ],
              [
                105.448442,
                21.37764
              ],
              [
                105.448366,
                21.377701
              ],
              [
                105.448306,
                21.377739
              ],
              [
                105.448353,
                21.377877
              ],
              [
                105.448401,
                21.377908
              ],
              [
                105.448396,
                21.377946
              ],
              [
                105.448383,
                21.377966
              ],
              [
                105.4491,
                21.380062
              ],
              [
                105.449013,
                21.380112
              ],
              [
                105.448571,
                21.380367
              ],
              [
                105.448507,
                21.380302
              ],
              [
                105.448435,
                21.380227
              ],
              [
                105.448345,
                21.380024
              ],
              [
                105.448301,
                21.379931
              ],
              [
                105.44818,
                21.37965
              ],
              [
                105.448162,
                21.379619
              ],
              [
                105.448143,
                21.379567
              ],
              [
                105.44811,
                21.379458
              ],
              [
                105.448065,
                21.379361
              ],
              [
                105.448024,
                21.379284
              ],
              [
                105.448007,
                21.379225
              ],
              [
                105.447958,
                21.379112
              ],
              [
                105.447911,
                21.378952
              ],
              [
                105.447899,
                21.378822
              ],
              [
                105.447916,
                21.378713
              ],
              [
                105.447921,
                21.37861
              ],
              [
                105.447956,
                21.378461
              ],
              [
                105.447976,
                21.37835
              ],
              [
                105.448031,
                21.37831
              ],
              [
                105.448139,
                21.378251
              ],
              [
                105.448057,
                21.378139
              ],
              [
                105.447978,
                21.378052
              ],
              [
                105.447885,
                21.378171
              ],
              [
                105.447788,
                21.378255
              ],
              [
                105.447741,
                21.378328
              ],
              [
                105.447714,
                21.378412
              ],
              [
                105.447684,
                21.378543
              ],
              [
                105.447686,
                21.378639
              ],
              [
                105.447687,
                21.378718
              ],
              [
                105.447667,
                21.378807
              ],
              [
                105.447603,
                21.37885
              ],
              [
                105.447527,
                21.378895
              ],
              [
                105.447404,
                21.378901
              ],
              [
                105.447337,
                21.378904
              ],
              [
                105.447254,
                21.378866
              ],
              [
                105.447075,
                21.378763
              ],
              [
                105.447028,
                21.378748
              ],
              [
                105.44672,
                21.378635
              ],
              [
                105.446654,
                21.378607
              ],
              [
                105.446412,
                21.378503
              ],
              [
                105.4464,
                21.378501
              ],
              [
                105.446315,
                21.378421
              ],
              [
                105.446228,
                21.378345
              ],
              [
                105.446055,
                21.378199
              ],
              [
                105.445938,
                21.378047
              ],
              [
                105.445818,
                21.377873
              ],
              [
                105.445764,
                21.377905
              ],
              [
                105.445658,
                21.377964
              ],
              [
                105.445552,
                21.378095
              ],
              [
                105.445535,
                21.378133
              ],
              [
                105.44548,
                21.378074
              ],
              [
                105.445356,
                21.378221
              ],
              [
                105.44519,
                21.378176
              ],
              [
                105.445105,
                21.378124
              ],
              [
                105.445051,
                21.378199
              ],
              [
                105.445048,
                21.378337
              ],
              [
                105.44485,
                21.378361
              ],
              [
                105.444841,
                21.378398
              ],
              [
                105.444806,
                21.378555
              ],
              [
                105.444792,
                21.378602
              ],
              [
                105.44475,
                21.378703
              ],
              [
                105.444745,
                21.378716
              ],
              [
                105.444777,
                21.378776
              ],
              [
                105.444921,
                21.378826
              ],
              [
                105.445073,
                21.378867
              ],
              [
                105.445294,
                21.3789
              ],
              [
                105.445419,
                21.378938
              ],
              [
                105.445394,
                21.379025
              ],
              [
                105.445433,
                21.37904
              ],
              [
                105.445585,
                21.379051
              ],
              [
                105.445606,
                21.379062
              ],
              [
                105.445631,
                21.379091
              ],
              [
                105.445796,
                21.37903
              ],
              [
                105.445802,
                21.378935
              ],
              [
                105.445866,
                21.378869
              ],
              [
                105.44605,
                21.378847
              ],
              [
                105.446256,
                21.378862
              ],
              [
                105.446402,
                21.378897
              ],
              [
                105.446479,
                21.378943
              ],
              [
                105.446502,
                21.378955
              ],
              [
                105.446535,
                21.378979
              ],
              [
                105.446626,
                21.378982
              ],
              [
                105.446785,
                21.379046
              ],
              [
                105.446906,
                21.379105
              ],
              [
                105.446993,
                21.379163
              ],
              [
                105.447076,
                21.379233
              ],
              [
                105.447103,
                21.37927
              ],
              [
                105.447144,
                21.379344
              ],
              [
                105.447166,
                21.37937
              ],
              [
                105.447206,
                21.379403
              ],
              [
                105.447253,
                21.379432
              ],
              [
                105.447288,
                21.379445
              ],
              [
                105.447346,
                21.379452
              ],
              [
                105.447493,
                21.379435
              ],
              [
                105.447575,
                21.379443
              ],
              [
                105.447642,
                21.379463
              ],
              [
                105.447709,
                21.379497
              ],
              [
                105.447777,
                21.379563
              ],
              [
                105.447851,
                21.379643
              ],
              [
                105.447944,
                21.379781
              ],
              [
                105.447971,
                21.379843
              ],
              [
                105.448048,
                21.379959
              ],
              [
                105.448187,
                21.380133
              ],
              [
                105.448284,
                21.380256
              ],
              [
                105.448415,
                21.380405
              ],
              [
                105.448587,
                21.38056
              ],
              [
                105.44863,
                21.380599
              ],
              [
                105.448525,
                21.38075
              ],
              [
                105.448427,
                21.38085
              ],
              [
                105.448345,
                21.380881
              ],
              [
                105.448268,
                21.380871
              ],
              [
                105.448184,
                21.380788
              ],
              [
                105.448016,
                21.380608
              ],
              [
                105.447937,
                21.38045
              ],
              [
                105.447891,
                21.380331
              ],
              [
                105.447753,
                21.380131
              ],
              [
                105.447652,
                21.380065
              ],
              [
                105.447561,
                21.380026
              ],
              [
                105.447466,
                21.380016
              ],
              [
                105.44732,
                21.380021
              ],
              [
                105.447187,
                21.380034
              ],
              [
                105.447085,
                21.380031
              ],
              [
                105.447048,
                21.380022
              ],
              [
                105.446987,
                21.379941
              ],
              [
                105.44695,
                21.379913
              ],
              [
                105.446896,
                21.379895
              ],
              [
                105.446835,
                21.37986
              ],
              [
                105.446708,
                21.379726
              ],
              [
                105.446635,
                21.379665
              ],
              [
                105.446563,
                21.379588
              ],
              [
                105.446516,
                21.379552
              ],
              [
                105.446298,
                21.379453
              ],
              [
                105.445956,
                21.379309
              ],
              [
                105.445945,
                21.37933
              ],
              [
                105.445906,
                21.37934
              ],
              [
                105.445852,
                21.379339
              ],
              [
                105.445781,
                21.379323
              ],
              [
                105.445711,
                21.379289
              ],
              [
                105.445618,
                21.379227
              ],
              [
                105.445575,
                21.379214
              ],
              [
                105.445522,
                21.379209
              ],
              [
                105.445482,
                21.37921
              ],
              [
                105.445417,
                21.37921
              ],
              [
                105.44532,
                21.379208
              ],
              [
                105.444832,
                21.37943
              ],
              [
                105.444879,
                21.379515
              ],
              [
                105.444775,
                21.379857
              ],
              [
                105.444688,
                21.379864
              ],
              [
                105.444433,
                21.37992
              ],
              [
                105.443973,
                21.380192
              ],
              [
                105.444039,
                21.380283
              ],
              [
                105.444105,
                21.380245
              ],
              [
                105.444178,
                21.380335
              ],
              [
                105.444248,
                21.380419
              ],
              [
                105.444144,
                21.380528
              ],
              [
                105.444199,
                21.380574
              ],
              [
                105.444312,
                21.380489
              ],
              [
                105.444442,
                21.38043
              ],
              [
                105.444444,
                21.380494
              ],
              [
                105.444395,
                21.380616
              ],
              [
                105.444419,
                21.380813
              ],
              [
                105.444425,
                21.381176
              ],
              [
                105.44446,
                21.381336
              ],
              [
                105.444459,
                21.381412
              ],
              [
                105.44444,
                21.381468
              ],
              [
                105.444356,
                21.381537
              ],
              [
                105.444233,
                21.381628
              ],
              [
                105.444062,
                21.381692
              ],
              [
                105.443926,
                21.381795
              ],
              [
                105.443861,
                21.38182
              ],
              [
                105.443758,
                21.38182
              ],
              [
                105.443586,
                21.381777
              ],
              [
                105.443361,
                21.381721
              ],
              [
                105.443108,
                21.382161
              ],
              [
                105.442999,
                21.38215
              ],
              [
                105.44296,
                21.382344
              ],
              [
                105.442875,
                21.382323
              ],
              [
                105.442831,
                21.382611
              ],
              [
                105.442826,
                21.382781
              ],
              [
                105.442979,
                21.382825
              ],
              [
                105.442978,
                21.382868
              ],
              [
                105.442869,
                21.383201
              ],
              [
                105.442989,
                21.383253
              ],
              [
                105.443026,
                21.383311
              ],
              [
                105.443351,
                21.383327
              ],
              [
                105.443703,
                21.383273
              ],
              [
                105.443699,
                21.383675
              ],
              [
                105.443843,
                21.383739
              ],
              [
                105.443968,
                21.383659
              ],
              [
                105.44422,
                21.383623
              ],
              [
                105.444415,
                21.383482
              ],
              [
                105.44444,
                21.383416
              ],
              [
                105.444595,
                21.383518
              ],
              [
                105.444815,
                21.383665
              ],
              [
                105.445067,
                21.383923
              ],
              [
                105.445338,
                21.384143
              ],
              [
                105.445605,
                21.384275
              ],
              [
                105.445851,
                21.384365
              ],
              [
                105.446093,
                21.384477
              ],
              [
                105.446281,
                21.384561
              ],
              [
                105.446582,
                21.384685
              ],
              [
                105.446958,
                21.384883
              ],
              [
                105.446913,
                21.38498
              ],
              [
                105.446828,
                21.385071
              ],
              [
                105.446723,
                21.385183
              ],
              [
                105.446662,
                21.385257
              ],
              [
                105.446557,
                21.385368
              ],
              [
                105.446559,
                21.385385
              ],
              [
                105.446567,
                21.385386
              ],
              [
                105.446576,
                21.385391
              ],
              [
                105.446663,
                21.385478
              ],
              [
                105.446707,
                21.385525
              ],
              [
                105.446758,
                21.385594
              ],
              [
                105.446793,
                21.385651
              ],
              [
                105.446795,
                21.385677
              ],
              [
                105.446807,
                21.385699
              ],
              [
                105.446847,
                21.385743
              ],
              [
                105.446874,
                21.385761
              ],
              [
                105.446893,
                21.385735
              ],
              [
                105.446988,
                21.385664
              ],
              [
                105.447121,
                21.385616
              ],
              [
                105.447135,
                21.385616
              ],
              [
                105.447217,
                21.385522
              ],
              [
                105.447292,
                21.385484
              ],
              [
                105.447611,
                21.385445
              ],
              [
                105.447755,
                21.385416
              ],
              [
                105.448122,
                21.385314
              ],
              [
                105.448143,
                21.385296
              ],
              [
                105.448152,
                21.385263
              ],
              [
                105.448155,
                21.385178
              ],
              [
                105.448139,
                21.385091
              ],
              [
                105.448106,
                21.385049
              ],
              [
                105.448058,
                21.385018
              ],
              [
                105.447858,
                21.384952
              ],
              [
                105.447699,
                21.384923
              ],
              [
                105.447666,
                21.384938
              ],
              [
                105.447633,
                21.384994
              ],
              [
                105.447509,
                21.384881
              ],
              [
                105.44744,
                21.384821
              ],
              [
                105.447454,
                21.38474
              ],
              [
                105.447495,
                21.384666
              ],
              [
                105.447572,
                21.384565
              ],
              [
                105.447626,
                21.384524
              ],
              [
                105.447872,
                21.384317
              ],
              [
                105.447916,
                21.384294
              ],
              [
                105.448003,
                21.384256
              ],
              [
                105.448076,
                21.384295
              ],
              [
                105.448452,
                21.384757
              ],
              [
                105.448554,
                21.3851
              ],
              [
                105.448611,
                21.385111
              ],
              [
                105.448639,
                21.385134
              ],
              [
                105.448635,
                21.385406
              ],
              [
                105.448636,
                21.385459
              ],
              [
                105.448651,
                21.385573
              ],
              [
                105.448665,
                21.385626
              ],
              [
                105.448697,
                21.385671
              ],
              [
                105.448862,
                21.386055
              ],
              [
                105.44894,
                21.386233
              ],
              [
                105.448965,
                21.38636
              ],
              [
                105.448965,
                21.386473
              ],
              [
                105.448954,
                21.386533
              ],
              [
                105.448784,
                21.386621
              ],
              [
                105.448721,
                21.386778
              ],
              [
                105.448649,
                21.386908
              ],
              [
                105.448617,
                21.387
              ],
              [
                105.44859,
                21.387102
              ],
              [
                105.44859,
                21.387364
              ],
              [
                105.448601,
                21.387462
              ],
              [
                105.448592,
                21.387545
              ],
              [
                105.448455,
                21.388092
              ],
              [
                105.448416,
                21.388198
              ],
              [
                105.448398,
                21.388253
              ],
              [
                105.448404,
                21.388353
              ],
              [
                105.448408,
                21.388359
              ],
              [
                105.44867,
                21.38827
              ],
              [
                105.44882,
                21.388661
              ],
              [
                105.448846,
                21.388762
              ],
              [
                105.448862,
                21.388876
              ],
              [
                105.44888,
                21.389006
              ],
              [
                105.448871,
                21.389302
              ],
              [
                105.448905,
                21.389606
              ],
              [
                105.448916,
                21.389707
              ],
              [
                105.44894,
                21.389748
              ],
              [
                105.448965,
                21.389762
              ],
              [
                105.448995,
                21.389766
              ],
              [
                105.449001,
                21.389794
              ],
              [
                105.449015,
                21.389836
              ],
              [
                105.449,
                21.389916
              ],
              [
                105.449001,
                21.390127
              ],
              [
                105.449012,
                21.390236
              ],
              [
                105.449043,
                21.390361
              ],
              [
                105.44906,
                21.390436
              ],
              [
                105.449084,
                21.390529
              ],
              [
                105.449097,
                21.390634
              ],
              [
                105.449104,
                21.390783
              ],
              [
                105.449093,
                21.390924
              ],
              [
                105.449084,
                21.391012
              ],
              [
                105.449067,
                21.391169
              ],
              [
                105.449049,
                21.391312
              ],
              [
                105.449024,
                21.391437
              ],
              [
                105.449114,
                21.391457
              ],
              [
                105.449197,
                21.391491
              ],
              [
                105.449213,
                21.391494
              ],
              [
                105.449226,
                21.391501
              ],
              [
                105.449221,
                21.391609
              ],
              [
                105.449197,
                21.3917
              ],
              [
                105.449217,
                21.391756
              ],
              [
                105.449229,
                21.391769
              ],
              [
                105.449278,
                21.391753
              ],
              [
                105.449393,
                21.391728
              ],
              [
                105.449489,
                21.391709
              ],
              [
                105.449513,
                21.391705
              ],
              [
                105.449606,
                21.391689
              ],
              [
                105.449629,
                21.391684
              ],
              [
                105.449718,
                21.391734
              ],
              [
                105.449714,
                21.39182
              ],
              [
                105.449681,
                21.391938
              ],
              [
                105.44972,
                21.392006
              ],
              [
                105.449851,
                21.391926
              ],
              [
                105.449862,
                21.391944
              ],
              [
                105.449872,
                21.391955
              ],
              [
                105.449916,
                21.392153
              ],
              [
                105.449971,
                21.39241
              ],
              [
                105.450042,
                21.392347
              ],
              [
                105.4501,
                21.392296
              ],
              [
                105.450294,
                21.392125
              ],
              [
                105.450315,
                21.392113
              ],
              [
                105.450429,
                21.392145
              ],
              [
                105.45062,
                21.392078
              ],
              [
                105.450739,
                21.392022
              ],
              [
                105.450909,
                21.391942
              ],
              [
                105.450945,
                21.391926
              ],
              [
                105.451005,
                21.391994
              ],
              [
                105.451146,
                21.39235
              ],
              [
                105.451342,
                21.392824
              ],
              [
                105.451631,
                21.393746
              ],
              [
                105.451807,
                21.394046
              ],
              [
                105.451856,
                21.394197
              ],
              [
                105.451967,
                21.394316
              ],
              [
                105.452033,
                21.394363
              ],
              [
                105.452056,
                21.394334
              ],
              [
                105.452111,
                21.394383
              ],
              [
                105.452364,
                21.394581
              ],
              [
                105.452502,
                21.394685
              ],
              [
                105.452568,
                21.394735
              ],
              [
                105.452584,
                21.394756
              ],
              [
                105.452582,
                21.394821
              ],
              [
                105.452548,
                21.394989
              ],
              [
                105.452526,
                21.395173
              ],
              [
                105.452535,
                21.395324
              ],
              [
                105.452556,
                21.395369
              ],
              [
                105.452609,
                21.395425
              ],
              [
                105.452739,
                21.395561
              ],
              [
                105.452853,
                21.395689
              ],
              [
                105.453036,
                21.395756
              ],
              [
                105.45322,
                21.39579
              ],
              [
                105.453462,
                21.395785
              ],
              [
                105.453725,
                21.395766
              ],
              [
                105.453956,
                21.395755
              ],
              [
                105.453997,
                21.395759
              ],
              [
                105.454101,
                21.395764
              ],
              [
                105.454169,
                21.395789
              ],
              [
                105.4542,
                21.395814
              ],
              [
                105.454207,
                21.395857
              ],
              [
                105.454205,
                21.39587
              ],
              [
                105.45419,
                21.395894
              ],
              [
                105.454168,
                21.395921
              ],
              [
                105.454104,
                21.395972
              ],
              [
                105.45403,
                21.396002
              ],
              [
                105.453959,
                21.396029
              ],
              [
                105.453818,
                21.396064
              ],
              [
                105.453687,
                21.39609
              ],
              [
                105.45351,
                21.396143
              ],
              [
                105.453405,
                21.39617
              ],
              [
                105.453334,
                21.396203
              ],
              [
                105.453309,
                21.396214
              ],
              [
                105.453249,
                21.396274
              ],
              [
                105.453197,
                21.396332
              ],
              [
                105.453189,
                21.396453
              ],
              [
                105.453222,
                21.396611
              ],
              [
                105.453256,
                21.396684
              ],
              [
                105.45337,
                21.396806
              ],
              [
                105.453527,
                21.396908
              ],
              [
                105.454095,
                21.397273
              ],
              [
                105.454179,
                21.397343
              ],
              [
                105.454312,
                21.397333
              ],
              [
                105.454406,
                21.397327
              ],
              [
                105.454624,
                21.397277
              ],
              [
                105.454681,
                21.397284
              ],
              [
                105.45479,
                21.397324
              ],
              [
                105.454871,
                21.397378
              ],
              [
                105.454972,
                21.397486
              ],
              [
                105.455126,
                21.397713
              ],
              [
                105.455403,
                21.397974
              ],
              [
                105.455583,
                21.398132
              ],
              [
                105.455704,
                21.398231
              ],
              [
                105.455825,
                21.398296
              ],
              [
                105.455923,
                21.398338
              ],
              [
                105.456119,
                21.398475
              ],
              [
                105.456339,
                21.39864
              ],
              [
                105.456757,
                21.39895
              ],
              [
                105.456945,
                21.399046
              ],
              [
                105.457044,
                21.399094
              ],
              [
                105.457201,
                21.399132
              ],
              [
                105.457357,
                21.399147
              ],
              [
                105.457466,
                21.399173
              ],
              [
                105.457533,
                21.399212
              ],
              [
                105.457686,
                21.399382
              ],
              [
                105.458112,
                21.399859
              ],
              [
                105.458479,
                21.400281
              ],
              [
                105.458631,
                21.40015
              ],
              [
                105.459183,
                21.399664
              ],
              [
                105.45935,
                21.399813
              ],
              [
                105.459417,
                21.399883
              ],
              [
                105.459666,
                21.399893
              ],
              [
                105.459729,
                21.399885
              ],
              [
                105.459794,
                21.399871
              ],
              [
                105.459868,
                21.399887
              ],
              [
                105.459911,
                21.399927
              ],
              [
                105.459945,
                21.399976
              ],
              [
                105.459965,
                21.399996
              ],
              [
                105.459979,
                21.400001
              ],
              [
                105.460077,
                21.399995
              ],
              [
                105.460149,
                21.400002
              ],
              [
                105.460196,
                21.400022
              ],
              [
                105.460215,
                21.400025
              ],
              [
                105.460237,
                21.400115
              ],
              [
                105.460304,
                21.400115
              ],
              [
                105.460362,
                21.400122
              ],
              [
                105.460401,
                21.400141
              ],
              [
                105.460462,
                21.400195
              ],
              [
                105.460544,
                21.400233
              ],
              [
                105.460658,
                21.400265
              ],
              [
                105.460826,
                21.400328
              ],
              [
                105.460991,
                21.400243
              ],
              [
                105.460991,
                21.400243
              ]
            ]
          ]
        ]
      },
      "properties": {
        "code": "08842",
        "name": "Tiên Lữ",
        "nameEn": "Tien Lu",
        "fullName": "Xã Tiên Lữ",
        "fullNameEn": "Tien Lu Commune",
        "codeName": "tien_lu",
        "postalCode": "15424",
        "postalCodePrefix": "",
        "gisServerId": "diaphanhanhchinhcapxa_2025.1616",
        "areaKm2": 31.8
      }
    }
  ]
}