{
  "type": "FeatureCollection",
  "bbox": [
    105.443908,
    21.225438,
    105.488168,
    21.304524
  ],
  "features": [
    {
      "type": "Feature",
      "id": "09106",
      "bbox": [
        105.443908,
        21.225438,
        105.488168,
        21.304524
      ],
      "geometry": {
        "type": "MultiPolygon",
        "coordinates": [
          [
            [
              [
                105.474637,
                21.300861
              ],
              [
                105.474788,
                21.300613
              ],
              [
                105.47483,
                21.300635
              ],
              [
                105.474981,
                21.300377
              ],
              [
                105.475002,
                21.300316
              ],
              [
                105.475016,
                21.300275
              ],
              [
                105.475003,
                21.30022
              ],
              [
                105.475012,
                21.300165
              ],
              [
                105.475084,
                21.30005
              ],
              [
                105.475081,
                21.300037
              ],
              [
                105.475073,
                21.299915
              ],
              [
                105.475019,
                21.299821
              ],
              [
                105.474757,
                21.29952
              ],
              [
                105.474557,
                21.299377
              ],
              [
                105.474288,
                21.299198
              ],
              [
                105.474157,
                21.299054
              ],
              [
                105.474041,
                21.298925
              ],
              [
                105.473818,
                21.298775
              ],
              [
                105.473526,
                21.298653
              ],
              [
                105.473364,
                21.298524
              ],
              [
                105.473142,
                21.298453
              ],
              [
                105.472865,
                21.298461
              ],
              [
                105.472481,
                21.298433
              ],
              [
                105.472036,
                21.298327
              ],
              [
                105.471598,
                21.298148
              ],
              [
                105.471408,
                21.298025
              ],
              [
                105.471337,
                21.298007
              ],
              [
                105.471578,
                21.297858
              ],
              [
                105.471743,
                21.297734
              ],
              [
                105.471753,
                21.297727
              ],
              [
                105.471849,
                21.297654
              ],
              [
                105.472183,
                21.297376
              ],
              [
                105.472016,
                21.297214
              ],
              [
                105.471746,
                21.296949
              ],
              [
                105.471505,
                21.296634
              ],
              [
                105.471347,
                21.296432
              ],
              [
                105.471317,
                21.296452
              ],
              [
                105.471251,
                21.296409
              ],
              [
                105.47095,
                21.295974
              ],
              [
                105.470883,
                21.295921
              ],
              [
                105.470843,
                21.295885
              ],
              [
                105.470798,
                21.29587
              ],
              [
                105.470889,
                21.295637
              ],
              [
                105.47097,
                21.295476
              ],
              [
                105.470996,
                21.295401
              ],
              [
                105.47101,
                21.295361
              ],
              [
                105.47104,
                21.295274
              ],
              [
                105.471262,
                21.294695
              ],
              [
                105.471322,
                21.294672
              ],
              [
                105.471326,
                21.294663
              ],
              [
                105.471349,
                21.294599
              ],
              [
                105.471356,
                21.294531
              ],
              [
                105.471364,
                21.294489
              ],
              [
                105.471375,
                21.294467
              ],
              [
                105.471395,
                21.294445
              ],
              [
                105.471427,
                21.294415
              ],
              [
                105.471519,
                21.294351
              ],
              [
                105.471535,
                21.294331
              ],
              [
                105.471533,
                21.294321
              ],
              [
                105.471512,
                21.294231
              ],
              [
                105.471511,
                21.294159
              ],
              [
                105.471543,
                21.294066
              ],
              [
                105.471575,
                21.294002
              ],
              [
                105.471603,
                21.293969
              ],
              [
                105.471659,
                21.293909
              ],
              [
                105.471659,
                21.293891
              ],
              [
                105.471688,
                21.293789
              ],
              [
                105.471697,
                21.293753
              ],
              [
                105.471695,
                21.293731
              ],
              [
                105.471675,
                21.2937
              ],
              [
                105.471645,
                21.293675
              ],
              [
                105.471753,
                21.29341
              ],
              [
                105.471404,
                21.293385
              ],
              [
                105.471409,
                21.293341
              ],
              [
                105.471412,
                21.293012
              ],
              [
                105.47139,
                21.293004
              ],
              [
                105.471377,
                21.293006
              ],
              [
                105.471366,
                21.293009
              ],
              [
                105.471153,
                21.293073
              ],
              [
                105.471126,
                21.292786
              ],
              [
                105.47111,
                21.292531
              ],
              [
                105.47107,
                21.29198
              ],
              [
                105.470928,
                21.290114
              ],
              [
                105.470977,
                21.290105
              ],
              [
                105.470973,
                21.289671
              ],
              [
                105.47084,
                21.289698
              ],
              [
                105.470823,
                21.289698
              ],
              [
                105.470811,
                21.289698
              ],
              [
                105.470797,
                21.289698
              ],
              [
                105.470766,
                21.289691
              ],
              [
                105.470654,
                21.289636
              ],
              [
                105.4706,
                21.289604
              ],
              [
                105.470573,
                21.289584
              ],
              [
                105.470547,
                21.289564
              ],
              [
                105.47053,
                21.289551
              ],
              [
                105.470476,
                21.289584
              ],
              [
                105.470434,
                21.289588
              ],
              [
                105.469947,
                21.289609
              ],
              [
                105.46983,
                21.289539
              ],
              [
                105.469523,
                21.289033
              ],
              [
                105.469134,
                21.28837
              ],
              [
                105.468884,
                21.287972
              ],
              [
                105.468738,
                21.287706
              ],
              [
                105.470513,
                21.287617
              ],
              [
                105.470587,
                21.287484
              ],
              [
                105.470641,
                21.287414
              ],
              [
                105.470664,
                21.287356
              ],
              [
                105.470671,
                21.287338
              ],
              [
                105.470672,
                21.287273
              ],
              [
                105.470666,
                21.287203
              ],
              [
                105.470657,
                21.287154
              ],
              [
                105.470677,
                21.287056
              ],
              [
                105.47063,
                21.287036
              ],
              [
                105.470548,
                21.286997
              ],
              [
                105.470243,
                21.287281
              ],
              [
                105.470261,
                21.287314
              ],
              [
                105.470149,
                21.287398
              ],
              [
                105.470084,
                21.287407
              ],
              [
                105.469962,
                21.287385
              ],
              [
                105.469837,
                21.287341
              ],
              [
                105.469727,
                21.287346
              ],
              [
                105.469363,
                21.287146
              ],
              [
                105.469181,
                21.28702
              ],
              [
                105.46908,
                21.286953
              ],
              [
                105.469063,
                21.286902
              ],
              [
                105.469067,
                21.286852
              ],
              [
                105.469073,
                21.286774
              ],
              [
                105.469105,
                21.286718
              ],
              [
                105.469156,
                21.286668
              ],
              [
                105.469225,
                21.286615
              ],
              [
                105.469274,
                21.286551
              ],
              [
                105.469286,
                21.286511
              ],
              [
                105.46931,
                21.286449
              ],
              [
                105.469295,
                21.28632
              ],
              [
                105.469239,
                21.286243
              ],
              [
                105.469486,
                21.285947
              ],
              [
                105.469364,
                21.285875
              ],
              [
                105.469177,
                21.285699
              ],
              [
                105.46929,
                21.285561
              ],
              [
                105.469202,
                21.285459
              ],
              [
                105.469251,
                21.28524
              ],
              [
                105.469238,
                21.285226
              ],
              [
                105.46921,
                21.285216
              ],
              [
                105.469204,
                21.2852
              ],
              [
                105.469208,
                21.285174
              ],
              [
                105.46932,
                21.284889
              ],
              [
                105.469425,
                21.284883
              ],
              [
                105.469418,
                21.284702
              ],
              [
                105.469437,
                21.284612
              ],
              [
                105.469439,
                21.284528
              ],
              [
                105.46943,
                21.284488
              ],
              [
                105.469421,
                21.284414
              ],
              [
                105.469395,
                21.284113
              ],
              [
                105.469369,
                21.284007
              ],
              [
                105.469322,
                21.283904
              ],
              [
                105.469184,
                21.283945
              ],
              [
                105.469148,
                21.283865
              ],
              [
                105.469106,
                21.283877
              ],
              [
                105.468908,
                21.283851
              ],
              [
                105.46882,
                21.283791
              ],
              [
                105.468839,
                21.283718
              ],
              [
                105.468663,
                21.283679
              ],
              [
                105.468502,
                21.283619
              ],
              [
                105.468461,
                21.283686
              ],
              [
                105.468327,
                21.283678
              ],
              [
                105.468335,
                21.283571
              ],
              [
                105.468196,
                21.283569
              ],
              [
                105.468068,
                21.283606
              ],
              [
                105.467977,
                21.283591
              ],
              [
                105.467847,
                21.283555
              ],
              [
                105.467688,
                21.283546
              ],
              [
                105.46777,
                21.283536
              ],
              [
                105.467725,
                21.283354
              ],
              [
                105.467733,
                21.283311
              ],
              [
                105.467738,
                21.283148
              ],
              [
                105.467692,
                21.283142
              ],
              [
                105.467693,
                21.283127
              ],
              [
                105.467739,
                21.283129
              ],
              [
                105.467749,
                21.283021
              ],
              [
                105.467855,
                21.282723
              ],
              [
                105.467908,
                21.282609
              ],
              [
                105.467933,
                21.28248
              ],
              [
                105.467898,
                21.282475
              ],
              [
                105.467899,
                21.28247
              ],
              [
                105.467965,
                21.282391
              ],
              [
                105.468036,
                21.282323
              ],
              [
                105.468078,
                21.282265
              ],
              [
                105.468088,
                21.282194
              ],
              [
                105.468087,
                21.282176
              ],
              [
                105.46809,
                21.282173
              ],
              [
                105.468254,
                21.282071
              ],
              [
                105.468413,
                21.281947
              ],
              [
                105.468701,
                21.282067
              ],
              [
                105.468762,
                21.281978
              ],
              [
                105.468894,
                21.281884
              ],
              [
                105.469057,
                21.281773
              ],
              [
                105.469203,
                21.28172
              ],
              [
                105.469449,
                21.281653
              ],
              [
                105.469447,
                21.281707
              ],
              [
                105.46948,
                21.281845
              ],
              [
                105.469908,
                21.281774
              ],
              [
                105.469885,
                21.281591
              ],
              [
                105.469813,
                21.28128
              ],
              [
                105.469757,
                21.281245
              ],
              [
                105.469753,
                21.281242
              ],
              [
                105.469688,
                21.281011
              ],
              [
                105.469776,
                21.280991
              ],
              [
                105.469845,
                21.281
              ],
              [
                105.46983,
                21.280777
              ],
              [
                105.469754,
                21.280667
              ],
              [
                105.469841,
                21.280614
              ],
              [
                105.470048,
                21.280343
              ],
              [
                105.470064,
                21.280322
              ],
              [
                105.470131,
                21.280327
              ],
              [
                105.470167,
                21.280438
              ],
              [
                105.470171,
                21.280439
              ],
              [
                105.470236,
                21.280469
              ],
              [
                105.470299,
                21.280482
              ],
              [
                105.470344,
                21.280496
              ],
              [
                105.470409,
                21.280518
              ],
              [
                105.470476,
                21.280523
              ],
              [
                105.470538,
                21.280507
              ],
              [
                105.47059,
                21.28045
              ],
              [
                105.470629,
                21.280363
              ],
              [
                105.470642,
                21.28031
              ],
              [
                105.470601,
                21.280259
              ],
              [
                105.470511,
                21.280221
              ],
              [
                105.470407,
                21.28016
              ],
              [
                105.47045,
                21.280043
              ],
              [
                105.470351,
                21.280012
              ],
              [
                105.470226,
                21.279969
              ],
              [
                105.470382,
                21.279628
              ],
              [
                105.470408,
                21.279637
              ],
              [
                105.470431,
                21.279613
              ],
              [
                105.470596,
                21.279542
              ],
              [
                105.470643,
                21.279496
              ],
              [
                105.470791,
                21.279362
              ],
              [
                105.470947,
                21.279274
              ],
              [
                105.47101,
                21.279145
              ],
              [
                105.47115,
                21.278946
              ],
              [
                105.471261,
                21.278795
              ],
              [
                105.471305,
                21.278584
              ],
              [
                105.471339,
                21.278283
              ],
              [
                105.471346,
                21.278108
              ],
              [
                105.471387,
                21.278027
              ],
              [
                105.47145,
                21.277972
              ],
              [
                105.471482,
                21.277837
              ],
              [
                105.47154,
                21.277627
              ],
              [
                105.471677,
                21.277478
              ],
              [
                105.471899,
                21.277316
              ],
              [
                105.471997,
                21.277268
              ],
              [
                105.472028,
                21.277265
              ],
              [
                105.472036,
                21.277268
              ],
              [
                105.472062,
                21.277327
              ],
              [
                105.472066,
                21.27739
              ],
              [
                105.472051,
                21.277495
              ],
              [
                105.471987,
                21.277635
              ],
              [
                105.471967,
                21.277716
              ],
              [
                105.471999,
                21.2778
              ],
              [
                105.472088,
                21.277896
              ],
              [
                105.472198,
                21.277977
              ],
              [
                105.472262,
                21.278002
              ],
              [
                105.472415,
                21.277997
              ],
              [
                105.472574,
                21.278001
              ],
              [
                105.472728,
                21.278032
              ],
              [
                105.472838,
                21.278066
              ],
              [
                105.472941,
                21.278048
              ],
              [
                105.473025,
                21.278038
              ],
              [
                105.47307,
                21.277996
              ],
              [
                105.473094,
                21.277927
              ],
              [
                105.473123,
                21.277827
              ],
              [
                105.473168,
                21.277764
              ],
              [
                105.473283,
                21.277689
              ],
              [
                105.473272,
                21.277674
              ],
              [
                105.473288,
                21.277646
              ],
              [
                105.473355,
                21.27743
              ],
              [
                105.473386,
                21.277297
              ],
              [
                105.473399,
                21.277239
              ],
              [
                105.473604,
                21.277252
              ],
              [
                105.473746,
                21.277293
              ],
              [
                105.473727,
                21.277348
              ],
              [
                105.473714,
                21.277457
              ],
              [
                105.473697,
                21.277482
              ],
              [
                105.473738,
                21.277527
              ],
              [
                105.473773,
                21.2776
              ],
              [
                105.473802,
                21.277817
              ],
              [
                105.473851,
                21.278089
              ],
              [
                105.473861,
                21.27815
              ],
              [
                105.473866,
                21.27815
              ],
              [
                105.473899,
                21.278162
              ],
              [
                105.473988,
                21.278166
              ],
              [
                105.474003,
                21.278155
              ],
              [
                105.474011,
                21.278117
              ],
              [
                105.47428,
                21.278098
              ],
              [
                105.474305,
                21.278054
              ],
              [
                105.474367,
                21.278054
              ],
              [
                105.474399,
                21.277853
              ],
              [
                105.474404,
                21.277741
              ],
              [
                105.474477,
                21.277751
              ],
              [
                105.474598,
                21.277785
              ],
              [
                105.4747,
                21.277821
              ],
              [
                105.474814,
                21.277805
              ],
              [
                105.474865,
                21.277814
              ],
              [
                105.47496,
                21.277868
              ],
              [
                105.475109,
                21.277961
              ],
              [
                105.475177,
                21.278001
              ],
              [
                105.47532,
                21.278073
              ],
              [
                105.475382,
                21.278089
              ],
              [
                105.475474,
                21.278134
              ],
              [
                105.475529,
                21.278218
              ],
              [
                105.475572,
                21.278266
              ],
              [
                105.475711,
                21.278347
              ],
              [
                105.47583,
                21.278445
              ],
              [
                105.475938,
                21.278528
              ],
              [
                105.476013,
                21.278616
              ],
              [
                105.476063,
                21.278714
              ],
              [
                105.476061,
                21.278748
              ],
              [
                105.476059,
                21.278811
              ],
              [
                105.476135,
                21.278792
              ],
              [
                105.476684,
                21.278702
              ],
              [
                105.476888,
                21.278669
              ],
              [
                105.477155,
                21.278607
              ],
              [
                105.477377,
                21.278566
              ],
              [
                105.477667,
                21.278522
              ],
              [
                105.477718,
                21.278509
              ],
              [
                105.47774,
                21.278464
              ],
              [
                105.477744,
                21.278287
              ],
              [
                105.477777,
                21.278256
              ],
              [
                105.477879,
                21.278215
              ],
              [
                105.478156,
                21.278156
              ],
              [
                105.478272,
                21.278194
              ],
              [
                105.478231,
                21.278116
              ],
              [
                105.478212,
                21.278049
              ],
              [
                105.478216,
                21.277959
              ],
              [
                105.47824,
                21.277875
              ],
              [
                105.478301,
                21.27776
              ],
              [
                105.478347,
                21.277653
              ],
              [
                105.478539,
                21.277291
              ],
              [
                105.478773,
                21.276934
              ],
              [
                105.479092,
                21.276377
              ],
              [
                105.479202,
                21.276207
              ],
              [
                105.479262,
                21.276148
              ],
              [
                105.479317,
                21.276115
              ],
              [
                105.479432,
                21.276068
              ],
              [
                105.479659,
                21.276031
              ],
              [
                105.479872,
                21.276006
              ],
              [
                105.479992,
                21.275981
              ],
              [
                105.480177,
                21.275916
              ],
              [
                105.480298,
                21.275783
              ],
              [
                105.480346,
                21.275681
              ],
              [
                105.480365,
                21.275523
              ],
              [
                105.480367,
                21.275315
              ],
              [
                105.48039,
                21.275059
              ],
              [
                105.480411,
                21.274947
              ],
              [
                105.480433,
                21.274852
              ],
              [
                105.480468,
                21.274729
              ],
              [
                105.480545,
                21.274746
              ],
              [
                105.480585,
                21.274708
              ],
              [
                105.480606,
                21.274658
              ],
              [
                105.480677,
                21.274577
              ],
              [
                105.480763,
                21.274566
              ],
              [
                105.480963,
                21.274716
              ],
              [
                105.480956,
                21.274794
              ],
              [
                105.480901,
                21.274871
              ],
              [
                105.480893,
                21.274882
              ],
              [
                105.480903,
                21.274884
              ],
              [
                105.48096,
                21.274912
              ],
              [
                105.481021,
                21.274943
              ],
              [
                105.481031,
                21.274943
              ],
              [
                105.481186,
                21.274863
              ],
              [
                105.481288,
                21.274806
              ],
              [
                105.481314,
                21.274792
              ],
              [
                105.481405,
                21.274741
              ],
              [
                105.481555,
                21.27464
              ],
              [
                105.481353,
                21.274468
              ],
              [
                105.481458,
                21.274409
              ],
              [
                105.481545,
                21.274325
              ],
              [
                105.481741,
                21.27446
              ],
              [
                105.481865,
                21.27454
              ],
              [
                105.481977,
                21.274633
              ],
              [
                105.482062,
                21.274591
              ],
              [
                105.482323,
                21.274776
              ],
              [
                105.482464,
                21.274855
              ],
              [
                105.482554,
                21.274916
              ],
              [
                105.482513,
                21.275012
              ],
              [
                105.482513,
                21.275074
              ],
              [
                105.482613,
                21.275161
              ],
              [
                105.482686,
                21.275204
              ],
              [
                105.482719,
                21.275204
              ],
              [
                105.482785,
                21.27516
              ],
              [
                105.482825,
                21.275098
              ],
              [
                105.482891,
                21.275079
              ],
              [
                105.482931,
                21.275042
              ],
              [
                105.48301,
                21.274818
              ],
              [
                105.483049,
                21.274805
              ],
              [
                105.483289,
                21.275003
              ],
              [
                105.483316,
                21.275072
              ],
              [
                105.483289,
                21.275184
              ],
              [
                105.483276,
                21.275289
              ],
              [
                105.483277,
                21.275333
              ],
              [
                105.483303,
                21.275382
              ],
              [
                105.483396,
                21.275444
              ],
              [
                105.483682,
                21.275561
              ],
              [
                105.484053,
                21.275653
              ],
              [
                105.484173,
                21.275635
              ],
              [
                105.484199,
                21.27561
              ],
              [
                105.484205,
                21.275485
              ],
              [
                105.484225,
                21.275454
              ],
              [
                105.484437,
                21.27546
              ],
              [
                105.48451,
                21.275466
              ],
              [
                105.484563,
                21.275435
              ],
              [
                105.484563,
                21.275279
              ],
              [
                105.484568,
                21.275056
              ],
              [
                105.484482,
                21.274969
              ],
              [
                105.484249,
                21.274783
              ],
              [
                105.48417,
                21.27474
              ],
              [
                105.484143,
                21.27469
              ],
              [
                105.484163,
                21.274672
              ],
              [
                105.484295,
                21.274628
              ],
              [
                105.484513,
                21.274453
              ],
              [
                105.484698,
                21.274266
              ],
              [
                105.484698,
                21.274148
              ],
              [
                105.484592,
                21.274062
              ],
              [
                105.484446,
                21.273987
              ],
              [
                105.484406,
                21.273882
              ],
              [
                105.484432,
                21.273776
              ],
              [
                105.48462,
                21.273654
              ],
              [
                105.484777,
                21.273616
              ],
              [
                105.484954,
                21.273611
              ],
              [
                105.485027,
                21.273597
              ],
              [
                105.485104,
                21.273543
              ],
              [
                105.485266,
                21.27344
              ],
              [
                105.485394,
                21.27344
              ],
              [
                105.485756,
                21.273521
              ],
              [
                105.485908,
                21.2731
              ],
              [
                105.485657,
                21.272967
              ],
              [
                105.485507,
                21.27289
              ],
              [
                105.485243,
                21.272842
              ],
              [
                105.484975,
                21.27281
              ],
              [
                105.484754,
                21.27277
              ],
              [
                105.484278,
                21.272533
              ],
              [
                105.484247,
                21.27243
              ],
              [
                105.484231,
                21.272347
              ],
              [
                105.484245,
                21.272264
              ],
              [
                105.484304,
                21.272065
              ],
              [
                105.48439,
                21.271989
              ],
              [
                105.484514,
                21.27191
              ],
              [
                105.484615,
                21.271887
              ],
              [
                105.484744,
                21.271886
              ],
              [
                105.484866,
                21.271923
              ],
              [
                105.484996,
                21.272044
              ],
              [
                105.485126,
                21.272126
              ],
              [
                105.485318,
                21.272157
              ],
              [
                105.485358,
                21.272153
              ],
              [
                105.485509,
                21.272132
              ],
              [
                105.485605,
                21.272145
              ],
              [
                105.485761,
                21.272212
              ],
              [
                105.48587,
                21.272225
              ],
              [
                105.486008,
                21.272193
              ],
              [
                105.486132,
                21.272133
              ],
              [
                105.486236,
                21.272039
              ],
              [
                105.486319,
                21.271944
              ],
              [
                105.486406,
                21.271771
              ],
              [
                105.486556,
                21.271362
              ],
              [
                105.486637,
                21.27114
              ],
              [
                105.486673,
                21.27101
              ],
              [
                105.486737,
                21.270812
              ],
              [
                105.487065,
                21.269775
              ],
              [
                105.487068,
                21.269502
              ],
              [
                105.48772,
                21.270065
              ],
              [
                105.487999,
                21.270265
              ],
              [
                105.488009,
                21.270214
              ],
              [
                105.488153,
                21.269443
              ],
              [
                105.488168,
                21.26936
              ],
              [
                105.487753,
                21.26929
              ],
              [
                105.487635,
                21.269254
              ],
              [
                105.486989,
                21.269135
              ],
              [
                105.486553,
                21.269055
              ],
              [
                105.486654,
                21.268769
              ],
              [
                105.486776,
                21.268143
              ],
              [
                105.487054,
                21.266605
              ],
              [
                105.487332,
                21.265001
              ],
              [
                105.48753,
                21.263771
              ],
              [
                105.486649,
                21.263727
              ],
              [
                105.485925,
                21.263687
              ],
              [
                105.485829,
                21.263696
              ],
              [
                105.485815,
                21.263711
              ],
              [
                105.485446,
                21.26367
              ],
              [
                105.485154,
                21.263639
              ],
              [
                105.485125,
                21.26396
              ],
              [
                105.485107,
                21.264148
              ],
              [
                105.485059,
                21.26416
              ],
              [
                105.485015,
                21.264403
              ],
              [
                105.484985,
                21.2645
              ],
              [
                105.484971,
                21.26453
              ],
              [
                105.484957,
                21.264496
              ],
              [
                105.484643,
                21.264188
              ],
              [
                105.48447,
                21.264018
              ],
              [
                105.484217,
                21.263758
              ],
              [
                105.484036,
                21.263557
              ],
              [
                105.483945,
                21.263484
              ],
              [
                105.483635,
                21.263282
              ],
              [
                105.4833,
                21.263069
              ],
              [
                105.482712,
                21.262717
              ],
              [
                105.482387,
                21.26252
              ],
              [
                105.482373,
                21.262509
              ],
              [
                105.481805,
                21.262127
              ],
              [
                105.481786,
                21.262115
              ],
              [
                105.481108,
                21.261689
              ],
              [
                105.480756,
                21.261468
              ],
              [
                105.480893,
                21.261397
              ],
              [
                105.481019,
                21.261335
              ],
              [
                105.481163,
                21.261254
              ],
              [
                105.481524,
                21.261079
              ],
              [
                105.481787,
                21.26095
              ],
              [
                105.481854,
                21.260911
              ],
              [
                105.481891,
                21.260869
              ],
              [
                105.481915,
                21.260835
              ],
              [
                105.481656,
                21.260866
              ],
              [
                105.481628,
                21.260631
              ],
              [
                105.481587,
                21.260461
              ],
              [
                105.481533,
                21.260196
              ],
              [
                105.481456,
                21.259963
              ],
              [
                105.481378,
                21.259779
              ],
              [
                105.481352,
                21.259719
              ],
              [
                105.481329,
                21.259664
              ],
              [
                105.481273,
                21.259503
              ],
              [
                105.481528,
                21.259434
              ],
              [
                105.481544,
                21.259426
              ],
              [
                105.481568,
                21.259415
              ],
              [
                105.481554,
                21.259342
              ],
              [
                105.481494,
                21.259085
              ],
              [
                105.481349,
                21.258424
              ],
              [
                105.481299,
                21.258247
              ],
              [
                105.480645,
                21.258414
              ],
              [
                105.480206,
                21.258545
              ],
              [
                105.479911,
                21.258644
              ],
              [
                105.479725,
                21.258712
              ],
              [
                105.479651,
                21.258768
              ],
              [
                105.479611,
                21.25883
              ],
              [
                105.47954,
                21.258866
              ],
              [
                105.479448,
                21.258885
              ],
              [
                105.47934,
                21.258884
              ],
              [
                105.479139,
                21.258888
              ],
              [
                105.478969,
                21.258991
              ],
              [
                105.478829,
                21.259099
              ],
              [
                105.478777,
                21.259157
              ],
              [
                105.478728,
                21.259193
              ],
              [
                105.478509,
                21.259234
              ],
              [
                105.478379,
                21.259321
              ],
              [
                105.478267,
                21.259322
              ],
              [
                105.4781,
                21.259449
              ],
              [
                105.478045,
                21.25938
              ],
              [
                105.477992,
                21.259342
              ],
              [
                105.477948,
                21.259323
              ],
              [
                105.477895,
                21.259307
              ],
              [
                105.477796,
                21.259312
              ],
              [
                105.477672,
                21.259354
              ],
              [
                105.47757,
                21.259408
              ],
              [
                105.477481,
                21.25949
              ],
              [
                105.477313,
                21.259609
              ],
              [
                105.477169,
                21.259679
              ],
              [
                105.477018,
                21.25974
              ],
              [
                105.476637,
                21.259774
              ],
              [
                105.476289,
                21.259777
              ],
              [
                105.476065,
                21.259744
              ],
              [
                105.475974,
                21.259736
              ],
              [
                105.475855,
                21.25966
              ],
              [
                105.475776,
                21.259536
              ],
              [
                105.475727,
                21.259409
              ],
              [
                105.475701,
                21.259313
              ],
              [
                105.475706,
                21.259165
              ],
              [
                105.47572,
                21.259092
              ],
              [
                105.475746,
                21.259017
              ],
              [
                105.475797,
                21.258926
              ],
              [
                105.475874,
                21.258821
              ],
              [
                105.476031,
                21.258608
              ],
              [
                105.476277,
                21.258325
              ],
              [
                105.476332,
                21.258282
              ],
              [
                105.476408,
                21.25824
              ],
              [
                105.476689,
                21.258146
              ],
              [
                105.477366,
                21.257992
              ],
              [
                105.477495,
                21.25797
              ],
              [
                105.4777,
                21.257925
              ],
              [
                105.478255,
                21.257772
              ],
              [
                105.478331,
                21.25775
              ],
              [
                105.478416,
                21.25769
              ],
              [
                105.478458,
                21.257627
              ],
              [
                105.478462,
                21.257548
              ],
              [
                105.478442,
                21.257495
              ],
              [
                105.478376,
                21.257414
              ],
              [
                105.4783,
                21.257355
              ],
              [
                105.478132,
                21.257234
              ],
              [
                105.477965,
                21.257125
              ],
              [
                105.477839,
                21.257018
              ],
              [
                105.477629,
                21.256827
              ],
              [
                105.47754,
                21.25672
              ],
              [
                105.477525,
                21.256683
              ],
              [
                105.477513,
                21.256644
              ],
              [
                105.477522,
                21.256586
              ],
              [
                105.477533,
                21.256549
              ],
              [
                105.477366,
                21.256616
              ],
              [
                105.477117,
                21.256845
              ],
              [
                105.477065,
                21.256798
              ],
              [
                105.47678,
                21.2571
              ],
              [
                105.476308,
                21.25755
              ],
              [
                105.474447,
                21.256033
              ],
              [
                105.474084,
                21.256285
              ],
              [
                105.47378,
                21.256617
              ],
              [
                105.473694,
                21.256554
              ],
              [
                105.473002,
                21.256049
              ],
              [
                105.472636,
                21.255797
              ],
              [
                105.471911,
                21.255445
              ],
              [
                105.471729,
                21.255362
              ],
              [
                105.471576,
                21.255368
              ],
              [
                105.471058,
                21.255088
              ],
              [
                105.471081,
                21.255051
              ],
              [
                105.471081,
                21.255048
              ],
              [
                105.4711,
                21.254943
              ],
              [
                105.471223,
                21.254797
              ],
              [
                105.471958,
                21.253944
              ],
              [
                105.472203,
                21.253673
              ],
              [
                105.472432,
                21.25342
              ],
              [
                105.473521,
                21.25393
              ],
              [
                105.473871,
                21.254081
              ],
              [
                105.47406,
                21.254162
              ],
              [
                105.474574,
                21.253466
              ],
              [
                105.475124,
                21.252763
              ],
              [
                105.475665,
                21.252039
              ],
              [
                105.476235,
                21.251314
              ],
              [
                105.476807,
                21.25057
              ],
              [
                105.476882,
                21.250471
              ],
              [
                105.476103,
                21.250054
              ],
              [
                105.475826,
                21.249903
              ],
              [
                105.475555,
                21.249761
              ],
              [
                105.475473,
                21.249717
              ],
              [
                105.475609,
                21.249279
              ],
              [
                105.47569,
                21.249025
              ],
              [
                105.475768,
                21.248794
              ],
              [
                105.475824,
                21.248604
              ],
              [
                105.47585,
                21.248516
              ],
              [
                105.475898,
                21.248332
              ],
              [
                105.475997,
                21.247994
              ],
              [
                105.476061,
                21.247779
              ],
              [
                105.47612,
                21.247558
              ],
              [
                105.477047,
                21.2479
              ],
              [
                105.477667,
                21.248128
              ],
              [
                105.477679,
                21.248084
              ],
              [
                105.477695,
                21.248025
              ],
              [
                105.477762,
                21.24782
              ],
              [
                105.477801,
                21.247707
              ],
              [
                105.477847,
                21.247581
              ],
              [
                105.477874,
                21.247502
              ],
              [
                105.477934,
                21.247327
              ],
              [
                105.478008,
                21.247128
              ],
              [
                105.478218,
                21.246465
              ],
              [
                105.478239,
                21.246425
              ],
              [
                105.478292,
                21.246289
              ],
              [
                105.47831,
                21.246222
              ],
              [
                105.478375,
                21.245825
              ],
              [
                105.478382,
                21.245787
              ],
              [
                105.47838,
                21.245772
              ],
              [
                105.478335,
                21.24576
              ],
              [
                105.478293,
                21.245763
              ],
              [
                105.478241,
                21.245756
              ],
              [
                105.478204,
                21.245728
              ],
              [
                105.478194,
                21.245658
              ],
              [
                105.478223,
                21.245641
              ],
              [
                105.478228,
                21.245627
              ],
              [
                105.478237,
                21.245585
              ],
              [
                105.478256,
                21.245294
              ],
              [
                105.478276,
                21.24499
              ],
              [
                105.478283,
                21.244851
              ],
              [
                105.478285,
                21.24454
              ],
              [
                105.478292,
                21.244527
              ],
              [
                105.478339,
                21.244504
              ],
              [
                105.478454,
                21.244502
              ],
              [
                105.478507,
                21.244508
              ],
              [
                105.478682,
                21.244529
              ],
              [
                105.47875,
                21.244534
              ],
              [
                105.479226,
                21.24452
              ],
              [
                105.479446,
                21.244514
              ],
              [
                105.479939,
                21.244466
              ],
              [
                105.479888,
                21.244189
              ],
              [
                105.479737,
                21.244206
              ],
              [
                105.479359,
                21.244231
              ],
              [
                105.479197,
                21.244205
              ],
              [
                105.479123,
                21.24419
              ],
              [
                105.479102,
                21.244188
              ],
              [
                105.47892,
                21.244196
              ],
              [
                105.478799,
                21.244182
              ],
              [
                105.478557,
                21.244181
              ],
              [
                105.478371,
                21.244171
              ],
              [
                105.478079,
                21.244133
              ],
              [
                105.477861,
                21.244089
              ],
              [
                105.477705,
                21.244057
              ],
              [
                105.477568,
                21.244016
              ],
              [
                105.477337,
                21.243956
              ],
              [
                105.477105,
                21.24389
              ],
              [
                105.476841,
                21.243795
              ],
              [
                105.476716,
                21.243747
              ],
              [
                105.476723,
                21.243697
              ],
              [
                105.476775,
                21.243461
              ],
              [
                105.476738,
                21.243334
              ],
              [
                105.476647,
                21.24332
              ],
              [
                105.476419,
                21.243284
              ],
              [
                105.476173,
                21.243251
              ],
              [
                105.47574,
                21.243191
              ],
              [
                105.475647,
                21.243187
              ],
              [
                105.475603,
                21.243158
              ],
              [
                105.475562,
                21.243149
              ],
              [
                105.475439,
                21.243152
              ],
              [
                105.475419,
                21.243083
              ],
              [
                105.475407,
                21.242949
              ],
              [
                105.474307,
                21.243283
              ],
              [
                105.474084,
                21.243354
              ],
              [
                105.474039,
                21.242844
              ],
              [
                105.473902,
                21.241564
              ],
              [
                105.473771,
                21.241579
              ],
              [
                105.47355,
                21.241202
              ],
              [
                105.47309,
                21.241228
              ],
              [
                105.47303,
                21.241255
              ],
              [
                105.472908,
                21.240397
              ],
              [
                105.472551,
                21.240545
              ],
              [
                105.472162,
                21.240652
              ],
              [
                105.472132,
                21.240564
              ],
              [
                105.47213,
                21.240519
              ],
              [
                105.472129,
                21.240312
              ],
              [
                105.471369,
                21.240203
              ],
              [
                105.471232,
                21.240181
              ],
              [
                105.471283,
                21.23969
              ],
              [
                105.47131,
                21.239431
              ],
              [
                105.47132,
                21.239225
              ],
              [
                105.470295,
                21.239261
              ],
              [
                105.470066,
                21.239244
              ],
              [
                105.46974,
                21.239206
              ],
              [
                105.469281,
                21.239153
              ],
              [
                105.469277,
                21.239151
              ],
              [
                105.46927,
                21.239145
              ],
              [
                105.469269,
                21.239123
              ],
              [
                105.469329,
                21.238818
              ],
              [
                105.469396,
                21.238544
              ],
              [
                105.469226,
                21.238469
              ],
              [
                105.469,
                21.238335
              ],
              [
                105.468914,
                21.238305
              ],
              [
                105.468932,
                21.238271
              ],
              [
                105.468973,
                21.238271
              ],
              [
                105.468966,
                21.238267
              ],
              [
                105.468966,
                21.238265
              ],
              [
                105.468973,
                21.238253
              ],
              [
                105.469036,
                21.238083
              ],
              [
                105.469206,
                21.238167
              ],
              [
                105.469283,
                21.237885
              ],
              [
                105.469776,
                21.23801
              ],
              [
                105.470197,
                21.238038
              ],
              [
                105.470234,
                21.238451
              ],
              [
                105.470408,
                21.238478
              ],
              [
                105.470507,
                21.238251
              ],
              [
                105.470629,
                21.238038
              ],
              [
                105.470665,
                21.237944
              ],
              [
                105.470704,
                21.237823
              ],
              [
                105.470759,
                21.237685
              ],
              [
                105.470534,
                21.237702
              ],
              [
                105.470486,
                21.237701
              ],
              [
                105.470433,
                21.237686
              ],
              [
                105.470351,
                21.237652
              ],
              [
                105.470284,
                21.237615
              ],
              [
                105.470167,
                21.23753
              ],
              [
                105.46987,
                21.237294
              ],
              [
                105.47002,
                21.237311
              ],
              [
                105.470154,
                21.237335
              ],
              [
                105.471202,
                21.235706
              ],
              [
                105.470534,
                21.235334
              ],
              [
                105.470825,
                21.234829
              ],
              [
                105.470605,
                21.234745
              ],
              [
                105.469877,
                21.234523
              ],
              [
                105.469372,
                21.234323
              ],
              [
                105.46874,
                21.233999
              ],
              [
                105.468555,
                21.233906
              ],
              [
                105.468802,
                21.233252
              ],
              [
                105.46945,
                21.231792
              ],
              [
                105.469647,
                21.23118
              ],
              [
                105.468083,
                21.230771
              ],
              [
                105.468508,
                21.230034
              ],
              [
                105.468261,
                21.229869
              ],
              [
                105.468228,
                21.22984
              ],
              [
                105.468086,
                21.229761
              ],
              [
                105.467733,
                21.229529
              ],
              [
                105.467792,
                21.229455
              ],
              [
                105.467714,
                21.22939
              ],
              [
                105.467738,
                21.229342
              ],
              [
                105.46767,
                21.229296
              ],
              [
                105.467589,
                21.229249
              ],
              [
                105.467554,
                21.229295
              ],
              [
                105.467461,
                21.229356
              ],
              [
                105.466969,
                21.229088
              ],
              [
                105.466884,
                21.229051
              ],
              [
                105.466834,
                21.229152
              ],
              [
                105.466373,
                21.228911
              ],
              [
                105.466429,
                21.228824
              ],
              [
                105.466727,
                21.228419
              ],
              [
                105.466289,
                21.228132
              ],
              [
                105.465949,
                21.228653
              ],
              [
                105.465206,
                21.228227
              ],
              [
                105.465073,
                21.228437
              ],
              [
                105.464879,
                21.228382
              ],
              [
                105.464807,
                21.228408
              ],
              [
                105.464553,
                21.2283
              ],
              [
                105.464729,
                21.227805
              ],
              [
                105.464496,
                21.227734
              ],
              [
                105.464082,
                21.227633
              ],
              [
                105.463934,
                21.227594
              ],
              [
                105.463623,
                21.227516
              ],
              [
                105.463459,
                21.227471
              ],
              [
                105.463167,
                21.2274
              ],
              [
                105.463146,
                21.227391
              ],
              [
                105.463132,
                21.227372
              ],
              [
                105.463121,
                21.227348
              ],
              [
                105.463118,
                21.227316
              ],
              [
                105.463118,
                21.227258
              ],
              [
                105.463139,
                21.227121
              ],
              [
                105.463163,
                21.226979
              ],
              [
                105.463186,
                21.22688
              ],
              [
                105.463203,
                21.226821
              ],
              [
                105.463329,
                21.226618
              ],
              [
                105.461764,
                21.225438
              ],
              [
                105.461581,
                21.225884
              ],
              [
                105.461315,
                21.226761
              ],
              [
                105.459429,
                21.226132
              ],
              [
                105.459428,
                21.226132
              ],
              [
                105.458556,
                21.225841
              ],
              [
                105.458556,
                21.225841
              ],
              [
                105.457174,
                21.228186
              ],
              [
                105.457039,
                21.228416
              ],
              [
                105.45678,
                21.228821
              ],
              [
                105.455746,
                21.230515
              ],
              [
                105.455125,
                21.231523
              ],
              [
                105.454499,
                21.232526
              ],
              [
                105.454078,
                21.233193
              ],
              [
                105.453694,
                21.233812
              ],
              [
                105.45324,
                21.234546
              ],
              [
                105.452766,
                21.235294
              ],
              [
                105.452281,
                21.236081
              ],
              [
                105.451451,
                21.237421
              ],
              [
                105.45136,
                21.23757
              ],
              [
                105.451324,
                21.237628
              ],
              [
                105.451673,
                21.237777
              ],
              [
                105.451623,
                21.237873
              ],
              [
                105.448263,
                21.242003
              ],
              [
                105.446361,
                21.244302
              ],
              [
                105.446363,
                21.24431
              ],
              [
                105.445867,
                21.249019
              ],
              [
                105.445579,
                21.251782
              ],
              [
                105.445576,
                21.251803
              ],
              [
                105.444478,
                21.258056
              ],
              [
                105.44442,
                21.258349
              ],
              [
                105.444416,
                21.258395
              ],
              [
                105.444338,
                21.259436
              ],
              [
                105.444338,
                21.259436
              ],
              [
                105.444137,
                21.262097
              ],
              [
                105.443908,
                21.264926
              ],
              [
                105.44696,
                21.265043
              ],
              [
                105.446966,
                21.264868
              ],
              [
                105.447053,
                21.264732
              ],
              [
                105.447089,
                21.264531
              ],
              [
                105.447252,
                21.264525
              ],
              [
                105.447453,
                21.264495
              ],
              [
                105.447639,
                21.264405
              ],
              [
                105.447624,
                21.264128
              ],
              [
                105.447811,
                21.264116
              ],
              [
                105.447815,
                21.26441
              ],
              [
                105.448327,
                21.264448
              ],
              [
                105.448345,
                21.264712
              ],
              [
                105.448339,
                21.264842
              ],
              [
                105.44831,
                21.265087
              ],
              [
                105.448274,
                21.265192
              ],
              [
                105.448283,
                21.265632
              ],
              [
                105.448338,
                21.266079
              ],
              [
                105.448414,
                21.266638
              ],
              [
                105.448426,
                21.266861
              ],
              [
                105.448406,
                21.267003
              ],
              [
                105.448356,
                21.267192
              ],
              [
                105.448156,
                21.267807
              ],
              [
                105.448044,
                21.268281
              ],
              [
                105.447935,
                21.268835
              ],
              [
                105.447889,
                21.269343
              ],
              [
                105.447927,
                21.26975
              ],
              [
                105.447972,
                21.270681
              ],
              [
                105.448,
                21.27144
              ],
              [
                105.448035,
                21.271655
              ],
              [
                105.448089,
                21.271884
              ],
              [
                105.448178,
                21.27207
              ],
              [
                105.448353,
                21.272366
              ],
              [
                105.448624,
                21.272649
              ],
              [
                105.448783,
                21.272838
              ],
              [
                105.448806,
                21.272946
              ],
              [
                105.448834,
                21.273153
              ],
              [
                105.448843,
                21.273755
              ],
              [
                105.448841,
                21.274168
              ],
              [
                105.448882,
                21.275023
              ],
              [
                105.448877,
                21.275482
              ],
              [
                105.448852,
                21.275537
              ],
              [
                105.44886,
                21.275939
              ],
              [
                105.449049,
                21.276764
              ],
              [
                105.449271,
                21.277472
              ],
              [
                105.449367,
                21.278135
              ],
              [
                105.449406,
                21.278943
              ],
              [
                105.449412,
                21.279342
              ],
              [
                105.449482,
                21.279696
              ],
              [
                105.449541,
                21.280007
              ],
              [
                105.449566,
                21.280344
              ],
              [
                105.449626,
                21.280585
              ],
              [
                105.44967,
                21.280979
              ],
              [
                105.44969,
                21.28131
              ],
              [
                105.449754,
                21.281618
              ],
              [
                105.449839,
                21.281895
              ],
              [
                105.449957,
                21.282118
              ],
              [
                105.450136,
                21.282474
              ],
              [
                105.450329,
                21.282813
              ],
              [
                105.450477,
                21.283056
              ],
              [
                105.45072,
                21.283482
              ],
              [
                105.451195,
                21.284205
              ],
              [
                105.451378,
                21.284534
              ],
              [
                105.451466,
                21.284746
              ],
              [
                105.451503,
                21.284842
              ],
              [
                105.451492,
                21.284927
              ],
              [
                105.451471,
                21.285016
              ],
              [
                105.451507,
                21.285132
              ],
              [
                105.451581,
                21.285188
              ],
              [
                105.451658,
                21.285202
              ],
              [
                105.4519,
                21.285251
              ],
              [
                105.451939,
                21.285276
              ],
              [
                105.452022,
                21.285647
              ],
              [
                105.452223,
                21.286284
              ],
              [
                105.452346,
                21.286833
              ],
              [
                105.452349,
                21.286966
              ],
              [
                105.452587,
                21.287633
              ],
              [
                105.452704,
                21.288221
              ],
              [
                105.452911,
                21.289185
              ],
              [
                105.452985,
                21.289682
              ],
              [
                105.453006,
                21.28999
              ],
              [
                105.453094,
                21.29027
              ],
              [
                105.453027,
                21.290475
              ],
              [
                105.45309,
                21.290684
              ],
              [
                105.453194,
                21.291032
              ],
              [
                105.453194,
                21.291032
              ],
              [
                105.453182,
                21.291851
              ],
              [
                105.45337,
                21.29214
              ],
              [
                105.453439,
                21.292373
              ],
              [
                105.453444,
                21.29263
              ],
              [
                105.453396,
                21.292728
              ],
              [
                105.453353,
                21.292782
              ],
              [
                105.453297,
                21.292828
              ],
              [
                105.453217,
                21.292964
              ],
              [
                105.452929,
                21.293107
              ],
              [
                105.452383,
                21.293289
              ],
              [
                105.451958,
                21.293507
              ],
              [
                105.451594,
                21.293667
              ],
              [
                105.451195,
                21.293935
              ],
              [
                105.450741,
                21.294257
              ],
              [
                105.4504,
                21.294454
              ],
              [
                105.450293,
                21.294535
              ],
              [
                105.450004,
                21.294742
              ],
              [
                105.449731,
                21.294959
              ],
              [
                105.449503,
                21.295189
              ],
              [
                105.449311,
                21.295399
              ],
              [
                105.449176,
                21.295612
              ],
              [
                105.449071,
                21.295838
              ],
              [
                105.448999,
                21.296061
              ],
              [
                105.448973,
                21.296286
              ],
              [
                105.448973,
                21.2965
              ],
              [
                105.449028,
                21.296715
              ],
              [
                105.449085,
                21.296893
              ],
              [
                105.449149,
                21.297051
              ],
              [
                105.449193,
                21.297159
              ],
              [
                105.449359,
                21.2976
              ],
              [
                105.449529,
                21.297698
              ],
              [
                105.449616,
                21.297891
              ],
              [
                105.449683,
                21.298069
              ],
              [
                105.449781,
                21.298368
              ],
              [
                105.449735,
                21.298627
              ],
              [
                105.449535,
                21.299032
              ],
              [
                105.449314,
                21.299412
              ],
              [
                105.449799,
                21.298925
              ],
              [
                105.449811,
                21.298914
              ],
              [
                105.450365,
                21.298413
              ],
              [
                105.450405,
                21.298377
              ],
              [
                105.450695,
                21.298124
              ],
              [
                105.450849,
                21.298052
              ],
              [
                105.450977,
                21.298001
              ],
              [
                105.45125,
                21.297955
              ],
              [
                105.451644,
                21.297973
              ],
              [
                105.451836,
                21.29799
              ],
              [
                105.452109,
                21.298033
              ],
              [
                105.452602,
                21.298125
              ],
              [
                105.453181,
                21.298334
              ],
              [
                105.453759,
                21.298604
              ],
              [
                105.454272,
                21.298813
              ],
              [
                105.454952,
                21.299018
              ],
              [
                105.455147,
                21.299055
              ],
              [
                105.455637,
                21.299165
              ],
              [
                105.456054,
                21.299278
              ],
              [
                105.456273,
                21.299373
              ],
              [
                105.456364,
                21.299439
              ],
              [
                105.45645,
                21.299478
              ],
              [
                105.456581,
                21.299524
              ],
              [
                105.456717,
                21.299542
              ],
              [
                105.45691,
                21.299562
              ],
              [
                105.45757,
                21.299608
              ],
              [
                105.458007,
                21.299614
              ],
              [
                105.458406,
                21.299544
              ],
              [
                105.458798,
                21.299328
              ],
              [
                105.459024,
                21.29906
              ],
              [
                105.45913,
                21.298797
              ],
              [
                105.459182,
                21.298603
              ],
              [
                105.459188,
                21.298433
              ],
              [
                105.459136,
                21.298207
              ],
              [
                105.458953,
                21.297768
              ],
              [
                105.458721,
                21.297386
              ],
              [
                105.45856,
                21.297136
              ],
              [
                105.458318,
                21.296754
              ],
              [
                105.458182,
                21.296507
              ],
              [
                105.458051,
                21.296104
              ],
              [
                105.458021,
                21.295887
              ],
              [
                105.458017,
                21.29569
              ],
              [
                105.458018,
                21.295686
              ],
              [
                105.458077,
                21.295288
              ],
              [
                105.458082,
                21.295263
              ],
              [
                105.458241,
                21.295092
              ],
              [
                105.458401,
                21.29497
              ],
              [
                105.458758,
                21.29483
              ],
              [
                105.459122,
                21.294781
              ],
              [
                105.459829,
                21.294799
              ],
              [
                105.46039,
                21.294846
              ],
              [
                105.461274,
                21.294935
              ],
              [
                105.461398,
                21.294941
              ],
              [
                105.462666,
                21.294974
              ],
              [
                105.463232,
                21.294978
              ],
              [
                105.463731,
                21.295016
              ],
              [
                105.464171,
                21.295053
              ],
              [
                105.464619,
                21.295169
              ],
              [
                105.465046,
                21.295336
              ],
              [
                105.465177,
                21.295438
              ],
              [
                105.465374,
                21.295564
              ],
              [
                105.46574,
                21.295887
              ],
              [
                105.466107,
                21.296275
              ],
              [
                105.467336,
                21.297772
              ],
              [
                105.467584,
                21.298109
              ],
              [
                105.467757,
                21.298366
              ],
              [
                105.467803,
                21.298436
              ],
              [
                105.467675,
                21.298597
              ],
              [
                105.467715,
                21.298652
              ],
              [
                105.467841,
                21.298818
              ],
              [
                105.467986,
                21.299008
              ],
              [
                105.468025,
                21.299055
              ],
              [
                105.468029,
                21.299061
              ],
              [
                105.468002,
                21.299074
              ],
              [
                105.46793,
                21.299151
              ],
              [
                105.467932,
                21.299227
              ],
              [
                105.468118,
                21.29937
              ],
              [
                105.46813,
                21.299481
              ],
              [
                105.467999,
                21.299565
              ],
              [
                105.467982,
                21.299576
              ],
              [
                105.46794,
                21.299676
              ],
              [
                105.467934,
                21.299894
              ],
              [
                105.467975,
                21.300263
              ],
              [
                105.468039,
                21.300347
              ],
              [
                105.468086,
                21.300433
              ],
              [
                105.468214,
                21.300555
              ],
              [
                105.468293,
                21.300609
              ],
              [
                105.468391,
                21.300609
              ],
              [
                105.468485,
                21.300653
              ],
              [
                105.468503,
                21.30066
              ],
              [
                105.46851,
                21.300661
              ],
              [
                105.468534,
                21.300662
              ],
              [
                105.46858,
                21.300662
              ],
              [
                105.468611,
                21.30067
              ],
              [
                105.468635,
                21.300681
              ],
              [
                105.468657,
                21.300685
              ],
              [
                105.468691,
                21.300687
              ],
              [
                105.468816,
                21.30069
              ],
              [
                105.468955,
                21.300696
              ],
              [
                105.469091,
                21.300708
              ],
              [
                105.469244,
                21.300726
              ],
              [
                105.469284,
                21.300745
              ],
              [
                105.469293,
                21.300768
              ],
              [
                105.469299,
                21.300786
              ],
              [
                105.469295,
                21.300818
              ],
              [
                105.46929,
                21.300879
              ],
              [
                105.469285,
                21.301004
              ],
              [
                105.469286,
                21.301085
              ],
              [
                105.469289,
                21.301176
              ],
              [
                105.4693,
                21.301279
              ],
              [
                105.469312,
                21.301377
              ],
              [
                105.469317,
                21.301398
              ],
              [
                105.469337,
                21.301437
              ],
              [
                105.469386,
                21.301503
              ],
              [
                105.469449,
                21.301582
              ],
              [
                105.469511,
                21.301651
              ],
              [
                105.469601,
                21.301734
              ],
              [
                105.469687,
                21.301816
              ],
              [
                105.46981,
                21.30194
              ],
              [
                105.469881,
                21.30206
              ],
              [
                105.469936,
                21.302095
              ],
              [
                105.470024,
                21.302128
              ],
              [
                105.470649,
                21.302336
              ],
              [
                105.47103,
                21.302459
              ],
              [
                105.47143,
                21.302677
              ],
              [
                105.471739,
                21.302883
              ],
              [
                105.471915,
                21.303039
              ],
              [
                105.472418,
                21.303535
              ],
              [
                105.472848,
                21.303936
              ],
              [
                105.473155,
                21.304234
              ],
              [
                105.473367,
                21.304432
              ],
              [
                105.473445,
                21.304496
              ],
              [
                105.473445,
                21.304502
              ],
              [
                105.473468,
                21.304524
              ],
              [
                105.473471,
                21.304518
              ],
              [
                105.473472,
                21.304517
              ],
              [
                105.473521,
                21.304474
              ],
              [
                105.473538,
                21.30446
              ],
              [
                105.47355,
                21.304455
              ],
              [
                105.4736,
                21.304448
              ],
              [
                105.473653,
                21.304433
              ],
              [
                105.473759,
                21.304391
              ],
              [
                105.473737,
                21.304288
              ],
              [
                105.47373,
                21.304263
              ],
              [
                105.473725,
                21.304244
              ],
              [
                105.473724,
                21.304213
              ],
              [
                105.473729,
                21.304158
              ],
              [
                105.473721,
                21.30411
              ],
              [
                105.473687,
                21.304068
              ],
              [
                105.473676,
                21.304056
              ],
              [
                105.473679,
                21.304052
              ],
              [
                105.473697,
                21.304013
              ],
              [
                105.473719,
                21.303961
              ],
              [
                105.473812,
                21.303851
              ],
              [
                105.473954,
                21.303723
              ],
              [
                105.47402,
                21.303597
              ],
              [
                105.474032,
                21.303494
              ],
              [
                105.473975,
                21.303299
              ],
              [
                105.473961,
                21.303232
              ],
              [
                105.474012,
                21.303128
              ],
              [
                105.474016,
                21.303118
              ],
              [
                105.474024,
                21.303103
              ],
              [
                105.474115,
                21.302924
              ],
              [
                105.47431,
                21.302543
              ],
              [
                105.474454,
                21.302264
              ],
              [
                105.474718,
                21.301722
              ],
              [
                105.474977,
                21.301228
              ],
              [
                105.474972,
                21.301145
              ],
              [
                105.475057,
                21.301
              ],
              [
                105.475091,
                21.300967
              ],
              [
                105.474637,
                21.300861
              ],
              [
                105.474637,
                21.300861
              ]
            ]
          ]
        ]
      },
      "properties": {
        "code": "09106",
        "name": "Vĩnh Thành",
        "nameEn": "Vinh Thanh",
        "fullName": "Xã Vĩnh Thành",
        "fullNameEn": "Vinh Thanh Commune",
        "codeName": "vinh_thanh",
        "postalCode": "15637",
        "postalCodePrefix": "",
        "gisServerId": "diaphanhanhchinhcapxa_2025.1637",
        "areaKm2": 22
      }
    }
  ]
}