{
  "type": "FeatureCollection",
  "bbox": [
    106.209043,
    17.970405,
    106.299309,
    18.087975
  ],
  "features": [
    {
      "type": "Feature",
      "id": "18814",
      "bbox": [
        106.209043,
        17.970405,
        106.299309,
        18.087975
      ],
      "geometry": {
        "type": "MultiPolygon",
        "coordinates": [
          [
            [
              [
                106.281448,
                18.087318
              ],
              [
                106.281696,
                18.087106
              ],
              [
                106.282421,
                18.087739
              ],
              [
                106.282773,
                18.087291
              ],
              [
                106.283459,
                18.086431
              ],
              [
                106.283867,
                18.085913
              ],
              [
                106.283868,
                18.085914
              ],
              [
                106.283974,
                18.085946
              ],
              [
                106.284341,
                18.086059
              ],
              [
                106.284609,
                18.086254
              ],
              [
                106.284737,
                18.086541
              ],
              [
                106.284844,
                18.087587
              ],
              [
                106.286035,
                18.087611
              ],
              [
                106.286015,
                18.087444
              ],
              [
                106.28591,
                18.086776
              ],
              [
                106.285592,
                18.085122
              ],
              [
                106.285512,
                18.084723
              ],
              [
                106.285546,
                18.08468
              ],
              [
                106.285762,
                18.084409
              ],
              [
                106.287144,
                18.08268
              ],
              [
                106.286419,
                18.082345
              ],
              [
                106.28675,
                18.081851
              ],
              [
                106.286348,
                18.081435
              ],
              [
                106.286254,
                18.081321
              ],
              [
                106.285945,
                18.080946
              ],
              [
                106.28628,
                18.080738
              ],
              [
                106.286411,
                18.080713
              ],
              [
                106.286548,
                18.080705
              ],
              [
                106.286654,
                18.080699
              ],
              [
                106.286817,
                18.080657
              ],
              [
                106.286954,
                18.080578
              ],
              [
                106.287104,
                18.080343
              ],
              [
                106.287134,
                18.080194
              ],
              [
                106.287083,
                18.079979
              ],
              [
                106.287002,
                18.079752
              ],
              [
                106.286898,
                18.07946
              ],
              [
                106.286771,
                18.079276
              ],
              [
                106.2863,
                18.079004
              ],
              [
                106.286198,
                18.078933
              ],
              [
                106.285968,
                18.078773
              ],
              [
                106.284813,
                18.078806
              ],
              [
                106.284128,
                18.078568
              ],
              [
                106.284355,
                18.075673
              ],
              [
                106.283413,
                18.075697
              ],
              [
                106.282803,
                18.075656
              ],
              [
                106.282504,
                18.074531
              ],
              [
                106.283785,
                18.074504
              ],
              [
                106.285158,
                18.07416
              ],
              [
                106.285633,
                18.074157
              ],
              [
                106.285631,
                18.073306
              ],
              [
                106.285906,
                18.073217
              ],
              [
                106.286213,
                18.07315
              ],
              [
                106.286421,
                18.073185
              ],
              [
                106.286647,
                18.073327
              ],
              [
                106.28681,
                18.073558
              ],
              [
                106.286925,
                18.07372
              ],
              [
                106.287195,
                18.074042
              ],
              [
                106.287594,
                18.074239
              ],
              [
                106.288334,
                18.073372
              ],
              [
                106.288395,
                18.073301
              ],
              [
                106.287712,
                18.072961
              ],
              [
                106.28743,
                18.072696
              ],
              [
                106.288158,
                18.072085
              ],
              [
                106.288684,
                18.071645
              ],
              [
                106.288694,
                18.071636
              ],
              [
                106.288725,
                18.071595
              ],
              [
                106.288741,
                18.071584
              ],
              [
                106.288755,
                18.071573
              ],
              [
                106.28877,
                18.071565
              ],
              [
                106.288795,
                18.071554
              ],
              [
                106.288823,
                18.071543
              ],
              [
                106.28886,
                18.071532
              ],
              [
                106.288903,
                18.071529
              ],
              [
                106.288942,
                18.071528
              ],
              [
                106.288983,
                18.071529
              ],
              [
                106.289039,
                18.071537
              ],
              [
                106.289197,
                18.071583
              ],
              [
                106.289283,
                18.071613
              ],
              [
                106.28933,
                18.071612
              ],
              [
                106.289361,
                18.071612
              ],
              [
                106.289414,
                18.071608
              ],
              [
                106.289456,
                18.071598
              ],
              [
                106.289497,
                18.071583
              ],
              [
                106.289563,
                18.071553
              ],
              [
                106.289627,
                18.071521
              ],
              [
                106.289693,
                18.071489
              ],
              [
                106.289754,
                18.071455
              ],
              [
                106.289802,
                18.071421
              ],
              [
                106.28985,
                18.071378
              ],
              [
                106.289908,
                18.071321
              ],
              [
                106.289974,
                18.071256
              ],
              [
                106.29005,
                18.071179
              ],
              [
                106.290181,
                18.071025
              ],
              [
                106.290189,
                18.071014
              ],
              [
                106.290239,
                18.070944
              ],
              [
                106.29028,
                18.07088
              ],
              [
                106.290235,
                18.070836
              ],
              [
                106.29019,
                18.070789
              ],
              [
                106.290148,
                18.070743
              ],
              [
                106.290107,
                18.070698
              ],
              [
                106.290066,
                18.070652
              ],
              [
                106.290025,
                18.070602
              ],
              [
                106.289979,
                18.070546
              ],
              [
                106.289931,
                18.070487
              ],
              [
                106.289884,
                18.070431
              ],
              [
                106.289845,
                18.070385
              ],
              [
                106.289818,
                18.07035
              ],
              [
                106.289799,
                18.07032
              ],
              [
                106.28978,
                18.070285
              ],
              [
                106.28976,
                18.070243
              ],
              [
                106.289741,
                18.070199
              ],
              [
                106.289723,
                18.070154
              ],
              [
                106.289717,
                18.070136
              ],
              [
                106.289708,
                18.070111
              ],
              [
                106.289702,
                18.070088
              ],
              [
                106.289696,
                18.070067
              ],
              [
                106.289686,
                18.070019
              ],
              [
                106.28968,
                18.069973
              ],
              [
                106.289678,
                18.069967
              ],
              [
                106.289678,
                18.069961
              ],
              [
                106.289674,
                18.069915
              ],
              [
                106.289672,
                18.069862
              ],
              [
                106.289672,
                18.069809
              ],
              [
                106.289674,
                18.069755
              ],
              [
                106.289677,
                18.069699
              ],
              [
                106.289677,
                18.069696
              ],
              [
                106.28968,
                18.069633
              ],
              [
                106.289685,
                18.069613
              ],
              [
                106.289689,
                18.069577
              ],
              [
                106.2897,
                18.069512
              ],
              [
                106.289715,
                18.06944
              ],
              [
                106.289736,
                18.069364
              ],
              [
                106.28976,
                18.069283
              ],
              [
                106.289785,
                18.069201
              ],
              [
                106.289797,
                18.069164
              ],
              [
                106.289805,
                18.069131
              ],
              [
                106.289815,
                18.06911
              ],
              [
                106.289904,
                18.06892
              ],
              [
                106.2902,
                18.068505
              ],
              [
                106.290235,
                18.068454
              ],
              [
                106.290314,
                18.06837
              ],
              [
                106.290632,
                18.068026
              ],
              [
                106.290701,
                18.067935
              ],
              [
                106.290713,
                18.067922
              ],
              [
                106.290757,
                18.06787
              ],
              [
                106.290795,
                18.06782
              ],
              [
                106.290833,
                18.067766
              ],
              [
                106.29086,
                18.067726
              ],
              [
                106.290872,
                18.067708
              ],
              [
                106.290903,
                18.067653
              ],
              [
                106.290931,
                18.067598
              ],
              [
                106.290974,
                18.067524
              ],
              [
                106.291031,
                18.06744
              ],
              [
                106.291077,
                18.067371
              ],
              [
                106.29111,
                18.067315
              ],
              [
                106.291136,
                18.067265
              ],
              [
                106.291158,
                18.06722
              ],
              [
                106.291178,
                18.06718
              ],
              [
                106.291203,
                18.067141
              ],
              [
                106.291234,
                18.067099
              ],
              [
                106.291268,
                18.067053
              ],
              [
                106.291301,
                18.067008
              ],
              [
                106.291328,
                18.066968
              ],
              [
                106.291352,
                18.066931
              ],
              [
                106.291374,
                18.066892
              ],
              [
                106.291396,
                18.066848
              ],
              [
                106.291416,
                18.066802
              ],
              [
                106.291434,
                18.066757
              ],
              [
                106.29145,
                18.066712
              ],
              [
                106.291462,
                18.066668
              ],
              [
                106.291463,
                18.066664
              ],
              [
                106.291473,
                18.066618
              ],
              [
                106.291478,
                18.066577
              ],
              [
                106.291482,
                18.066539
              ],
              [
                106.291482,
                18.066501
              ],
              [
                106.291482,
                18.066497
              ],
              [
                106.291479,
                18.066464
              ],
              [
                106.291472,
                18.066428
              ],
              [
                106.291463,
                18.066392
              ],
              [
                106.291451,
                18.066355
              ],
              [
                106.291438,
                18.066316
              ],
              [
                106.291425,
                18.066279
              ],
              [
                106.291414,
                18.066244
              ],
              [
                106.291407,
                18.066214
              ],
              [
                106.291404,
                18.066187
              ],
              [
                106.291403,
                18.066161
              ],
              [
                106.291402,
                18.066133
              ],
              [
                106.291399,
                18.066102
              ],
              [
                106.291394,
                18.066073
              ],
              [
                106.291387,
                18.066046
              ],
              [
                106.291383,
                18.06602
              ],
              [
                106.291383,
                18.065992
              ],
              [
                106.291386,
                18.065961
              ],
              [
                106.291389,
                18.065928
              ],
              [
                106.291394,
                18.065892
              ],
              [
                106.291399,
                18.065854
              ],
              [
                106.2914,
                18.065844
              ],
              [
                106.291401,
                18.065807
              ],
              [
                106.291406,
                18.065785
              ],
              [
                106.291476,
                18.065476
              ],
              [
                106.291483,
                18.065454
              ],
              [
                106.291508,
                18.065385
              ],
              [
                106.291512,
                18.065374
              ],
              [
                106.291651,
                18.065083
              ],
              [
                106.29173,
                18.064959
              ],
              [
                106.29174,
                18.064944
              ],
              [
                106.291888,
                18.064749
              ],
              [
                106.291915,
                18.064696
              ],
              [
                106.291938,
                18.064638
              ],
              [
                106.291958,
                18.064582
              ],
              [
                106.291981,
                18.064518
              ],
              [
                106.292005,
                18.06445
              ],
              [
                106.292025,
                18.064388
              ],
              [
                106.292039,
                18.064338
              ],
              [
                106.292042,
                18.064318
              ],
              [
                106.292046,
                18.064297
              ],
              [
                106.29205,
                18.06426
              ],
              [
                106.292052,
                18.064225
              ],
              [
                106.292049,
                18.06419
              ],
              [
                106.292044,
                18.064156
              ],
              [
                106.292035,
                18.064125
              ],
              [
                106.292025,
                18.064098
              ],
              [
                106.292015,
                18.064073
              ],
              [
                106.292004,
                18.064049
              ],
              [
                106.291995,
                18.064027
              ],
              [
                106.291987,
                18.064008
              ],
              [
                106.291978,
                18.063987
              ],
              [
                106.291967,
                18.063956
              ],
              [
                106.291951,
                18.063913
              ],
              [
                106.291932,
                18.063859
              ],
              [
                106.291912,
                18.0638
              ],
              [
                106.291892,
                18.063741
              ],
              [
                106.291875,
                18.063687
              ],
              [
                106.291859,
                18.063634
              ],
              [
                106.291854,
                18.063614
              ],
              [
                106.291847,
                18.063588
              ],
              [
                106.291845,
                18.063581
              ],
              [
                106.291836,
                18.063536
              ],
              [
                106.291847,
                18.063399
              ],
              [
                106.291861,
                18.063344
              ],
              [
                106.29189,
                18.063243
              ],
              [
                106.291895,
                18.063228
              ],
              [
                106.291901,
                18.063205
              ],
              [
                106.291904,
                18.063184
              ],
              [
                106.291907,
                18.063158
              ],
              [
                106.291909,
                18.063134
              ],
              [
                106.291912,
                18.063115
              ],
              [
                106.291916,
                18.063091
              ],
              [
                106.291918,
                18.063052
              ],
              [
                106.291919,
                18.063011
              ],
              [
                106.291919,
                18.062962
              ],
              [
                106.291918,
                18.062948
              ],
              [
                106.291917,
                18.062902
              ],
              [
                106.291917,
                18.062844
              ],
              [
                106.291917,
                18.06279
              ],
              [
                106.291916,
                18.06274
              ],
              [
                106.291916,
                18.062691
              ],
              [
                106.291917,
                18.062644
              ],
              [
                106.291919,
                18.062604
              ],
              [
                106.291923,
                18.062571
              ],
              [
                106.291926,
                18.062542
              ],
              [
                106.29193,
                18.062517
              ],
              [
                106.291936,
                18.062494
              ],
              [
                106.291943,
                18.062475
              ],
              [
                106.29195,
                18.062458
              ],
              [
                106.291959,
                18.062437
              ],
              [
                106.291969,
                18.06241
              ],
              [
                106.29198,
                18.06238
              ],
              [
                106.291991,
                18.062349
              ],
              [
                106.292001,
                18.06232
              ],
              [
                106.292007,
                18.062293
              ],
              [
                106.29201,
                18.062267
              ],
              [
                106.292013,
                18.062242
              ],
              [
                106.292012,
                18.062215
              ],
              [
                106.292007,
                18.062189
              ],
              [
                106.292003,
                18.062167
              ],
              [
                106.291998,
                18.062145
              ],
              [
                106.291995,
                18.062136
              ],
              [
                106.29199,
                18.062122
              ],
              [
                106.291983,
                18.062103
              ],
              [
                106.291973,
                18.062087
              ],
              [
                106.291956,
                18.062069
              ],
              [
                106.291941,
                18.062054
              ],
              [
                106.291933,
                18.062046
              ],
              [
                106.291925,
                18.062039
              ],
              [
                106.29191,
                18.062026
              ],
              [
                106.291884,
                18.062007
              ],
              [
                106.29187,
                18.061997
              ],
              [
                106.291851,
                18.061988
              ],
              [
                106.291832,
                18.061979
              ],
              [
                106.29181,
                18.061967
              ],
              [
                106.291787,
                18.061954
              ],
              [
                106.291682,
                18.061919
              ],
              [
                106.291626,
                18.061904
              ],
              [
                106.291578,
                18.061889
              ],
              [
                106.291498,
                18.061864
              ],
              [
                106.291466,
                18.061839
              ],
              [
                106.291436,
                18.061804
              ],
              [
                106.291404,
                18.061766
              ],
              [
                106.291366,
                18.061719
              ],
              [
                106.291333,
                18.061674
              ],
              [
                106.291303,
                18.061634
              ],
              [
                106.291279,
                18.061605
              ],
              [
                106.291259,
                18.061581
              ],
              [
                106.291241,
                18.061556
              ],
              [
                106.29124,
                18.061555
              ],
              [
                106.291149,
                18.061471
              ],
              [
                106.291054,
                18.061352
              ],
              [
                106.29095,
                18.061189
              ],
              [
                106.290912,
                18.061129
              ],
              [
                106.290887,
                18.06108
              ],
              [
                106.290831,
                18.060971
              ],
              [
                106.290804,
                18.060937
              ],
              [
                106.290775,
                18.0609
              ],
              [
                106.290658,
                18.060836
              ],
              [
                106.290655,
                18.060834
              ],
              [
                106.290468,
                18.060712
              ],
              [
                106.290444,
                18.060697
              ],
              [
                106.290054,
                18.060453
              ],
              [
                106.289906,
                18.060361
              ],
              [
                106.289154,
                18.059849
              ],
              [
                106.289077,
                18.059797
              ],
              [
                106.288521,
                18.0594
              ],
              [
                106.288334,
                18.059267
              ],
              [
                106.288142,
                18.05905
              ],
              [
                106.287812,
                18.058677
              ],
              [
                106.28783,
                18.058658
              ],
              [
                106.288282,
                18.058167
              ],
              [
                106.289068,
                18.057584
              ],
              [
                106.289292,
                18.057282
              ],
              [
                106.289433,
                18.057095
              ],
              [
                106.289514,
                18.056919
              ],
              [
                106.289565,
                18.056753
              ],
              [
                106.289594,
                18.056559
              ],
              [
                106.289585,
                18.056351
              ],
              [
                106.2895,
                18.055986
              ],
              [
                106.289401,
                18.055743
              ],
              [
                106.289336,
                18.055578
              ],
              [
                106.289342,
                18.055392
              ],
              [
                106.289359,
                18.055198
              ],
              [
                106.289361,
                18.054918
              ],
              [
                106.289423,
                18.054739
              ],
              [
                106.28946,
                18.054609
              ],
              [
                106.289447,
                18.054437
              ],
              [
                106.289469,
                18.05429
              ],
              [
                106.289494,
                18.054125
              ],
              [
                106.289512,
                18.053996
              ],
              [
                106.289533,
                18.053913
              ],
              [
                106.289551,
                18.053798
              ],
              [
                106.289524,
                18.053698
              ],
              [
                106.289467,
                18.053548
              ],
              [
                106.289425,
                18.053376
              ],
              [
                106.28938,
                18.052985
              ],
              [
                106.289376,
                18.052895
              ],
              [
                106.289385,
                18.052641
              ],
              [
                106.28941,
                18.052422
              ],
              [
                106.289442,
                18.052142
              ],
              [
                106.289451,
                18.051923
              ],
              [
                106.28943,
                18.051604
              ],
              [
                106.289403,
                18.051418
              ],
              [
                106.289352,
                18.051088
              ],
              [
                106.289369,
                18.050955
              ],
              [
                106.289384,
                18.050851
              ],
              [
                106.289432,
                18.050779
              ],
              [
                106.289511,
                18.050719
              ],
              [
                106.289065,
                18.050309
              ],
              [
                106.288806,
                18.050069
              ],
              [
                106.288572,
                18.049814
              ],
              [
                106.288249,
                18.049441
              ],
              [
                106.287879,
                18.049006
              ],
              [
                106.287609,
                18.048692
              ],
              [
                106.287306,
                18.048336
              ],
              [
                106.287263,
                18.048274
              ],
              [
                106.28722,
                18.048193
              ],
              [
                106.287182,
                18.048078
              ],
              [
                106.287156,
                18.047964
              ],
              [
                106.287117,
                18.047763
              ],
              [
                106.28707,
                18.047398
              ],
              [
                106.287033,
                18.047211
              ],
              [
                106.286979,
                18.046942
              ],
              [
                106.286936,
                18.046607
              ],
              [
                106.286925,
                18.046392
              ],
              [
                106.286936,
                18.046258
              ],
              [
                106.286962,
                18.046074
              ],
              [
                106.287037,
                18.045686
              ],
              [
                106.287129,
                18.045207
              ],
              [
                106.287186,
                18.044908
              ],
              [
                106.287195,
                18.044769
              ],
              [
                106.287192,
                18.044301
              ],
              [
                106.287149,
                18.043716
              ],
              [
                106.286816,
                18.043908
              ],
              [
                106.286732,
                18.043335
              ],
              [
                106.286574,
                18.043131
              ],
              [
                106.285919,
                18.042145
              ],
              [
                106.285703,
                18.041854
              ],
              [
                106.285606,
                18.041626
              ],
              [
                106.285608,
                18.041463
              ],
              [
                106.285648,
                18.041229
              ],
              [
                106.285777,
                18.040986
              ],
              [
                106.285795,
                18.040736
              ],
              [
                106.285762,
                18.040613
              ],
              [
                106.285632,
                18.040306
              ],
              [
                106.28536,
                18.039891
              ],
              [
                106.285324,
                18.03965
              ],
              [
                106.285337,
                18.039449
              ],
              [
                106.285839,
                18.039427
              ],
              [
                106.285988,
                18.039263
              ],
              [
                106.286099,
                18.03904
              ],
              [
                106.28624,
                18.038874
              ],
              [
                106.286219,
                18.038333
              ],
              [
                106.286331,
                18.037938
              ],
              [
                106.28739,
                18.035112
              ],
              [
                106.287793,
                18.034418
              ],
              [
                106.287488,
                18.034262
              ],
              [
                106.287774,
                18.033328
              ],
              [
                106.287943,
                18.032892
              ],
              [
                106.287815,
                18.032631
              ],
              [
                106.287771,
                18.032503
              ],
              [
                106.287507,
                18.032227
              ],
              [
                106.287427,
                18.031979
              ],
              [
                106.287454,
                18.031819
              ],
              [
                106.287493,
                18.031526
              ],
              [
                106.287512,
                18.031208
              ],
              [
                106.287425,
                18.031025
              ],
              [
                106.287482,
                18.030983
              ],
              [
                106.287614,
                18.030885
              ],
              [
                106.287753,
                18.030814
              ],
              [
                106.287821,
                18.030813
              ],
              [
                106.287894,
                18.030884
              ],
              [
                106.287938,
                18.030998
              ],
              [
                106.288007,
                18.031066
              ],
              [
                106.28807,
                18.031104
              ],
              [
                106.288164,
                18.031119
              ],
              [
                106.288188,
                18.031101
              ],
              [
                106.288282,
                18.031035
              ],
              [
                106.288368,
                18.030914
              ],
              [
                106.288446,
                18.030768
              ],
              [
                106.288495,
                18.03065
              ],
              [
                106.288535,
                18.030613
              ],
              [
                106.288605,
                18.030614
              ],
              [
                106.28869,
                18.030659
              ],
              [
                106.288794,
                18.030724
              ],
              [
                106.2889,
                18.030801
              ],
              [
                106.288908,
                18.030856
              ],
              [
                106.288903,
                18.030935
              ],
              [
                106.288901,
                18.031007
              ],
              [
                106.288957,
                18.031092
              ],
              [
                106.289082,
                18.031149
              ],
              [
                106.28922,
                18.031172
              ],
              [
                106.289465,
                18.03114
              ],
              [
                106.289689,
                18.031043
              ],
              [
                106.289751,
                18.030962
              ],
              [
                106.289775,
                18.030872
              ],
              [
                106.28978,
                18.030731
              ],
              [
                106.289821,
                18.03068
              ],
              [
                106.289896,
                18.03071
              ],
              [
                106.290019,
                18.030834
              ],
              [
                106.290083,
                18.031058
              ],
              [
                106.290147,
                18.031697
              ],
              [
                106.29022,
                18.031936
              ],
              [
                106.290362,
                18.032063
              ],
              [
                106.290506,
                18.032074
              ],
              [
                106.290761,
                18.03203
              ],
              [
                106.290799,
                18.032023
              ],
              [
                106.29107,
                18.031942
              ],
              [
                106.291196,
                18.031898
              ],
              [
                106.291288,
                18.031884
              ],
              [
                106.291429,
                18.031945
              ],
              [
                106.291516,
                18.032041
              ],
              [
                106.29158,
                18.032169
              ],
              [
                106.291669,
                18.032262
              ],
              [
                106.291765,
                18.032344
              ],
              [
                106.291842,
                18.032335
              ],
              [
                106.291926,
                18.03225
              ],
              [
                106.292005,
                18.031998
              ],
              [
                106.292092,
                18.031795
              ],
              [
                106.2922,
                18.031676
              ],
              [
                106.29227,
                18.031572
              ],
              [
                106.292303,
                18.03141
              ],
              [
                106.292291,
                18.031321
              ],
              [
                106.292197,
                18.031217
              ],
              [
                106.292136,
                18.031175
              ],
              [
                106.292151,
                18.031117
              ],
              [
                106.292203,
                18.031059
              ],
              [
                106.292396,
                18.030857
              ],
              [
                106.292489,
                18.030727
              ],
              [
                106.292507,
                18.030616
              ],
              [
                106.29248,
                18.030453
              ],
              [
                106.292496,
                18.030339
              ],
              [
                106.292526,
                18.030219
              ],
              [
                106.292582,
                18.030092
              ],
              [
                106.292618,
                18.029958
              ],
              [
                106.292635,
                18.02987
              ],
              [
                106.292611,
                18.029791
              ],
              [
                106.292581,
                18.029699
              ],
              [
                106.292573,
                18.029593
              ],
              [
                106.292593,
                18.029495
              ],
              [
                106.292629,
                18.029391
              ],
              [
                106.292698,
                18.029259
              ],
              [
                106.292778,
                18.029167
              ],
              [
                106.292869,
                18.029078
              ],
              [
                106.292981,
                18.029017
              ],
              [
                106.293062,
                18.029005
              ],
              [
                106.293136,
                18.029035
              ],
              [
                106.293199,
                18.029102
              ],
              [
                106.293381,
                18.029415
              ],
              [
                106.293427,
                18.029445
              ],
              [
                106.293438,
                18.029453
              ],
              [
                106.293486,
                18.029451
              ],
              [
                106.293542,
                18.029408
              ],
              [
                106.293638,
                18.029206
              ],
              [
                106.293666,
                18.029109
              ],
              [
                106.293667,
                18.029109
              ],
              [
                106.293698,
                18.029002
              ],
              [
                106.293812,
                18.028826
              ],
              [
                106.29398,
                18.028626
              ],
              [
                106.294021,
                18.028544
              ],
              [
                106.294014,
                18.028495
              ],
              [
                106.293928,
                18.028342
              ],
              [
                106.293907,
                18.028296
              ],
              [
                106.293841,
                18.028149
              ],
              [
                106.293839,
                18.028075
              ],
              [
                106.293901,
                18.028011
              ],
              [
                106.293975,
                18.027972
              ],
              [
                106.294098,
                18.027942
              ],
              [
                106.294199,
                18.027957
              ],
              [
                106.294251,
                18.027996
              ],
              [
                106.294332,
                18.028065
              ],
              [
                106.294363,
                18.028117
              ],
              [
                106.29441,
                18.028213
              ],
              [
                106.294416,
                18.028284
              ],
              [
                106.294421,
                18.028357
              ],
              [
                106.294439,
                18.028407
              ],
              [
                106.294469,
                18.02849
              ],
              [
                106.294537,
                18.028559
              ],
              [
                106.294642,
                18.028578
              ],
              [
                106.294714,
                18.028518
              ],
              [
                106.29477,
                18.028426
              ],
              [
                106.294764,
                18.028174
              ],
              [
                106.294776,
                18.028018
              ],
              [
                106.294805,
                18.027939
              ],
              [
                106.294853,
                18.027889
              ],
              [
                106.294875,
                18.027867
              ],
              [
                106.295097,
                18.027767
              ],
              [
                106.295334,
                18.027673
              ],
              [
                106.295596,
                18.027556
              ],
              [
                106.295771,
                18.027458
              ],
              [
                106.29591,
                18.027306
              ],
              [
                106.296034,
                18.027162
              ],
              [
                106.296108,
                18.027124
              ],
              [
                106.296409,
                18.027047
              ],
              [
                106.296467,
                18.027022
              ],
              [
                106.296506,
                18.027005
              ],
              [
                106.296549,
                18.026946
              ],
              [
                106.296544,
                18.026878
              ],
              [
                106.296541,
                18.02684
              ],
              [
                106.296522,
                18.026728
              ],
              [
                106.296374,
                18.026435
              ],
              [
                106.296336,
                18.026376
              ],
              [
                106.296172,
                18.026195
              ],
              [
                106.296043,
                18.025981
              ],
              [
                106.296004,
                18.025917
              ],
              [
                106.29585,
                18.025636
              ],
              [
                106.295756,
                18.025466
              ],
              [
                106.295694,
                18.025259
              ],
              [
                106.295635,
                18.025038
              ],
              [
                106.295601,
                18.024909
              ],
              [
                106.295562,
                18.02471
              ],
              [
                106.295464,
                18.02435
              ],
              [
                106.295436,
                18.024228
              ],
              [
                106.295445,
                18.024213
              ],
              [
                106.295495,
                18.024127
              ],
              [
                106.295592,
                18.024084
              ],
              [
                106.295797,
                18.023994
              ],
              [
                106.296081,
                18.023841
              ],
              [
                106.296299,
                18.023637
              ],
              [
                106.296565,
                18.023403
              ],
              [
                106.296653,
                18.023235
              ],
              [
                106.29666,
                18.023101
              ],
              [
                106.296629,
                18.022948
              ],
              [
                106.29654,
                18.022755
              ],
              [
                106.29643,
                18.022659
              ],
              [
                106.296276,
                18.022631
              ],
              [
                106.296201,
                18.022662
              ],
              [
                106.296022,
                18.022737
              ],
              [
                106.29582,
                18.022828
              ],
              [
                106.295688,
                18.022786
              ],
              [
                106.295633,
                18.022659
              ],
              [
                106.295649,
                18.022471
              ],
              [
                106.295679,
                18.022187
              ],
              [
                106.295683,
                18.022151
              ],
              [
                106.295696,
                18.022017
              ],
              [
                106.295701,
                18.021971
              ],
              [
                106.295762,
                18.021595
              ],
              [
                106.295767,
                18.02137
              ],
              [
                106.295702,
                18.021102
              ],
              [
                106.295638,
                18.02085
              ],
              [
                106.295635,
                18.020667
              ],
              [
                106.295646,
                18.020434
              ],
              [
                106.295655,
                18.02018
              ],
              [
                106.295624,
                18.019987
              ],
              [
                106.295604,
                18.019918
              ],
              [
                106.295566,
                18.019778
              ],
              [
                106.295459,
                18.019462
              ],
              [
                106.295476,
                18.019243
              ],
              [
                106.295495,
                18.019036
              ],
              [
                106.295586,
                18.018845
              ],
              [
                106.295606,
                18.018595
              ],
              [
                106.295512,
                18.018318
              ],
              [
                106.295511,
                18.018101
              ],
              [
                106.29557,
                18.017936
              ],
              [
                106.295648,
                18.017861
              ],
              [
                106.295768,
                18.017799
              ],
              [
                106.296067,
                18.017804
              ],
              [
                106.29654,
                18.017953
              ],
              [
                106.296675,
                18.017996
              ],
              [
                106.296764,
                18.01801
              ],
              [
                106.296888,
                18.01798
              ],
              [
                106.296957,
                18.017921
              ],
              [
                106.296989,
                18.017756
              ],
              [
                106.297008,
                18.017704
              ],
              [
                106.297083,
                18.017603
              ],
              [
                106.297232,
                18.017453
              ],
              [
                106.297298,
                18.017348
              ],
              [
                106.297266,
                18.016983
              ],
              [
                106.297314,
                18.016927
              ],
              [
                106.297477,
                18.016884
              ],
              [
                106.297648,
                18.016833
              ],
              [
                106.297788,
                18.016768
              ],
              [
                106.298024,
                18.016635
              ],
              [
                106.298314,
                18.016466
              ],
              [
                106.298796,
                18.016064
              ],
              [
                106.298972,
                18.015952
              ],
              [
                106.299309,
                18.015831
              ],
              [
                106.299234,
                18.015474
              ],
              [
                106.299182,
                18.014666
              ],
              [
                106.298451,
                18.011427
              ],
              [
                106.298451,
                18.011426
              ],
              [
                106.298225,
                18.010424
              ],
              [
                106.298123,
                18.00977
              ],
              [
                106.298122,
                18.009765
              ],
              [
                106.29763,
                18.006595
              ],
              [
                106.295309,
                17.999023
              ],
              [
                106.295302,
                17.999002
              ],
              [
                106.295301,
                17.998997
              ],
              [
                106.295199,
                17.99857
              ],
              [
                106.295073,
                17.997724
              ],
              [
                106.295053,
                17.997029
              ],
              [
                106.295131,
                17.996404
              ],
              [
                106.295298,
                17.995782
              ],
              [
                106.294965,
                17.995633
              ],
              [
                106.294258,
                17.995369
              ],
              [
                106.293923,
                17.995234
              ],
              [
                106.293793,
                17.9952
              ],
              [
                106.293605,
                17.995137
              ],
              [
                106.293515,
                17.995082
              ],
              [
                106.293356,
                17.994951
              ],
              [
                106.293236,
                17.994847
              ],
              [
                106.293095,
                17.994722
              ],
              [
                106.293009,
                17.994655
              ],
              [
                106.292868,
                17.994581
              ],
              [
                106.292712,
                17.994513
              ],
              [
                106.292587,
                17.994435
              ],
              [
                106.292495,
                17.994372
              ],
              [
                106.292256,
                17.994125
              ],
              [
                106.292002,
                17.993571
              ],
              [
                106.291703,
                17.993145
              ],
              [
                106.291102,
                17.992498
              ],
              [
                106.29093,
                17.992101
              ],
              [
                106.290724,
                17.991481
              ],
              [
                106.290788,
                17.990313
              ],
              [
                106.290842,
                17.989083
              ],
              [
                106.291003,
                17.987554
              ],
              [
                106.290341,
                17.986722
              ],
              [
                106.289967,
                17.986355
              ],
              [
                106.289193,
                17.98565
              ],
              [
                106.288783,
                17.985187
              ],
              [
                106.288518,
                17.984734
              ],
              [
                106.288491,
                17.984678
              ],
              [
                106.288258,
                17.984192
              ],
              [
                106.288012,
                17.983889
              ],
              [
                106.287642,
                17.983622
              ],
              [
                106.287394,
                17.983511
              ],
              [
                106.287328,
                17.983481
              ],
              [
                106.287252,
                17.983374
              ],
              [
                106.287232,
                17.983195
              ],
              [
                106.287187,
                17.982968
              ],
              [
                106.287186,
                17.982894
              ],
              [
                106.287185,
                17.982738
              ],
              [
                106.287185,
                17.982675
              ],
              [
                106.287273,
                17.982273
              ],
              [
                106.287288,
                17.982208
              ],
              [
                106.287281,
                17.982138
              ],
              [
                106.287254,
                17.981867
              ],
              [
                106.287233,
                17.981503
              ],
              [
                106.287018,
                17.981206
              ],
              [
                106.286867,
                17.981003
              ],
              [
                106.286708,
                17.980711
              ],
              [
                106.286682,
                17.98052
              ],
              [
                106.286698,
                17.980276
              ],
              [
                106.286713,
                17.980097
              ],
              [
                106.286725,
                17.979776
              ],
              [
                106.286702,
                17.979623
              ],
              [
                106.286657,
                17.979497
              ],
              [
                106.286437,
                17.979201
              ],
              [
                106.286291,
                17.978986
              ],
              [
                106.286201,
                17.978808
              ],
              [
                106.286173,
                17.978665
              ],
              [
                106.286147,
                17.978462
              ],
              [
                106.286073,
                17.97815
              ],
              [
                106.286001,
                17.977986
              ],
              [
                106.28593,
                17.977817
              ],
              [
                106.285838,
                17.977673
              ],
              [
                106.285737,
                17.977559
              ],
              [
                106.285598,
                17.97741
              ],
              [
                106.285446,
                17.977258
              ],
              [
                106.285247,
                17.977077
              ],
              [
                106.285067,
                17.976903
              ],
              [
                106.284857,
                17.976722
              ],
              [
                106.28465,
                17.976575
              ],
              [
                106.284268,
                17.97622
              ],
              [
                106.284131,
                17.976002
              ],
              [
                106.283955,
                17.975797
              ],
              [
                106.283857,
                17.975578
              ],
              [
                106.28378,
                17.975375
              ],
              [
                106.283684,
                17.975175
              ],
              [
                106.283589,
                17.974961
              ],
              [
                106.283511,
                17.974802
              ],
              [
                106.283439,
                17.974599
              ],
              [
                106.283398,
                17.974422
              ],
              [
                106.283299,
                17.973705
              ],
              [
                106.283295,
                17.973208
              ],
              [
                106.283263,
                17.972625
              ],
              [
                106.283137,
                17.972202
              ],
              [
                106.283051,
                17.971898
              ],
              [
                106.282908,
                17.971616
              ],
              [
                106.282743,
                17.971299
              ],
              [
                106.282482,
                17.970928
              ],
              [
                106.282329,
                17.97075
              ],
              [
                106.282001,
                17.970548
              ],
              [
                106.281674,
                17.970405
              ],
              [
                106.278713,
                17.97057
              ],
              [
                106.277325,
                17.970647
              ],
              [
                106.277255,
                17.970651
              ],
              [
                106.277219,
                17.970655
              ],
              [
                106.277184,
                17.970659
              ],
              [
                106.276716,
                17.970686
              ],
              [
                106.276648,
                17.970687
              ],
              [
                106.27658,
                17.970688
              ],
              [
                106.276603,
                17.970748
              ],
              [
                106.276608,
                17.970805
              ],
              [
                106.276599,
                17.970867
              ],
              [
                106.276559,
                17.970963
              ],
              [
                106.276391,
                17.971151
              ],
              [
                106.276231,
                17.971312
              ],
              [
                106.276123,
                17.97142
              ],
              [
                106.276019,
                17.971631
              ],
              [
                106.275961,
                17.971809
              ],
              [
                106.275971,
                17.97188
              ],
              [
                106.276027,
                17.971932
              ],
              [
                106.276038,
                17.971937
              ],
              [
                106.276142,
                17.97198
              ],
              [
                106.276542,
                17.97201
              ],
              [
                106.276887,
                17.972065
              ],
              [
                106.277107,
                17.972131
              ],
              [
                106.277413,
                17.972258
              ],
              [
                106.277863,
                17.972351
              ],
              [
                106.278224,
                17.972511
              ],
              [
                106.27831,
                17.972596
              ],
              [
                106.27831,
                17.972668
              ],
              [
                106.278267,
                17.972869
              ],
              [
                106.278193,
                17.972994
              ],
              [
                106.2778,
                17.973312
              ],
              [
                106.277144,
                17.973776
              ],
              [
                106.276592,
                17.974089
              ],
              [
                106.276477,
                17.974104
              ],
              [
                106.276407,
                17.974076
              ],
              [
                106.276331,
                17.973966
              ],
              [
                106.276213,
                17.973556
              ],
              [
                106.276112,
                17.973398
              ],
              [
                106.276007,
                17.973313
              ],
              [
                106.275796,
                17.97319
              ],
              [
                106.275691,
                17.973172
              ],
              [
                106.275658,
                17.973175
              ],
              [
                106.275416,
                17.973202
              ],
              [
                106.275199,
                17.973266
              ],
              [
                106.275014,
                17.97332
              ],
              [
                106.274898,
                17.973354
              ],
              [
                106.274594,
                17.97348
              ],
              [
                106.274425,
                17.973615
              ],
              [
                106.274098,
                17.973985
              ],
              [
                106.27348,
                17.974927
              ],
              [
                106.273306,
                17.975114
              ],
              [
                106.273157,
                17.975211
              ],
              [
                106.272938,
                17.975299
              ],
              [
                106.272414,
                17.975445
              ],
              [
                106.27213,
                17.975562
              ],
              [
                106.272001,
                17.975639
              ],
              [
                106.271961,
                17.975692
              ],
              [
                106.271967,
                17.975774
              ],
              [
                106.272058,
                17.975921
              ],
              [
                106.272426,
                17.976407
              ],
              [
                106.272765,
                17.97694
              ],
              [
                106.2729,
                17.977025
              ],
              [
                106.273055,
                17.977062
              ],
              [
                106.27339,
                17.977084
              ],
              [
                106.27381,
                17.977053
              ],
              [
                106.273835,
                17.977054
              ],
              [
                106.27403,
                17.977061
              ],
              [
                106.274447,
                17.977115
              ],
              [
                106.274536,
                17.977126
              ],
              [
                106.274579,
                17.977124
              ],
              [
                106.274811,
                17.977127
              ],
              [
                106.274916,
                17.977162
              ],
              [
                106.274986,
                17.977205
              ],
              [
                106.275052,
                17.97724
              ],
              [
                106.275155,
                17.977316
              ],
              [
                106.275213,
                17.977397
              ],
              [
                106.275236,
                17.977468
              ],
              [
                106.275244,
                17.977552
              ],
              [
                106.275229,
                17.977626
              ],
              [
                106.275182,
                17.977698
              ],
              [
                106.27477,
                17.977997
              ],
              [
                106.274696,
                17.978041
              ],
              [
                106.274512,
                17.978124
              ],
              [
                106.274297,
                17.978168
              ],
              [
                106.274203,
                17.978222
              ],
              [
                106.274138,
                17.978284
              ],
              [
                106.274049,
                17.978419
              ],
              [
                106.274013,
                17.978496
              ],
              [
                106.273725,
                17.979109
              ],
              [
                106.273457,
                17.979427
              ],
              [
                106.273159,
                17.979654
              ],
              [
                106.273008,
                17.979707
              ],
              [
                106.2729,
                17.979746
              ],
              [
                106.272835,
                17.97976
              ],
              [
                106.272735,
                17.979781
              ],
              [
                106.27265,
                17.979767
              ],
              [
                106.27252,
                17.979734
              ],
              [
                106.272249,
                17.979569
              ],
              [
                106.271801,
                17.979199
              ],
              [
                106.271545,
                17.979019
              ],
              [
                106.271324,
                17.978881
              ],
              [
                106.271179,
                17.978839
              ],
              [
                106.271054,
                17.978835
              ],
              [
                106.27086,
                17.978875
              ],
              [
                106.270811,
                17.978897
              ],
              [
                106.27074,
                17.978928
              ],
              [
                106.270691,
                17.97901
              ],
              [
                106.270637,
                17.97913
              ],
              [
                106.270613,
                17.979264
              ],
              [
                106.270613,
                17.979374
              ],
              [
                106.27065,
                17.979598
              ],
              [
                106.270737,
                17.979937
              ],
              [
                106.270911,
                17.981203
              ],
              [
                106.270983,
                17.981482
              ],
              [
                106.271163,
                17.982187
              ],
              [
                106.271443,
                17.982869
              ],
              [
                106.271495,
                17.982992
              ],
              [
                106.271361,
                17.982997
              ],
              [
                106.271075,
                17.983007
              ],
              [
                106.270438,
                17.982906
              ],
              [
                106.27019,
                17.982861
              ],
              [
                106.269954,
                17.982818
              ],
              [
                106.268982,
                17.98263
              ],
              [
                106.268782,
                17.982628
              ],
              [
                106.268308,
                17.982624
              ],
              [
                106.267495,
                17.982545
              ],
              [
                106.266117,
                17.982351
              ],
              [
                106.264608,
                17.982558
              ],
              [
                106.263635,
                17.983337
              ],
              [
                106.263086,
                17.983649
              ],
              [
                106.262535,
                17.983926
              ],
              [
                106.261838,
                17.984158
              ],
              [
                106.261015,
                17.984319
              ],
              [
                106.260227,
                17.98436
              ],
              [
                106.259389,
                17.984585
              ],
              [
                106.258724,
                17.984867
              ],
              [
                106.258145,
                17.985276
              ],
              [
                106.257556,
                17.985656
              ],
              [
                106.256934,
                17.986065
              ],
              [
                106.256598,
                17.986218
              ],
              [
                106.256077,
                17.986259
              ],
              [
                106.255599,
                17.986388
              ],
              [
                106.255649,
                17.986847
              ],
              [
                106.255772,
                17.987437
              ],
              [
                106.255716,
                17.987817
              ],
              [
                106.255469,
                17.988743
              ],
              [
                106.255321,
                17.989565
              ],
              [
                106.255231,
                17.990331
              ],
              [
                106.255183,
                17.990983
              ],
              [
                106.255283,
                17.993528
              ],
              [
                106.254995,
                17.995582
              ],
              [
                106.255031,
                17.996257
              ],
              [
                106.25505,
                17.996607
              ],
              [
                106.25512,
                17.997039
              ],
              [
                106.255266,
                17.997938
              ],
              [
                106.255513,
                17.998736
              ],
              [
                106.255617,
                17.998997
              ],
              [
                106.255617,
                17.998999
              ],
              [
                106.255617,
                17.999001
              ],
              [
                106.255617,
                17.999003
              ],
              [
                106.255748,
                18.002751
              ],
              [
                106.255691,
                18.005512
              ],
              [
                106.253082,
                18.005147
              ],
              [
                106.252476,
                18.005038
              ],
              [
                106.252302,
                18.005049
              ],
              [
                106.252087,
                18.00509
              ],
              [
                106.25184,
                18.005254
              ],
              [
                106.248423,
                18.006676
              ],
              [
                106.248026,
                18.006851
              ],
              [
                106.247589,
                18.007064
              ],
              [
                106.247112,
                18.007315
              ],
              [
                106.24685,
                18.007457
              ],
              [
                106.246685,
                18.007547
              ],
              [
                106.246069,
                18.007847
              ],
              [
                106.245771,
                18.008001
              ],
              [
                106.245502,
                18.008118
              ],
              [
                106.245194,
                18.008244
              ],
              [
                106.244916,
                18.008341
              ],
              [
                106.244657,
                18.008381
              ],
              [
                106.244298,
                18.00845
              ],
              [
                106.24398,
                18.008595
              ],
              [
                106.243692,
                18.008759
              ],
              [
                106.243215,
                18.009011
              ],
              [
                106.243006,
                18.009069
              ],
              [
                106.242678,
                18.009129
              ],
              [
                106.242359,
                18.009198
              ],
              [
                106.24214,
                18.009275
              ],
              [
                106.241743,
                18.009431
              ],
              [
                106.241335,
                18.009643
              ],
              [
                106.240938,
                18.009885
              ],
              [
                106.240501,
                18.010078
              ],
              [
                106.240133,
                18.010167
              ],
              [
                106.239435,
                18.010238
              ],
              [
                106.239037,
                18.010269
              ],
              [
                106.238608,
                18.010243
              ],
              [
                106.238089,
                18.010199
              ],
              [
                106.237839,
                18.010124
              ],
              [
                106.237659,
                18.01003
              ],
              [
                106.237429,
                18.009897
              ],
              [
                106.237248,
                18.009765
              ],
              [
                106.237178,
                18.009632
              ],
              [
                106.237076,
                18.009298
              ],
              [
                106.236919,
                18.008423
              ],
              [
                106.23643,
                18.006465
              ],
              [
                106.236312,
                18.006234
              ],
              [
                106.23624,
                18.006132
              ],
              [
                106.236069,
                18.006022
              ],
              [
                106.235943,
                18.005954
              ],
              [
                106.235755,
                18.005904
              ],
              [
                106.235379,
                18.005812
              ],
              [
                106.234838,
                18.005688
              ],
              [
                106.234677,
                18.005638
              ],
              [
                106.234538,
                18.00563
              ],
              [
                106.234458,
                18.005611
              ],
              [
                106.234158,
                18.005594
              ],
              [
                106.233889,
                18.005576
              ],
              [
                106.23358,
                18.005588
              ],
              [
                106.233451,
                18.005598
              ],
              [
                106.233212,
                18.005657
              ],
              [
                106.232973,
                18.005725
              ],
              [
                106.232794,
                18.005822
              ],
              [
                106.232715,
                18.005908
              ],
              [
                106.232636,
                18.006052
              ],
              [
                106.232558,
                18.006234
              ],
              [
                106.232439,
                18.006426
              ],
              [
                106.23233,
                18.006531
              ],
              [
                106.232112,
                18.006657
              ],
              [
                106.231913,
                18.006696
              ],
              [
                106.231694,
                18.006698
              ],
              [
                106.231444,
                18.006652
              ],
              [
                106.231094,
                18.006549
              ],
              [
                106.230885,
                18.006522
              ],
              [
                106.230775,
                18.006541
              ],
              [
                106.230606,
                18.006609
              ],
              [
                106.230368,
                18.006735
              ],
              [
                106.23011,
                18.006899
              ],
              [
                106.229687,
                18.0071
              ],
              [
                106.229056,
                18.007316
              ],
              [
                106.228808,
                18.007499
              ],
              [
                106.228738,
                18.007566
              ],
              [
                106.228472,
                18.007921
              ],
              [
                106.228254,
                18.008209
              ],
              [
                106.228135,
                18.008454
              ],
              [
                106.22811,
                18.008535
              ],
              [
                106.228025,
                18.008813
              ],
              [
                106.227994,
                18.008866
              ],
              [
                106.227809,
                18.009179
              ],
              [
                106.227608,
                18.009505
              ],
              [
                106.227449,
                18.010009
              ],
              [
                106.226975,
                18.010709
              ],
              [
                106.22642,
                18.011161
              ],
              [
                106.225494,
                18.011519
              ],
              [
                106.223759,
                18.01192
              ],
              [
                106.223221,
                18.011983
              ],
              [
                106.222905,
                18.011999
              ],
              [
                106.222667,
                18.012008
              ],
              [
                106.22249,
                18.012002
              ],
              [
                106.222374,
                18.011988
              ],
              [
                106.222051,
                18.011916
              ],
              [
                106.221765,
                18.011808
              ],
              [
                106.221087,
                18.011558
              ],
              [
                106.220678,
                18.01149
              ],
              [
                106.220125,
                18.011678
              ],
              [
                106.219626,
                18.011821
              ],
              [
                106.219434,
                18.011822
              ],
              [
                106.219295,
                18.011801
              ],
              [
                106.219041,
                18.011751
              ],
              [
                106.218579,
                18.01171
              ],
              [
                106.218379,
                18.01177
              ],
              [
                106.21818,
                18.011897
              ],
              [
                106.217982,
                18.012148
              ],
              [
                106.217822,
                18.012378
              ],
              [
                106.217669,
                18.012555
              ],
              [
                106.217448,
                18.012793
              ],
              [
                106.217203,
                18.012978
              ],
              [
                106.216973,
                18.01312
              ],
              [
                106.21672,
                18.013232
              ],
              [
                106.216474,
                18.013322
              ],
              [
                106.216197,
                18.013382
              ],
              [
                106.215927,
                18.013413
              ],
              [
                106.215628,
                18.013453
              ],
              [
                106.215104,
                18.013411
              ],
              [
                106.21486,
                18.013391
              ],
              [
                106.214711,
                18.01345
              ],
              [
                106.214672,
                18.01365
              ],
              [
                106.214625,
                18.01409
              ],
              [
                106.214398,
                18.014349
              ],
              [
                106.21424,
                18.014598
              ],
              [
                106.213915,
                18.015278
              ],
              [
                106.213819,
                18.015689
              ],
              [
                106.213651,
                18.015986
              ],
              [
                106.213006,
                18.016842
              ],
              [
                106.212311,
                18.017327
              ],
              [
                106.211893,
                18.01741
              ],
              [
                106.211586,
                18.017385
              ],
              [
                106.210829,
                18.016936
              ],
              [
                106.210488,
                18.016781
              ],
              [
                106.210144,
                18.016649
              ],
              [
                106.209933,
                18.016609
              ],
              [
                106.209457,
                18.01651
              ],
              [
                106.209043,
                18.016522
              ],
              [
                106.209072,
                18.016572
              ],
              [
                106.211135,
                18.020107
              ],
              [
                106.211403,
                18.020424
              ],
              [
                106.211658,
                18.020651
              ],
              [
                106.212867,
                18.0216
              ],
              [
                106.213058,
                18.021774
              ],
              [
                106.214275,
                18.022799
              ],
              [
                106.214987,
                18.023595
              ],
              [
                106.215496,
                18.024518
              ],
              [
                106.215802,
                18.025727
              ],
              [
                106.215665,
                18.02821
              ],
              [
                106.215685,
                18.028383
              ],
              [
                106.215656,
                18.028508
              ],
              [
                106.215623,
                18.028587
              ],
              [
                106.215642,
                18.028666
              ],
              [
                106.215714,
                18.02873
              ],
              [
                106.215811,
                18.028794
              ],
              [
                106.215883,
                18.028837
              ],
              [
                106.215914,
                18.028923
              ],
              [
                106.215922,
                18.028987
              ],
              [
                106.21589,
                18.02935
              ],
              [
                106.215859,
                18.029644
              ],
              [
                106.215782,
                18.029917
              ],
              [
                106.215779,
                18.030075
              ],
              [
                106.21583,
                18.030336
              ],
              [
                106.215933,
                18.030687
              ],
              [
                106.215979,
                18.030776
              ],
              [
                106.216032,
                18.030859
              ],
              [
                106.216118,
                18.030923
              ],
              [
                106.216175,
                18.03099
              ],
              [
                106.216198,
                18.031073
              ],
              [
                106.216203,
                18.031205
              ],
              [
                106.216184,
                18.031485
              ],
              [
                106.21618,
                18.03165
              ],
              [
                106.216205,
                18.031741
              ],
              [
                106.216346,
                18.031831
              ],
              [
                106.216386,
                18.031912
              ],
              [
                106.216382,
                18.032008
              ],
              [
                106.216319,
                18.03229
              ],
              [
                106.21627,
                18.032353
              ],
              [
                106.21622,
                18.032353
              ],
              [
                106.216109,
                18.032335
              ],
              [
                106.21602,
                18.03234
              ],
              [
                106.21591,
                18.032427
              ],
              [
                106.215814,
                18.032581
              ],
              [
                106.215782,
                18.032625
              ],
              [
                106.215711,
                18.032765
              ],
              [
                106.215665,
                18.032883
              ],
              [
                106.215694,
                18.032945
              ],
              [
                106.215882,
                18.033105
              ],
              [
                106.215995,
                18.033204
              ],
              [
                106.216033,
                18.033276
              ],
              [
                106.216034,
                18.033337
              ],
              [
                106.216015,
                18.033387
              ],
              [
                106.215915,
                18.033478
              ],
              [
                106.215882,
                18.033539
              ],
              [
                106.215886,
                18.033585
              ],
              [
                106.215976,
                18.03366
              ],
              [
                106.216071,
                18.033771
              ],
              [
                106.216098,
                18.033889
              ],
              [
                106.216217,
                18.034344
              ],
              [
                106.216294,
                18.034495
              ],
              [
                106.216483,
                18.034712
              ],
              [
                106.216584,
                18.034865
              ],
              [
                106.216623,
                18.03503
              ],
              [
                106.216601,
                18.035159
              ],
              [
                106.216535,
                18.035306
              ],
              [
                106.216514,
                18.035489
              ],
              [
                106.216526,
                18.035597
              ],
              [
                106.216554,
                18.035674
              ],
              [
                106.21657,
                18.035731
              ],
              [
                106.216627,
                18.035857
              ],
              [
                106.216674,
                18.035963
              ],
              [
                106.216682,
                18.035982
              ],
              [
                106.216784,
                18.036148
              ],
              [
                106.216909,
                18.03624
              ],
              [
                106.217003,
                18.036272
              ],
              [
                106.217104,
                18.036275
              ],
              [
                106.217321,
                18.036198
              ],
              [
                106.217421,
                18.036164
              ],
              [
                106.21762,
                18.036142
              ],
              [
                106.217673,
                18.036117
              ],
              [
                106.217706,
                18.036041
              ],
              [
                106.217754,
                18.035901
              ],
              [
                106.217794,
                18.035844
              ],
              [
                106.217921,
                18.035778
              ],
              [
                106.218131,
                18.035727
              ],
              [
                106.218449,
                18.035635
              ],
              [
                106.218737,
                18.035522
              ],
              [
                106.21899,
                18.035392
              ],
              [
                106.219134,
                18.035311
              ],
              [
                106.219181,
                18.035312
              ],
              [
                106.219214,
                18.03532
              ],
              [
                106.219242,
                18.035351
              ],
              [
                106.219272,
                18.035401
              ],
              [
                106.219323,
                18.035647
              ],
              [
                106.21953,
                18.036329
              ],
              [
                106.219581,
                18.03658
              ],
              [
                106.219567,
                18.036737
              ],
              [
                106.219534,
                18.036824
              ],
              [
                106.219437,
                18.0369
              ],
              [
                106.219171,
                18.03702
              ],
              [
                106.218921,
                18.037122
              ],
              [
                106.218875,
                18.037157
              ],
              [
                106.218857,
                18.037172
              ],
              [
                106.218755,
                18.037237
              ],
              [
                106.218528,
                18.037424
              ],
              [
                106.218311,
                18.037637
              ],
              [
                106.218136,
                18.037805
              ],
              [
                106.21805,
                18.037837
              ],
              [
                106.217962,
                18.037836
              ],
              [
                106.217836,
                18.037771
              ],
              [
                106.217545,
                18.037759
              ],
              [
                106.217408,
                18.037809
              ],
              [
                106.217365,
                18.037838
              ],
              [
                106.217231,
                18.038141
              ],
              [
                106.217161,
                18.038286
              ],
              [
                106.217143,
                18.038329
              ],
              [
                106.217115,
                18.038495
              ],
              [
                106.217218,
                18.038661
              ],
              [
                106.217308,
                18.03873
              ],
              [
                106.217452,
                18.038752
              ],
              [
                106.217718,
                18.038711
              ],
              [
                106.217932,
                18.038666
              ],
              [
                106.218011,
                18.038669
              ],
              [
                106.218142,
                18.038762
              ],
              [
                106.218198,
                18.038895
              ],
              [
                106.218152,
                18.039027
              ],
              [
                106.218111,
                18.039139
              ],
              [
                106.21814,
                18.039241
              ],
              [
                106.218284,
                18.039408
              ],
              [
                106.218479,
                18.039523
              ],
              [
                106.218649,
                18.039564
              ],
              [
                106.218705,
                18.039578
              ],
              [
                106.218888,
                18.039601
              ],
              [
                106.219103,
                18.039709
              ],
              [
                106.219231,
                18.039839
              ],
              [
                106.219343,
                18.040039
              ],
              [
                106.219492,
                18.040351
              ],
              [
                106.219591,
                18.040523
              ],
              [
                106.219688,
                18.040687
              ],
              [
                106.21978,
                18.04077
              ],
              [
                106.21996,
                18.040842
              ],
              [
                106.220103,
                18.040842
              ],
              [
                106.220314,
                18.040769
              ],
              [
                106.220534,
                18.040625
              ],
              [
                106.220675,
                18.040594
              ],
              [
                106.220804,
                18.040646
              ],
              [
                106.220821,
                18.040653
              ],
              [
                106.221122,
                18.040789
              ],
              [
                106.221345,
                18.040873
              ],
              [
                106.221398,
                18.040929
              ],
              [
                106.221395,
                18.040978
              ],
              [
                106.221292,
                18.041114
              ],
              [
                106.221039,
                18.04131
              ],
              [
                106.220831,
                18.041429
              ],
              [
                106.220659,
                18.041552
              ],
              [
                106.220602,
                18.041623
              ],
              [
                106.220583,
                18.041822
              ],
              [
                106.220534,
                18.042007
              ],
              [
                106.220464,
                18.042112
              ],
              [
                106.220366,
                18.042196
              ],
              [
                106.220196,
                18.042278
              ],
              [
                106.220084,
                18.042314
              ],
              [
                106.220002,
                18.042352
              ],
              [
                106.21992,
                18.042418
              ],
              [
                106.219891,
                18.042468
              ],
              [
                106.219893,
                18.04255
              ],
              [
                106.219956,
                18.042636
              ],
              [
                106.220078,
                18.042753
              ],
              [
                106.220255,
                18.042877
              ],
              [
                106.220411,
                18.042974
              ],
              [
                106.220573,
                18.043075
              ],
              [
                106.220666,
                18.043157
              ],
              [
                106.220712,
                18.043251
              ],
              [
                106.220711,
                18.043326
              ],
              [
                106.220642,
                18.043474
              ],
              [
                106.220563,
                18.043609
              ],
              [
                106.220494,
                18.043786
              ],
              [
                106.220453,
                18.043922
              ],
              [
                106.220481,
                18.044073
              ],
              [
                106.220532,
                18.044168
              ],
              [
                106.22062,
                18.044241
              ],
              [
                106.22079,
                18.044304
              ],
              [
                106.220958,
                18.044317
              ],
              [
                106.221263,
                18.044295
              ],
              [
                106.221427,
                18.044273
              ],
              [
                106.221548,
                18.0443
              ],
              [
                106.221658,
                18.04441
              ],
              [
                106.221731,
                18.044526
              ],
              [
                106.221753,
                18.044636
              ],
              [
                106.22172,
                18.044769
              ],
              [
                106.221639,
                18.044955
              ],
              [
                106.221526,
                18.045106
              ],
              [
                106.221467,
                18.045193
              ],
              [
                106.221452,
                18.045266
              ],
              [
                106.221504,
                18.045418
              ],
              [
                106.221523,
                18.045471
              ],
              [
                106.221549,
                18.045542
              ],
              [
                106.221611,
                18.045706
              ],
              [
                106.221701,
                18.045895
              ],
              [
                106.221787,
                18.046094
              ],
              [
                106.221795,
                18.046258
              ],
              [
                106.221756,
                18.046328
              ],
              [
                106.221618,
                18.046421
              ],
              [
                106.221486,
                18.046464
              ],
              [
                106.221232,
                18.046475
              ],
              [
                106.221012,
                18.046478
              ],
              [
                106.220827,
                18.046446
              ],
              [
                106.220706,
                18.04643
              ],
              [
                106.220617,
                18.04645
              ],
              [
                106.220529,
                18.046498
              ],
              [
                106.22046,
                18.04656
              ],
              [
                106.220432,
                18.046606
              ],
              [
                106.220383,
                18.046704
              ],
              [
                106.220326,
                18.046767
              ],
              [
                106.220208,
                18.046857
              ],
              [
                106.220149,
                18.046912
              ],
              [
                106.220095,
                18.047002
              ],
              [
                106.220086,
                18.047128
              ],
              [
                106.220128,
                18.047332
              ],
              [
                106.220169,
                18.047468
              ],
              [
                106.220234,
                18.047665
              ],
              [
                106.220269,
                18.04782
              ],
              [
                106.220306,
                18.048091
              ],
              [
                106.220338,
                18.048416
              ],
              [
                106.220385,
                18.048669
              ],
              [
                106.22046,
                18.048853
              ],
              [
                106.220535,
                18.048944
              ],
              [
                106.220709,
                18.049061
              ],
              [
                106.220914,
                18.049173
              ],
              [
                106.221021,
                18.049245
              ],
              [
                106.221077,
                18.049313
              ],
              [
                106.221113,
                18.049415
              ],
              [
                106.221096,
                18.049572
              ],
              [
                106.221048,
                18.049661
              ],
              [
                106.220965,
                18.049708
              ],
              [
                106.220872,
                18.049718
              ],
              [
                106.220788,
                18.049687
              ],
              [
                106.2207,
                18.049614
              ],
              [
                106.220597,
                18.049518
              ],
              [
                106.220451,
                18.049462
              ],
              [
                106.22032,
                18.04944
              ],
              [
                106.220247,
                18.049441
              ],
              [
                106.220115,
                18.049495
              ],
              [
                106.219951,
                18.049585
              ],
              [
                106.219771,
                18.049718
              ],
              [
                106.219625,
                18.049848
              ],
              [
                106.219466,
                18.050057
              ],
              [
                106.219362,
                18.050233
              ],
              [
                106.219306,
                18.050372
              ],
              [
                106.219277,
                18.050508
              ],
              [
                106.219297,
                18.050668
              ],
              [
                106.219378,
                18.050802
              ],
              [
                106.219465,
                18.050891
              ],
              [
                106.219544,
                18.050945
              ],
              [
                106.219667,
                18.051022
              ],
              [
                106.219842,
                18.051108
              ],
              [
                106.219948,
                18.051177
              ],
              [
                106.220087,
                18.051327
              ],
              [
                106.22019,
                18.051491
              ],
              [
                106.220279,
                18.051633
              ],
              [
                106.220404,
                18.051807
              ],
              [
                106.220531,
                18.052011
              ],
              [
                106.220589,
                18.052138
              ],
              [
                106.220651,
                18.052323
              ],
              [
                106.220722,
                18.052582
              ],
              [
                106.220793,
                18.052814
              ],
              [
                106.220854,
                18.05302
              ],
              [
                106.220967,
                18.053327
              ],
              [
                106.22107,
                18.053643
              ],
              [
                106.221122,
                18.053789
              ],
              [
                106.221207,
                18.053925
              ],
              [
                106.221271,
                18.054021
              ],
              [
                106.221467,
                18.054288
              ],
              [
                106.221644,
                18.05453
              ],
              [
                106.221884,
                18.054884
              ],
              [
                106.222005,
                18.055071
              ],
              [
                106.222098,
                18.055213
              ],
              [
                106.222215,
                18.055358
              ],
              [
                106.222272,
                18.055483
              ],
              [
                106.222318,
                18.055604
              ],
              [
                106.222379,
                18.055683
              ],
              [
                106.222521,
                18.055804
              ],
              [
                106.222638,
                18.055916
              ],
              [
                106.222786,
                18.056047
              ],
              [
                106.223106,
                18.056231
              ],
              [
                106.223356,
                18.056386
              ],
              [
                106.223658,
                18.056562
              ],
              [
                106.223923,
                18.056717
              ],
              [
                106.224206,
                18.056822
              ],
              [
                106.224379,
                18.056862
              ],
              [
                106.224541,
                18.056855
              ],
              [
                106.224707,
                18.056876
              ],
              [
                106.224812,
                18.056949
              ],
              [
                106.224834,
                18.057026
              ],
              [
                106.224802,
                18.057148
              ],
              [
                106.224726,
                18.057238
              ],
              [
                106.224493,
                18.057422
              ],
              [
                106.224263,
                18.057563
              ],
              [
                106.224067,
                18.057677
              ],
              [
                106.223973,
                18.057756
              ],
              [
                106.223931,
                18.05783
              ],
              [
                106.223897,
                18.057944
              ],
              [
                106.22391,
                18.058064
              ],
              [
                106.223944,
                18.058206
              ],
              [
                106.224008,
                18.058341
              ],
              [
                106.224077,
                18.05855
              ],
              [
                106.22414,
                18.058646
              ],
              [
                106.224186,
                18.058688
              ],
              [
                106.224254,
                18.058711
              ],
              [
                106.224287,
                18.058722
              ],
              [
                106.224364,
                18.058747
              ],
              [
                106.224346,
                18.058801
              ],
              [
                106.224321,
                18.058839
              ],
              [
                106.224261,
                18.058899
              ],
              [
                106.224187,
                18.058942
              ],
              [
                106.224179,
                18.058953
              ],
              [
                106.224179,
                18.058953
              ],
              [
                106.224174,
                18.058956
              ],
              [
                106.224105,
                18.058996
              ],
              [
                106.223989,
                18.05904
              ],
              [
                106.223916,
                18.05909
              ],
              [
                106.223891,
                18.059126
              ],
              [
                106.223881,
                18.059165
              ],
              [
                106.223887,
                18.059218
              ],
              [
                106.223887,
                18.059236
              ],
              [
                106.223975,
                18.059321
              ],
              [
                106.224038,
                18.059381
              ],
              [
                106.224038,
                18.059386
              ],
              [
                106.224039,
                18.0595
              ],
              [
                106.223989,
                18.059674
              ],
              [
                106.223964,
                18.059796
              ],
              [
                106.223612,
                18.060098
              ],
              [
                106.223408,
                18.060417
              ],
              [
                106.223303,
                18.060644
              ],
              [
                106.223267,
                18.06086
              ],
              [
                106.223312,
                18.061063
              ],
              [
                106.223401,
                18.061188
              ],
              [
                106.223533,
                18.061378
              ],
              [
                106.22356,
                18.061504
              ],
              [
                106.223553,
                18.061698
              ],
              [
                106.223416,
                18.061984
              ],
              [
                106.223408,
                18.061999
              ],
              [
                106.223383,
                18.062213
              ],
              [
                106.223359,
                18.062405
              ],
              [
                106.223356,
                18.062428
              ],
              [
                106.22332,
                18.062687
              ],
              [
                106.223297,
                18.062801
              ],
              [
                106.22327,
                18.062986
              ],
              [
                106.223204,
                18.06343
              ],
              [
                106.223157,
                18.063747
              ],
              [
                106.223148,
                18.063807
              ],
              [
                106.223073,
                18.06431
              ],
              [
                106.22303,
                18.064847
              ],
              [
                106.223063,
                18.065098
              ],
              [
                106.223238,
                18.065664
              ],
              [
                106.223526,
                18.066628
              ],
              [
                106.223557,
                18.066864
              ],
              [
                106.223577,
                18.067175
              ],
              [
                106.223692,
                18.067455
              ],
              [
                106.223799,
                18.06761
              ],
              [
                106.223819,
                18.067718
              ],
              [
                106.223819,
                18.067831
              ],
              [
                106.223821,
                18.068106
              ],
              [
                106.223866,
                18.068231
              ],
              [
                106.224005,
                18.068428
              ],
              [
                106.224166,
                18.068585
              ],
              [
                106.224216,
                18.068645
              ],
              [
                106.224415,
                18.069014
              ],
              [
                106.22449,
                18.069122
              ],
              [
                106.224599,
                18.069398
              ],
              [
                106.224606,
                18.069506
              ],
              [
                106.224565,
                18.069907
              ],
              [
                106.224566,
                18.07002
              ],
              [
                106.224631,
                18.070366
              ],
              [
                106.224619,
                18.070438
              ],
              [
                106.224581,
                18.070465
              ],
              [
                106.224561,
                18.070488
              ],
              [
                106.224412,
                18.070589
              ],
              [
                106.223815,
                18.071057
              ],
              [
                106.223726,
                18.071148
              ],
              [
                106.223677,
                18.071239
              ],
              [
                106.223677,
                18.071354
              ],
              [
                106.223714,
                18.071564
              ],
              [
                106.223782,
                18.071961
              ],
              [
                106.223828,
                18.072142
              ],
              [
                106.22394,
                18.072449
              ],
              [
                106.224067,
                18.07281
              ],
              [
                106.224093,
                18.072944
              ],
              [
                106.224086,
                18.073326
              ],
              [
                106.224102,
                18.07346
              ],
              [
                106.224184,
                18.073732
              ],
              [
                106.224296,
                18.074231
              ],
              [
                106.224492,
                18.076731
              ],
              [
                106.224778,
                18.078811
              ],
              [
                106.226808,
                18.079095
              ],
              [
                106.229466,
                18.079088
              ],
              [
                106.23029,
                18.07887
              ],
              [
                106.230952,
                18.078492
              ],
              [
                106.23142,
                18.078192
              ],
              [
                106.231967,
                18.077849
              ],
              [
                106.232584,
                18.077704
              ],
              [
                106.233055,
                18.077654
              ],
              [
                106.233695,
                18.077581
              ],
              [
                106.234154,
                18.077474
              ],
              [
                106.234624,
                18.077274
              ],
              [
                106.235309,
                18.07675
              ],
              [
                106.235741,
                18.076273
              ],
              [
                106.236005,
                18.076075
              ],
              [
                106.236488,
                18.075875
              ],
              [
                106.237511,
                18.075325
              ],
              [
                106.237828,
                18.075197
              ],
              [
                106.238692,
                18.074797
              ],
              [
                106.239416,
                18.074573
              ],
              [
                106.239801,
                18.074409
              ],
              [
                106.24003,
                18.074234
              ],
              [
                106.240209,
                18.073932
              ],
              [
                106.240293,
                18.073885
              ],
              [
                106.243997,
                18.075056
              ],
              [
                106.247101,
                18.076216
              ],
              [
                106.24946,
                18.077288
              ],
              [
                106.251841,
                18.078436
              ],
              [
                106.253023,
                18.078879
              ],
              [
                106.253131,
                18.078972
              ],
              [
                106.254475,
                18.079591
              ],
              [
                106.254672,
                18.07977
              ],
              [
                106.2549,
                18.080374
              ],
              [
                106.25516,
                18.080603
              ],
              [
                106.255554,
                18.080733
              ],
              [
                106.256288,
                18.080632
              ],
              [
                106.257052,
                18.080665
              ],
              [
                106.258108,
                18.080724
              ],
              [
                106.258168,
                18.080759
              ],
              [
                106.258454,
                18.080764
              ],
              [
                106.258845,
                18.08076
              ],
              [
                106.259215,
                18.080774
              ],
              [
                106.259658,
                18.080846
              ],
              [
                106.260059,
                18.080922
              ],
              [
                106.260351,
                18.080999
              ],
              [
                106.260588,
                18.081025
              ],
              [
                106.260786,
                18.081045
              ],
              [
                106.260924,
                18.081027
              ],
              [
                106.261084,
                18.080998
              ],
              [
                106.261217,
                18.080955
              ],
              [
                106.261502,
                18.080895
              ],
              [
                106.261912,
                18.080836
              ],
              [
                106.262445,
                18.080754
              ],
              [
                106.262973,
                18.080664
              ],
              [
                106.263423,
                18.080619
              ],
              [
                106.263652,
                18.080563
              ],
              [
                106.263585,
                18.080212
              ],
              [
                106.263641,
                18.079944
              ],
              [
                106.263767,
                18.079681
              ],
              [
                106.263863,
                18.079744
              ],
              [
                106.264247,
                18.079833
              ],
              [
                106.264413,
                18.079908
              ],
              [
                106.264628,
                18.080094
              ],
              [
                106.264843,
                18.080249
              ],
              [
                106.265054,
                18.080459
              ],
              [
                106.265167,
                18.080534
              ],
              [
                106.26537,
                18.080561
              ],
              [
                106.265911,
                18.08056
              ],
              [
                106.265921,
                18.080205
              ],
              [
                106.266168,
                18.080198
              ],
              [
                106.266183,
                18.080048
              ],
              [
                106.26636,
                18.07999
              ],
              [
                106.266374,
                18.079875
              ],
              [
                106.267793,
                18.079708
              ],
              [
                106.267933,
                18.079716
              ],
              [
                106.268077,
                18.08001
              ],
              [
                106.268364,
                18.080438
              ],
              [
                106.268484,
                18.080506
              ],
              [
                106.268566,
                18.080495
              ],
              [
                106.26861,
                18.080474
              ],
              [
                106.269134,
                18.079902
              ],
              [
                106.2697,
                18.079448
              ],
              [
                106.269862,
                18.079704
              ],
              [
                106.270102,
                18.079774
              ],
              [
                106.270421,
                18.079314
              ],
              [
                106.270722,
                18.079438
              ],
              [
                106.270953,
                18.07938
              ],
              [
                106.271062,
                18.07969
              ],
              [
                106.272826,
                18.079659
              ],
              [
                106.272758,
                18.080696
              ],
              [
                106.272739,
                18.081022
              ],
              [
                106.272691,
                18.081659
              ],
              [
                106.272659,
                18.082442
              ],
              [
                106.272627,
                18.082762
              ],
              [
                106.272612,
                18.082996
              ],
              [
                106.272657,
                18.08322
              ],
              [
                106.272706,
                18.083435
              ],
              [
                106.272781,
                18.083533
              ],
              [
                106.272873,
                18.083604
              ],
              [
                106.272932,
                18.083678
              ],
              [
                106.273043,
                18.083827
              ],
              [
                106.273125,
                18.083892
              ],
              [
                106.273247,
                18.083924
              ],
              [
                106.273366,
                18.083962
              ],
              [
                106.273516,
                18.08406
              ],
              [
                106.273655,
                18.084194
              ],
              [
                106.273755,
                18.084217
              ],
              [
                106.27384,
                18.084189
              ],
              [
                106.273918,
                18.084168
              ],
              [
                106.274058,
                18.084176
              ],
              [
                106.274224,
                18.084157
              ],
              [
                106.274483,
                18.084098
              ],
              [
                106.274723,
                18.084079
              ],
              [
                106.274914,
                18.08409
              ],
              [
                106.27503,
                18.084119
              ],
              [
                106.275109,
                18.084202
              ],
              [
                106.275172,
                18.084273
              ],
              [
                106.27531,
                18.084317
              ],
              [
                106.275638,
                18.084366
              ],
              [
                106.275782,
                18.08438
              ],
              [
                106.276008,
                18.084495
              ],
              [
                106.276274,
                18.084639
              ],
              [
                106.276569,
                18.084778
              ],
              [
                106.276793,
                18.084841
              ],
              [
                106.277124,
                18.084918
              ],
              [
                106.277387,
                18.084963
              ],
              [
                106.277743,
                18.08505
              ],
              [
                106.278119,
                18.08512
              ],
              [
                106.278423,
                18.085186
              ],
              [
                106.278679,
                18.085245
              ],
              [
                106.278791,
                18.085302
              ],
              [
                106.278841,
                18.085384
              ],
              [
                106.278841,
                18.085448
              ],
              [
                106.278808,
                18.085509
              ],
              [
                106.278715,
                18.085603
              ],
              [
                106.278689,
                18.085711
              ],
              [
                106.278669,
                18.085934
              ],
              [
                106.278622,
                18.086212
              ],
              [
                106.278632,
                18.086364
              ],
              [
                106.278686,
                18.086486
              ],
              [
                106.278768,
                18.086605
              ],
              [
                106.278781,
                18.086692
              ],
              [
                106.278751,
                18.086892
              ],
              [
                106.278758,
                18.08697
              ],
              [
                106.278843,
                18.087599
              ],
              [
                106.278882,
                18.087975
              ],
              [
                106.278973,
                18.087966
              ],
              [
                106.27973,
                18.087896
              ],
              [
                106.280343,
                18.087805
              ],
              [
                106.281061,
                18.087607
              ],
              [
                106.281448,
                18.087318
              ],
              [
                106.281448,
                18.087318
              ]
            ]
          ]
        ]
      },
      "properties": {
        "code": "18814",
        "name": "Kỳ Hoa",
        "nameEn": "Ky Hoa",
        "fullName": "Xã Kỳ Hoa",
        "fullNameEn": "Ky Hoa Commune",
        "codeName": "ky_hoa",
        "postalCode": "46217",
        "postalCodePrefix": "",
        "gisServerId": "diaphanhanhchinhcapxa_2025.2015",
        "areaKm2": 73.28
      }
    }
  ]
}