country,country_name,aggregation,year,gas,sector,subsector,emissionsQuantity
VNM,Vietnam,sectors,2015,co2,agriculture,,7387190.595828157
VNM,Vietnam,sectors,2015,pm2_5,agriculture,,33825.11504648609
VNM,Vietnam,sectors,2015,so2,agriculture,,0.0
VNM,Vietnam,sectors,2015,co2,buildings,,14743228.950654663
VNM,Vietnam,sectors,2015,pm2_5,buildings,,89767.182
VNM,Vietnam,sectors,2015,so2,buildings,,58147.683000000005
VNM,Vietnam,sectors,2015,co2,fluorinated-gases,,0.0
VNM,Vietnam,sectors,2015,pm2_5,fluorinated-gases,,18434.585625237054
VNM,Vietnam,sectors,2015,so2,fluorinated-gases,,11752.831249252273
VNM,Vietnam,sectors,2015,co2,forestry-and-land-use,,-20069558.305485167
VNM,Vietnam,sectors,2015,pm2_5,forestry-and-land-use,,58243.561299999994
VNM,Vietnam,sectors,2015,so2,forestry-and-land-use,,2673.9970200000002
VNM,Vietnam,sectors,2015,co2,fossil-fuel-operations,,17352697.690832824
VNM,Vietnam,sectors,2015,pm2_5,fossil-fuel-operations,,861.2009014754514
VNM,Vietnam,sectors,2015,so2,fossil-fuel-operations,,69244.46908991269
VNM,Vietnam,sectors,2015,co2,manufacturing,,59998825.5799517
VNM,Vietnam,sectors,2015,pm2_5,manufacturing,,94626.06376423674
VNM,Vietnam,sectors,2015,so2,manufacturing,,195903.26089694488
VNM,Vietnam,sectors,2015,co2,mineral-extraction,,1026419.491394612
VNM,Vietnam,sectors,2015,pm2_5,mineral-extraction,,1168.490030093911
VNM,Vietnam,sectors,2015,so2,mineral-extraction,,3970.3468724449913
VNM,Vietnam,sectors,2015,co2,power,,84023127.4710478
VNM,Vietnam,sectors,2015,pm2_5,power,,2599.0
VNM,Vietnam,sectors,2015,so2,power,,57168.0
VNM,Vietnam,sectors,2015,co2,transportation,,26220902.715703193
VNM,Vietnam,sectors,2015,pm2_5,transportation,,11605.088286328877
VNM,Vietnam,sectors,2015,so2,transportation,,84498.08249149815
VNM,Vietnam,sectors,2015,co2,waste,,41286.11164042198
VNM,Vietnam,sectors,2015,pm2_5,waste,,2728.4404880557627
VNM,Vietnam,sectors,2015,so2,waste,,251.30399838206125
VNM,Vietnam,subsectors,2015,co2,agriculture,crop-residues,0.0
VNM,Vietnam,subsectors,2015,pm2_5,agriculture,crop-residues,0.0
VNM,Vietnam,subsectors,2015,so2,agriculture,crop-residues,0.0
VNM,Vietnam,subsectors,2015,co2,agriculture,cropland-fires,0.0
VNM,Vietnam,subsectors,2015,pm2_5,agriculture,cropland-fires,30262.66602652
VNM,Vietnam,subsectors,2015,so2,agriculture,cropland-fires,0.0
VNM,Vietnam,subsectors,2015,co2,agriculture,enteric-fermentation-cattle-operation,0.0
VNM,Vietnam,subsectors,2015,pm2_5,agriculture,enteric-fermentation-cattle-operation,0.0
VNM,Vietnam,subsectors,2015,so2,agriculture,enteric-fermentation-cattle-operation,0.0
VNM,Vietnam,subsectors,2015,co2,agriculture,enteric-fermentation-cattle-pasture,0.0
VNM,Vietnam,subsectors,2015,pm2_5,agriculture,enteric-fermentation-cattle-pasture,0.0
VNM,Vietnam,subsectors,2015,so2,agriculture,enteric-fermentation-cattle-pasture,0.0
VNM,Vietnam,subsectors,2015,co2,agriculture,enteric-fermentation-other,0.0
VNM,Vietnam,subsectors,2015,pm2_5,agriculture,enteric-fermentation-other,0.0
VNM,Vietnam,subsectors,2015,so2,agriculture,enteric-fermentation-other,0.0
VNM,Vietnam,subsectors,2015,co2,agriculture,manure-applied-to-soils,0.0
VNM,Vietnam,subsectors,2015,pm2_5,agriculture,manure-applied-to-soils,0.0
VNM,Vietnam,subsectors,2015,so2,agriculture,manure-applied-to-soils,0.0
VNM,Vietnam,subsectors,2015,co2,agriculture,manure-left-on-pasture-cattle,0.0
VNM,Vietnam,subsectors,2015,pm2_5,agriculture,manure-left-on-pasture-cattle,4.662217441505379
VNM,Vietnam,subsectors,2015,so2,agriculture,manure-left-on-pasture-cattle,0.0
VNM,Vietnam,subsectors,2015,co2,agriculture,manure-management-cattle-operation,0.0
VNM,Vietnam,subsectors,2015,pm2_5,agriculture,manure-management-cattle-operation,85.33520726744109
VNM,Vietnam,subsectors,2015,so2,agriculture,manure-management-cattle-operation,0.0
VNM,Vietnam,subsectors,2015,co2,agriculture,manure-management-other,0.0
VNM,Vietnam,subsectors,2015,pm2_5,agriculture,manure-management-other,3472.451595257143
VNM,Vietnam,subsectors,2015,so2,agriculture,manure-management-other,0.0
VNM,Vietnam,subsectors,2015,co2,agriculture,other-agricultural-soil-emissions,7387190.595828157
VNM,Vietnam,subsectors,2015,pm2_5,agriculture,other-agricultural-soil-emissions,0.0
VNM,Vietnam,subsectors,2015,so2,agriculture,other-agricultural-soil-emissions,0.0
VNM,Vietnam,subsectors,2015,co2,agriculture,rice-cultivation,0.0
VNM,Vietnam,subsectors,2015,pm2_5,agriculture,rice-cultivation,0.0
VNM,Vietnam,subsectors,2015,so2,agriculture,rice-cultivation,0.0
VNM,Vietnam,subsectors,2015,co2,agriculture,synthetic-fertilizer-application,0.0
VNM,Vietnam,subsectors,2015,pm2_5,agriculture,synthetic-fertilizer-application,0.0
VNM,Vietnam,subsectors,2015,so2,agriculture,synthetic-fertilizer-application,0.0
VNM,Vietnam,subsectors,2015,co2,buildings,non-residential-onsite-fuel-usage,629114.6076546634
VNM,Vietnam,subsectors,2015,pm2_5,buildings,non-residential-onsite-fuel-usage,7067.484
VNM,Vietnam,subsectors,2015,so2,buildings,non-residential-onsite-fuel-usage,4576.118
VNM,Vietnam,subsectors,2015,co2,buildings,other-onsite-fuel-usage,0.0
VNM,Vietnam,subsectors,2015,pm2_5,buildings,other-onsite-fuel-usage,0.0
VNM,Vietnam,subsectors,2015,so2,buildings,other-onsite-fuel-usage,0.0
VNM,Vietnam,subsectors,2015,co2,buildings,residential-onsite-fuel-usage,14114114.343
VNM,Vietnam,subsectors,2015,pm2_5,buildings,residential-onsite-fuel-usage,82699.698
VNM,Vietnam,subsectors,2015,so2,buildings,residential-onsite-fuel-usage,53571.565
VNM,Vietnam,subsectors,2015,co2,fluorinated-gases,fluorinated-gases,0.0
VNM,Vietnam,subsectors,2015,pm2_5,fluorinated-gases,fluorinated-gases,18434.585625237054
VNM,Vietnam,subsectors,2015,so2,fluorinated-gases,fluorinated-gases,11752.831249252273
VNM,Vietnam,subsectors,2015,co2,forestry-and-land-use,forest-land-clearing,100701661.12011868
VNM,Vietnam,subsectors,2015,pm2_5,forestry-and-land-use,forest-land-clearing,0.0
VNM,Vietnam,subsectors,2015,so2,forestry-and-land-use,forest-land-clearing,0.0
VNM,Vietnam,subsectors,2015,co2,forestry-and-land-use,forest-land-degradation,7739345.188522721
VNM,Vietnam,subsectors,2015,pm2_5,forestry-and-land-use,forest-land-degradation,0.0
VNM,Vietnam,subsectors,2015,so2,forestry-and-land-use,forest-land-degradation,0.0
VNM,Vietnam,subsectors,2015,co2,forestry-and-land-use,forest-land-fires,9776080.986714734
VNM,Vietnam,subsectors,2015,pm2_5,forestry-and-land-use,forest-land-fires,57260.91128
VNM,Vietnam,subsectors,2015,so2,forestry-and-land-use,forest-land-fires,2558.25478
VNM,Vietnam,subsectors,2015,co2,forestry-and-land-use,net-forest-land,-10580883.498219516
VNM,Vietnam,subsectors,2015,pm2_5,forestry-and-land-use,net-forest-land,0.0
VNM,Vietnam,subsectors,2015,so2,forestry-and-land-use,net-forest-land,0.0
VNM,Vietnam,subsectors,2015,co2,forestry-and-land-use,net-shrubgrass,-66121.82495631473
VNM,Vietnam,subsectors,2015,pm2_5,forestry-and-land-use,net-shrubgrass,0.0
VNM,Vietnam,subsectors,2015,so2,forestry-and-land-use,net-shrubgrass,0.0
VNM,Vietnam,subsectors,2015,co2,forestry-and-land-use,net-soil-organic-carbon,0.0
VNM,Vietnam,subsectors,2015,pm2_5,forestry-and-land-use,net-soil-organic-carbon,0.0
VNM,Vietnam,subsectors,2015,so2,forestry-and-land-use,net-soil-organic-carbon,0.0
VNM,Vietnam,subsectors,2015,co2,forestry-and-land-use,net-wetland,459502.5063387984
VNM,Vietnam,subsectors,2015,pm2_5,forestry-and-land-use,net-wetland,0.0
VNM,Vietnam,subsectors,2015,so2,forestry-and-land-use,net-wetland,0.0
VNM,Vietnam,subsectors,2015,co2,forestry-and-land-use,removals,-128572701.2186068
VNM,Vietnam,subsectors,2015,pm2_5,forestry-and-land-use,removals,0.0
VNM,Vietnam,subsectors,2015,so2,forestry-and-land-use,removals,0.0
VNM,Vietnam,subsectors,2015,co2,forestry-and-land-use,shrubgrass-fires,14886.661505916763
VNM,Vietnam,subsectors,2015,pm2_5,forestry-and-land-use,shrubgrass-fires,499.83185000000003
VNM,Vietnam,subsectors,2015,so2,forestry-and-land-use,shrubgrass-fires,75.60481
VNM,Vietnam,subsectors,2015,co2,forestry-and-land-use,water-reservoirs,438649.5893609962
VNM,Vietnam,subsectors,2015,pm2_5,forestry-and-land-use,water-reservoirs,0.0
VNM,Vietnam,subsectors,2015,so2,forestry-and-land-use,water-reservoirs,0.0
VNM,Vietnam,subsectors,2015,co2,forestry-and-land-use,wetland-fires,20022.18373562274
VNM,Vietnam,subsectors,2015,pm2_5,forestry-and-land-use,wetland-fires,482.81817
VNM,Vietnam,subsectors,2015,so2,forestry-and-land-use,wetland-fires,40.13743
VNM,Vietnam,subsectors,2015,co2,fossil-fuel-operations,coal-mining,1616060.5548776663
VNM,Vietnam,subsectors,2015,pm2_5,fossil-fuel-operations,coal-mining,520.8308456737061
VNM,Vietnam,subsectors,2015,so2,fossil-fuel-operations,coal-mining,69199.57181184982
VNM,Vietnam,subsectors,2015,co2,fossil-fuel-operations,oil-and-gas-production,10927676.579588296
VNM,Vietnam,subsectors,2015,pm2_5,fossil-fuel-operations,oil-and-gas-production,279.1078717730841
VNM,Vietnam,subsectors,2015,so2,fossil-fuel-operations,oil-and-gas-production,36.81635183510403
VNM,Vietnam,subsectors,2015,co2,fossil-fuel-operations,oil-and-gas-refining,1639904.0813301783
VNM,Vietnam,subsectors,2015,pm2_5,fossil-fuel-operations,oil-and-gas-refining,0.0
VNM,Vietnam,subsectors,2015,so2,fossil-fuel-operations,oil-and-gas-refining,0.0
VNM,Vietnam,subsectors,2015,co2,fossil-fuel-operations,oil-and-gas-transport,3169056.4750366844
VNM,Vietnam,subsectors,2015,pm2_5,fossil-fuel-operations,oil-and-gas-transport,61.26218402866111
VNM,Vietnam,subsectors,2015,so2,fossil-fuel-operations,oil-and-gas-transport,8.080926227762463
VNM,Vietnam,subsectors,2015,co2,fossil-fuel-operations,other-fossil-fuel-operations,0.0
VNM,Vietnam,subsectors,2015,pm2_5,fossil-fuel-operations,other-fossil-fuel-operations,0.0
VNM,Vietnam,subsectors,2015,so2,fossil-fuel-operations,other-fossil-fuel-operations,0.0
VNM,Vietnam,subsectors,2015,co2,fossil-fuel-operations,other-solid-fuels,0.0
VNM,Vietnam,subsectors,2015,pm2_5,fossil-fuel-operations,other-solid-fuels,0.0
VNM,Vietnam,subsectors,2015,so2,fossil-fuel-operations,other-solid-fuels,0.0
VNM,Vietnam,subsectors,2015,co2,manufacturing,aluminum,943823.4333010569
VNM,Vietnam,subsectors,2015,pm2_5,manufacturing,aluminum,2402.296325565521
VNM,Vietnam,subsectors,2015,so2,manufacturing,aluminum,6732.379165246781
VNM,Vietnam,subsectors,2015,co2,manufacturing,cement,43491327.18761732
VNM,Vietnam,subsectors,2015,pm2_5,manufacturing,cement,49764.74207896275
VNM,Vietnam,subsectors,2015,so2,manufacturing,cement,76611.64980844408
VNM,Vietnam,subsectors,2015,co2,manufacturing,chemicals,3503920.015391078
VNM,Vietnam,subsectors,2015,pm2_5,manufacturing,chemicals,5053.2697398611335
VNM,Vietnam,subsectors,2015,so2,manufacturing,chemicals,15325.006967255043
VNM,Vietnam,subsectors,2015,co2,manufacturing,food-beverage-tobacco,224231.5476001538
VNM,Vietnam,subsectors,2015,pm2_5,manufacturing,food-beverage-tobacco,1460.5040000400193
VNM,Vietnam,subsectors,2015,so2,manufacturing,food-beverage-tobacco,3445.576219364144
VNM,Vietnam,subsectors,2015,co2,manufacturing,glass,4767.209452944843
VNM,Vietnam,subsectors,2015,pm2_5,manufacturing,glass,8.188434093950454
VNM,Vietnam,subsectors,2015,so2,manufacturing,glass,23.231678116508363
VNM,Vietnam,subsectors,2015,co2,manufacturing,iron-and-steel,7071425.218001478
VNM,Vietnam,subsectors,2015,pm2_5,manufacturing,iron-and-steel,14800.380037631105
VNM,Vietnam,subsectors,2015,so2,manufacturing,iron-and-steel,37231.60288491324
VNM,Vietnam,subsectors,2015,co2,manufacturing,lime,649812.2343185839
VNM,Vietnam,subsectors,2015,pm2_5,manufacturing,lime,1140.7810893087635
VNM,Vietnam,subsectors,2015,so2,manufacturing,lime,2550.8232682497655
VNM,Vietnam,subsectors,2015,co2,manufacturing,other-chemicals,0.0
VNM,Vietnam,subsectors,2015,pm2_5,manufacturing,other-chemicals,25.678851030114267
VNM,Vietnam,subsectors,2015,so2,manufacturing,other-chemicals,77.87602704905673
VNM,Vietnam,subsectors,2015,co2,manufacturing,other-manufacturing,2545854.7223599
VNM,Vietnam,subsectors,2015,pm2_5,manufacturing,other-manufacturing,11747.655778833363
VNM,Vietnam,subsectors,2015,so2,manufacturing,other-manufacturing,32373.019650908762
VNM,Vietnam,subsectors,2015,co2,manufacturing,other-metals,0.0
VNM,Vietnam,subsectors,2015,pm2_5,manufacturing,other-metals,0.0
VNM,Vietnam,subsectors,2015,so2,manufacturing,other-metals,0.0
VNM,Vietnam,subsectors,2015,co2,manufacturing,petrochemical-steam-cracking,0.0
VNM,Vietnam,subsectors,2015,pm2_5,manufacturing,petrochemical-steam-cracking,0.0
VNM,Vietnam,subsectors,2015,so2,manufacturing,petrochemical-steam-cracking,0.0
VNM,Vietnam,subsectors,2015,co2,manufacturing,pulp-and-paper,267260.00047740305
VNM,Vietnam,subsectors,2015,pm2_5,manufacturing,pulp-and-paper,1158.3020263447283
VNM,Vietnam,subsectors,2015,so2,manufacturing,pulp-and-paper,3432.5397280892494
VNM,Vietnam,subsectors,2015,co2,manufacturing,textiles-leather-apparel,1235884.399023161
VNM,Vietnam,subsectors,2015,pm2_5,manufacturing,textiles-leather-apparel,6482.906860587476
VNM,Vietnam,subsectors,2015,so2,manufacturing,textiles-leather-apparel,16759.61508685825
VNM,Vietnam,subsectors,2015,co2,manufacturing,wood-and-wood-products,60519.6124086255
VNM,Vietnam,subsectors,2015,pm2_5,manufacturing,wood-and-wood-products,581.358541977813
VNM,Vietnam,subsectors,2015,so2,manufacturing,wood-and-wood-products,1339.9404124500031
VNM,Vietnam,subsectors,2015,co2,mineral-extraction,bauxite-mining,16441.722024088882
VNM,Vietnam,subsectors,2015,pm2_5,mineral-extraction,bauxite-mining,7.297685025188821
VNM,Vietnam,subsectors,2015,so2,mineral-extraction,bauxite-mining,132.93084814460153
VNM,Vietnam,subsectors,2015,co2,mineral-extraction,copper-mining,126196.00139664092
VNM,Vietnam,subsectors,2015,pm2_5,mineral-extraction,copper-mining,56.95108774107627
VNM,Vietnam,subsectors,2015,so2,mineral-extraction,copper-mining,353.5141013571297
VNM,Vietnam,subsectors,2015,co2,mineral-extraction,iron-mining,99177.00072129002
VNM,Vietnam,subsectors,2015,pm2_5,mineral-extraction,iron-mining,36.059745454671976
VNM,Vietnam,subsectors,2015,so2,mineral-extraction,iron-mining,302.6181202685801
VNM,Vietnam,subsectors,2015,co2,mineral-extraction,other-mining-quarrying,784181.7672495159
VNM,Vietnam,subsectors,2015,pm2_5,mineral-extraction,other-mining-quarrying,1067.6088530011054
VNM,Vietnam,subsectors,2015,so2,mineral-extraction,other-mining-quarrying,3179.578296285285
VNM,Vietnam,subsectors,2015,co2,mineral-extraction,rock-quarrying,312.0000022690996
VNM,Vietnam,subsectors,2015,pm2_5,mineral-extraction,rock-quarrying,0.42238668563350923
VNM,Vietnam,subsectors,2015,so2,mineral-extraction,rock-quarrying,1.2579621595539459
VNM,Vietnam,subsectors,2015,co2,mineral-extraction,sand-quarrying,111.00000080727581
VNM,Vietnam,subsectors,2015,pm2_5,mineral-extraction,sand-quarrying,0.1502721862349985
VNM,Vietnam,subsectors,2015,so2,mineral-extraction,sand-quarrying,0.44754422984130765
VNM,Vietnam,subsectors,2015,co2,power,electricity-generation,77589141.0
VNM,Vietnam,subsectors,2015,pm2_5,power,electricity-generation,2599.0
VNM,Vietnam,subsectors,2015,so2,power,electricity-generation,57168.0
VNM,Vietnam,subsectors,2015,co2,power,heat-plants,0.0
VNM,Vietnam,subsectors,2015,pm2_5,power,heat-plants,0.0
VNM,Vietnam,subsectors,2015,so2,power,heat-plants,0.0
VNM,Vietnam,subsectors,2015,co2,power,other-energy-use,6433986.471047806
VNM,Vietnam,subsectors,2015,pm2_5,power,other-energy-use,0.0
VNM,Vietnam,subsectors,2015,so2,power,other-energy-use,0.0
VNM,Vietnam,subsectors,2015,co2,transportation,domestic-aviation,1848424.8126564394
VNM,Vietnam,subsectors,2015,pm2_5,transportation,domestic-aviation,0.9846489235416425
VNM,Vietnam,subsectors,2015,so2,transportation,domestic-aviation,734.9132584772183
VNM,Vietnam,subsectors,2015,co2,transportation,domestic-shipping,1177914.8518694977
VNM,Vietnam,subsectors,2015,pm2_5,transportation,domestic-shipping,2488.0625463645074
VNM,Vietnam,subsectors,2015,so2,transportation,domestic-shipping,1541.690076204033
VNM,Vietnam,subsectors,2015,co2,transportation,international-aviation,2667559.4630884263
VNM,Vietnam,subsectors,2015,pm2_5,transportation,international-aviation,266.5200905024627
VNM,Vietnam,subsectors,2015,so2,transportation,international-aviation,912.415910827357
VNM,Vietnam,subsectors,2015,co2,transportation,international-shipping,2457164.591862862
VNM,Vietnam,subsectors,2015,pm2_5,transportation,international-shipping,5310.721082621191
VNM,Vietnam,subsectors,2015,so2,transportation,international-shipping,29927.582736838107
VNM,Vietnam,subsectors,2015,co2,transportation,non-broadcasting-vessels,0.0
VNM,Vietnam,subsectors,2015,pm2_5,transportation,non-broadcasting-vessels,0.0
VNM,Vietnam,subsectors,2015,so2,transportation,non-broadcasting-vessels,0.0
VNM,Vietnam,subsectors,2015,co2,transportation,other-transport,0.0
VNM,Vietnam,subsectors,2015,pm2_5,transportation,other-transport,0.0
VNM,Vietnam,subsectors,2015,so2,transportation,other-transport,0.0
VNM,Vietnam,subsectors,2015,co2,transportation,railways,110213.37600000003
VNM,Vietnam,subsectors,2015,pm2_5,transportation,railways,993.2399490652754
VNM,Vietnam,subsectors,2015,so2,transportation,railways,45.5751392838119
VNM,Vietnam,subsectors,2015,co2,transportation,road-transportation,17959625.620225966
VNM,Vietnam,subsectors,2015,pm2_5,transportation,road-transportation,2545.559968851899
VNM,Vietnam,subsectors,2015,so2,transportation,road-transportation,51335.90536986762
VNM,Vietnam,subsectors,2015,co2,waste,biological-treatment-of-solid-waste-and-biogenic,0.0
VNM,Vietnam,subsectors,2015,pm2_5,waste,biological-treatment-of-solid-waste-and-biogenic,0.0
VNM,Vietnam,subsectors,2015,so2,waste,biological-treatment-of-solid-waste-and-biogenic,0.0
VNM,Vietnam,subsectors,2015,co2,waste,domestic-wastewater-treatment-and-discharge,0.0
VNM,Vietnam,subsectors,2015,pm2_5,waste,domestic-wastewater-treatment-and-discharge,0.0
VNM,Vietnam,subsectors,2015,so2,waste,domestic-wastewater-treatment-and-discharge,0.0
VNM,Vietnam,subsectors,2015,co2,waste,incineration-and-open-burning-of-waste,41286.11164042198
VNM,Vietnam,subsectors,2015,pm2_5,waste,incineration-and-open-burning-of-waste,2728.133415098694
VNM,Vietnam,subsectors,2015,so2,waste,incineration-and-open-burning-of-waste,251.30399838206125
VNM,Vietnam,subsectors,2015,co2,waste,industrial-wastewater-treatment-and-discharge,0.0
VNM,Vietnam,subsectors,2015,pm2_5,waste,industrial-wastewater-treatment-and-discharge,0.0
VNM,Vietnam,subsectors,2015,so2,waste,industrial-wastewater-treatment-and-discharge,0.0
VNM,Vietnam,subsectors,2015,co2,waste,solid-waste-disposal,0.0
VNM,Vietnam,subsectors,2015,pm2_5,waste,solid-waste-disposal,0.307072957068539
VNM,Vietnam,subsectors,2015,so2,waste,solid-waste-disposal,0.0
VNM,Vietnam,totals,2015,co2,,,190724120.30156824
VNM,Vietnam,totals,2015,pm2_5,,,313858.7274419139
VNM,Vietnam,totals,2015,so2,,,483609.9746184349
VNM,Vietnam,sectors,2016,co2,agriculture,,6704452.878154584
VNM,Vietnam,sectors,2016,pm2_5,agriculture,,35557.75483655953
VNM,Vietnam,sectors,2016,so2,agriculture,,0.0
VNM,Vietnam,sectors,2016,co2,buildings,,14276036.112537483
VNM,Vietnam,sectors,2016,pm2_5,buildings,,79688.495
VNM,Vietnam,sectors,2016,so2,buildings,,55636.403
VNM,Vietnam,sectors,2016,co2,fluorinated-gases,,0.0
VNM,Vietnam,sectors,2016,pm2_5,fluorinated-gases,,20764.70287957471
VNM,Vietnam,sectors,2016,so2,fluorinated-gases,,13532.44906778455
VNM,Vietnam,sectors,2016,co2,forestry-and-land-use,,42691195.035551384
VNM,Vietnam,sectors,2016,pm2_5,forestry-and-land-use,,98355.53866999997
VNM,Vietnam,sectors,2016,so2,forestry-and-land-use,,4488.64049
VNM,Vietnam,sectors,2016,co2,fossil-fuel-operations,,16509038.591860622
VNM,Vietnam,sectors,2016,pm2_5,fossil-fuel-operations,,827.3924159027898
VNM,Vietnam,sectors,2016,so2,fossil-fuel-operations,,69240.00950555218
VNM,Vietnam,sectors,2016,co2,manufacturing,,67857183.72812696
VNM,Vietnam,sectors,2016,pm2_5,manufacturing,,110630.82748491965
VNM,Vietnam,sectors,2016,so2,manufacturing,,226779.70870201834
VNM,Vietnam,sectors,2016,co2,mineral-extraction,,1147555.4498914161
VNM,Vietnam,sectors,2016,pm2_5,mineral-extraction,,1292.1709458910018
VNM,Vietnam,sectors,2016,so2,mineral-extraction,,4416.955984525466
VNM,Vietnam,sectors,2016,co2,power,,97414243.22045034
VNM,Vietnam,sectors,2016,pm2_5,power,,3009.0
VNM,Vietnam,sectors,2016,so2,power,,68449.0
VNM,Vietnam,sectors,2016,co2,transportation,,29342668.272533067
VNM,Vietnam,sectors,2016,pm2_5,transportation,,12511.093783023818
VNM,Vietnam,sectors,2016,so2,transportation,,94370.25741552355
VNM,Vietnam,sectors,2016,co2,waste,,42597.77058951245
VNM,Vietnam,sectors,2016,pm2_5,waste,,2801.7406362943084
VNM,Vietnam,sectors,2016,so2,waste,,257.8981030602735
VNM,Vietnam,subsectors,2016,co2,agriculture,crop-residues,0.0
VNM,Vietnam,subsectors,2016,pm2_5,agriculture,crop-residues,0.0
VNM,Vietnam,subsectors,2016,so2,agriculture,crop-residues,0.0
VNM,Vietnam,subsectors,2016,co2,agriculture,cropland-fires,0.0
VNM,Vietnam,subsectors,2016,pm2_5,agriculture,cropland-fires,31821.8457532
VNM,Vietnam,subsectors,2016,so2,agriculture,cropland-fires,0.0
VNM,Vietnam,subsectors,2016,co2,agriculture,enteric-fermentation-cattle-operation,0.0
VNM,Vietnam,subsectors,2016,pm2_5,agriculture,enteric-fermentation-cattle-operation,0.0
VNM,Vietnam,subsectors,2016,so2,agriculture,enteric-fermentation-cattle-operation,0.0
VNM,Vietnam,subsectors,2016,co2,agriculture,enteric-fermentation-cattle-pasture,0.0
VNM,Vietnam,subsectors,2016,pm2_5,agriculture,enteric-fermentation-cattle-pasture,0.0
VNM,Vietnam,subsectors,2016,so2,agriculture,enteric-fermentation-cattle-pasture,0.0
VNM,Vietnam,subsectors,2016,co2,agriculture,enteric-fermentation-other,0.0
VNM,Vietnam,subsectors,2016,pm2_5,agriculture,enteric-fermentation-other,0.0
VNM,Vietnam,subsectors,2016,so2,agriculture,enteric-fermentation-other,0.0
VNM,Vietnam,subsectors,2016,co2,agriculture,manure-applied-to-soils,0.0
VNM,Vietnam,subsectors,2016,pm2_5,agriculture,manure-applied-to-soils,0.0
VNM,Vietnam,subsectors,2016,so2,agriculture,manure-applied-to-soils,0.0
VNM,Vietnam,subsectors,2016,co2,agriculture,manure-left-on-pasture-cattle,0.0
VNM,Vietnam,subsectors,2016,pm2_5,agriculture,manure-left-on-pasture-cattle,4.960616796979528
VNM,Vietnam,subsectors,2016,so2,agriculture,manure-left-on-pasture-cattle,0.0
VNM,Vietnam,subsectors,2016,co2,agriculture,manure-management-cattle-operation,0.0
VNM,Vietnam,subsectors,2016,pm2_5,agriculture,manure-management-cattle-operation,88.54817635595701
VNM,Vietnam,subsectors,2016,so2,agriculture,manure-management-cattle-operation,0.0
VNM,Vietnam,subsectors,2016,co2,agriculture,manure-management-other,0.0
VNM,Vietnam,subsectors,2016,pm2_5,agriculture,manure-management-other,3642.400290206591
VNM,Vietnam,subsectors,2016,so2,agriculture,manure-management-other,0.0
VNM,Vietnam,subsectors,2016,co2,agriculture,other-agricultural-soil-emissions,6704452.878154584
VNM,Vietnam,subsectors,2016,pm2_5,agriculture,other-agricultural-soil-emissions,0.0
VNM,Vietnam,subsectors,2016,so2,agriculture,other-agricultural-soil-emissions,0.0
VNM,Vietnam,subsectors,2016,co2,agriculture,rice-cultivation,0.0
VNM,Vietnam,subsectors,2016,pm2_5,agriculture,rice-cultivation,0.0
VNM,Vietnam,subsectors,2016,so2,agriculture,rice-cultivation,0.0
VNM,Vietnam,subsectors,2016,co2,agriculture,synthetic-fertilizer-application,0.0
VNM,Vietnam,subsectors,2016,pm2_5,agriculture,synthetic-fertilizer-application,0.0
VNM,Vietnam,subsectors,2016,so2,agriculture,synthetic-fertilizer-application,0.0
VNM,Vietnam,subsectors,2016,co2,buildings,non-residential-onsite-fuel-usage,601344.5975374827
VNM,Vietnam,subsectors,2016,pm2_5,buildings,non-residential-onsite-fuel-usage,6397.174
VNM,Vietnam,subsectors,2016,so2,buildings,non-residential-onsite-fuel-usage,4464.279
VNM,Vietnam,subsectors,2016,co2,buildings,other-onsite-fuel-usage,0.0
VNM,Vietnam,subsectors,2016,pm2_5,buildings,other-onsite-fuel-usage,0.0
VNM,Vietnam,subsectors,2016,so2,buildings,other-onsite-fuel-usage,0.0
VNM,Vietnam,subsectors,2016,co2,buildings,residential-onsite-fuel-usage,13674691.515
VNM,Vietnam,subsectors,2016,pm2_5,buildings,residential-onsite-fuel-usage,73291.321
VNM,Vietnam,subsectors,2016,so2,buildings,residential-onsite-fuel-usage,51172.123999999996
VNM,Vietnam,subsectors,2016,co2,fluorinated-gases,fluorinated-gases,0.0
VNM,Vietnam,subsectors,2016,pm2_5,fluorinated-gases,fluorinated-gases,20764.70287957471
VNM,Vietnam,subsectors,2016,so2,fluorinated-gases,fluorinated-gases,13532.44906778455
VNM,Vietnam,subsectors,2016,co2,forestry-and-land-use,forest-land-clearing,112199445.04262322
VNM,Vietnam,subsectors,2016,pm2_5,forestry-and-land-use,forest-land-clearing,0.0
VNM,Vietnam,subsectors,2016,so2,forestry-and-land-use,forest-land-clearing,0.0
VNM,Vietnam,subsectors,2016,co2,forestry-and-land-use,forest-land-degradation,12637225.338634793
VNM,Vietnam,subsectors,2016,pm2_5,forestry-and-land-use,forest-land-degradation,0.0
VNM,Vietnam,subsectors,2016,so2,forestry-and-land-use,forest-land-degradation,0.0
VNM,Vietnam,subsectors,2016,co2,forestry-and-land-use,forest-land-fires,15970713.856604256
VNM,Vietnam,subsectors,2016,pm2_5,forestry-and-land-use,forest-land-fires,98025.34360999997
VNM,Vietnam,subsectors,2016,so2,forestry-and-land-use,forest-land-fires,4456.106349999999
VNM,Vietnam,subsectors,2016,co2,forestry-and-land-use,net-forest-land,12272722.299547419
VNM,Vietnam,subsectors,2016,pm2_5,forestry-and-land-use,net-forest-land,0.0
VNM,Vietnam,subsectors,2016,so2,forestry-and-land-use,net-forest-land,0.0
VNM,Vietnam,subsectors,2016,co2,forestry-and-land-use,net-shrubgrass,115566.43330787122
VNM,Vietnam,subsectors,2016,pm2_5,forestry-and-land-use,net-shrubgrass,0.0
VNM,Vietnam,subsectors,2016,so2,forestry-and-land-use,net-shrubgrass,0.0
VNM,Vietnam,subsectors,2016,co2,forestry-and-land-use,net-soil-organic-carbon,17503424.39814377
VNM,Vietnam,subsectors,2016,pm2_5,forestry-and-land-use,net-soil-organic-carbon,0.0
VNM,Vietnam,subsectors,2016,so2,forestry-and-land-use,net-soil-organic-carbon,0.0
VNM,Vietnam,subsectors,2016,co2,forestry-and-land-use,net-wetland,13608.77830837137
VNM,Vietnam,subsectors,2016,pm2_5,forestry-and-land-use,net-wetland,0.0
VNM,Vietnam,subsectors,2016,so2,forestry-and-land-use,net-wetland,0.0
VNM,Vietnam,subsectors,2016,co2,forestry-and-land-use,removals,-128441966.64893913
VNM,Vietnam,subsectors,2016,pm2_5,forestry-and-land-use,removals,0.0
VNM,Vietnam,subsectors,2016,so2,forestry-and-land-use,removals,0.0
VNM,Vietnam,subsectors,2016,co2,forestry-and-land-use,shrubgrass-fires,7773.23408908863
VNM,Vietnam,subsectors,2016,pm2_5,forestry-and-land-use,shrubgrass-fires,74.63064999999999
VNM,Vietnam,subsectors,2016,so2,forestry-and-land-use,shrubgrass-fires,11.288669999999998
VNM,Vietnam,subsectors,2016,co2,forestry-and-land-use,water-reservoirs,400710.53120831534
VNM,Vietnam,subsectors,2016,pm2_5,forestry-and-land-use,water-reservoirs,0.0
VNM,Vietnam,subsectors,2016,so2,forestry-and-land-use,water-reservoirs,0.0
VNM,Vietnam,subsectors,2016,co2,forestry-and-land-use,wetland-fires,11971.772023411695
VNM,Vietnam,subsectors,2016,pm2_5,forestry-and-land-use,wetland-fires,255.56441
VNM,Vietnam,subsectors,2016,so2,forestry-and-land-use,wetland-fires,21.24547
VNM,Vietnam,subsectors,2016,co2,fossil-fuel-operations,coal-mining,1616060.5548776663
VNM,Vietnam,subsectors,2016,pm2_5,fossil-fuel-operations,coal-mining,520.8308456737061
VNM,Vietnam,subsectors,2016,so2,fossil-fuel-operations,coal-mining,69199.57181184982
VNM,Vietnam,subsectors,2016,co2,fossil-fuel-operations,oil-and-gas-production,10276386.02452436
VNM,Vietnam,subsectors,2016,pm2_5,fossil-fuel-operations,oil-and-gas-production,249.9245585200894
VNM,Vietnam,subsectors,2016,so2,fossil-fuel-operations,oil-and-gas-production,32.96686123632186
VNM,Vietnam,subsectors,2016,co2,fossil-fuel-operations,oil-and-gas-refining,1600488.004543608
VNM,Vietnam,subsectors,2016,pm2_5,fossil-fuel-operations,oil-and-gas-refining,0.0
VNM,Vietnam,subsectors,2016,so2,fossil-fuel-operations,oil-and-gas-refining,0.0
VNM,Vietnam,subsectors,2016,co2,fossil-fuel-operations,oil-and-gas-transport,3016104.0079149865
VNM,Vietnam,subsectors,2016,pm2_5,fossil-fuel-operations,oil-and-gas-transport,56.63701170899422
VNM,Vietnam,subsectors,2016,so2,fossil-fuel-operations,oil-and-gas-transport,7.470832466031003
VNM,Vietnam,subsectors,2016,co2,fossil-fuel-operations,other-fossil-fuel-operations,0.0
VNM,Vietnam,subsectors,2016,pm2_5,fossil-fuel-operations,other-fossil-fuel-operations,0.0
VNM,Vietnam,subsectors,2016,so2,fossil-fuel-operations,other-fossil-fuel-operations,0.0
VNM,Vietnam,subsectors,2016,co2,fossil-fuel-operations,other-solid-fuels,0.0
VNM,Vietnam,subsectors,2016,pm2_5,fossil-fuel-operations,other-solid-fuels,0.0
VNM,Vietnam,subsectors,2016,so2,fossil-fuel-operations,other-solid-fuels,0.0
VNM,Vietnam,subsectors,2016,co2,manufacturing,aluminum,1094983.3292817718
VNM,Vietnam,subsectors,2016,pm2_5,manufacturing,aluminum,2760.508498222095
VNM,Vietnam,subsectors,2016,so2,manufacturing,aluminum,7476.7844319891465
VNM,Vietnam,subsectors,2016,co2,manufacturing,cement,47870999.31123398
VNM,Vietnam,subsectors,2016,pm2_5,manufacturing,cement,54776.16085406652
VNM,Vietnam,subsectors,2016,so2,manufacturing,cement,84326.61112849909
VNM,Vietnam,subsectors,2016,co2,manufacturing,chemicals,3089820.377208496
VNM,Vietnam,subsectors,2016,pm2_5,manufacturing,chemicals,4646.15594692621
VNM,Vietnam,subsectors,2016,so2,manufacturing,chemicals,13645.810394475024
VNM,Vietnam,subsectors,2016,co2,manufacturing,food-beverage-tobacco,300532.34337915876
VNM,Vietnam,subsectors,2016,pm2_5,manufacturing,food-beverage-tobacco,1797.3407277233484
VNM,Vietnam,subsectors,2016,so2,manufacturing,food-beverage-tobacco,4015.1910005196196
VNM,Vietnam,subsectors,2016,co2,manufacturing,glass,4841.923853235624
VNM,Vietnam,subsectors,2016,pm2_5,manufacturing,glass,8.262640565665098
VNM,Vietnam,subsectors,2016,so2,manufacturing,glass,21.04222189208425
VNM,Vietnam,subsectors,2016,co2,manufacturing,iron-and-steel,9781282.517763328
VNM,Vietnam,subsectors,2016,pm2_5,manufacturing,iron-and-steel,21963.012885284712
VNM,Vietnam,subsectors,2016,so2,manufacturing,iron-and-steel,53580.51653721294
VNM,Vietnam,subsectors,2016,co2,manufacturing,lime,654222.0553239437
VNM,Vietnam,subsectors,2016,pm2_5,manufacturing,lime,1143.0444463523645
VNM,Vietnam,subsectors,2016,so2,manufacturing,lime,2309.681324366795
VNM,Vietnam,subsectors,2016,co2,manufacturing,other-chemicals,0.0
VNM,Vietnam,subsectors,2016,pm2_5,manufacturing,other-chemicals,36.015922037923126
VNM,Vietnam,subsectors,2016,so2,manufacturing,other-chemicals,105.77915354667257
VNM,Vietnam,subsectors,2016,co2,manufacturing,other-manufacturing,3161218.9839297635
VNM,Vietnam,subsectors,2016,pm2_5,manufacturing,other-manufacturing,13858.770267151713
VNM,Vietnam,subsectors,2016,so2,manufacturing,other-manufacturing,36896.769582338886
VNM,Vietnam,subsectors,2016,co2,manufacturing,other-metals,0.0
VNM,Vietnam,subsectors,2016,pm2_5,manufacturing,other-metals,0.0
VNM,Vietnam,subsectors,2016,so2,manufacturing,other-metals,0.0
VNM,Vietnam,subsectors,2016,co2,manufacturing,petrochemical-steam-cracking,0.0
VNM,Vietnam,subsectors,2016,pm2_5,manufacturing,petrochemical-steam-cracking,0.0
VNM,Vietnam,subsectors,2016,so2,manufacturing,petrochemical-steam-cracking,0.0
VNM,Vietnam,subsectors,2016,co2,manufacturing,pulp-and-paper,267260.00047740305
VNM,Vietnam,subsectors,2016,pm2_5,manufacturing,pulp-and-paper,1030.1677378351596
VNM,Vietnam,subsectors,2016,so2,manufacturing,pulp-and-paper,3057.411165148295
VNM,Vietnam,subsectors,2016,co2,manufacturing,textiles-leather-apparel,1561996.227378791
VNM,Vietnam,subsectors,2016,pm2_5,manufacturing,textiles-leather-apparel,7976.184393677596
VNM,Vietnam,subsectors,2016,so2,manufacturing,textiles-leather-apparel,19938.19787818186
VNM,Vietnam,subsectors,2016,co2,manufacturing,wood-and-wood-products,70026.658297087
VNM,Vietnam,subsectors,2016,pm2_5,manufacturing,wood-and-wood-products,635.2031650763505
VNM,Vietnam,subsectors,2016,so2,manufacturing,wood-and-wood-products,1405.913883847928
VNM,Vietnam,subsectors,2016,co2,mineral-extraction,bauxite-mining,20288.496271566248
VNM,Vietnam,subsectors,2016,pm2_5,mineral-extraction,bauxite-mining,9.00508202289796
VNM,Vietnam,subsectors,2016,so2,mineral-extraction,bauxite-mining,164.03190693812618
VNM,Vietnam,subsectors,2016,co2,mineral-extraction,copper-mining,121301.0013424668
VNM,Vietnam,subsectors,2016,pm2_5,mineral-extraction,copper-mining,54.742019509970945
VNM,Vietnam,subsectors,2016,so2,mineral-extraction,copper-mining,339.8016895045896
VNM,Vietnam,subsectors,2016,co2,mineral-extraction,iron-mining,112515.00081829402
VNM,Vietnam,subsectors,2016,pm2_5,mineral-extraction,iron-mining,40.909306188253495
VNM,Vietnam,subsectors,2016,so2,mineral-extraction,iron-mining,343.3162709299464
VNM,Vietnam,subsectors,2016,co2,mineral-extraction,other-mining-quarrying,892993.9514557655
VNM,Vietnam,subsectors,2016,pm2_5,mineral-extraction,other-mining-quarrying,1186.9104242570575
VNM,Vietnam,subsectors,2016,so2,mineral-extraction,other-mining-quarrying,3567.9900808247166
VNM,Vietnam,subsectors,2016,co2,mineral-extraction,rock-quarrying,341.00000248000947
VNM,Vietnam,subsectors,2016,pm2_5,mineral-extraction,rock-quarrying,0.45077208812310693
VNM,Vietnam,subsectors,2016,so2,mineral-extraction,rock-quarrying,1.3550730588137114
VNM,Vietnam,subsectors,2016,co2,mineral-extraction,sand-quarrying,116.00000084363958
VNM,Vietnam,subsectors,2016,pm2_5,mineral-extraction,sand-quarrying,0.15334182469876953
VNM,Vietnam,subsectors,2016,so2,mineral-extraction,sand-quarrying,0.4609632692738725
VNM,Vietnam,subsectors,2016,co2,power,electricity-generation,87445535.0
VNM,Vietnam,subsectors,2016,pm2_5,power,electricity-generation,3009.0
VNM,Vietnam,subsectors,2016,so2,power,electricity-generation,68449.0
VNM,Vietnam,subsectors,2016,co2,power,heat-plants,0.0
VNM,Vietnam,subsectors,2016,pm2_5,power,heat-plants,0.0
VNM,Vietnam,subsectors,2016,so2,power,heat-plants,0.0
VNM,Vietnam,subsectors,2016,co2,power,other-energy-use,9968708.22045034
VNM,Vietnam,subsectors,2016,pm2_5,power,other-energy-use,0.0
VNM,Vietnam,subsectors,2016,so2,power,other-energy-use,0.0
VNM,Vietnam,subsectors,2016,co2,transportation,domestic-aviation,2424238.6254356774
VNM,Vietnam,subsectors,2016,pm2_5,transportation,domestic-aviation,1.5156094021806576
VNM,Vietnam,subsectors,2016,so2,transportation,domestic-aviation,944.0262068188758
VNM,Vietnam,subsectors,2016,co2,transportation,domestic-shipping,1222376.2882388197
VNM,Vietnam,subsectors,2016,pm2_5,transportation,domestic-shipping,2577.6307695393944
VNM,Vietnam,subsectors,2016,so2,transportation,domestic-shipping,1571.1128522266745
VNM,Vietnam,subsectors,2016,co2,transportation,international-aviation,3157447.939480352
VNM,Vietnam,subsectors,2016,pm2_5,transportation,international-aviation,315.83675914693976
VNM,Vietnam,subsectors,2016,so2,transportation,international-aviation,1126.0942823036532
VNM,Vietnam,subsectors,2016,co2,transportation,international-shipping,2632065.4887449564
VNM,Vietnam,subsectors,2016,pm2_5,transportation,international-shipping,5705.279122995441
VNM,Vietnam,subsectors,2016,so2,transportation,international-shipping,33987.60629794901
VNM,Vietnam,subsectors,2016,co2,transportation,non-broadcasting-vessels,0.0
VNM,Vietnam,subsectors,2016,pm2_5,transportation,non-broadcasting-vessels,0.0
VNM,Vietnam,subsectors,2016,so2,transportation,non-broadcasting-vessels,0.0
VNM,Vietnam,subsectors,2016,co2,transportation,other-transport,0.0
VNM,Vietnam,subsectors,2016,pm2_5,transportation,other-transport,0.0
VNM,Vietnam,subsectors,2016,so2,transportation,other-transport,0.0
VNM,Vietnam,subsectors,2016,co2,transportation,railways,122808.89400000003
VNM,Vietnam,subsectors,2016,pm2_5,transportation,railways,1106.7266465759362
VNM,Vietnam,subsectors,2016,so2,transportation,railways,50.78306316692435
VNM,Vietnam,subsectors,2016,co2,transportation,road-transportation,19783731.036633264
VNM,Vietnam,subsectors,2016,pm2_5,transportation,road-transportation,2804.104875363926
VNM,Vietnam,subsectors,2016,so2,transportation,road-transportation,56690.63471305842
VNM,Vietnam,subsectors,2016,co2,waste,biological-treatment-of-solid-waste-and-biogenic,0.0
VNM,Vietnam,subsectors,2016,pm2_5,waste,biological-treatment-of-solid-waste-and-biogenic,0.0
VNM,Vietnam,subsectors,2016,so2,waste,biological-treatment-of-solid-waste-and-biogenic,0.0
VNM,Vietnam,subsectors,2016,co2,waste,domestic-wastewater-treatment-and-discharge,0.0
VNM,Vietnam,subsectors,2016,pm2_5,waste,domestic-wastewater-treatment-and-discharge,0.0
VNM,Vietnam,subsectors,2016,so2,waste,domestic-wastewater-treatment-and-discharge,0.0
VNM,Vietnam,subsectors,2016,co2,waste,incineration-and-open-burning-of-waste,42597.77058951245
VNM,Vietnam,subsectors,2016,pm2_5,waste,incineration-and-open-burning-of-waste,2801.418668284395
VNM,Vietnam,subsectors,2016,so2,waste,incineration-and-open-burning-of-waste,257.8981030602735
VNM,Vietnam,subsectors,2016,co2,waste,industrial-wastewater-treatment-and-discharge,0.0
VNM,Vietnam,subsectors,2016,pm2_5,waste,industrial-wastewater-treatment-and-discharge,0.0
VNM,Vietnam,subsectors,2016,so2,waste,industrial-wastewater-treatment-and-discharge,0.0
VNM,Vietnam,subsectors,2016,co2,waste,solid-waste-disposal,0.0
VNM,Vietnam,subsectors,2016,pm2_5,waste,solid-waste-disposal,0.3219680099130031
VNM,Vietnam,subsectors,2016,so2,waste,solid-waste-disposal,0.0
VNM,Vietnam,totals,2016,co2,,,275984971.0596955
VNM,Vietnam,totals,2016,pm2_5,,,365438.71665216575
VNM,Vietnam,totals,2016,so2,,,537171.3222684645
VNM,Vietnam,sectors,2017,co2,agriculture,,6717404.807110451
VNM,Vietnam,sectors,2017,pm2_5,agriculture,,44254.08934391651
VNM,Vietnam,sectors,2017,so2,agriculture,,0.0
VNM,Vietnam,sectors,2017,co2,buildings,,15148006.279689278
VNM,Vietnam,sectors,2017,pm2_5,buildings,,73129.571
VNM,Vietnam,sectors,2017,so2,buildings,,58727.675
VNM,Vietnam,sectors,2017,co2,fluorinated-gases,,0.0
VNM,Vietnam,sectors,2017,pm2_5,fluorinated-gases,,24473.86523763054
VNM,Vietnam,sectors,2017,so2,fluorinated-gases,,15661.674095370088
VNM,Vietnam,sectors,2017,co2,forestry-and-land-use,,-58733605.762874424
VNM,Vietnam,sectors,2017,pm2_5,forestry-and-land-use,,23232.448249999998
VNM,Vietnam,sectors,2017,so2,forestry-and-land-use,,1054.32612
VNM,Vietnam,sectors,2017,co2,fossil-fuel-operations,,16174463.230450034
VNM,Vietnam,sectors,2017,pm2_5,fossil-fuel-operations,,878.0245584266287
VNM,Vietnam,sectors,2017,so2,fossil-fuel-operations,,70849.30061049815
VNM,Vietnam,sectors,2017,co2,manufacturing,,77569524.4112457
VNM,Vietnam,sectors,2017,pm2_5,manufacturing,,120182.27233825147
VNM,Vietnam,sectors,2017,so2,manufacturing,,245779.28694218962
VNM,Vietnam,sectors,2017,co2,mineral-extraction,,870217.8604402293
VNM,Vietnam,sectors,2017,pm2_5,mineral-extraction,,1064.8472730379344
VNM,Vietnam,sectors,2017,so2,mineral-extraction,,4769.770230922012
VNM,Vietnam,sectors,2017,co2,power,,93676264.4183482
VNM,Vietnam,sectors,2017,pm2_5,power,,2883.0
VNM,Vietnam,sectors,2017,so2,power,,64642.0
VNM,Vietnam,sectors,2017,co2,transportation,,30775901.075813662
VNM,Vietnam,sectors,2017,pm2_5,transportation,,10420.284139142612
VNM,Vietnam,sectors,2017,so2,transportation,,89158.36398796181
VNM,Vietnam,sectors,2017,co2,waste,,43915.956068797444
VNM,Vietnam,sectors,2017,pm2_5,waste,,2875.1540851650434
VNM,Vietnam,sectors,2017,so2,waste,,264.478038401979
VNM,Vietnam,subsectors,2017,co2,agriculture,crop-residues,0.0
VNM,Vietnam,subsectors,2017,pm2_5,agriculture,crop-residues,0.0
VNM,Vietnam,subsectors,2017,so2,agriculture,crop-residues,0.0
VNM,Vietnam,subsectors,2017,co2,agriculture,cropland-fires,0.0
VNM,Vietnam,subsectors,2017,pm2_5,agriculture,cropland-fires,40524.6912034
VNM,Vietnam,subsectors,2017,so2,agriculture,cropland-fires,0.0
VNM,Vietnam,subsectors,2017,co2,agriculture,enteric-fermentation-cattle-operation,0.0
VNM,Vietnam,subsectors,2017,pm2_5,agriculture,enteric-fermentation-cattle-operation,0.0
VNM,Vietnam,subsectors,2017,so2,agriculture,enteric-fermentation-cattle-operation,0.0
VNM,Vietnam,subsectors,2017,co2,agriculture,enteric-fermentation-cattle-pasture,0.0
VNM,Vietnam,subsectors,2017,pm2_5,agriculture,enteric-fermentation-cattle-pasture,0.0
VNM,Vietnam,subsectors,2017,so2,agriculture,enteric-fermentation-cattle-pasture,0.0
VNM,Vietnam,subsectors,2017,co2,agriculture,enteric-fermentation-other,0.0
VNM,Vietnam,subsectors,2017,pm2_5,agriculture,enteric-fermentation-other,0.0
VNM,Vietnam,subsectors,2017,so2,agriculture,enteric-fermentation-other,0.0
VNM,Vietnam,subsectors,2017,co2,agriculture,manure-applied-to-soils,0.0
VNM,Vietnam,subsectors,2017,pm2_5,agriculture,manure-applied-to-soils,0.0
VNM,Vietnam,subsectors,2017,so2,agriculture,manure-applied-to-soils,0.0
VNM,Vietnam,subsectors,2017,co2,agriculture,manure-left-on-pasture-cattle,0.0
VNM,Vietnam,subsectors,2017,pm2_5,agriculture,manure-left-on-pasture-cattle,5.5398251223577475
VNM,Vietnam,subsectors,2017,so2,agriculture,manure-left-on-pasture-cattle,0.0
VNM,Vietnam,subsectors,2017,co2,agriculture,manure-management-cattle-operation,0.0
VNM,Vietnam,subsectors,2017,pm2_5,agriculture,manure-management-cattle-operation,94.2170445985435
VNM,Vietnam,subsectors,2017,so2,agriculture,manure-management-cattle-operation,0.0
VNM,Vietnam,subsectors,2017,co2,agriculture,manure-management-other,0.0
VNM,Vietnam,subsectors,2017,pm2_5,agriculture,manure-management-other,3629.6412707956033
VNM,Vietnam,subsectors,2017,so2,agriculture,manure-management-other,0.0
VNM,Vietnam,subsectors,2017,co2,agriculture,other-agricultural-soil-emissions,6717404.807110451
VNM,Vietnam,subsectors,2017,pm2_5,agriculture,other-agricultural-soil-emissions,0.0
VNM,Vietnam,subsectors,2017,so2,agriculture,other-agricultural-soil-emissions,0.0
VNM,Vietnam,subsectors,2017,co2,agriculture,rice-cultivation,0.0
VNM,Vietnam,subsectors,2017,pm2_5,agriculture,rice-cultivation,0.0
VNM,Vietnam,subsectors,2017,so2,agriculture,rice-cultivation,0.0
VNM,Vietnam,subsectors,2017,co2,agriculture,synthetic-fertilizer-application,0.0
VNM,Vietnam,subsectors,2017,pm2_5,agriculture,synthetic-fertilizer-application,0.0
VNM,Vietnam,subsectors,2017,so2,agriculture,synthetic-fertilizer-application,0.0
VNM,Vietnam,subsectors,2017,co2,buildings,non-residential-onsite-fuel-usage,637318.0746892794
VNM,Vietnam,subsectors,2017,pm2_5,buildings,non-residential-onsite-fuel-usage,5981.029
VNM,Vietnam,subsectors,2017,so2,buildings,non-residential-onsite-fuel-usage,4800.979
VNM,Vietnam,subsectors,2017,co2,buildings,other-onsite-fuel-usage,0.0
VNM,Vietnam,subsectors,2017,pm2_5,buildings,other-onsite-fuel-usage,0.0
VNM,Vietnam,subsectors,2017,so2,buildings,other-onsite-fuel-usage,0.0
VNM,Vietnam,subsectors,2017,co2,buildings,residential-onsite-fuel-usage,14510688.205
VNM,Vietnam,subsectors,2017,pm2_5,buildings,residential-onsite-fuel-usage,67148.542
VNM,Vietnam,subsectors,2017,so2,buildings,residential-onsite-fuel-usage,53926.695999999996
VNM,Vietnam,subsectors,2017,co2,fluorinated-gases,fluorinated-gases,0.0
VNM,Vietnam,subsectors,2017,pm2_5,fluorinated-gases,fluorinated-gases,24473.86523763054
VNM,Vietnam,subsectors,2017,so2,fluorinated-gases,fluorinated-gases,15661.674095370088
VNM,Vietnam,subsectors,2017,co2,forestry-and-land-use,forest-land-clearing,92368903.13157687
VNM,Vietnam,subsectors,2017,pm2_5,forestry-and-land-use,forest-land-clearing,0.0
VNM,Vietnam,subsectors,2017,so2,forestry-and-land-use,forest-land-clearing,0.0
VNM,Vietnam,subsectors,2017,co2,forestry-and-land-use,forest-land-degradation,7022803.401259314
VNM,Vietnam,subsectors,2017,pm2_5,forestry-and-land-use,forest-land-degradation,0.0
VNM,Vietnam,subsectors,2017,so2,forestry-and-land-use,forest-land-degradation,0.0
VNM,Vietnam,subsectors,2017,co2,forestry-and-land-use,forest-land-fires,3998099.292615909
VNM,Vietnam,subsectors,2017,pm2_5,forestry-and-land-use,forest-land-fires,22941.02913
VNM,Vietnam,subsectors,2017,so2,forestry-and-land-use,forest-land-fires,1016.93219
VNM,Vietnam,subsectors,2017,co2,forestry-and-land-use,net-forest-land,-36472718.409998745
VNM,Vietnam,subsectors,2017,pm2_5,forestry-and-land-use,net-forest-land,0.0
VNM,Vietnam,subsectors,2017,so2,forestry-and-land-use,net-forest-land,0.0
VNM,Vietnam,subsectors,2017,co2,forestry-and-land-use,net-shrubgrass,-265355.3823662145
VNM,Vietnam,subsectors,2017,pm2_5,forestry-and-land-use,net-shrubgrass,0.0
VNM,Vietnam,subsectors,2017,so2,forestry-and-land-use,net-shrubgrass,0.0
VNM,Vietnam,subsectors,2017,co2,forestry-and-land-use,net-soil-organic-carbon,16313280.227584839
VNM,Vietnam,subsectors,2017,pm2_5,forestry-and-land-use,net-soil-organic-carbon,0.0
VNM,Vietnam,subsectors,2017,so2,forestry-and-land-use,net-soil-organic-carbon,0.0
VNM,Vietnam,subsectors,2017,co2,forestry-and-land-use,net-wetland,-870062.5678649659
VNM,Vietnam,subsectors,2017,pm2_5,forestry-and-land-use,net-wetland,0.0
VNM,Vietnam,subsectors,2017,so2,forestry-and-land-use,net-wetland,0.0
VNM,Vietnam,subsectors,2017,co2,forestry-and-land-use,removals,-141057336.7860186
VNM,Vietnam,subsectors,2017,pm2_5,forestry-and-land-use,removals,0.0
VNM,Vietnam,subsectors,2017,so2,forestry-and-land-use,removals,0.0
VNM,Vietnam,subsectors,2017,co2,forestry-and-land-use,shrubgrass-fires,10765.26412596556
VNM,Vietnam,subsectors,2017,pm2_5,forestry-and-land-use,shrubgrass-fires,193.2777700000001
VNM,Vietnam,subsectors,2017,so2,forestry-and-land-use,shrubgrass-fires,29.235290000000006
VNM,Vietnam,subsectors,2017,co2,forestry-and-land-use,water-reservoirs,216628.14369530755
VNM,Vietnam,subsectors,2017,pm2_5,forestry-and-land-use,water-reservoirs,0.0
VNM,Vietnam,subsectors,2017,so2,forestry-and-land-use,water-reservoirs,0.0
VNM,Vietnam,subsectors,2017,co2,forestry-and-land-use,wetland-fires,1387.9225159033203
VNM,Vietnam,subsectors,2017,pm2_5,forestry-and-land-use,wetland-fires,98.14134999999999
VNM,Vietnam,subsectors,2017,so2,forestry-and-land-use,wetland-fires,8.15864
VNM,Vietnam,subsectors,2017,co2,fossil-fuel-operations,coal-mining,1646713.3846470495
VNM,Vietnam,subsectors,2017,pm2_5,fossil-fuel-operations,coal-mining,532.9049009320897
VNM,Vietnam,subsectors,2017,so2,fossil-fuel-operations,coal-mining,70803.77682553712
VNM,Vietnam,subsectors,2017,co2,fossil-fuel-operations,oil-and-gas-production,10125528.697251903
VNM,Vietnam,subsectors,2017,pm2_5,fossil-fuel-operations,oil-and-gas-production,281.1395034785778
VNM,Vietnam,subsectors,2017,so2,fossil-fuel-operations,oil-and-gas-production,37.08433878650497
VNM,Vietnam,subsectors,2017,co2,fossil-fuel-operations,oil-and-gas-refining,1418860.7303111828
VNM,Vietnam,subsectors,2017,pm2_5,fossil-fuel-operations,oil-and-gas-refining,0.0
VNM,Vietnam,subsectors,2017,so2,fossil-fuel-operations,oil-and-gas-refining,0.0
VNM,Vietnam,subsectors,2017,co2,fossil-fuel-operations,oil-and-gas-transport,2983360.4182399
VNM,Vietnam,subsectors,2017,pm2_5,fossil-fuel-operations,oil-and-gas-transport,63.98015401596112
VNM,Vietnam,subsectors,2017,so2,fossil-fuel-operations,oil-and-gas-transport,8.439446174526875
VNM,Vietnam,subsectors,2017,co2,fossil-fuel-operations,other-fossil-fuel-operations,0.0
VNM,Vietnam,subsectors,2017,pm2_5,fossil-fuel-operations,other-fossil-fuel-operations,0.0
VNM,Vietnam,subsectors,2017,so2,fossil-fuel-operations,other-fossil-fuel-operations,0.0
VNM,Vietnam,subsectors,2017,co2,fossil-fuel-operations,other-solid-fuels,0.0
VNM,Vietnam,subsectors,2017,pm2_5,fossil-fuel-operations,other-solid-fuels,0.0
VNM,Vietnam,subsectors,2017,so2,fossil-fuel-operations,other-solid-fuels,0.0
VNM,Vietnam,subsectors,2017,co2,manufacturing,aluminum,1787184.8114062874
VNM,Vietnam,subsectors,2017,pm2_5,manufacturing,aluminum,4636.399735879906
VNM,Vietnam,subsectors,2017,so2,manufacturing,aluminum,12189.027184552177
VNM,Vietnam,subsectors,2017,co2,manufacturing,cement,52391474.16460285
VNM,Vietnam,subsectors,2017,pm2_5,manufacturing,cement,59948.69247587429
VNM,Vietnam,subsectors,2017,so2,manufacturing,cement,92289.60188617771
VNM,Vietnam,subsectors,2017,co2,manufacturing,chemicals,3503920.015391078
VNM,Vietnam,subsectors,2017,pm2_5,manufacturing,chemicals,3942.645154964681
VNM,Vietnam,subsectors,2017,so2,manufacturing,chemicals,13943.779328351717
VNM,Vietnam,subsectors,2017,co2,manufacturing,food-beverage-tobacco,294350.23243004765
VNM,Vietnam,subsectors,2017,pm2_5,manufacturing,food-beverage-tobacco,1857.4077494275987
VNM,Vietnam,subsectors,2017,so2,manufacturing,food-beverage-tobacco,4033.813764943681
VNM,Vietnam,subsectors,2017,co2,manufacturing,glass,4862.230165811284
VNM,Vietnam,subsectors,2017,pm2_5,manufacturing,glass,8.490594744852087
VNM,Vietnam,subsectors,2017,so2,manufacturing,glass,21.943407039705335
VNM,Vietnam,subsectors,2017,co2,manufacturing,iron-and-steel,14367002.218192127
VNM,Vietnam,subsectors,2017,pm2_5,manufacturing,iron-and-steel,26229.696566563056
VNM,Vietnam,subsectors,2017,so2,manufacturing,iron-and-steel,64488.29492565593
VNM,Vietnam,subsectors,2017,co2,manufacturing,lime,651217.8784523942
VNM,Vietnam,subsectors,2017,pm2_5,manufacturing,lime,1157.1888833988992
VNM,Vietnam,subsectors,2017,so2,manufacturing,lime,2380.703199300672
VNM,Vietnam,subsectors,2017,co2,manufacturing,other-chemicals,0.0
VNM,Vietnam,subsectors,2017,pm2_5,manufacturing,other-chemicals,24.82674054332007
VNM,Vietnam,subsectors,2017,so2,manufacturing,other-chemicals,87.80363892053052
VNM,Vietnam,subsectors,2017,co2,manufacturing,other-manufacturing,2637915.361840563
VNM,Vietnam,subsectors,2017,pm2_5,manufacturing,other-manufacturing,12147.20335088368
VNM,Vietnam,subsectors,2017,so2,manufacturing,other-manufacturing,31575.081259374907
VNM,Vietnam,subsectors,2017,co2,manufacturing,other-metals,0.0
VNM,Vietnam,subsectors,2017,pm2_5,manufacturing,other-metals,0.0
VNM,Vietnam,subsectors,2017,so2,manufacturing,other-metals,0.0
VNM,Vietnam,subsectors,2017,co2,manufacturing,petrochemical-steam-cracking,0.0
VNM,Vietnam,subsectors,2017,pm2_5,manufacturing,petrochemical-steam-cracking,0.0
VNM,Vietnam,subsectors,2017,so2,manufacturing,petrochemical-steam-cracking,0.0
VNM,Vietnam,subsectors,2017,co2,manufacturing,pulp-and-paper,267260.00047740305
VNM,Vietnam,subsectors,2017,pm2_5,manufacturing,pulp-and-paper,1168.9114667157344
VNM,Vietnam,subsectors,2017,so2,manufacturing,pulp-and-paper,3270.047090167376
VNM,Vietnam,subsectors,2017,co2,manufacturing,textiles-leather-apparel,1594206.1543524084
VNM,Vietnam,subsectors,2017,pm2_5,manufacturing,textiles-leather-apparel,8392.345747794625
VNM,Vietnam,subsectors,2017,so2,manufacturing,textiles-leather-apparel,20068.172059010227
VNM,Vietnam,subsectors,2017,co2,manufacturing,wood-and-wood-products,70131.34393472658
VNM,Vietnam,subsectors,2017,pm2_5,manufacturing,wood-and-wood-products,668.4638714608011
VNM,Vietnam,subsectors,2017,so2,manufacturing,wood-and-wood-products,1431.01919869501
VNM,Vietnam,subsectors,2017,co2,mineral-extraction,bauxite-mining,40032.01884125989
VNM,Vietnam,subsectors,2017,pm2_5,mineral-extraction,bauxite-mining,17.768276583068435
VNM,Vietnam,subsectors,2017,so2,mineral-extraction,bauxite-mining,323.65771722163845
VNM,Vietnam,subsectors,2017,co2,mineral-extraction,copper-mining,114230.00126421037
VNM,Vietnam,subsectors,2017,pm2_5,mineral-extraction,copper-mining,51.550942602484575
VNM,Vietnam,subsectors,2017,so2,mineral-extraction,copper-mining,319.99362735764146
VNM,Vietnam,subsectors,2017,co2,mineral-extraction,iron-mining,107543.0007821339
VNM,Vietnam,subsectors,2017,pm2_5,mineral-extraction,iron-mining,39.10153770966845
VNM,Vietnam,subsectors,2017,so2,mineral-extraction,iron-mining,328.1452404090053
VNM,Vietnam,subsectors,2017,co2,mineral-extraction,other-mining-quarrying,607964.839549367
VNM,Vietnam,subsectors,2017,pm2_5,mineral-extraction,other-mining-quarrying,955.7298061808945
VNM,Vietnam,subsectors,2017,so2,mineral-extraction,other-mining-quarrying,3795.2070077977214
VNM,Vietnam,subsectors,2017,co2,mineral-extraction,rock-quarrying,330.0000024000092
VNM,Vietnam,subsectors,2017,pm2_5,mineral-extraction,rock-quarrying,0.513201534375377
VNM,Vietnam,subsectors,2017,so2,mineral-extraction,rock-quarrying,2.0379254126823003
VNM,Vietnam,subsectors,2017,co2,mineral-extraction,sand-quarrying,118.00000085818509
VNM,Vietnam,subsectors,2017,pm2_5,mineral-extraction,sand-quarrying,0.18350842744331664
VNM,Vietnam,subsectors,2017,so2,mineral-extraction,sand-quarrying,0.7287127233227619
VNM,Vietnam,subsectors,2017,co2,power,electricity-generation,83611442.0
VNM,Vietnam,subsectors,2017,pm2_5,power,electricity-generation,2883.0
VNM,Vietnam,subsectors,2017,so2,power,electricity-generation,64642.0
VNM,Vietnam,subsectors,2017,co2,power,heat-plants,0.0
VNM,Vietnam,subsectors,2017,pm2_5,power,heat-plants,0.0
VNM,Vietnam,subsectors,2017,so2,power,heat-plants,0.0
VNM,Vietnam,subsectors,2017,co2,power,other-energy-use,10064822.41834819
VNM,Vietnam,subsectors,2017,pm2_5,power,other-energy-use,0.0
VNM,Vietnam,subsectors,2017,so2,power,other-energy-use,0.0
VNM,Vietnam,subsectors,2017,co2,transportation,domestic-aviation,2489601.170059224
VNM,Vietnam,subsectors,2017,pm2_5,transportation,domestic-aviation,1.5186373213385795
VNM,Vietnam,subsectors,2017,so2,transportation,domestic-aviation,970.2061980915024
VNM,Vietnam,subsectors,2017,co2,transportation,domestic-shipping,897472.6741432343
VNM,Vietnam,subsectors,2017,pm2_5,transportation,domestic-shipping,1879.1401920615283
VNM,Vietnam,subsectors,2017,so2,transportation,domestic-shipping,1123.2027544501732
VNM,Vietnam,subsectors,2017,co2,transportation,international-aviation,3781859.0795740765
VNM,Vietnam,subsectors,2017,pm2_5,transportation,international-aviation,378.5275253100864
VNM,Vietnam,subsectors,2017,so2,transportation,international-aviation,1377.4388300950593
VNM,Vietnam,subsectors,2017,co2,transportation,international-shipping,1810829.71837647
VNM,Vietnam,subsectors,2017,pm2_5,transportation,international-shipping,3954.5275712653183
VNM,Vietnam,subsectors,2017,so2,transportation,international-shipping,23526.6339342385
VNM,Vietnam,subsectors,2017,co2,transportation,non-broadcasting-vessels,0.0
VNM,Vietnam,subsectors,2017,pm2_5,transportation,non-broadcasting-vessels,0.0
VNM,Vietnam,subsectors,2017,so2,transportation,non-broadcasting-vessels,0.0
VNM,Vietnam,subsectors,2017,co2,transportation,other-transport,0.0
VNM,Vietnam,subsectors,2017,pm2_5,transportation,other-transport,0.0
VNM,Vietnam,subsectors,2017,so2,transportation,other-transport,0.0
VNM,Vietnam,subsectors,2017,co2,transportation,railways,125958.14400000003
VNM,Vietnam,subsectors,2017,pm2_5,transportation,railways,1135.0839456176138
VNM,Vietnam,subsectors,2017,so2,transportation,railways,52.08479449215744
VNM,Vietnam,subsectors,2017,co2,transportation,road-transportation,21670180.289660655
VNM,Vietnam,subsectors,2017,pm2_5,transportation,road-transportation,3071.486267566727
VNM,Vietnam,subsectors,2017,so2,transportation,road-transportation,62108.79747659441
VNM,Vietnam,subsectors,2017,co2,waste,biological-treatment-of-solid-waste-and-biogenic,0.0
VNM,Vietnam,subsectors,2017,pm2_5,waste,biological-treatment-of-solid-waste-and-biogenic,0.0
VNM,Vietnam,subsectors,2017,so2,waste,biological-treatment-of-solid-waste-and-biogenic,0.0
VNM,Vietnam,subsectors,2017,co2,waste,domestic-wastewater-treatment-and-discharge,0.0
VNM,Vietnam,subsectors,2017,pm2_5,waste,domestic-wastewater-treatment-and-discharge,0.0
VNM,Vietnam,subsectors,2017,so2,waste,domestic-wastewater-treatment-and-discharge,0.0
VNM,Vietnam,subsectors,2017,co2,waste,incineration-and-open-burning-of-waste,43915.956068797444
VNM,Vietnam,subsectors,2017,pm2_5,waste,incineration-and-open-burning-of-waste,2874.817153066489
VNM,Vietnam,subsectors,2017,so2,waste,incineration-and-open-burning-of-waste,264.478038401979
VNM,Vietnam,subsectors,2017,co2,waste,industrial-wastewater-treatment-and-discharge,0.0
VNM,Vietnam,subsectors,2017,pm2_5,waste,industrial-wastewater-treatment-and-discharge,0.0
VNM,Vietnam,subsectors,2017,so2,waste,industrial-wastewater-treatment-and-discharge,0.0
VNM,Vietnam,subsectors,2017,co2,waste,solid-waste-disposal,0.0
VNM,Vietnam,subsectors,2017,pm2_5,waste,solid-waste-disposal,0.3369320985543337
VNM,Vietnam,subsectors,2017,so2,waste,solid-waste-disposal,0.0
VNM,Vietnam,totals,2017,co2,,,182242092.27629197
VNM,Vietnam,totals,2017,pm2_5,,,303393.55622557073
VNM,Vietnam,totals,2017,so2,,,550906.8750253436
VNM,Vietnam,sectors,2018,co2,agriculture,,6665128.691288581
VNM,Vietnam,sectors,2018,pm2_5,agriculture,,35506.332988919836
VNM,Vietnam,sectors,2018,so2,agriculture,,0.0
VNM,Vietnam,sectors,2018,co2,buildings,,15066205.266713608
VNM,Vietnam,sectors,2018,pm2_5,buildings,,65947.624
VNM,Vietnam,sectors,2018,so2,buildings,,57987.269
VNM,Vietnam,sectors,2018,co2,fluorinated-gases,,0.0
VNM,Vietnam,sectors,2018,pm2_5,fluorinated-gases,,27116.207122475535
VNM,Vietnam,sectors,2018,so2,fluorinated-gases,,17500.811415058328
VNM,Vietnam,sectors,2018,co2,forestry-and-land-use,,-27372511.201999262
VNM,Vietnam,sectors,2018,pm2_5,forestry-and-land-use,,16210.07073
VNM,Vietnam,sectors,2018,so2,forestry-and-land-use,,731.56825
VNM,Vietnam,sectors,2018,co2,fossil-fuel-operations,,15920596.483369814
VNM,Vietnam,sectors,2018,pm2_5,fossil-fuel-operations,,827.2526082074528
VNM,Vietnam,sectors,2018,so2,fossil-fuel-operations,,70548.06882242784
VNM,Vietnam,sectors,2018,co2,manufacturing,,87692530.33731821
VNM,Vietnam,sectors,2018,pm2_5,manufacturing,,119046.28803161369
VNM,Vietnam,sectors,2018,so2,manufacturing,,247351.9306486707
VNM,Vietnam,sectors,2018,co2,mineral-extraction,,838388.3427574417
VNM,Vietnam,sectors,2018,pm2_5,mineral-extraction,,1104.576034670723
VNM,Vietnam,sectors,2018,so2,mineral-extraction,,5788.248334804165
VNM,Vietnam,sectors,2018,co2,power,,120542642.08278146
VNM,Vietnam,sectors,2018,pm2_5,power,,3842.0
VNM,Vietnam,sectors,2018,so2,power,,83925.0
VNM,Vietnam,sectors,2018,co2,transportation,,33008755.7458066
VNM,Vietnam,sectors,2018,pm2_5,transportation,,11587.59767285218
VNM,Vietnam,sectors,2018,so2,transportation,,92935.0493898841
VNM,Vietnam,sectors,2018,co2,waste,,45242.03937831781
VNM,Vietnam,sectors,2018,pm2_5,waste,,2944.357040235078
VNM,Vietnam,sectors,2018,so2,waste,,270.85928530570646
VNM,Vietnam,subsectors,2018,co2,agriculture,crop-residues,0.0
VNM,Vietnam,subsectors,2018,pm2_5,agriculture,crop-residues,0.0
VNM,Vietnam,subsectors,2018,so2,agriculture,crop-residues,0.0
VNM,Vietnam,subsectors,2018,co2,agriculture,cropland-fires,0.0
VNM,Vietnam,subsectors,2018,pm2_5,agriculture,cropland-fires,31500.821494
VNM,Vietnam,subsectors,2018,so2,agriculture,cropland-fires,0.0
VNM,Vietnam,subsectors,2018,co2,agriculture,enteric-fermentation-cattle-operation,0.0
VNM,Vietnam,subsectors,2018,pm2_5,agriculture,enteric-fermentation-cattle-operation,0.0
VNM,Vietnam,subsectors,2018,so2,agriculture,enteric-fermentation-cattle-operation,0.0
VNM,Vietnam,subsectors,2018,co2,agriculture,enteric-fermentation-cattle-pasture,0.0
VNM,Vietnam,subsectors,2018,pm2_5,agriculture,enteric-fermentation-cattle-pasture,0.0
VNM,Vietnam,subsectors,2018,so2,agriculture,enteric-fermentation-cattle-pasture,0.0
VNM,Vietnam,subsectors,2018,co2,agriculture,enteric-fermentation-other,0.0
VNM,Vietnam,subsectors,2018,pm2_5,agriculture,enteric-fermentation-other,0.0
VNM,Vietnam,subsectors,2018,so2,agriculture,enteric-fermentation-other,0.0
VNM,Vietnam,subsectors,2018,co2,agriculture,manure-applied-to-soils,0.0
VNM,Vietnam,subsectors,2018,pm2_5,agriculture,manure-applied-to-soils,0.0
VNM,Vietnam,subsectors,2018,so2,agriculture,manure-applied-to-soils,0.0
VNM,Vietnam,subsectors,2018,co2,agriculture,manure-left-on-pasture-cattle,0.0
VNM,Vietnam,subsectors,2018,pm2_5,agriculture,manure-left-on-pasture-cattle,6.268139137636524
VNM,Vietnam,subsectors,2018,so2,agriculture,manure-left-on-pasture-cattle,0.0
VNM,Vietnam,subsectors,2018,co2,agriculture,manure-management-cattle-operation,0.0
VNM,Vietnam,subsectors,2018,pm2_5,agriculture,manure-management-cattle-operation,99.91739115170353
VNM,Vietnam,subsectors,2018,so2,agriculture,manure-management-cattle-operation,0.0
VNM,Vietnam,subsectors,2018,co2,agriculture,manure-management-other,0.0
VNM,Vietnam,subsectors,2018,pm2_5,agriculture,manure-management-other,3899.3259646304978
VNM,Vietnam,subsectors,2018,so2,agriculture,manure-management-other,0.0
VNM,Vietnam,subsectors,2018,co2,agriculture,other-agricultural-soil-emissions,6665128.691288581
VNM,Vietnam,subsectors,2018,pm2_5,agriculture,other-agricultural-soil-emissions,0.0
VNM,Vietnam,subsectors,2018,so2,agriculture,other-agricultural-soil-emissions,0.0
VNM,Vietnam,subsectors,2018,co2,agriculture,rice-cultivation,0.0
VNM,Vietnam,subsectors,2018,pm2_5,agriculture,rice-cultivation,0.0
VNM,Vietnam,subsectors,2018,so2,agriculture,rice-cultivation,0.0
VNM,Vietnam,subsectors,2018,co2,agriculture,synthetic-fertilizer-application,0.0
VNM,Vietnam,subsectors,2018,pm2_5,agriculture,synthetic-fertilizer-application,0.0
VNM,Vietnam,subsectors,2018,so2,agriculture,synthetic-fertilizer-application,0.0
VNM,Vietnam,subsectors,2018,co2,buildings,non-residential-onsite-fuel-usage,643083.558713608
VNM,Vietnam,subsectors,2018,pm2_5,buildings,non-residential-onsite-fuel-usage,5491.13
VNM,Vietnam,subsectors,2018,so2,buildings,non-residential-onsite-fuel-usage,4826.173
VNM,Vietnam,subsectors,2018,co2,buildings,other-onsite-fuel-usage,0.0
VNM,Vietnam,subsectors,2018,pm2_5,buildings,other-onsite-fuel-usage,0.0
VNM,Vietnam,subsectors,2018,so2,buildings,other-onsite-fuel-usage,0.0
VNM,Vietnam,subsectors,2018,co2,buildings,residential-onsite-fuel-usage,14423121.708
VNM,Vietnam,subsectors,2018,pm2_5,buildings,residential-onsite-fuel-usage,60456.494
VNM,Vietnam,subsectors,2018,so2,buildings,residential-onsite-fuel-usage,53161.096
VNM,Vietnam,subsectors,2018,co2,fluorinated-gases,fluorinated-gases,0.0
VNM,Vietnam,subsectors,2018,pm2_5,fluorinated-gases,fluorinated-gases,27116.207122475535
VNM,Vietnam,subsectors,2018,so2,fluorinated-gases,fluorinated-gases,17500.811415058328
VNM,Vietnam,subsectors,2018,co2,forestry-and-land-use,forest-land-clearing,77034150.73460656
VNM,Vietnam,subsectors,2018,pm2_5,forestry-and-land-use,forest-land-clearing,0.0
VNM,Vietnam,subsectors,2018,so2,forestry-and-land-use,forest-land-clearing,0.0
VNM,Vietnam,subsectors,2018,co2,forestry-and-land-use,forest-land-degradation,6342934.177124016
VNM,Vietnam,subsectors,2018,pm2_5,forestry-and-land-use,forest-land-degradation,0.0
VNM,Vietnam,subsectors,2018,so2,forestry-and-land-use,forest-land-degradation,0.0
VNM,Vietnam,subsectors,2018,co2,forestry-and-land-use,forest-land-fires,2745745.4043181827
VNM,Vietnam,subsectors,2018,pm2_5,forestry-and-land-use,forest-land-fires,16118.40705
VNM,Vietnam,subsectors,2018,so2,forestry-and-land-use,forest-land-fires,720.88472
VNM,Vietnam,subsectors,2018,co2,forestry-and-land-use,net-forest-land,-25842828.866508733
VNM,Vietnam,subsectors,2018,pm2_5,forestry-and-land-use,net-forest-land,0.0
VNM,Vietnam,subsectors,2018,so2,forestry-and-land-use,net-forest-land,0.0
VNM,Vietnam,subsectors,2018,co2,forestry-and-land-use,net-shrubgrass,798648.4059453609
VNM,Vietnam,subsectors,2018,pm2_5,forestry-and-land-use,net-shrubgrass,0.0
VNM,Vietnam,subsectors,2018,so2,forestry-and-land-use,net-shrubgrass,0.0
VNM,Vietnam,subsectors,2018,co2,forestry-and-land-use,net-soil-organic-carbon,15706214.064575195
VNM,Vietnam,subsectors,2018,pm2_5,forestry-and-land-use,net-soil-organic-carbon,0.0
VNM,Vietnam,subsectors,2018,so2,forestry-and-land-use,net-soil-organic-carbon,0.0
VNM,Vietnam,subsectors,2018,co2,forestry-and-land-use,net-wetland,3379596.089765714
VNM,Vietnam,subsectors,2018,pm2_5,forestry-and-land-use,net-wetland,0.0
VNM,Vietnam,subsectors,2018,so2,forestry-and-land-use,net-wetland,0.0
VNM,Vietnam,subsectors,2018,co2,forestry-and-land-use,removals,-107795563.73664707
VNM,Vietnam,subsectors,2018,pm2_5,forestry-and-land-use,removals,0.0
VNM,Vietnam,subsectors,2018,so2,forestry-and-land-use,removals,0.0
VNM,Vietnam,subsectors,2018,co2,forestry-and-land-use,shrubgrass-fires,7277.945316424979
VNM,Vietnam,subsectors,2018,pm2_5,forestry-and-land-use,shrubgrass-fires,44.964470000000006
VNM,Vietnam,subsectors,2018,so2,forestry-and-land-use,shrubgrass-fires,6.801350000000001
VNM,Vietnam,subsectors,2018,co2,forestry-and-land-use,water-reservoirs,249198.9074676091
VNM,Vietnam,subsectors,2018,pm2_5,forestry-and-land-use,water-reservoirs,0.0
VNM,Vietnam,subsectors,2018,so2,forestry-and-land-use,water-reservoirs,0.0
VNM,Vietnam,subsectors,2018,co2,forestry-and-land-use,wetland-fires,2115.672037491769
VNM,Vietnam,subsectors,2018,pm2_5,forestry-and-land-use,wetland-fires,46.69921000000001
VNM,Vietnam,subsectors,2018,so2,forestry-and-land-use,wetland-fires,3.8821800000000013
VNM,Vietnam,subsectors,2018,co2,fossil-fuel-operations,coal-mining,1642974.413103751
VNM,Vietnam,subsectors,2018,pm2_5,fossil-fuel-operations,coal-mining,530.6858820817754
VNM,Vietnam,subsectors,2018,so2,fossil-fuel-operations,coal-mining,70508.94952112593
VNM,Vietnam,subsectors,2018,co2,fossil-fuel-operations,oil-and-gas-production,9545196.7990755
VNM,Vietnam,subsectors,2018,pm2_5,fossil-fuel-operations,oil-and-gas-production,240.12453389965793
VNM,Vietnam,subsectors,2018,so2,fossil-fuel-operations,oil-and-gas-production,31.67416693814104
VNM,Vietnam,subsectors,2018,co2,fossil-fuel-operations,oil-and-gas-refining,1880191.9422214492
VNM,Vietnam,subsectors,2018,pm2_5,fossil-fuel-operations,oil-and-gas-refining,0.0
VNM,Vietnam,subsectors,2018,so2,fossil-fuel-operations,oil-and-gas-refining,0.0
VNM,Vietnam,subsectors,2018,co2,fossil-fuel-operations,oil-and-gas-transport,2852233.3289691163
VNM,Vietnam,subsectors,2018,pm2_5,fossil-fuel-operations,oil-and-gas-transport,56.442192226019515
VNM,Vietnam,subsectors,2018,so2,fossil-fuel-operations,oil-and-gas-transport,7.445134363774125
VNM,Vietnam,subsectors,2018,co2,fossil-fuel-operations,other-fossil-fuel-operations,0.0
VNM,Vietnam,subsectors,2018,pm2_5,fossil-fuel-operations,other-fossil-fuel-operations,0.0
VNM,Vietnam,subsectors,2018,so2,fossil-fuel-operations,other-fossil-fuel-operations,0.0
VNM,Vietnam,subsectors,2018,co2,fossil-fuel-operations,other-solid-fuels,0.0
VNM,Vietnam,subsectors,2018,pm2_5,fossil-fuel-operations,other-solid-fuels,0.0
VNM,Vietnam,subsectors,2018,so2,fossil-fuel-operations,other-solid-fuels,0.0
VNM,Vietnam,subsectors,2018,co2,manufacturing,aluminum,1833663.7749393135
VNM,Vietnam,subsectors,2018,pm2_5,manufacturing,aluminum,4097.087451148251
VNM,Vietnam,subsectors,2018,so2,manufacturing,aluminum,12405.638462007275
VNM,Vietnam,subsectors,2018,co2,manufacturing,cement,57298995.791080534
VNM,Vietnam,subsectors,2018,pm2_5,manufacturing,cement,65564.10050734332
VNM,Vietnam,subsectors,2018,so2,manufacturing,cement,100934.39045869383
VNM,Vietnam,subsectors,2018,co2,manufacturing,chemicals,3503920.015391078
VNM,Vietnam,subsectors,2018,pm2_5,manufacturing,chemicals,5782.629307987144
VNM,Vietnam,subsectors,2018,so2,manufacturing,chemicals,14926.456586113769
VNM,Vietnam,subsectors,2018,co2,manufacturing,food-beverage-tobacco,281013.78864194336
VNM,Vietnam,subsectors,2018,pm2_5,manufacturing,food-beverage-tobacco,1626.6607916735695
VNM,Vietnam,subsectors,2018,so2,manufacturing,food-beverage-tobacco,4189.7790143155125
VNM,Vietnam,subsectors,2018,co2,manufacturing,glass,4881.394790767192
VNM,Vietnam,subsectors,2018,pm2_5,manufacturing,glass,7.689900761303013
VNM,Vietnam,subsectors,2018,so2,manufacturing,glass,24.038635338858686
VNM,Vietnam,subsectors,2018,co2,manufacturing,iron-and-steel,19373476.101948086
VNM,Vietnam,subsectors,2018,pm2_5,manufacturing,iron-and-steel,19394.70444313416
VNM,Vietnam,subsectors,2018,so2,manufacturing,iron-and-steel,50044.17986398276
VNM,Vietnam,subsectors,2018,co2,manufacturing,lime,540053.8478176934
VNM,Vietnam,subsectors,2018,pm2_5,manufacturing,lime,984.7000075024113
VNM,Vietnam,subsectors,2018,so2,manufacturing,lime,2170.5718949131415
VNM,Vietnam,subsectors,2018,co2,manufacturing,other-chemicals,0.0
VNM,Vietnam,subsectors,2018,pm2_5,manufacturing,other-chemicals,48.37730765165445
VNM,Vietnam,subsectors,2018,so2,manufacturing,other-chemicals,124.8742992081648
VNM,Vietnam,subsectors,2018,co2,manufacturing,other-manufacturing,2650746.1044435846
VNM,Vietnam,subsectors,2018,pm2_5,manufacturing,other-manufacturing,11227.969447408486
VNM,Vietnam,subsectors,2018,so2,manufacturing,other-manufacturing,33243.4950789129
VNM,Vietnam,subsectors,2018,co2,manufacturing,other-metals,0.0
VNM,Vietnam,subsectors,2018,pm2_5,manufacturing,other-metals,0.0
VNM,Vietnam,subsectors,2018,so2,manufacturing,other-metals,0.0
VNM,Vietnam,subsectors,2018,co2,manufacturing,petrochemical-steam-cracking,0.0
VNM,Vietnam,subsectors,2018,pm2_5,manufacturing,petrochemical-steam-cracking,0.0
VNM,Vietnam,subsectors,2018,so2,manufacturing,petrochemical-steam-cracking,0.0
VNM,Vietnam,subsectors,2018,co2,manufacturing,pulp-and-paper,267260.00047740305
VNM,Vietnam,subsectors,2018,pm2_5,manufacturing,pulp-and-paper,1127.739820162744
VNM,Vietnam,subsectors,2018,so2,manufacturing,pulp-and-paper,3409.482347620706
VNM,Vietnam,subsectors,2018,co2,manufacturing,textiles-leather-apparel,1871575.9622137526
VNM,Vietnam,subsectors,2018,pm2_5,manufacturing,textiles-leather-apparel,8592.665364213788
VNM,Vietnam,subsectors,2018,so2,manufacturing,textiles-leather-apparel,24439.42102948582
VNM,Vietnam,subsectors,2018,co2,manufacturing,wood-and-wood-products,66943.5555740572
VNM,Vietnam,subsectors,2018,pm2_5,manufacturing,wood-and-wood-products,591.9636826268468
VNM,Vietnam,subsectors,2018,so2,manufacturing,wood-and-wood-products,1439.6029780779897
VNM,Vietnam,subsectors,2018,co2,mineral-extraction,bauxite-mining,50040.02355157486
VNM,Vietnam,subsectors,2018,pm2_5,mineral-extraction,bauxite-mining,22.21034572883554
VNM,Vietnam,subsectors,2018,so2,mineral-extraction,bauxite-mining,404.57214652704806
VNM,Vietnam,subsectors,2018,co2,mineral-extraction,copper-mining,142515.00157724714
VNM,Vietnam,subsectors,2018,pm2_5,mineral-extraction,copper-mining,64.31570152318207
VNM,Vietnam,subsectors,2018,so2,mineral-extraction,copper-mining,399.2286772553119
VNM,Vietnam,subsectors,2018,co2,mineral-extraction,iron-mining,108966.00079248301
VNM,Vietnam,subsectors,2018,pm2_5,mineral-extraction,iron-mining,39.618925993060756
VNM,Vietnam,subsectors,2018,so2,mineral-extraction,iron-mining,332.48723084168813
VNM,Vietnam,subsectors,2018,co2,mineral-extraction,other-mining-quarrying,536439.3168330239
VNM,Vietnam,subsectors,2018,pm2_5,mineral-extraction,other-mining-quarrying,977.6645387596687
VNM,Vietnam,subsectors,2018,so2,mineral-extraction,other-mining-quarrying,4648.315840488289
VNM,Vietnam,subsectors,2018,co2,mineral-extraction,rock-quarrying,321.0000023345544
VNM,Vietnam,subsectors,2018,pm2_5,mineral-extraction,rock-quarrying,0.5748919994818502
VNM,Vietnam,subsectors,2018,so2,mineral-extraction,rock-quarrying,2.733329768871134
VNM,Vietnam,subsectors,2018,co2,mineral-extraction,sand-quarrying,107.00000077818478
VNM,Vietnam,subsectors,2018,pm2_5,mineral-extraction,sand-quarrying,0.19163066649395005
VNM,Vietnam,subsectors,2018,so2,mineral-extraction,sand-quarrying,0.9111099229570447
VNM,Vietnam,subsectors,2018,co2,power,electricity-generation,106419238.0
VNM,Vietnam,subsectors,2018,pm2_5,power,electricity-generation,3842.0
VNM,Vietnam,subsectors,2018,so2,power,electricity-generation,83925.0
VNM,Vietnam,subsectors,2018,co2,power,heat-plants,0.0
VNM,Vietnam,subsectors,2018,pm2_5,power,heat-plants,0.0
VNM,Vietnam,subsectors,2018,so2,power,heat-plants,0.0
VNM,Vietnam,subsectors,2018,co2,power,other-energy-use,14123404.082781458
VNM,Vietnam,subsectors,2018,pm2_5,power,other-energy-use,0.0
VNM,Vietnam,subsectors,2018,so2,power,other-energy-use,0.0
VNM,Vietnam,subsectors,2018,co2,transportation,domestic-aviation,2454328.544002836
VNM,Vietnam,subsectors,2018,pm2_5,transportation,domestic-aviation,1.4717350846682558
VNM,Vietnam,subsectors,2018,so2,transportation,domestic-aviation,958.8942841636745
VNM,Vietnam,subsectors,2018,co2,transportation,domestic-shipping,1421601.6354849318
VNM,Vietnam,subsectors,2018,pm2_5,transportation,domestic-shipping,2888.9095188936535
VNM,Vietnam,subsectors,2018,so2,transportation,domestic-shipping,1681.9357573648824
VNM,Vietnam,subsectors,2018,co2,transportation,international-aviation,4411528.475017227
VNM,Vietnam,subsectors,2018,pm2_5,transportation,international-aviation,441.6655548055776
VNM,Vietnam,subsectors,2018,so2,transportation,international-aviation,1620.9152277715336
VNM,Vietnam,subsectors,2018,co2,transportation,international-shipping,1758438.012165431
VNM,Vietnam,subsectors,2018,pm2_5,transportation,international-shipping,3799.8419355570622
VNM,Vietnam,subsectors,2018,so2,transportation,international-shipping,22663.374155261696
VNM,Vietnam,subsectors,2018,co2,transportation,non-broadcasting-vessels,0.0
VNM,Vietnam,subsectors,2018,pm2_5,transportation,non-broadcasting-vessels,0.0
VNM,Vietnam,subsectors,2018,so2,transportation,non-broadcasting-vessels,0.0
VNM,Vietnam,subsectors,2018,co2,transportation,other-transport,0.0
VNM,Vietnam,subsectors,2018,pm2_5,transportation,other-transport,0.0
VNM,Vietnam,subsectors,2018,so2,transportation,other-transport,0.0
VNM,Vietnam,subsectors,2018,co2,transportation,railways,135405.15300000005
VNM,Vietnam,subsectors,2018,pm2_5,transportation,railways,1220.1931035186353
VNM,Vietnam,subsectors,2018,so2,transportation,railways,55.99068131575484
VNM,Vietnam,subsectors,2018,co2,transportation,road-transportation,22827453.926136177
VNM,Vietnam,subsectors,2018,pm2_5,transportation,road-transportation,3235.5158249925835
VNM,Vietnam,subsectors,2018,so2,transportation,road-transportation,65953.93928400656
VNM,Vietnam,subsectors,2018,co2,waste,biological-treatment-of-solid-waste-and-biogenic,0.0
VNM,Vietnam,subsectors,2018,pm2_5,waste,biological-treatment-of-solid-waste-and-biogenic,0.0
VNM,Vietnam,subsectors,2018,so2,waste,biological-treatment-of-solid-waste-and-biogenic,0.0
VNM,Vietnam,subsectors,2018,co2,waste,domestic-wastewater-treatment-and-discharge,0.0
VNM,Vietnam,subsectors,2018,pm2_5,waste,domestic-wastewater-treatment-and-discharge,0.0
VNM,Vietnam,subsectors,2018,so2,waste,domestic-wastewater-treatment-and-discharge,0.0
VNM,Vietnam,subsectors,2018,co2,waste,incineration-and-open-burning-of-waste,45242.03937831781
VNM,Vietnam,subsectors,2018,pm2_5,waste,incineration-and-open-burning-of-waste,2944.004502855637
VNM,Vietnam,subsectors,2018,so2,waste,incineration-and-open-burning-of-waste,270.85928530570646
VNM,Vietnam,subsectors,2018,co2,waste,industrial-wastewater-treatment-and-discharge,0.0
VNM,Vietnam,subsectors,2018,pm2_5,waste,industrial-wastewater-treatment-and-discharge,0.0
VNM,Vietnam,subsectors,2018,so2,waste,industrial-wastewater-treatment-and-discharge,0.0
VNM,Vietnam,subsectors,2018,co2,waste,solid-waste-disposal,0.0
VNM,Vietnam,subsectors,2018,pm2_5,waste,solid-waste-disposal,0.35253737944069663
VNM,Vietnam,subsectors,2018,so2,waste,solid-waste-disposal,0.0
VNM,Vietnam,totals,2018,co2,,,252406977.78741473
VNM,Vietnam,totals,2018,pm2_5,,,284132.3062289745
VNM,Vietnam,totals,2018,so2,,,577038.8051461509
VNM,Vietnam,sectors,2019,co2,agriculture,,6662545.205297385
VNM,Vietnam,sectors,2019,pm2_5,agriculture,,17814.9108716698
VNM,Vietnam,sectors,2019,so2,agriculture,,0.0
VNM,Vietnam,sectors,2019,co2,buildings,,15104104.780714538
VNM,Vietnam,sectors,2019,pm2_5,buildings,,56341.227
VNM,Vietnam,sectors,2019,so2,buildings,,57257.801
VNM,Vietnam,sectors,2019,co2,fluorinated-gases,,0.0
VNM,Vietnam,sectors,2019,pm2_5,fluorinated-gases,,28843.557404309926
VNM,Vietnam,sectors,2019,so2,fluorinated-gases,,19623.49879358673
VNM,Vietnam,sectors,2019,co2,forestry-and-land-use,,-1799012.1323059541
VNM,Vietnam,sectors,2019,pm2_5,forestry-and-land-use,,55672.35171000002
VNM,Vietnam,sectors,2019,so2,forestry-and-land-use,,2510.5555900000004
VNM,Vietnam,sectors,2019,co2,fossil-fuel-operations,,17407708.798088666
VNM,Vietnam,sectors,2019,pm2_5,fossil-fuel-operations,,871.7137334142994
VNM,Vietnam,sectors,2019,so2,fossil-fuel-operations,,73991.90865480437
VNM,Vietnam,sectors,2019,co2,manufacturing,,100949128.72591418
VNM,Vietnam,sectors,2019,pm2_5,manufacturing,,127574.52224651087
VNM,Vietnam,sectors,2019,so2,manufacturing,,261501.9474645631
VNM,Vietnam,sectors,2019,co2,mineral-extraction,,832012.7658308074
VNM,Vietnam,sectors,2019,pm2_5,mineral-extraction,,1068.1010180833525
VNM,Vietnam,sectors,2019,so2,mineral-extraction,,5977.017627167169
VNM,Vietnam,sectors,2019,co2,power,,153919865.62519258
VNM,Vietnam,sectors,2019,pm2_5,power,,4902.0
VNM,Vietnam,sectors,2019,so2,power,,108666.0
VNM,Vietnam,sectors,2019,co2,transportation,,36650794.386654906
VNM,Vietnam,sectors,2019,pm2_5,transportation,,15816.086376727046
VNM,Vietnam,sectors,2019,so2,transportation,,112117.96846584303
VNM,Vietnam,sectors,2019,co2,waste,,46579.69612818307
VNM,Vietnam,sectors,2019,pm2_5,waste,,3054.4809768991404
VNM,Vietnam,sectors,2019,so2,waste,,279.03975785806665
VNM,Vietnam,subsectors,2019,co2,agriculture,crop-residues,0.0
VNM,Vietnam,subsectors,2019,pm2_5,agriculture,crop-residues,0.0
VNM,Vietnam,subsectors,2019,so2,agriculture,crop-residues,0.0
VNM,Vietnam,subsectors,2019,co2,agriculture,cropland-fires,0.0
VNM,Vietnam,subsectors,2019,pm2_5,agriculture,cropland-fires,14125.200555799998
VNM,Vietnam,subsectors,2019,so2,agriculture,cropland-fires,0.0
VNM,Vietnam,subsectors,2019,co2,agriculture,enteric-fermentation-cattle-operation,0.0
VNM,Vietnam,subsectors,2019,pm2_5,agriculture,enteric-fermentation-cattle-operation,0.0
VNM,Vietnam,subsectors,2019,so2,agriculture,enteric-fermentation-cattle-operation,0.0
VNM,Vietnam,subsectors,2019,co2,agriculture,enteric-fermentation-cattle-pasture,0.0
VNM,Vietnam,subsectors,2019,pm2_5,agriculture,enteric-fermentation-cattle-pasture,0.0
VNM,Vietnam,subsectors,2019,so2,agriculture,enteric-fermentation-cattle-pasture,0.0
VNM,Vietnam,subsectors,2019,co2,agriculture,enteric-fermentation-other,0.0
VNM,Vietnam,subsectors,2019,pm2_5,agriculture,enteric-fermentation-other,0.0
VNM,Vietnam,subsectors,2019,so2,agriculture,enteric-fermentation-other,0.0
VNM,Vietnam,subsectors,2019,co2,agriculture,manure-applied-to-soils,0.0
VNM,Vietnam,subsectors,2019,pm2_5,agriculture,manure-applied-to-soils,0.0
VNM,Vietnam,subsectors,2019,so2,agriculture,manure-applied-to-soils,0.0
VNM,Vietnam,subsectors,2019,co2,agriculture,manure-left-on-pasture-cattle,0.0
VNM,Vietnam,subsectors,2019,pm2_5,agriculture,manure-left-on-pasture-cattle,7.372409097798198
VNM,Vietnam,subsectors,2019,so2,agriculture,manure-left-on-pasture-cattle,0.0
VNM,Vietnam,subsectors,2019,co2,agriculture,manure-management-cattle-operation,0.0
VNM,Vietnam,subsectors,2019,pm2_5,agriculture,manure-management-cattle-operation,116.28774638656543
VNM,Vietnam,subsectors,2019,so2,agriculture,manure-management-cattle-operation,0.0
VNM,Vietnam,subsectors,2019,co2,agriculture,manure-management-other,0.0
VNM,Vietnam,subsectors,2019,pm2_5,agriculture,manure-management-other,3566.0501603854364
VNM,Vietnam,subsectors,2019,so2,agriculture,manure-management-other,0.0
VNM,Vietnam,subsectors,2019,co2,agriculture,other-agricultural-soil-emissions,6662545.205297385
VNM,Vietnam,subsectors,2019,pm2_5,agriculture,other-agricultural-soil-emissions,0.0
VNM,Vietnam,subsectors,2019,so2,agriculture,other-agricultural-soil-emissions,0.0
VNM,Vietnam,subsectors,2019,co2,agriculture,rice-cultivation,0.0
VNM,Vietnam,subsectors,2019,pm2_5,agriculture,rice-cultivation,0.0
VNM,Vietnam,subsectors,2019,so2,agriculture,rice-cultivation,0.0
VNM,Vietnam,subsectors,2019,co2,agriculture,synthetic-fertilizer-application,0.0
VNM,Vietnam,subsectors,2019,pm2_5,agriculture,synthetic-fertilizer-application,0.0
VNM,Vietnam,subsectors,2019,so2,agriculture,synthetic-fertilizer-application,0.0
VNM,Vietnam,subsectors,2019,co2,buildings,non-residential-onsite-fuel-usage,643304.1887145389
VNM,Vietnam,subsectors,2019,pm2_5,buildings,non-residential-onsite-fuel-usage,4772.601
VNM,Vietnam,subsectors,2019,so2,buildings,non-residential-onsite-fuel-usage,4848.103
VNM,Vietnam,subsectors,2019,co2,buildings,other-onsite-fuel-usage,0.0
VNM,Vietnam,subsectors,2019,pm2_5,buildings,other-onsite-fuel-usage,0.0
VNM,Vietnam,subsectors,2019,so2,buildings,other-onsite-fuel-usage,0.0
VNM,Vietnam,subsectors,2019,co2,buildings,residential-onsite-fuel-usage,14460800.592
VNM,Vietnam,subsectors,2019,pm2_5,buildings,residential-onsite-fuel-usage,51568.626
VNM,Vietnam,subsectors,2019,so2,buildings,residential-onsite-fuel-usage,52409.698
VNM,Vietnam,subsectors,2019,co2,fluorinated-gases,fluorinated-gases,0.0
VNM,Vietnam,subsectors,2019,pm2_5,fluorinated-gases,fluorinated-gases,28843.557404309926
VNM,Vietnam,subsectors,2019,so2,fluorinated-gases,fluorinated-gases,19623.49879358673
VNM,Vietnam,subsectors,2019,co2,forestry-and-land-use,forest-land-clearing,82931225.86942868
VNM,Vietnam,subsectors,2019,pm2_5,forestry-and-land-use,forest-land-clearing,0.0
VNM,Vietnam,subsectors,2019,so2,forestry-and-land-use,forest-land-clearing,0.0
VNM,Vietnam,subsectors,2019,co2,forestry-and-land-use,forest-land-degradation,5040625.398908814
VNM,Vietnam,subsectors,2019,pm2_5,forestry-and-land-use,forest-land-degradation,0.0
VNM,Vietnam,subsectors,2019,so2,forestry-and-land-use,forest-land-degradation,0.0
VNM,Vietnam,subsectors,2019,co2,forestry-and-land-use,forest-land-fires,9456723.467445903
VNM,Vietnam,subsectors,2019,pm2_5,forestry-and-land-use,forest-land-fires,55295.34822000001
VNM,Vietnam,subsectors,2019,so2,forestry-and-land-use,forest-land-fires,2467.5467900000003
VNM,Vietnam,subsectors,2019,co2,forestry-and-land-use,net-forest-land,-3971467.147175299
VNM,Vietnam,subsectors,2019,pm2_5,forestry-and-land-use,net-forest-land,0.0
VNM,Vietnam,subsectors,2019,so2,forestry-and-land-use,net-forest-land,0.0
VNM,Vietnam,subsectors,2019,co2,forestry-and-land-use,net-shrubgrass,-1011296.1685228402
VNM,Vietnam,subsectors,2019,pm2_5,forestry-and-land-use,net-shrubgrass,0.0
VNM,Vietnam,subsectors,2019,so2,forestry-and-land-use,net-shrubgrass,0.0
VNM,Vietnam,subsectors,2019,co2,forestry-and-land-use,net-soil-organic-carbon,15281985.397205353
VNM,Vietnam,subsectors,2019,pm2_5,forestry-and-land-use,net-soil-organic-carbon,0.0
VNM,Vietnam,subsectors,2019,so2,forestry-and-land-use,net-soil-organic-carbon,0.0
VNM,Vietnam,subsectors,2019,co2,forestry-and-land-use,net-wetland,-3644931.5016864063
VNM,Vietnam,subsectors,2019,pm2_5,forestry-and-land-use,net-wetland,0.0
VNM,Vietnam,subsectors,2019,so2,forestry-and-land-use,net-wetland,0.0
VNM,Vietnam,subsectors,2019,co2,forestry-and-land-use,removals,-106116129.96060422
VNM,Vietnam,subsectors,2019,pm2_5,forestry-and-land-use,removals,0.0
VNM,Vietnam,subsectors,2019,so2,forestry-and-land-use,removals,0.0
VNM,Vietnam,subsectors,2019,co2,forestry-and-land-use,shrubgrass-fires,19589.489055791175
VNM,Vietnam,subsectors,2019,pm2_5,forestry-and-land-use,shrubgrass-fires,171.26229999999998
VNM,Vietnam,subsectors,2019,so2,forestry-and-land-use,shrubgrass-fires,25.905219999999993
VNM,Vietnam,subsectors,2019,co2,forestry-and-land-use,water-reservoirs,208746.2628997506
VNM,Vietnam,subsectors,2019,pm2_5,forestry-and-land-use,water-reservoirs,0.0
VNM,Vietnam,subsectors,2019,so2,forestry-and-land-use,water-reservoirs,0.0
VNM,Vietnam,subsectors,2019,co2,forestry-and-land-use,wetland-fires,5916.760738507268
VNM,Vietnam,subsectors,2019,pm2_5,forestry-and-land-use,wetland-fires,205.74118999999996
VNM,Vietnam,subsectors,2019,so2,forestry-and-land-use,wetland-fires,17.10358
VNM,Vietnam,subsectors,2019,co2,fossil-fuel-operations,coal-mining,1718932.7989608487
VNM,Vietnam,subsectors,2019,pm2_5,fossil-fuel-operations,coal-mining,556.5875300822073
VNM,Vietnam,subsectors,2019,so2,fossil-fuel-operations,coal-mining,73950.34122390163
VNM,Vietnam,subsectors,2019,co2,fossil-fuel-operations,oil-and-gas-production,9408988.608173667
VNM,Vietnam,subsectors,2019,pm2_5,fossil-fuel-operations,oil-and-gas-production,254.36939870998202
VNM,Vietnam,subsectors,2019,so2,fossil-fuel-operations,oil-and-gas-production,33.553167882717275
VNM,Vietnam,subsectors,2019,co2,fossil-fuel-operations,oil-and-gas-refining,3443926.576099177
VNM,Vietnam,subsectors,2019,pm2_5,fossil-fuel-operations,oil-and-gas-refining,0.0
VNM,Vietnam,subsectors,2019,so2,fossil-fuel-operations,oil-and-gas-refining,0.0
VNM,Vietnam,subsectors,2019,co2,fossil-fuel-operations,oil-and-gas-transport,2835860.814854973
VNM,Vietnam,subsectors,2019,pm2_5,fossil-fuel-operations,oil-and-gas-transport,60.75680462211022
VNM,Vietnam,subsectors,2019,so2,fossil-fuel-operations,oil-and-gas-transport,8.014263020008148
VNM,Vietnam,subsectors,2019,co2,fossil-fuel-operations,other-fossil-fuel-operations,0.0
VNM,Vietnam,subsectors,2019,pm2_5,fossil-fuel-operations,other-fossil-fuel-operations,0.0
VNM,Vietnam,subsectors,2019,so2,fossil-fuel-operations,other-fossil-fuel-operations,0.0
VNM,Vietnam,subsectors,2019,co2,fossil-fuel-operations,other-solid-fuels,0.0
VNM,Vietnam,subsectors,2019,pm2_5,fossil-fuel-operations,other-solid-fuels,0.0
VNM,Vietnam,subsectors,2019,so2,fossil-fuel-operations,other-solid-fuels,0.0
VNM,Vietnam,subsectors,2019,co2,manufacturing,aluminum,1854759.5839659579
VNM,Vietnam,subsectors,2019,pm2_5,manufacturing,aluminum,3975.765267347079
VNM,Vietnam,subsectors,2019,so2,manufacturing,aluminum,12710.14602776929
VNM,Vietnam,subsectors,2019,co2,manufacturing,cement,67850842.36958857
VNM,Vietnam,subsectors,2019,pm2_5,manufacturing,cement,77638.0002338558
VNM,Vietnam,subsectors,2019,so2,manufacturing,cement,119521.8750718387
VNM,Vietnam,subsectors,2019,co2,manufacturing,chemicals,3663189.1069997633
VNM,Vietnam,subsectors,2019,pm2_5,manufacturing,chemicals,5965.092438163996
VNM,Vietnam,subsectors,2019,so2,manufacturing,chemicals,15337.45726337734
VNM,Vietnam,subsectors,2019,co2,manufacturing,food-beverage-tobacco,273049.5475264804
VNM,Vietnam,subsectors,2019,pm2_5,manufacturing,food-beverage-tobacco,1575.3887591083133
VNM,Vietnam,subsectors,2019,so2,manufacturing,food-beverage-tobacco,4384.503541530026
VNM,Vietnam,subsectors,2019,co2,manufacturing,glass,4905.471428473386
VNM,Vietnam,subsectors,2019,pm2_5,manufacturing,glass,7.5165359635332845
VNM,Vietnam,subsectors,2019,so2,manufacturing,glass,25.073273996759795
VNM,Vietnam,subsectors,2019,co2,manufacturing,iron-and-steel,21875460.799232833
VNM,Vietnam,subsectors,2019,pm2_5,manufacturing,iron-and-steel,16346.862663552896
VNM,Vietnam,subsectors,2019,so2,manufacturing,iron-and-steel,42688.28084212136
VNM,Vietnam,subsectors,2019,co2,manufacturing,lime,514460.32798005885
VNM,Vietnam,subsectors,2019,pm2_5,manufacturing,lime,945.5371933041497
VNM,Vietnam,subsectors,2019,so2,manufacturing,lime,2147.2949111578155
VNM,Vietnam,subsectors,2019,co2,manufacturing,other-chemicals,0.0
VNM,Vietnam,subsectors,2019,pm2_5,manufacturing,other-chemicals,52.37491731375668
VNM,Vietnam,subsectors,2019,so2,manufacturing,other-chemicals,134.66648912819085
VNM,Vietnam,subsectors,2019,co2,manufacturing,other-manufacturing,2686633.8113582637
VNM,Vietnam,subsectors,2019,pm2_5,manufacturing,other-manufacturing,11024.17781677657
VNM,Vietnam,subsectors,2019,so2,manufacturing,other-manufacturing,34391.19959070489
VNM,Vietnam,subsectors,2019,co2,manufacturing,other-metals,0.0
VNM,Vietnam,subsectors,2019,pm2_5,manufacturing,other-metals,0.0
VNM,Vietnam,subsectors,2019,so2,manufacturing,other-metals,0.0
VNM,Vietnam,subsectors,2019,co2,manufacturing,petrochemical-steam-cracking,0.0
VNM,Vietnam,subsectors,2019,pm2_5,manufacturing,petrochemical-steam-cracking,0.0
VNM,Vietnam,subsectors,2019,so2,manufacturing,petrochemical-steam-cracking,0.0
VNM,Vietnam,subsectors,2019,co2,manufacturing,pulp-and-paper,267260.00047740305
VNM,Vietnam,subsectors,2019,pm2_5,manufacturing,pulp-and-paper,1089.5792805479446
VNM,Vietnam,subsectors,2019,so2,manufacturing,pulp-and-paper,3460.3699061733064
VNM,Vietnam,subsectors,2019,co2,manufacturing,textiles-leather-apparel,1891624.151782319
VNM,Vietnam,subsectors,2019,pm2_5,manufacturing,textiles-leather-apparel,8378.34793436099
VNM,Vietnam,subsectors,2019,so2,manufacturing,textiles-leather-apparel,25234.507920279106
VNM,Vietnam,subsectors,2019,co2,manufacturing,wood-and-wood-products,66943.5555740572
VNM,Vietnam,subsectors,2019,pm2_5,manufacturing,wood-and-wood-products,575.8792062158244
VNM,Vietnam,subsectors,2019,so2,manufacturing,wood-and-wood-products,1466.5726264863056
VNM,Vietnam,subsectors,2019,co2,mineral-extraction,bauxite-mining,47895.45111365022
VNM,Vietnam,subsectors,2019,pm2_5,mineral-extraction,bauxite-mining,21.258473769028306
VNM,Vietnam,subsectors,2019,so2,mineral-extraction,bauxite-mining,387.23334024731747
VNM,Vietnam,subsectors,2019,co2,mineral-extraction,copper-mining,166449.00184213035
VNM,Vietnam,subsectors,2019,pm2_5,mineral-extraction,copper-mining,75.11689438186951
VNM,Vietnam,subsectors,2019,so2,mineral-extraction,copper-mining,466.27522787404416
VNM,Vietnam,subsectors,2019,co2,mineral-extraction,iron-mining,109025.00079291212
VNM,Vietnam,subsectors,2019,pm2_5,mineral-extraction,iron-mining,39.640377791177514
VNM,Vietnam,subsectors,2019,so2,mineral-extraction,iron-mining,332.6672571491571
VNM,Vietnam,subsectors,2019,co2,mineral-extraction,other-mining-quarrying,508211.31207897293
VNM,Vietnam,subsectors,2019,pm2_5,mineral-extraction,other-mining-quarrying,931.3096087140896
VNM,Vietnam,subsectors,2019,so2,mineral-extraction,other-mining-quarrying,4786.854955540162
VNM,Vietnam,subsectors,2019,co2,mineral-extraction,rock-quarrying,326.00000237091814
VNM,Vietnam,subsectors,2019,pm2_5,mineral-extraction,rock-quarrying,0.5853386047757521
VNM,Vietnam,subsectors,2019,so2,mineral-extraction,rock-quarrying,3.008592389386547
VNM,Vietnam,subsectors,2019,co2,mineral-extraction,sand-quarrying,106.00000077091204
VNM,Vietnam,subsectors,2019,pm2_5,mineral-extraction,sand-quarrying,0.19032482241174759
VNM,Vietnam,subsectors,2019,so2,mineral-extraction,sand-quarrying,0.9782539671011472
VNM,Vietnam,subsectors,2019,co2,power,electricity-generation,134234820.0
VNM,Vietnam,subsectors,2019,pm2_5,power,electricity-generation,4902.0
VNM,Vietnam,subsectors,2019,so2,power,electricity-generation,108666.0
VNM,Vietnam,subsectors,2019,co2,power,heat-plants,0.0
VNM,Vietnam,subsectors,2019,pm2_5,power,heat-plants,0.0
VNM,Vietnam,subsectors,2019,so2,power,heat-plants,0.0
VNM,Vietnam,subsectors,2019,co2,power,other-energy-use,19685045.625192583
VNM,Vietnam,subsectors,2019,pm2_5,power,other-energy-use,0.0
VNM,Vietnam,subsectors,2019,so2,power,other-energy-use,0.0
VNM,Vietnam,subsectors,2019,co2,transportation,domestic-aviation,2898489.256235158
VNM,Vietnam,subsectors,2019,pm2_5,transportation,domestic-aviation,2.0395471008476314
VNM,Vietnam,subsectors,2019,so2,transportation,domestic-aviation,1195.0789102032936
VNM,Vietnam,subsectors,2019,co2,transportation,domestic-shipping,1906852.3971896952
VNM,Vietnam,subsectors,2019,pm2_5,transportation,domestic-shipping,3972.2886901031097
VNM,Vietnam,subsectors,2019,so2,transportation,domestic-shipping,2259.491241246117
VNM,Vietnam,subsectors,2019,co2,transportation,international-aviation,5023271.922384019
VNM,Vietnam,subsectors,2019,pm2_5,transportation,international-aviation,502.2904950299815
VNM,Vietnam,subsectors,2019,so2,transportation,international-aviation,1768.8800856790165
VNM,Vietnam,subsectors,2019,co2,transportation,international-shipping,3115643.3115921747
VNM,Vietnam,subsectors,2019,pm2_5,transportation,international-shipping,6806.3058859853745
VNM,Vietnam,subsectors,2019,so2,transportation,international-shipping,38727.63710947302
VNM,Vietnam,subsectors,2019,co2,transportation,non-broadcasting-vessels,0.0
VNM,Vietnam,subsectors,2019,pm2_5,transportation,non-broadcasting-vessels,0.0
VNM,Vietnam,subsectors,2019,so2,transportation,non-broadcasting-vessels,0.0
VNM,Vietnam,subsectors,2019,co2,transportation,other-transport,0.0
VNM,Vietnam,subsectors,2019,pm2_5,transportation,other-transport,0.0
VNM,Vietnam,subsectors,2019,so2,transportation,other-transport,0.0
VNM,Vietnam,subsectors,2019,co2,transportation,railways,132255.90300000002
VNM,Vietnam,subsectors,2019,pm2_5,transportation,railways,1191.7921333924153
VNM,Vietnam,subsectors,2019,so2,transportation,railways,54.68795663453455
VNM,Vietnam,subsectors,2019,co2,transportation,road-transportation,23574281.596253857
VNM,Vietnam,subsectors,2019,pm2_5,transportation,road-transportation,3341.369625115316
VNM,Vietnam,subsectors,2019,so2,transportation,road-transportation,68112.19316260704
VNM,Vietnam,subsectors,2019,co2,waste,biological-treatment-of-solid-waste-and-biogenic,0.0
VNM,Vietnam,subsectors,2019,pm2_5,waste,biological-treatment-of-solid-waste-and-biogenic,0.0
VNM,Vietnam,subsectors,2019,so2,waste,biological-treatment-of-solid-waste-and-biogenic,0.0
VNM,Vietnam,subsectors,2019,co2,waste,domestic-wastewater-treatment-and-discharge,0.0
VNM,Vietnam,subsectors,2019,pm2_5,waste,domestic-wastewater-treatment-and-discharge,0.0
VNM,Vietnam,subsectors,2019,so2,waste,domestic-wastewater-treatment-and-discharge,0.0
VNM,Vietnam,subsectors,2019,co2,waste,incineration-and-open-burning-of-waste,46579.69612818307
VNM,Vietnam,subsectors,2019,pm2_5,waste,incineration-and-open-burning-of-waste,3054.1141241164037
VNM,Vietnam,subsectors,2019,so2,waste,incineration-and-open-burning-of-waste,279.03975785806665
VNM,Vietnam,subsectors,2019,co2,waste,industrial-wastewater-treatment-and-discharge,0.0
VNM,Vietnam,subsectors,2019,pm2_5,waste,industrial-wastewater-treatment-and-discharge,0.0
VNM,Vietnam,subsectors,2019,so2,waste,industrial-wastewater-treatment-and-discharge,0.0
VNM,Vietnam,subsectors,2019,co2,waste,solid-waste-disposal,0.0
VNM,Vietnam,subsectors,2019,pm2_5,waste,solid-waste-disposal,0.36685278273688005
VNM,Vietnam,subsectors,2019,so2,waste,solid-waste-disposal,0.0
VNM,Vietnam,totals,2019,co2,,,329773727.85151523
VNM,Vietnam,totals,2019,pm2_5,,,311958.9513376144
VNM,Vietnam,totals,2019,so2,,,641925.7373538223
VNM,Vietnam,sectors,2020,co2,agriculture,,5866951.949008368
VNM,Vietnam,sectors,2020,pm2_5,agriculture,,21555.837202430117
VNM,Vietnam,sectors,2020,so2,agriculture,,0.0
VNM,Vietnam,sectors,2020,co2,buildings,,14542830.579662628
VNM,Vietnam,sectors,2020,pm2_5,buildings,,43699.891
VNM,Vietnam,sectors,2020,so2,buildings,,52459.516
VNM,Vietnam,sectors,2020,co2,fluorinated-gases,,0.0
VNM,Vietnam,sectors,2020,pm2_5,fluorinated-gases,,30578.37457541077
VNM,Vietnam,sectors,2020,so2,fluorinated-gases,,21126.359840123787
VNM,Vietnam,sectors,2020,co2,forestry-and-land-use,,123419884.5758567
VNM,Vietnam,sectors,2020,pm2_5,forestry-and-land-use,,46173.07564000001
VNM,Vietnam,sectors,2020,so2,forestry-and-land-use,,2076.54338
VNM,Vietnam,sectors,2020,co2,fossil-fuel-operations,,15662939.056317247
VNM,Vietnam,sectors,2020,pm2_5,fossil-fuel-operations,,826.3978050722143
VNM,Vietnam,sectors,2020,so2,fossil-fuel-operations,,72611.45002056018
VNM,Vietnam,sectors,2020,co2,manufacturing,,107647723.49533862
VNM,Vietnam,sectors,2020,pm2_5,manufacturing,,131790.01427123445
VNM,Vietnam,sectors,2020,so2,manufacturing,,274004.37300272024
VNM,Vietnam,sectors,2020,co2,mineral-extraction,,707689.01781537
VNM,Vietnam,sectors,2020,pm2_5,mineral-extraction,,733.9708360379447
VNM,Vietnam,sectors,2020,so2,mineral-extraction,,4769.09746682226
VNM,Vietnam,sectors,2020,co2,power,,150880800.77554536
VNM,Vietnam,sectors,2020,pm2_5,power,,4815.0
VNM,Vietnam,sectors,2020,so2,power,,109229.0
VNM,Vietnam,sectors,2020,co2,transportation,,31018115.121676505
VNM,Vietnam,sectors,2020,pm2_5,transportation,,16507.949343581055
VNM,Vietnam,sectors,2020,so2,transportation,,76339.35122460443
VNM,Vietnam,sectors,2020,co2,waste,,47931.31150846436
VNM,Vietnam,sectors,2020,pm2_5,waste,,3166.0058020886
VNM,Vietnam,sectors,2020,so2,waste,,287.2658652609088
VNM,Vietnam,subsectors,2020,co2,agriculture,crop-residues,0.0
VNM,Vietnam,subsectors,2020,pm2_5,agriculture,crop-residues,0.0
VNM,Vietnam,subsectors,2020,so2,agriculture,crop-residues,0.0
VNM,Vietnam,subsectors,2020,co2,agriculture,cropland-fires,0.0
VNM,Vietnam,subsectors,2020,pm2_5,agriculture,cropland-fires,17584.0881392
VNM,Vietnam,subsectors,2020,so2,agriculture,cropland-fires,0.0
VNM,Vietnam,subsectors,2020,co2,agriculture,enteric-fermentation-cattle-operation,0.0
VNM,Vietnam,subsectors,2020,pm2_5,agriculture,enteric-fermentation-cattle-operation,0.0
VNM,Vietnam,subsectors,2020,so2,agriculture,enteric-fermentation-cattle-operation,0.0
VNM,Vietnam,subsectors,2020,co2,agriculture,enteric-fermentation-cattle-pasture,0.0
VNM,Vietnam,subsectors,2020,pm2_5,agriculture,enteric-fermentation-cattle-pasture,0.0
VNM,Vietnam,subsectors,2020,so2,agriculture,enteric-fermentation-cattle-pasture,0.0
VNM,Vietnam,subsectors,2020,co2,agriculture,enteric-fermentation-other,0.0
VNM,Vietnam,subsectors,2020,pm2_5,agriculture,enteric-fermentation-other,0.0
VNM,Vietnam,subsectors,2020,so2,agriculture,enteric-fermentation-other,0.0
VNM,Vietnam,subsectors,2020,co2,agriculture,manure-applied-to-soils,0.0
VNM,Vietnam,subsectors,2020,pm2_5,agriculture,manure-applied-to-soils,0.0
VNM,Vietnam,subsectors,2020,so2,agriculture,manure-applied-to-soils,0.0
VNM,Vietnam,subsectors,2020,co2,agriculture,manure-left-on-pasture-cattle,0.0
VNM,Vietnam,subsectors,2020,pm2_5,agriculture,manure-left-on-pasture-cattle,7.741681841985746
VNM,Vietnam,subsectors,2020,so2,agriculture,manure-left-on-pasture-cattle,0.0
VNM,Vietnam,subsectors,2020,co2,agriculture,manure-management-cattle-operation,0.0
VNM,Vietnam,subsectors,2020,pm2_5,agriculture,manure-management-cattle-operation,121.92339692796551
VNM,Vietnam,subsectors,2020,so2,agriculture,manure-management-cattle-operation,0.0
VNM,Vietnam,subsectors,2020,co2,agriculture,manure-management-other,0.0
VNM,Vietnam,subsectors,2020,pm2_5,agriculture,manure-management-other,3842.083984460166
VNM,Vietnam,subsectors,2020,so2,agriculture,manure-management-other,0.0
VNM,Vietnam,subsectors,2020,co2,agriculture,other-agricultural-soil-emissions,5866951.949008368
VNM,Vietnam,subsectors,2020,pm2_5,agriculture,other-agricultural-soil-emissions,0.0
VNM,Vietnam,subsectors,2020,so2,agriculture,other-agricultural-soil-emissions,0.0
VNM,Vietnam,subsectors,2020,co2,agriculture,rice-cultivation,0.0
VNM,Vietnam,subsectors,2020,pm2_5,agriculture,rice-cultivation,0.0
VNM,Vietnam,subsectors,2020,so2,agriculture,rice-cultivation,0.0
VNM,Vietnam,subsectors,2020,co2,agriculture,synthetic-fertilizer-application,0.0
VNM,Vietnam,subsectors,2020,pm2_5,agriculture,synthetic-fertilizer-application,0.0
VNM,Vietnam,subsectors,2020,so2,agriculture,synthetic-fertilizer-application,0.0
VNM,Vietnam,subsectors,2020,co2,buildings,non-residential-onsite-fuel-usage,631002.1446626282
VNM,Vietnam,subsectors,2020,pm2_5,buildings,non-residential-onsite-fuel-usage,3763.418
VNM,Vietnam,subsectors,2020,so2,buildings,non-residential-onsite-fuel-usage,4515.473
VNM,Vietnam,subsectors,2020,co2,buildings,other-onsite-fuel-usage,0.0
VNM,Vietnam,subsectors,2020,pm2_5,buildings,other-onsite-fuel-usage,0.0
VNM,Vietnam,subsectors,2020,so2,buildings,other-onsite-fuel-usage,0.0
VNM,Vietnam,subsectors,2020,co2,buildings,residential-onsite-fuel-usage,13911828.435
VNM,Vietnam,subsectors,2020,pm2_5,buildings,residential-onsite-fuel-usage,39936.473
VNM,Vietnam,subsectors,2020,so2,buildings,residential-onsite-fuel-usage,47944.043
VNM,Vietnam,subsectors,2020,co2,fluorinated-gases,fluorinated-gases,0.0
VNM,Vietnam,subsectors,2020,pm2_5,fluorinated-gases,fluorinated-gases,30578.37457541077
VNM,Vietnam,subsectors,2020,so2,fluorinated-gases,fluorinated-gases,21126.359840123787
VNM,Vietnam,subsectors,2020,co2,forestry-and-land-use,forest-land-clearing,83030831.23913935
VNM,Vietnam,subsectors,2020,pm2_5,forestry-and-land-use,forest-land-clearing,0.0
VNM,Vietnam,subsectors,2020,so2,forestry-and-land-use,forest-land-clearing,0.0
VNM,Vietnam,subsectors,2020,co2,forestry-and-land-use,forest-land-degradation,3411844.6106259236
VNM,Vietnam,subsectors,2020,pm2_5,forestry-and-land-use,forest-land-degradation,0.0
VNM,Vietnam,subsectors,2020,so2,forestry-and-land-use,forest-land-degradation,0.0
VNM,Vietnam,subsectors,2020,co2,forestry-and-land-use,forest-land-fires,7991737.8599728495
VNM,Vietnam,subsectors,2020,pm2_5,forestry-and-land-use,forest-land-fires,45714.90503000001
VNM,Vietnam,subsectors,2020,so2,forestry-and-land-use,forest-land-fires,2022.70309
VNM,Vietnam,subsectors,2020,co2,forestry-and-land-use,net-forest-land,50478375.39311631
VNM,Vietnam,subsectors,2020,pm2_5,forestry-and-land-use,net-forest-land,0.0
VNM,Vietnam,subsectors,2020,so2,forestry-and-land-use,net-forest-land,0.0
VNM,Vietnam,subsectors,2020,co2,forestry-and-land-use,net-shrubgrass,894077.126727714
VNM,Vietnam,subsectors,2020,pm2_5,forestry-and-land-use,net-shrubgrass,0.0
VNM,Vietnam,subsectors,2020,so2,forestry-and-land-use,net-shrubgrass,0.0
VNM,Vietnam,subsectors,2020,co2,forestry-and-land-use,net-soil-organic-carbon,13829997.08700943
VNM,Vietnam,subsectors,2020,pm2_5,forestry-and-land-use,net-soil-organic-carbon,0.0
VNM,Vietnam,subsectors,2020,so2,forestry-and-land-use,net-soil-organic-carbon,0.0
VNM,Vietnam,subsectors,2020,co2,forestry-and-land-use,net-wetland,3346809.7303167167
VNM,Vietnam,subsectors,2020,pm2_5,forestry-and-land-use,net-wetland,0.0
VNM,Vietnam,subsectors,2020,so2,forestry-and-land-use,net-wetland,0.0
VNM,Vietnam,subsectors,2020,co2,forestry-and-land-use,removals,-39792788.67426611
VNM,Vietnam,subsectors,2020,pm2_5,forestry-and-land-use,removals,0.0
VNM,Vietnam,subsectors,2020,so2,forestry-and-land-use,removals,0.0
VNM,Vietnam,subsectors,2020,co2,forestry-and-land-use,shrubgrass-fires,18475.444444228862
VNM,Vietnam,subsectors,2020,pm2_5,forestry-and-land-use,shrubgrass-fires,231.20643000000007
VNM,Vietnam,subsectors,2020,so2,forestry-and-land-use,shrubgrass-fires,34.97240000000001
VNM,Vietnam,subsectors,2020,co2,forestry-and-land-use,water-reservoirs,200527.56857416985
VNM,Vietnam,subsectors,2020,pm2_5,forestry-and-land-use,water-reservoirs,0.0
VNM,Vietnam,subsectors,2020,so2,forestry-and-land-use,water-reservoirs,0.0
VNM,Vietnam,subsectors,2020,co2,forestry-and-land-use,wetland-fires,9997.190196106743
VNM,Vietnam,subsectors,2020,pm2_5,forestry-and-land-use,wetland-fires,226.96418
VNM,Vietnam,subsectors,2020,so2,forestry-and-land-use,wetland-fires,18.86789
VNM,Vietnam,subsectors,2020,co2,fossil-fuel-operations,coal-mining,1691884.203021492
VNM,Vietnam,subsectors,2020,pm2_5,fossil-fuel-operations,coal-mining,546.232211725236
VNM,Vietnam,subsectors,2020,so2,fossil-fuel-operations,coal-mining,72574.49414758095
VNM,Vietnam,subsectors,2020,co2,fossil-fuel-operations,oil-and-gas-production,8107291.670094343
VNM,Vietnam,subsectors,2020,pm2_5,fossil-fuel-operations,oil-and-gas-production,227.46178934248076
VNM,Vietnam,subsectors,2020,so2,fossil-fuel-operations,oil-and-gas-production,30.003859125417637
VNM,Vietnam,subsectors,2020,co2,fossil-fuel-operations,oil-and-gas-refining,3448630.0813123677
VNM,Vietnam,subsectors,2020,pm2_5,fossil-fuel-operations,oil-and-gas-refining,0.0
VNM,Vietnam,subsectors,2020,so2,fossil-fuel-operations,oil-and-gas-refining,0.0
VNM,Vietnam,subsectors,2020,co2,fossil-fuel-operations,oil-and-gas-transport,2415133.1018890454
VNM,Vietnam,subsectors,2020,pm2_5,fossil-fuel-operations,oil-and-gas-transport,52.70380400449744
VNM,Vietnam,subsectors,2020,so2,fossil-fuel-operations,oil-and-gas-transport,6.952013853824179
VNM,Vietnam,subsectors,2020,co2,fossil-fuel-operations,other-fossil-fuel-operations,0.0
VNM,Vietnam,subsectors,2020,pm2_5,fossil-fuel-operations,other-fossil-fuel-operations,0.0
VNM,Vietnam,subsectors,2020,so2,fossil-fuel-operations,other-fossil-fuel-operations,0.0
VNM,Vietnam,subsectors,2020,co2,fossil-fuel-operations,other-solid-fuels,0.0
VNM,Vietnam,subsectors,2020,pm2_5,fossil-fuel-operations,other-solid-fuels,0.0
VNM,Vietnam,subsectors,2020,so2,fossil-fuel-operations,other-solid-fuels,0.0
VNM,Vietnam,subsectors,2020,co2,manufacturing,aluminum,2051796.2859672012
VNM,Vietnam,subsectors,2020,pm2_5,manufacturing,aluminum,3863.299977152299
VNM,Vietnam,subsectors,2020,so2,manufacturing,aluminum,14016.037829201136
VNM,Vietnam,subsectors,2020,co2,manufacturing,cement,72190652.53318405
VNM,Vietnam,subsectors,2020,pm2_5,manufacturing,cement,82603.80715281505
VNM,Vietnam,subsectors,2020,so2,manufacturing,cement,127166.6180122925
VNM,Vietnam,subsectors,2020,co2,manufacturing,chemicals,3185381.8321737074
VNM,Vietnam,subsectors,2020,pm2_5,manufacturing,chemicals,5918.330203296769
VNM,Vietnam,subsectors,2020,so2,manufacturing,chemicals,14402.898686146129
VNM,Vietnam,subsectors,2020,co2,manufacturing,food-beverage-tobacco,268747.92488715384
VNM,Vietnam,subsectors,2020,pm2_5,manufacturing,food-beverage-tobacco,1319.5255481534898
VNM,Vietnam,subsectors,2020,so2,manufacturing,food-beverage-tobacco,4287.777172446245
VNM,Vietnam,subsectors,2020,co2,manufacturing,glass,4971.644386306411
VNM,Vietnam,subsectors,2020,pm2_5,manufacturing,glass,7.008250110336093
VNM,Vietnam,subsectors,2020,so2,manufacturing,glass,26.115988794534633
VNM,Vietnam,subsectors,2020,co2,manufacturing,iron-and-steel,24919667.405388594
VNM,Vietnam,subsectors,2020,pm2_5,manufacturing,iron-and-steel,19573.3050220226
VNM,Vietnam,subsectors,2020,so2,manufacturing,iron-and-steel,50475.68284937008
VNM,Vietnam,subsectors,2020,co2,manufacturing,lime,414751.1417161032
VNM,Vietnam,subsectors,2020,pm2_5,manufacturing,lime,833.3275285223726
VNM,Vietnam,subsectors,2020,so2,manufacturing,lime,1809.6347809857095
VNM,Vietnam,subsectors,2020,co2,manufacturing,other-chemicals,0.0
VNM,Vietnam,subsectors,2020,pm2_5,manufacturing,other-chemicals,70.48887738225676
VNM,Vietnam,subsectors,2020,so2,manufacturing,other-chemicals,171.54233112429011
VNM,Vietnam,subsectors,2020,co2,manufacturing,other-manufacturing,2542380.4515522504
VNM,Vietnam,subsectors,2020,pm2_5,manufacturing,other-manufacturing,9380.136781278223
VNM,Vietnam,subsectors,2020,so2,manufacturing,other-manufacturing,33114.74176814029
VNM,Vietnam,subsectors,2020,co2,manufacturing,other-metals,0.0
VNM,Vietnam,subsectors,2020,pm2_5,manufacturing,other-metals,0.0
VNM,Vietnam,subsectors,2020,so2,manufacturing,other-metals,0.0
VNM,Vietnam,subsectors,2020,co2,manufacturing,petrochemical-steam-cracking,0.0
VNM,Vietnam,subsectors,2020,pm2_5,manufacturing,petrochemical-steam-cracking,0.0
VNM,Vietnam,subsectors,2020,so2,manufacturing,petrochemical-steam-cracking,0.0
VNM,Vietnam,subsectors,2020,co2,manufacturing,pulp-and-paper,267260.00047740305
VNM,Vietnam,subsectors,2020,pm2_5,manufacturing,pulp-and-paper,976.4501299973175
VNM,Vietnam,subsectors,2020,so2,manufacturing,pulp-and-paper,3490.808756805744
VNM,Vietnam,subsectors,2020,co2,manufacturing,textiles-leather-apparel,1744734.085113817
VNM,Vietnam,subsectors,2020,pm2_5,manufacturing,textiles-leather-apparel,6828.650059171523
VNM,Vietnam,subsectors,2020,so2,manufacturing,textiles-leather-apparel,23808.60562014895
VNM,Vietnam,subsectors,2020,co2,manufacturing,wood-and-wood-products,57380.190492049005
VNM,Vietnam,subsectors,2020,pm2_5,manufacturing,wood-and-wood-products,415.6847413321996
VNM,Vietnam,subsectors,2020,so2,manufacturing,wood-and-wood-products,1233.9092072645853
VNM,Vietnam,subsectors,2020,co2,mineral-extraction,bauxite-mining,50628.729711005144
VNM,Vietnam,subsectors,2020,pm2_5,mineral-extraction,bauxite-mining,22.471643913880666
VNM,Vietnam,subsectors,2020,so2,mineral-extraction,bauxite-mining,409.33181883913096
VNM,Vietnam,subsectors,2020,co2,mineral-extraction,copper-mining,308024.00340897427
VNM,Vietnam,subsectors,2020,pm2_5,mineral-extraction,copper-mining,139.00838259815905
VNM,Vietnam,subsectors,2020,so2,mineral-extraction,copper-mining,862.8706738440878
VNM,Vietnam,subsectors,2020,co2,mineral-extraction,iron-mining,108447.00078870846
VNM,Vietnam,subsectors,2020,pm2_5,mineral-extraction,iron-mining,39.430222887593004
VNM,Vietnam,subsectors,2020,so2,mineral-extraction,iron-mining,330.90360959463095
VNM,Vietnam,subsectors,2020,co2,mineral-extraction,other-mining-quarrying,240179.28390370027
VNM,Vietnam,subsectors,2020,pm2_5,mineral-extraction,other-mining-quarrying,532.1980917642254
VNM,Vietnam,subsectors,2020,so2,mineral-extraction,other-mining-quarrying,3160.868773619911
VNM,Vietnam,subsectors,2020,co2,mineral-extraction,rock-quarrying,328.00000238546363
VNM,Vietnam,subsectors,2020,pm2_5,mineral-extraction,rock-quarrying,0.6899958992692279
VNM,Vietnam,subsectors,2020,so2,mineral-extraction,rock-quarrying,4.098072739599588
VNM,Vietnam,subsectors,2020,co2,mineral-extraction,sand-quarrying,82.00000059636591
VNM,Vietnam,subsectors,2020,pm2_5,mineral-extraction,sand-quarrying,0.17249897481730697
VNM,Vietnam,subsectors,2020,so2,mineral-extraction,sand-quarrying,1.024518184899897
VNM,Vietnam,subsectors,2020,co2,power,electricity-generation,131346512.0
VNM,Vietnam,subsectors,2020,pm2_5,power,electricity-generation,4815.0
VNM,Vietnam,subsectors,2020,so2,power,electricity-generation,109229.0
VNM,Vietnam,subsectors,2020,co2,power,heat-plants,0.0
VNM,Vietnam,subsectors,2020,pm2_5,power,heat-plants,0.0
VNM,Vietnam,subsectors,2020,so2,power,heat-plants,0.0
VNM,Vietnam,subsectors,2020,co2,power,other-energy-use,19534288.77554535
VNM,Vietnam,subsectors,2020,pm2_5,power,other-energy-use,0.0
VNM,Vietnam,subsectors,2020,so2,power,other-energy-use,0.0
VNM,Vietnam,subsectors,2020,co2,transportation,domestic-aviation,2875956.780145158
VNM,Vietnam,subsectors,2020,pm2_5,transportation,domestic-aviation,2.3699058575270677
VNM,Vietnam,subsectors,2020,so2,transportation,domestic-aviation,1165.8243806442817
VNM,Vietnam,subsectors,2020,co2,transportation,domestic-shipping,2157224.8597621364
VNM,Vietnam,subsectors,2020,pm2_5,transportation,domestic-shipping,4261.799182847862
VNM,Vietnam,subsectors,2020,so2,transportation,domestic-shipping,1408.5967294714826
VNM,Vietnam,subsectors,2020,co2,transportation,international-aviation,2073707.5392345856
VNM,Vietnam,subsectors,2020,pm2_5,transportation,international-aviation,207.2780571183574
VNM,Vietnam,subsectors,2020,so2,transportation,international-aviation,720.6377202774629
VNM,Vietnam,subsectors,2020,co2,transportation,international-shipping,3940590.9387948913
VNM,Vietnam,subsectors,2020,pm2_5,transportation,international-shipping,8368.029411204447
VNM,Vietnam,subsectors,2020,so2,transportation,international-shipping,15556.467645830457
VNM,Vietnam,subsectors,2020,co2,transportation,non-broadcasting-vessels,0.0
VNM,Vietnam,subsectors,2020,pm2_5,transportation,non-broadcasting-vessels,0.0
VNM,Vietnam,subsectors,2020,so2,transportation,non-broadcasting-vessels,0.0
VNM,Vietnam,subsectors,2020,co2,transportation,other-transport,0.0
VNM,Vietnam,subsectors,2020,pm2_5,transportation,other-transport,0.0
VNM,Vietnam,subsectors,2020,so2,transportation,other-transport,0.0
VNM,Vietnam,subsectors,2020,co2,transportation,railways,94468.60800000002
VNM,Vietnam,subsectors,2020,pm2_5,transportation,railways,851.2663157089685
VNM,Vietnam,subsectors,2020,so2,transportation,railways,39.06253535315422
VNM,Vietnam,subsectors,2020,co2,transportation,road-transportation,19876166.395739734
VNM,Vietnam,subsectors,2020,pm2_5,transportation,road-transportation,2817.2064708438947
VNM,Vietnam,subsectors,2020,so2,transportation,road-transportation,57448.762213027585
VNM,Vietnam,subsectors,2020,co2,waste,biological-treatment-of-solid-waste-and-biogenic,0.0
VNM,Vietnam,subsectors,2020,pm2_5,waste,biological-treatment-of-solid-waste-and-biogenic,0.0
VNM,Vietnam,subsectors,2020,so2,waste,biological-treatment-of-solid-waste-and-biogenic,0.0
VNM,Vietnam,subsectors,2020,co2,waste,domestic-wastewater-treatment-and-discharge,0.0
VNM,Vietnam,subsectors,2020,pm2_5,waste,domestic-wastewater-treatment-and-discharge,0.0
VNM,Vietnam,subsectors,2020,so2,waste,domestic-wastewater-treatment-and-discharge,0.0
VNM,Vietnam,subsectors,2020,co2,waste,incineration-and-open-burning-of-waste,47931.31150846436
VNM,Vietnam,subsectors,2020,pm2_5,waste,incineration-and-open-burning-of-waste,3165.6240526003176
VNM,Vietnam,subsectors,2020,so2,waste,incineration-and-open-burning-of-waste,287.2658652609088
VNM,Vietnam,subsectors,2020,co2,waste,industrial-wastewater-treatment-and-discharge,0.0
VNM,Vietnam,subsectors,2020,pm2_5,waste,industrial-wastewater-treatment-and-discharge,0.0
VNM,Vietnam,subsectors,2020,so2,waste,industrial-wastewater-treatment-and-discharge,0.0
VNM,Vietnam,subsectors,2020,co2,waste,solid-waste-disposal,0.0
VNM,Vietnam,subsectors,2020,pm2_5,waste,solid-waste-disposal,0.38174948828207006
VNM,Vietnam,subsectors,2020,so2,waste,solid-waste-disposal,0.0
VNM,Vietnam,totals,2020,co2,,,449794865.8827293
VNM,Vietnam,totals,2020,pm2_5,,,299846.5164758551
VNM,Vietnam,totals,2020,so2,,,612902.9568000917
