{
  "type": "FeatureCollection",
  "bbox": [
    105.507333,
    9.259522,
    105.653515,
    9.380282
  ],
  "features": [
    {
      "type": "Feature",
      "id": "31918",
      "bbox": [
        105.507333,
        9.259522,
        105.653515,
        9.380282
      ],
      "geometry": {
        "type": "MultiPolygon",
        "coordinates": [
          [
            [
              [
                105.572439,
                9.352441
              ],
              [
                105.572645,
                9.352187
              ],
              [
                105.572656,
                9.352174
              ],
              [
                105.572851,
                9.351939
              ],
              [
                105.573015,
                9.351741
              ],
              [
                105.573056,
                9.351693
              ],
              [
                105.573117,
                9.351617
              ],
              [
                105.573117,
                9.351617
              ],
              [
                105.573246,
                9.351458
              ],
              [
                105.573374,
                9.351297
              ],
              [
                105.573438,
                9.351218
              ],
              [
                105.573489,
                9.351154
              ],
              [
                105.573548,
                9.351077
              ],
              [
                105.573595,
                9.35101
              ],
              [
                105.573656,
                9.350927
              ],
              [
                105.573756,
                9.3508
              ],
              [
                105.573863,
                9.350664
              ],
              [
                105.573977,
                9.350521
              ],
              [
                105.574112,
                9.350356
              ],
              [
                105.574236,
                9.350205
              ],
              [
                105.574262,
                9.350173
              ],
              [
                105.574328,
                9.350093
              ],
              [
                105.574415,
                9.349988
              ],
              [
                105.57451,
                9.349872
              ],
              [
                105.574595,
                9.349767
              ],
              [
                105.574629,
                9.349723
              ],
              [
                105.574664,
                9.349679
              ],
              [
                105.574686,
                9.34965
              ],
              [
                105.574719,
                9.349606
              ],
              [
                105.574756,
                9.349558
              ],
              [
                105.574781,
                9.349526
              ],
              [
                105.574808,
                9.349485
              ],
              [
                105.574827,
                9.349456
              ],
              [
                105.574831,
                9.349487
              ],
              [
                105.574854,
                9.349574
              ],
              [
                105.574872,
                9.349636
              ],
              [
                105.574926,
                9.349792
              ],
              [
                105.574934,
                9.349837
              ],
              [
                105.574943,
                9.349886
              ],
              [
                105.574951,
                9.349941
              ],
              [
                105.57496,
                9.350026
              ],
              [
                105.574969,
                9.350159
              ],
              [
                105.574978,
                9.350327
              ],
              [
                105.574987,
                9.350503
              ],
              [
                105.574997,
                9.350693
              ],
              [
                105.574999,
                9.350716
              ],
              [
                105.57501,
                9.350883
              ],
              [
                105.575024,
                9.351044
              ],
              [
                105.575025,
                9.351061
              ],
              [
                105.575039,
                9.35122
              ],
              [
                105.575052,
                9.351357
              ],
              [
                105.575054,
                9.351369
              ],
              [
                105.575066,
                9.351483
              ],
              [
                105.57508,
                9.351593
              ],
              [
                105.575095,
                9.351688
              ],
              [
                105.575112,
                9.351779
              ],
              [
                105.575127,
                9.351859
              ],
              [
                105.575129,
                9.351868
              ],
              [
                105.575147,
                9.351949
              ],
              [
                105.575169,
                9.352033
              ],
              [
                105.575197,
                9.352123
              ],
              [
                105.57522,
                9.352191
              ],
              [
                105.575222,
                9.352198
              ],
              [
                105.575247,
                9.352262
              ],
              [
                105.575278,
                9.352342
              ],
              [
                105.575291,
                9.352378
              ],
              [
                105.575313,
                9.352436
              ],
              [
                105.575343,
                9.352516
              ],
              [
                105.57537,
                9.352583
              ],
              [
                105.575398,
                9.352652
              ],
              [
                105.575427,
                9.352725
              ],
              [
                105.575455,
                9.352793
              ],
              [
                105.57548,
                9.352858
              ],
              [
                105.575505,
                9.352922
              ],
              [
                105.575512,
                9.352944
              ],
              [
                105.575525,
                9.35298
              ],
              [
                105.57554,
                9.353034
              ],
              [
                105.575552,
                9.353088
              ],
              [
                105.575562,
                9.353131
              ],
              [
                105.575563,
                9.353138
              ],
              [
                105.575573,
                9.353185
              ],
              [
                105.575583,
                9.353233
              ],
              [
                105.575591,
                9.353276
              ],
              [
                105.575598,
                9.353315
              ],
              [
                105.575606,
                9.353355
              ],
              [
                105.575613,
                9.353389
              ],
              [
                105.575619,
                9.35342
              ],
              [
                105.575627,
                9.353452
              ],
              [
                105.575633,
                9.353477
              ],
              [
                105.575638,
                9.353495
              ],
              [
                105.575644,
                9.353519
              ],
              [
                105.575653,
                9.35355
              ],
              [
                105.575662,
                9.353576
              ],
              [
                105.575671,
                9.353595
              ],
              [
                105.575682,
                9.353618
              ],
              [
                105.575693,
                9.353649
              ],
              [
                105.575704,
                9.353683
              ],
              [
                105.575704,
                9.353684
              ],
              [
                105.575714,
                9.353728
              ],
              [
                105.575722,
                9.353777
              ],
              [
                105.575728,
                9.353819
              ],
              [
                105.57573,
                9.353845
              ],
              [
                105.57573,
                9.353846
              ],
              [
                105.575731,
                9.353869
              ],
              [
                105.575734,
                9.353899
              ],
              [
                105.575736,
                9.353929
              ],
              [
                105.57574,
                9.35396
              ],
              [
                105.575744,
                9.353997
              ],
              [
                105.575748,
                9.354028
              ],
              [
                105.575752,
                9.354055
              ],
              [
                105.575757,
                9.354089
              ],
              [
                105.575764,
                9.354131
              ],
              [
                105.575774,
                9.354174
              ],
              [
                105.575787,
                9.354221
              ],
              [
                105.575804,
                9.354276
              ],
              [
                105.575822,
                9.354335
              ],
              [
                105.575845,
                9.354405
              ],
              [
                105.575872,
                9.354482
              ],
              [
                105.575898,
                9.354554
              ],
              [
                105.575906,
                9.354577
              ],
              [
                105.575924,
                9.354625
              ],
              [
                105.575951,
                9.354705
              ],
              [
                105.575975,
                9.35478
              ],
              [
                105.575978,
                9.354789
              ],
              [
                105.575995,
                9.354848
              ],
              [
                105.576014,
                9.354915
              ],
              [
                105.576032,
                9.354984
              ],
              [
                105.576048,
                9.355056
              ],
              [
                105.576064,
                9.355127
              ],
              [
                105.57608,
                9.355199
              ],
              [
                105.576096,
                9.355274
              ],
              [
                105.576099,
                9.355285
              ],
              [
                105.576113,
                9.35535
              ],
              [
                105.576131,
                9.355424
              ],
              [
                105.576148,
                9.355495
              ],
              [
                105.576162,
                9.35556
              ],
              [
                105.576164,
                9.355566
              ],
              [
                105.576174,
                9.355616
              ],
              [
                105.576182,
                9.355668
              ],
              [
                105.57619,
                9.355719
              ],
              [
                105.576196,
                9.355769
              ],
              [
                105.576198,
                9.355807
              ],
              [
                105.576199,
                9.355815
              ],
              [
                105.576199,
                9.355858
              ],
              [
                105.576199,
                9.355903
              ],
              [
                105.576196,
                9.355959
              ],
              [
                105.57619,
                9.356034
              ],
              [
                105.576182,
                9.356119
              ],
              [
                105.576174,
                9.356205
              ],
              [
                105.576172,
                9.356221
              ],
              [
                105.576165,
                9.35629
              ],
              [
                105.576154,
                9.356379
              ],
              [
                105.57614,
                9.356476
              ],
              [
                105.576126,
                9.356575
              ],
              [
                105.57612,
                9.356619
              ],
              [
                105.576111,
                9.356678
              ],
              [
                105.576103,
                9.356742
              ],
              [
                105.576099,
                9.356778
              ],
              [
                105.576089,
                9.356872
              ],
              [
                105.57608,
                9.356963
              ],
              [
                105.576073,
                9.35705
              ],
              [
                105.576069,
                9.357127
              ],
              [
                105.576067,
                9.357198
              ],
              [
                105.576065,
                9.357263
              ],
              [
                105.576065,
                9.357321
              ],
              [
                105.576067,
                9.357374
              ],
              [
                105.57607,
                9.357418
              ],
              [
                105.576075,
                9.357453
              ],
              [
                105.576081,
                9.357484
              ],
              [
                105.576088,
                9.357515
              ],
              [
                105.576096,
                9.357548
              ],
              [
                105.576096,
                9.357549
              ],
              [
                105.576107,
                9.357583
              ],
              [
                105.57612,
                9.357619
              ],
              [
                105.576134,
                9.357654
              ],
              [
                105.576151,
                9.357689
              ],
              [
                105.57617,
                9.35772
              ],
              [
                105.576191,
                9.357747
              ],
              [
                105.576212,
                9.357773
              ],
              [
                105.576236,
                9.3578
              ],
              [
                105.576264,
                9.357826
              ],
              [
                105.576289,
                9.357846
              ],
              [
                105.576294,
                9.35785
              ],
              [
                105.576324,
                9.357873
              ],
              [
                105.576356,
                9.357895
              ],
              [
                105.576391,
                9.357916
              ],
              [
                105.576426,
                9.357935
              ],
              [
                105.576461,
                9.357955
              ],
              [
                105.576503,
                9.357975
              ],
              [
                105.576551,
                9.357997
              ],
              [
                105.576605,
                9.35802
              ],
              [
                105.576659,
                9.358043
              ],
              [
                105.57671,
                9.358064
              ],
              [
                105.576754,
                9.35808
              ],
              [
                105.576792,
                9.358092
              ],
              [
                105.576829,
                9.358104
              ],
              [
                105.576864,
                9.358114
              ],
              [
                105.576906,
                9.358122
              ],
              [
                105.576977,
                9.358133
              ],
              [
                105.577078,
                9.358147
              ],
              [
                105.577166,
                9.358157
              ],
              [
                105.577242,
                9.358165
              ],
              [
                105.577342,
                9.358177
              ],
              [
                105.577462,
                9.358194
              ],
              [
                105.577564,
                9.358209
              ],
              [
                105.577639,
                9.35822
              ],
              [
                105.577704,
                9.358229
              ],
              [
                105.577766,
                9.358239
              ],
              [
                105.577819,
                9.358248
              ],
              [
                105.577821,
                9.358249
              ],
              [
                105.577864,
                9.358259
              ],
              [
                105.577901,
                9.35827
              ],
              [
                105.577937,
                9.358281
              ],
              [
                105.57797,
                9.358293
              ],
              [
                105.577999,
                9.358306
              ],
              [
                105.578028,
                9.35832
              ],
              [
                105.578055,
                9.358335
              ],
              [
                105.578081,
                9.358349
              ],
              [
                105.578096,
                9.35836
              ],
              [
                105.578102,
                9.358364
              ],
              [
                105.578121,
                9.358381
              ],
              [
                105.578137,
                9.358398
              ],
              [
                105.578152,
                9.358416
              ],
              [
                105.578168,
                9.358437
              ],
              [
                105.578181,
                9.358456
              ],
              [
                105.57819,
                9.358473
              ],
              [
                105.578197,
                9.35849
              ],
              [
                105.578204,
                9.358506
              ],
              [
                105.578211,
                9.358526
              ],
              [
                105.578215,
                9.35855
              ],
              [
                105.578219,
                9.358577
              ],
              [
                105.578222,
                9.358605
              ],
              [
                105.578224,
                9.358635
              ],
              [
                105.578224,
                9.358667
              ],
              [
                105.578222,
                9.358699
              ],
              [
                105.57822,
                9.358732
              ],
              [
                105.578216,
                9.358762
              ],
              [
                105.57821,
                9.358791
              ],
              [
                105.578203,
                9.35882
              ],
              [
                105.578195,
                9.358848
              ],
              [
                105.578186,
                9.358874
              ],
              [
                105.578177,
                9.358897
              ],
              [
                105.578164,
                9.358919
              ],
              [
                105.578147,
                9.358942
              ],
              [
                105.578129,
                9.358965
              ],
              [
                105.578108,
                9.35899
              ],
              [
                105.578079,
                9.359018
              ],
              [
                105.578037,
                9.359056
              ],
              [
                105.577984,
                9.3591
              ],
              [
                105.577929,
                9.359147
              ],
              [
                105.57787,
                9.3592
              ],
              [
                105.57786,
                9.359208
              ],
              [
                105.577816,
                9.359249
              ],
              [
                105.577786,
                9.359278
              ],
              [
                105.577828,
                9.359297
              ],
              [
                105.578184,
                9.359459
              ],
              [
                105.578651,
                9.359571
              ],
              [
                105.578984,
                9.359608
              ],
              [
                105.581704,
                9.359766
              ],
              [
                105.581724,
                9.359766
              ],
              [
                105.583706,
                9.359827
              ],
              [
                105.583732,
                9.35983
              ],
              [
                105.583797,
                9.359838
              ],
              [
                105.585231,
                9.359909
              ],
              [
                105.585512,
                9.359923
              ],
              [
                105.585979,
                9.359942
              ],
              [
                105.586174,
                9.35995
              ],
              [
                105.586486,
                9.359963
              ],
              [
                105.586831,
                9.359977
              ],
              [
                105.587066,
                9.359979
              ],
              [
                105.587315,
                9.359981
              ],
              [
                105.587562,
                9.359989
              ],
              [
                105.587852,
                9.359999
              ],
              [
                105.587984,
                9.360011
              ],
              [
                105.58812,
                9.360025
              ],
              [
                105.588299,
                9.360042
              ],
              [
                105.588443,
                9.360055
              ],
              [
                105.588686,
                9.360075
              ],
              [
                105.589029,
                9.360104
              ],
              [
                105.589444,
                9.360134
              ],
              [
                105.589513,
                9.360139
              ],
              [
                105.589782,
                9.360158
              ],
              [
                105.590058,
                9.360177
              ],
              [
                105.590326,
                9.360197
              ],
              [
                105.590734,
                9.360226
              ],
              [
                105.590908,
                9.360237
              ],
              [
                105.590966,
                9.360241
              ],
              [
                105.591425,
                9.360271
              ],
              [
                105.59159,
                9.360283
              ],
              [
                105.592017,
                9.360314
              ],
              [
                105.592078,
                9.360319
              ],
              [
                105.592301,
                9.360335
              ],
              [
                105.592546,
                9.360352
              ],
              [
                105.592773,
                9.360369
              ],
              [
                105.593132,
                9.360395
              ],
              [
                105.593184,
                9.360399
              ],
              [
                105.593409,
                9.360416
              ],
              [
                105.593759,
                9.360444
              ],
              [
                105.59424,
                9.360481
              ],
              [
                105.594347,
                9.360489
              ],
              [
                105.59451,
                9.360496
              ],
              [
                105.594735,
                9.360506
              ],
              [
                105.594937,
                9.360514
              ],
              [
                105.595199,
                9.360525
              ],
              [
                105.595527,
                9.36054
              ],
              [
                105.595647,
                9.360548
              ],
              [
                105.596267,
                9.3606
              ],
              [
                105.596501,
                9.360613
              ],
              [
                105.596708,
                9.360644
              ],
              [
                105.597172,
                9.360668
              ],
              [
                105.597303,
                9.360672
              ],
              [
                105.597386,
                9.360683
              ],
              [
                105.597615,
                9.360698
              ],
              [
                105.597804,
                9.36071
              ],
              [
                105.598065,
                9.360731
              ],
              [
                105.598303,
                9.36075
              ],
              [
                105.598496,
                9.360777
              ],
              [
                105.598672,
                9.360787
              ],
              [
                105.599162,
                9.36081
              ],
              [
                105.601167,
                9.36095
              ],
              [
                105.602038,
                9.361039
              ],
              [
                105.602105,
                9.361046
              ],
              [
                105.602186,
                9.361232
              ],
              [
                105.602251,
                9.361476
              ],
              [
                105.602272,
                9.361613
              ],
              [
                105.602288,
                9.361713
              ],
              [
                105.602284,
                9.361867
              ],
              [
                105.602241,
                9.362083
              ],
              [
                105.602238,
                9.362338
              ],
              [
                105.602242,
                9.362357
              ],
              [
                105.602289,
                9.362585
              ],
              [
                105.602358,
                9.362811
              ],
              [
                105.60238,
                9.362901
              ],
              [
                105.602609,
                9.362868
              ],
              [
                105.602723,
                9.362832
              ],
              [
                105.602819,
                9.362724
              ],
              [
                105.602848,
                9.362689
              ],
              [
                105.602999,
                9.362508
              ],
              [
                105.603114,
                9.362436
              ],
              [
                105.603433,
                9.362358
              ],
              [
                105.603837,
                9.362375
              ],
              [
                105.604096,
                9.362357
              ],
              [
                105.60429,
                9.362317
              ],
              [
                105.604357,
                9.362279
              ],
              [
                105.604387,
                9.362304
              ],
              [
                105.604393,
                9.362309
              ],
              [
                105.60452,
                9.362417
              ],
              [
                105.60471,
                9.362577
              ],
              [
                105.604789,
                9.362644
              ],
              [
                105.60506,
                9.362873
              ],
              [
                105.605158,
                9.362956
              ],
              [
                105.605351,
                9.363119
              ],
              [
                105.605401,
                9.363161
              ],
              [
                105.605418,
                9.363175
              ],
              [
                105.605466,
                9.363216
              ],
              [
                105.605506,
                9.36325
              ],
              [
                105.605777,
                9.36348
              ],
              [
                105.60584,
                9.363533
              ],
              [
                105.605851,
                9.363543
              ],
              [
                105.606065,
                9.363723
              ],
              [
                105.606245,
                9.363876
              ],
              [
                105.60626,
                9.363888
              ],
              [
                105.606416,
                9.36402
              ],
              [
                105.606519,
                9.364107
              ],
              [
                105.606573,
                9.364152
              ],
              [
                105.606627,
                9.364194
              ],
              [
                105.606665,
                9.364221
              ],
              [
                105.606685,
                9.364232
              ],
              [
                105.606701,
                9.364242
              ],
              [
                105.606723,
                9.364261
              ],
              [
                105.60673,
                9.364267
              ],
              [
                105.606736,
                9.364267
              ],
              [
                105.606762,
                9.364267
              ],
              [
                105.606783,
                9.364255
              ],
              [
                105.606793,
                9.364241
              ],
              [
                105.606798,
                9.364215
              ],
              [
                105.606799,
                9.364134
              ],
              [
                105.606797,
                9.364116
              ],
              [
                105.606796,
                9.3641
              ],
              [
                105.606795,
                9.364086
              ],
              [
                105.606794,
                9.364075
              ],
              [
                105.606794,
                9.364075
              ],
              [
                105.606794,
                9.364068
              ],
              [
                105.606794,
                9.36406
              ],
              [
                105.606792,
                9.364049
              ],
              [
                105.606789,
                9.364026
              ],
              [
                105.606783,
                9.363993
              ],
              [
                105.606774,
                9.363958
              ],
              [
                105.606763,
                9.363916
              ],
              [
                105.606755,
                9.363887
              ],
              [
                105.60675,
                9.363867
              ],
              [
                105.60674,
                9.363815
              ],
              [
                105.606733,
                9.363761
              ],
              [
                105.606731,
                9.363733
              ],
              [
                105.60673,
                9.363706
              ],
              [
                105.606728,
                9.363664
              ],
              [
                105.606728,
                9.363651
              ],
              [
                105.606727,
                9.363605
              ],
              [
                105.606731,
                9.363566
              ],
              [
                105.606739,
                9.363528
              ],
              [
                105.606746,
                9.363493
              ],
              [
                105.606754,
                9.363454
              ],
              [
                105.606766,
                9.363405
              ],
              [
                105.606786,
                9.363341
              ],
              [
                105.60682,
                9.363253
              ],
              [
                105.606862,
                9.363151
              ],
              [
                105.606902,
                9.363057
              ],
              [
                105.606906,
                9.363047
              ],
              [
                105.606946,
                9.362956
              ],
              [
                105.606979,
                9.362888
              ],
              [
                105.607007,
                9.362834
              ],
              [
                105.607035,
                9.362782
              ],
              [
                105.607065,
                9.362727
              ],
              [
                105.607098,
                9.362666
              ],
              [
                105.607133,
                9.362601
              ],
              [
                105.607167,
                9.362538
              ],
              [
                105.607194,
                9.362486
              ],
              [
                105.60721,
                9.36245
              ],
              [
                105.607225,
                9.362406
              ],
              [
                105.607226,
                9.362403
              ],
              [
                105.607252,
                9.362314
              ],
              [
                105.607286,
                9.362195
              ],
              [
                105.607319,
                9.362078
              ],
              [
                105.607349,
                9.361961
              ],
              [
                105.607379,
                9.361841
              ],
              [
                105.607401,
                9.361751
              ],
              [
                105.607413,
                9.361703
              ],
              [
                105.607424,
                9.361669
              ],
              [
                105.607442,
                9.361625
              ],
              [
                105.607463,
                9.361576
              ],
              [
                105.607484,
                9.361527
              ],
              [
                105.607503,
                9.361485
              ],
              [
                105.607518,
                9.361459
              ],
              [
                105.607528,
                9.361446
              ],
              [
                105.607537,
                9.361438
              ],
              [
                105.607548,
                9.361429
              ],
              [
                105.607563,
                9.361417
              ],
              [
                105.607582,
                9.361404
              ],
              [
                105.6076,
                9.361391
              ],
              [
                105.607617,
                9.361381
              ],
              [
                105.607632,
                9.361376
              ],
              [
                105.607644,
                9.361373
              ],
              [
                105.607655,
                9.361372
              ],
              [
                105.607673,
                9.361369
              ],
              [
                105.607705,
                9.361365
              ],
              [
                105.607744,
                9.361361
              ],
              [
                105.607786,
                9.361356
              ],
              [
                105.607827,
                9.361354
              ],
              [
                105.607875,
                9.361356
              ],
              [
                105.607943,
                9.361361
              ],
              [
                105.608003,
                9.361365
              ],
              [
                105.60804,
                9.361368
              ],
              [
                105.608152,
                9.361375
              ],
              [
                105.608264,
                9.361382
              ],
              [
                105.608364,
                9.361387
              ],
              [
                105.608451,
                9.36139
              ],
              [
                105.608533,
                9.361392
              ],
              [
                105.608612,
                9.361393
              ],
              [
                105.60868,
                9.361391
              ],
              [
                105.608732,
                9.361386
              ],
              [
                105.608773,
                9.361379
              ],
              [
                105.608813,
                9.361371
              ],
              [
                105.608835,
                9.361366
              ],
              [
                105.608858,
                9.361361
              ],
              [
                105.60891,
                9.361351
              ],
              [
                105.608964,
                9.361339
              ],
              [
                105.609019,
                9.361327
              ],
              [
                105.609081,
                9.361311
              ],
              [
                105.609151,
                9.361287
              ],
              [
                105.609226,
                9.36126
              ],
              [
                105.609305,
                9.36123
              ],
              [
                105.609393,
                9.361197
              ],
              [
                105.609492,
                9.36116
              ],
              [
                105.609599,
                9.361119
              ],
              [
                105.609643,
                9.361102
              ],
              [
                105.609714,
                9.361074
              ],
              [
                105.609868,
                9.361008
              ],
              [
                105.609958,
                9.360966
              ],
              [
                105.610093,
                9.360902
              ],
              [
                105.610183,
                9.360859
              ],
              [
                105.610366,
                9.36077
              ],
              [
                105.610641,
                9.360637
              ],
              [
                105.61087,
                9.360526
              ],
              [
                105.61101,
                9.360458
              ],
              [
                105.611087,
                9.360422
              ],
              [
                105.611134,
                9.360402
              ],
              [
                105.611139,
                9.3604
              ],
              [
                105.611182,
                9.360383
              ],
              [
                105.611224,
                9.360367
              ],
              [
                105.611264,
                9.360354
              ],
              [
                105.611299,
                9.360345
              ],
              [
                105.611328,
                9.360341
              ],
              [
                105.611345,
                9.360338
              ],
              [
                105.611393,
                9.360331
              ],
              [
                105.611458,
                9.360349
              ],
              [
                105.611487,
                9.360357
              ],
              [
                105.611542,
                9.360372
              ],
              [
                105.611657,
                9.360408
              ],
              [
                105.611868,
                9.360474
              ],
              [
                105.611961,
                9.360504
              ],
              [
                105.612049,
                9.360532
              ],
              [
                105.612138,
                9.36056
              ],
              [
                105.612407,
                9.360646
              ],
              [
                105.612619,
                9.360713
              ],
              [
                105.612738,
                9.360749
              ],
              [
                105.612805,
                9.360768
              ],
              [
                105.612869,
                9.360786
              ],
              [
                105.612935,
                9.360804
              ],
              [
                105.612974,
                9.360814
              ],
              [
                105.613141,
                9.36086
              ],
              [
                105.613342,
                9.360915
              ],
              [
                105.613542,
                9.36097
              ],
              [
                105.613586,
                9.360983
              ],
              [
                105.6137,
                9.361017
              ],
              [
                105.613794,
                9.361053
              ],
              [
                105.61385,
                9.361081
              ],
              [
                105.613899,
                9.36111
              ],
              [
                105.613955,
                9.361144
              ],
              [
                105.614023,
                9.36119
              ],
              [
                105.614099,
                9.361242
              ],
              [
                105.614176,
                9.361294
              ],
              [
                105.614247,
                9.361339
              ],
              [
                105.614307,
                9.361373
              ],
              [
                105.614359,
                9.3614
              ],
              [
                105.614412,
                9.361425
              ],
              [
                105.614414,
                9.361426
              ],
              [
                105.614475,
                9.361449
              ],
              [
                105.614555,
                9.361473
              ],
              [
                105.614644,
                9.361496
              ],
              [
                105.614739,
                9.36152
              ],
              [
                105.614745,
                9.361521
              ],
              [
                105.614889,
                9.36156
              ],
              [
                105.615106,
                9.361622
              ],
              [
                105.615306,
                9.36168
              ],
              [
                105.615366,
                9.361698
              ],
              [
                105.615637,
                9.361778
              ],
              [
                105.615912,
                9.361869
              ],
              [
                105.616193,
                9.361976
              ],
              [
                105.616367,
                9.362047
              ],
              [
                105.616477,
                9.362093
              ],
              [
                105.616498,
                9.362101
              ],
              [
                105.616747,
                9.362205
              ],
              [
                105.616865,
                9.362254
              ],
              [
                105.616951,
                9.36229
              ],
              [
                105.617047,
                9.362329
              ],
              [
                105.6171,
                9.362349
              ],
              [
                105.617185,
                9.362378
              ],
              [
                105.617298,
                9.362416
              ],
              [
                105.617361,
                9.362438
              ],
              [
                105.617387,
                9.362446
              ],
              [
                105.617404,
                9.362452
              ],
              [
                105.617503,
                9.362486
              ],
              [
                105.617608,
                9.362521
              ],
              [
                105.6177,
                9.362549
              ],
              [
                105.617783,
                9.362571
              ],
              [
                105.617864,
                9.36259
              ],
              [
                105.617943,
                9.362608
              ],
              [
                105.618013,
                9.362622
              ],
              [
                105.618064,
                9.362628
              ],
              [
                105.618099,
                9.362629
              ],
              [
                105.61812,
                9.362629
              ],
              [
                105.618174,
                9.362629
              ],
              [
                105.618212,
                9.362617
              ],
              [
                105.618238,
                9.362609
              ],
              [
                105.618263,
                9.362602
              ],
              [
                105.618302,
                9.36259
              ],
              [
                105.618329,
                9.362561
              ],
              [
                105.618347,
                9.362542
              ],
              [
                105.618365,
                9.362522
              ],
              [
                105.618392,
                9.362493
              ],
              [
                105.61842,
                9.362434
              ],
              [
                105.618448,
                9.362376
              ],
              [
                105.618476,
                9.362317
              ],
              [
                105.61849,
                9.362288
              ],
              [
                105.618504,
                9.36226
              ],
              [
                105.618539,
                9.362206
              ],
              [
                105.618558,
                9.362177
              ],
              [
                105.61857,
                9.362159
              ],
              [
                105.618602,
                9.362112
              ],
              [
                105.618622,
                9.362081
              ],
              [
                105.618637,
                9.362058
              ],
              [
                105.618702,
                9.362007
              ],
              [
                105.618729,
                9.361986
              ],
              [
                105.618768,
                9.361955
              ],
              [
                105.618812,
                9.361925
              ],
              [
                105.618856,
                9.3619
              ],
              [
                105.618875,
                9.361891
              ],
              [
                105.618904,
                9.361878
              ],
              [
                105.618952,
                9.361857
              ],
              [
                105.619001,
                9.361835
              ],
              [
                105.619045,
                9.361815
              ],
              [
                105.619082,
                9.361799
              ],
              [
                105.619117,
                9.361784
              ],
              [
                105.619147,
                9.361772
              ],
              [
                105.619177,
                9.361762
              ],
              [
                105.619207,
                9.361754
              ],
              [
                105.619232,
                9.361747
              ],
              [
                105.619237,
                9.361746
              ],
              [
                105.619266,
                9.361738
              ],
              [
                105.619291,
                9.361731
              ],
              [
                105.619313,
                9.361725
              ],
              [
                105.61932,
                9.361723
              ],
              [
                105.619327,
                9.361721
              ],
              [
                105.619333,
                9.36172
              ],
              [
                105.61935,
                9.361715
              ],
              [
                105.619371,
                9.361712
              ],
              [
                105.61944,
                9.361708
              ],
              [
                105.619597,
                9.361699
              ],
              [
                105.619808,
                9.361687
              ],
              [
                105.619823,
                9.361686
              ],
              [
                105.620018,
                9.361675
              ],
              [
                105.620178,
                9.361666
              ],
              [
                105.620254,
                9.361662
              ],
              [
                105.620268,
                9.361662
              ],
              [
                105.620294,
                9.361661
              ],
              [
                105.620351,
                9.361661
              ],
              [
                105.620422,
                9.361662
              ],
              [
                105.620498,
                9.361663
              ],
              [
                105.620579,
                9.361666
              ],
              [
                105.620666,
                9.361671
              ],
              [
                105.620756,
                9.361678
              ],
              [
                105.620849,
                9.361685
              ],
              [
                105.620892,
                9.361688
              ],
              [
                105.620948,
                9.361692
              ],
              [
                105.621026,
                9.361698
              ],
              [
                105.621057,
                9.361701
              ],
              [
                105.621173,
                9.361709
              ],
              [
                105.621207,
                9.361712
              ],
              [
                105.621213,
                9.361712
              ],
              [
                105.621287,
                9.361717
              ],
              [
                105.62139,
                9.361722
              ],
              [
                105.621472,
                9.361722
              ],
              [
                105.621542,
                9.361719
              ],
              [
                105.621612,
                9.361716
              ],
              [
                105.621691,
                9.361714
              ],
              [
                105.621788,
                9.361713
              ],
              [
                105.621896,
                9.361714
              ],
              [
                105.622005,
                9.361715
              ],
              [
                105.62211,
                9.361721
              ],
              [
                105.622208,
                9.361735
              ],
              [
                105.622298,
                9.361752
              ],
              [
                105.622302,
                9.361752
              ],
              [
                105.622396,
                9.361771
              ],
              [
                105.622444,
                9.361779
              ],
              [
                105.622495,
                9.361788
              ],
              [
                105.622605,
                9.361804
              ],
              [
                105.62272,
                9.361819
              ],
              [
                105.62283,
                9.361833
              ],
              [
                105.622914,
                9.361843
              ],
              [
                105.62293,
                9.361846
              ],
              [
                105.622959,
                9.36185
              ],
              [
                105.622997,
                9.361862
              ],
              [
                105.623061,
                9.361885
              ],
              [
                105.623138,
                9.361914
              ],
              [
                105.623192,
                9.361934
              ],
              [
                105.623321,
                9.361982
              ],
              [
                105.623447,
                9.362081
              ],
              [
                105.623503,
                9.362124
              ],
              [
                105.623584,
                9.362188
              ],
              [
                105.623666,
                9.362255
              ],
              [
                105.623742,
                9.362322
              ],
              [
                105.623814,
                9.362388
              ],
              [
                105.623881,
                9.362451
              ],
              [
                105.623932,
                9.362497
              ],
              [
                105.623954,
                9.362518
              ],
              [
                105.623959,
                9.362523
              ],
              [
                105.623963,
                9.362527
              ],
              [
                105.623975,
                9.362541
              ],
              [
                105.623986,
                9.362553
              ],
              [
                105.624001,
                9.362571
              ],
              [
                105.624145,
                9.362725
              ],
              [
                105.624153,
                9.362734
              ],
              [
                105.624168,
                9.362747
              ],
              [
                105.624221,
                9.362797
              ],
              [
                105.624227,
                9.362803
              ],
              [
                105.624268,
                9.362759
              ],
              [
                105.624334,
                9.362691
              ],
              [
                105.624365,
                9.362663
              ],
              [
                105.624383,
                9.362644
              ],
              [
                105.6244,
                9.362626
              ],
              [
                105.624429,
                9.362596
              ],
              [
                105.624508,
                9.362511
              ],
              [
                105.624672,
                9.362329
              ],
              [
                105.624803,
                9.362182
              ],
              [
                105.624877,
                9.362099
              ],
              [
                105.625053,
                9.361899
              ],
              [
                105.625222,
                9.361707
              ],
              [
                105.625399,
                9.361508
              ],
              [
                105.625462,
                9.361438
              ],
              [
                105.625525,
                9.361368
              ],
              [
                105.625596,
                9.36129
              ],
              [
                105.62564,
                9.361239
              ],
              [
                105.625669,
                9.361205
              ],
              [
                105.62569,
                9.361184
              ],
              [
                105.625711,
                9.361166
              ],
              [
                105.62574,
                9.361141
              ],
              [
                105.62579,
                9.361093
              ],
              [
                105.625892,
                9.360978
              ],
              [
                105.625931,
                9.360933
              ],
              [
                105.626037,
                9.36081
              ],
              [
                105.626054,
                9.36079
              ],
              [
                105.626093,
                9.360745
              ],
              [
                105.626141,
                9.360689
              ],
              [
                105.626145,
                9.360685
              ],
              [
                105.62615,
                9.360678
              ],
              [
                105.626193,
                9.360628
              ],
              [
                105.62623,
                9.360582
              ],
              [
                105.62628,
                9.360519
              ],
              [
                105.626297,
                9.360494
              ],
              [
                105.626314,
                9.36047
              ],
              [
                105.626338,
                9.360443
              ],
              [
                105.626455,
                9.360312
              ],
              [
                105.626777,
                9.359905
              ],
              [
                105.626777,
                9.359905
              ],
              [
                105.626779,
                9.359902
              ],
              [
                105.626991,
                9.359674
              ],
              [
                105.627115,
                9.359541
              ],
              [
                105.627629,
                9.358989
              ],
              [
                105.627811,
                9.358793
              ],
              [
                105.627819,
                9.358785
              ],
              [
                105.627873,
                9.358725
              ],
              [
                105.628069,
                9.35851
              ],
              [
                105.628528,
                9.358007
              ],
              [
                105.628858,
                9.357645
              ],
              [
                105.628902,
                9.357596
              ],
              [
                105.62993,
                9.356451
              ],
              [
                105.63016,
                9.356192
              ],
              [
                105.631058,
                9.355182
              ],
              [
                105.63106,
                9.35518
              ],
              [
                105.632089,
                9.354014
              ],
              [
                105.632456,
                9.3536
              ],
              [
                105.633502,
                9.352436
              ],
              [
                105.634187,
                9.351673
              ],
              [
                105.634429,
                9.351405
              ],
              [
                105.635665,
                9.350009
              ],
              [
                105.635785,
                9.349874
              ],
              [
                105.636682,
                9.348853
              ],
              [
                105.637628,
                9.347775
              ],
              [
                105.637858,
                9.347514
              ],
              [
                105.638386,
                9.346933
              ],
              [
                105.638738,
                9.346546
              ],
              [
                105.639138,
                9.346106
              ],
              [
                105.639258,
                9.345972
              ],
              [
                105.640964,
                9.344071
              ],
              [
                105.641437,
                9.343544
              ],
              [
                105.642191,
                9.342735
              ],
              [
                105.652735,
                9.330875
              ],
              [
                105.653035,
                9.330534
              ],
              [
                105.653515,
                9.329987
              ],
              [
                105.653249,
                9.329758
              ],
              [
                105.652254,
                9.32902
              ],
              [
                105.65037,
                9.327654
              ],
              [
                105.648806,
                9.326482
              ],
              [
                105.647651,
                9.325626
              ],
              [
                105.644828,
                9.323536
              ],
              [
                105.6425,
                9.321808
              ],
              [
                105.639955,
                9.31994
              ],
              [
                105.639719,
                9.319698
              ],
              [
                105.639664,
                9.319698
              ],
              [
                105.639613,
                9.319666
              ],
              [
                105.639607,
                9.319663
              ],
              [
                105.639367,
                9.319484
              ],
              [
                105.638861,
                9.319092
              ],
              [
                105.6379,
                9.318385
              ],
              [
                105.637092,
                9.317797
              ],
              [
                105.636756,
                9.317553
              ],
              [
                105.635861,
                9.316868
              ],
              [
                105.631945,
                9.313913
              ],
              [
                105.631831,
                9.313827
              ],
              [
                105.631621,
                9.313674
              ],
              [
                105.630706,
                9.312987
              ],
              [
                105.629012,
                9.311716
              ],
              [
                105.628697,
                9.311484
              ],
              [
                105.627142,
                9.310315
              ],
              [
                105.62689,
                9.310125
              ],
              [
                105.626776,
                9.310038
              ],
              [
                105.626219,
                9.309618
              ],
              [
                105.626071,
                9.309506
              ],
              [
                105.625856,
                9.309343
              ],
              [
                105.625813,
                9.30931
              ],
              [
                105.625511,
                9.309084
              ],
              [
                105.625304,
                9.308931
              ],
              [
                105.625181,
                9.30884
              ],
              [
                105.624838,
                9.308584
              ],
              [
                105.624596,
                9.308399
              ],
              [
                105.624465,
                9.308299
              ],
              [
                105.624045,
                9.307966
              ],
              [
                105.623806,
                9.307773
              ],
              [
                105.623596,
                9.307604
              ],
              [
                105.623592,
                9.307601
              ],
              [
                105.623392,
                9.307439
              ],
              [
                105.623248,
                9.307323
              ],
              [
                105.623145,
                9.307239
              ],
              [
                105.622906,
                9.307048
              ],
              [
                105.622714,
                9.306893
              ],
              [
                105.622318,
                9.306579
              ],
              [
                105.622257,
                9.306531
              ],
              [
                105.621949,
                9.306289
              ],
              [
                105.621945,
                9.306286
              ],
              [
                105.621719,
                9.306108
              ],
              [
                105.621594,
                9.306011
              ],
              [
                105.621327,
                9.305801
              ],
              [
                105.621197,
                9.305699
              ],
              [
                105.621148,
                9.305661
              ],
              [
                105.621108,
                9.305629
              ],
              [
                105.621016,
                9.305556
              ],
              [
                105.62094,
                9.305496
              ],
              [
                105.620822,
                9.305403
              ],
              [
                105.620564,
                9.305198
              ],
              [
                105.620414,
                9.305079
              ],
              [
                105.620392,
                9.305062
              ],
              [
                105.620327,
                9.30501
              ],
              [
                105.620104,
                9.304834
              ],
              [
                105.61986,
                9.30464
              ],
              [
                105.61972,
                9.30453
              ],
              [
                105.619592,
                9.304429
              ],
              [
                105.61926,
                9.304169
              ],
              [
                105.618919,
                9.303903
              ],
              [
                105.618874,
                9.303867
              ],
              [
                105.618477,
                9.303556
              ],
              [
                105.618146,
                9.303296
              ],
              [
                105.618084,
                9.303247
              ],
              [
                105.617707,
                9.302948
              ],
              [
                105.617699,
                9.302942
              ],
              [
                105.617693,
                9.302937
              ],
              [
                105.617322,
                9.302641
              ],
              [
                105.61701,
                9.302392
              ],
              [
                105.616963,
                9.302355
              ],
              [
                105.616682,
                9.302131
              ],
              [
                105.616671,
                9.302122
              ],
              [
                105.616531,
                9.30201
              ],
              [
                105.616458,
                9.301952
              ],
              [
                105.616387,
                9.301895
              ],
              [
                105.616244,
                9.301783
              ],
              [
                105.615982,
                9.301576
              ],
              [
                105.615807,
                9.301438
              ],
              [
                105.615648,
                9.301313
              ],
              [
                105.615612,
                9.301285
              ],
              [
                105.615584,
                9.301263
              ],
              [
                105.615296,
                9.301036
              ],
              [
                105.614935,
                9.30075
              ],
              [
                105.614604,
                9.300484
              ],
              [
                105.614554,
                9.300444
              ],
              [
                105.614159,
                9.300125
              ],
              [
                105.614155,
                9.300122
              ],
              [
                105.613876,
                9.299896
              ],
              [
                105.613771,
                9.299812
              ],
              [
                105.613462,
                9.299562
              ],
              [
                105.613426,
                9.299533
              ],
              [
                105.613399,
                9.299511
              ],
              [
                105.613291,
                9.299424
              ],
              [
                105.61322,
                9.299366
              ],
              [
                105.61319,
                9.299342
              ],
              [
                105.613175,
                9.29933
              ],
              [
                105.613161,
                9.299319
              ],
              [
                105.613148,
                9.299308
              ],
              [
                105.613136,
                9.299298
              ],
              [
                105.613057,
                9.299239
              ],
              [
                105.612881,
                9.299096
              ],
              [
                105.61288,
                9.299095
              ],
              [
                105.612839,
                9.29914
              ],
              [
                105.612789,
                9.29919
              ],
              [
                105.612756,
                9.299223
              ],
              [
                105.612729,
                9.299253
              ],
              [
                105.612686,
                9.299308
              ],
              [
                105.612594,
                9.29943
              ],
              [
                105.612443,
                9.299638
              ],
              [
                105.612291,
                9.299854
              ],
              [
                105.612176,
                9.30002
              ],
              [
                105.612068,
                9.300177
              ],
              [
                105.611944,
                9.300354
              ],
              [
                105.611815,
                9.300533
              ],
              [
                105.611637,
                9.300774
              ],
              [
                105.611622,
                9.300795
              ],
              [
                105.611122,
                9.300349
              ],
              [
                105.610977,
                9.300206
              ],
              [
                105.610912,
                9.30016
              ],
              [
                105.610852,
                9.300133
              ],
              [
                105.610772,
                9.300118
              ],
              [
                105.610632,
                9.300094
              ],
              [
                105.610256,
                9.300056
              ],
              [
                105.609952,
                9.30003
              ],
              [
                105.609966,
                9.299945
              ],
              [
                105.609955,
                9.299718
              ],
              [
                105.609941,
                9.29967
              ],
              [
                105.609614,
                9.299322
              ],
              [
                105.609469,
                9.299164
              ],
              [
                105.60928,
                9.298934
              ],
              [
                105.609218,
                9.298851
              ],
              [
                105.609153,
                9.298724
              ],
              [
                105.609119,
                9.298623
              ],
              [
                105.609089,
                9.298419
              ],
              [
                105.609048,
                9.298068
              ],
              [
                105.609032,
                9.297948
              ],
              [
                105.608998,
                9.297765
              ],
              [
                105.608878,
                9.297066
              ],
              [
                105.608838,
                9.296925
              ],
              [
                105.608839,
                9.296925
              ],
              [
                105.60885,
                9.296916
              ],
              [
                105.60886,
                9.296908
              ],
              [
                105.608877,
                9.296892
              ],
              [
                105.608891,
                9.296878
              ],
              [
                105.608903,
                9.296863
              ],
              [
                105.608913,
                9.296847
              ],
              [
                105.608921,
                9.296832
              ],
              [
                105.608929,
                9.296813
              ],
              [
                105.608939,
                9.296787
              ],
              [
                105.608944,
                9.29677
              ],
              [
                105.608948,
                9.296756
              ],
              [
                105.608957,
                9.296725
              ],
              [
                105.608965,
                9.296697
              ],
              [
                105.608971,
                9.296671
              ],
              [
                105.608978,
                9.296644
              ],
              [
                105.608984,
                9.29662
              ],
              [
                105.608987,
                9.296606
              ],
              [
                105.608999,
                9.296555
              ],
              [
                105.609015,
                9.296496
              ],
              [
                105.609033,
                9.296436
              ],
              [
                105.60905,
                9.296378
              ],
              [
                105.609066,
                9.296329
              ],
              [
                105.609083,
                9.296287
              ],
              [
                105.609102,
                9.296244
              ],
              [
                105.60912,
                9.296204
              ],
              [
                105.609122,
                9.2962
              ],
              [
                105.609139,
                9.296164
              ],
              [
                105.60916,
                9.296119
              ],
              [
                105.609184,
                9.296072
              ],
              [
                105.609211,
                9.296021
              ],
              [
                105.60924,
                9.295969
              ],
              [
                105.60927,
                9.295917
              ],
              [
                105.609295,
                9.295868
              ],
              [
                105.609314,
                9.295827
              ],
              [
                105.609327,
                9.295796
              ],
              [
                105.609331,
                9.295786
              ],
              [
                105.609355,
                9.295727
              ],
              [
                105.609357,
                9.295724
              ],
              [
                105.60939,
                9.295644
              ],
              [
                105.609415,
                9.295579
              ],
              [
                105.609435,
                9.29553
              ],
              [
                105.609461,
                9.295467
              ],
              [
                105.609495,
                9.295391
              ],
              [
                105.609523,
                9.295332
              ],
              [
                105.609544,
                9.29529
              ],
              [
                105.609564,
                9.295249
              ],
              [
                105.609586,
                9.295206
              ],
              [
                105.609607,
                9.295163
              ],
              [
                105.609626,
                9.295124
              ],
              [
                105.609644,
                9.295088
              ],
              [
                105.609659,
                9.295054
              ],
              [
                105.609676,
                9.29502
              ],
              [
                105.609695,
                9.29498
              ],
              [
                105.609718,
                9.294931
              ],
              [
                105.609735,
                9.294895
              ],
              [
                105.609744,
                9.294878
              ],
              [
                105.609771,
                9.29482
              ],
              [
                105.609804,
                9.294752
              ],
              [
                105.609846,
                9.294665
              ],
              [
                105.609866,
                9.294624
              ],
              [
                105.609893,
                9.294567
              ],
              [
                105.609939,
                9.294471
              ],
              [
                105.609944,
                9.294462
              ],
              [
                105.609975,
                9.294398
              ],
              [
                105.609993,
                9.294361
              ],
              [
                105.610002,
                9.294342
              ],
              [
                105.610011,
                9.294325
              ],
              [
                105.610017,
                9.294312
              ],
              [
                105.610017,
                9.294312
              ],
              [
                105.610024,
                9.294298
              ],
              [
                105.610031,
                9.294282
              ],
              [
                105.610036,
                9.294267
              ],
              [
                105.610043,
                9.294251
              ],
              [
                105.610054,
                9.294232
              ],
              [
                105.610066,
                9.294216
              ],
              [
                105.610069,
                9.294213
              ],
              [
                105.610078,
                9.294202
              ],
              [
                105.610001,
                9.294173
              ],
              [
                105.609811,
                9.294092
              ],
              [
                105.609761,
                9.294075
              ],
              [
                105.609684,
                9.29405
              ],
              [
                105.609592,
                9.29402
              ],
              [
                105.609498,
                9.29399
              ],
              [
                105.609415,
                9.293964
              ],
              [
                105.609352,
                9.293946
              ],
              [
                105.6093,
                9.293932
              ],
              [
                105.609275,
                9.293926
              ],
              [
                105.609252,
                9.293919
              ],
              [
                105.609201,
                9.293907
              ],
              [
                105.609148,
                9.293894
              ],
              [
                105.609093,
                9.293882
              ],
              [
                105.609039,
                9.293869
              ],
              [
                105.608989,
                9.293858
              ],
              [
                105.608943,
                9.29385
              ],
              [
                105.608903,
                9.293843
              ],
              [
                105.608863,
                9.293837
              ],
              [
                105.608825,
                9.293833
              ],
              [
                105.608791,
                9.293831
              ],
              [
                105.60876,
                9.29383
              ],
              [
                105.60873,
                9.293831
              ],
              [
                105.608701,
                9.293831
              ],
              [
                105.608675,
                9.293832
              ],
              [
                105.608649,
                9.293832
              ],
              [
                105.608623,
                9.293833
              ],
              [
                105.608597,
                9.293833
              ],
              [
                105.608571,
                9.293832
              ],
              [
                105.608546,
                9.293831
              ],
              [
                105.60852,
                9.293829
              ],
              [
                105.608492,
                9.293827
              ],
              [
                105.608462,
                9.293826
              ],
              [
                105.60843,
                9.293824
              ],
              [
                105.608399,
                9.293822
              ],
              [
                105.608371,
                9.293821
              ],
              [
                105.608362,
                9.29382
              ],
              [
                105.608351,
                9.293819
              ],
              [
                105.608334,
                9.293818
              ],
              [
                105.608316,
                9.293817
              ],
              [
                105.608289,
                9.293812
              ],
              [
                105.608265,
                9.293806
              ],
              [
                105.608253,
                9.293803
              ],
              [
                105.608249,
                9.293802
              ],
              [
                105.608201,
                9.29379
              ],
              [
                105.608151,
                9.293777
              ],
              [
                105.608097,
                9.293762
              ],
              [
                105.608038,
                9.293745
              ],
              [
                105.607976,
                9.293726
              ],
              [
                105.607951,
                9.293718
              ],
              [
                105.607913,
                9.293707
              ],
              [
                105.607852,
                9.293688
              ],
              [
                105.607852,
                9.293688
              ],
              [
                105.607796,
                9.29367
              ],
              [
                105.607743,
                9.293652
              ],
              [
                105.60769,
                9.293635
              ],
              [
                105.607678,
                9.29363
              ],
              [
                105.607637,
                9.293616
              ],
              [
                105.607586,
                9.293597
              ],
              [
                105.607548,
                9.293584
              ],
              [
                105.607535,
                9.293578
              ],
              [
                105.607484,
                9.293559
              ],
              [
                105.607436,
                9.293541
              ],
              [
                105.607391,
                9.293524
              ],
              [
                105.607348,
                9.293507
              ],
              [
                105.607305,
                9.29349
              ],
              [
                105.607265,
                9.293472
              ],
              [
                105.607261,
                9.29347
              ],
              [
                105.607252,
                9.293465
              ],
              [
                105.60723,
                9.293453
              ],
              [
                105.607204,
                9.293437
              ],
              [
                105.607201,
                9.293436
              ],
              [
                105.607183,
                9.293424
              ],
              [
                105.607137,
                9.293395
              ],
              [
                105.607102,
                9.293354
              ],
              [
                105.607086,
                9.293337
              ],
              [
                105.607063,
                9.29331
              ],
              [
                105.607034,
                9.293278
              ],
              [
                105.606999,
                9.293238
              ],
              [
                105.606959,
                9.293194
              ],
              [
                105.606919,
                9.293149
              ],
              [
                105.606893,
                9.293121
              ],
              [
                105.606878,
                9.293105
              ],
              [
                105.606874,
                9.293102
              ],
              [
                105.606837,
                9.293064
              ],
              [
                105.606796,
                9.293025
              ],
              [
                105.606756,
                9.292987
              ],
              [
                105.606716,
                9.292952
              ],
              [
                105.606679,
                9.292921
              ],
              [
                105.606644,
                9.292895
              ],
              [
                105.60661,
                9.29287
              ],
              [
                105.606575,
                9.292847
              ],
              [
                105.606541,
                9.292827
              ],
              [
                105.606541,
                9.292827
              ],
              [
                105.606529,
                9.292821
              ],
              [
                105.606508,
                9.29281
              ],
              [
                105.606474,
                9.292794
              ],
              [
                105.606439,
                9.292778
              ],
              [
                105.606402,
                9.292762
              ],
              [
                105.606366,
                9.292748
              ],
              [
                105.606365,
                9.292747
              ],
              [
                105.60633,
                9.292734
              ],
              [
                105.606299,
                9.292722
              ],
              [
                105.606277,
                9.292715
              ],
              [
                105.606263,
                9.292712
              ],
              [
                105.606259,
                9.29271
              ],
              [
                105.606244,
                9.292707
              ],
              [
                105.606242,
                9.292706
              ],
              [
                105.606229,
                9.292703
              ],
              [
                105.606211,
                9.292699
              ],
              [
                105.606187,
                9.292695
              ],
              [
                105.606155,
                9.292691
              ],
              [
                105.606131,
                9.292689
              ],
              [
                105.606117,
                9.292688
              ],
              [
                105.606086,
                9.292685
              ],
              [
                105.606079,
                9.292684
              ],
              [
                105.606074,
                9.292678
              ],
              [
                105.605995,
                9.292535
              ],
              [
                105.605893,
                9.292402
              ],
              [
                105.605785,
                9.292266
              ],
              [
                105.605672,
                9.292162
              ],
              [
                105.605535,
                9.29209
              ],
              [
                105.60528,
                9.292018
              ],
              [
                105.605083,
                9.291973
              ],
              [
                105.604984,
                9.291946
              ],
              [
                105.604949,
                9.291935
              ],
              [
                105.604928,
                9.291923
              ],
              [
                105.604917,
                9.291905
              ],
              [
                105.604906,
                9.291858
              ],
              [
                105.604908,
                9.291814
              ],
              [
                105.604926,
                9.291785
              ],
              [
                105.604949,
                9.291768
              ],
              [
                105.605036,
                9.291739
              ],
              [
                105.605162,
                9.291714
              ],
              [
                105.605477,
                9.291658
              ],
              [
                105.605715,
                9.291587
              ],
              [
                105.605806,
                9.291554
              ],
              [
                105.605904,
                9.291505
              ],
              [
                105.605964,
                9.291465
              ],
              [
                105.606039,
                9.29139
              ],
              [
                105.606128,
                9.291266
              ],
              [
                105.606185,
                9.291149
              ],
              [
                105.606271,
                9.290917
              ],
              [
                105.606331,
                9.290752
              ],
              [
                105.606388,
                9.290568
              ],
              [
                105.606408,
                9.2905
              ],
              [
                105.606563,
                9.290164
              ],
              [
                105.606605,
                9.290074
              ],
              [
                105.606643,
                9.289972
              ],
              [
                105.606663,
                9.289886
              ],
              [
                105.606683,
                9.289762
              ],
              [
                105.606685,
                9.289659
              ],
              [
                105.606686,
                9.289465
              ],
              [
                105.606678,
                9.289369
              ],
              [
                105.606693,
                9.289052
              ],
              [
                105.606707,
                9.288793
              ],
              [
                105.606711,
                9.288568
              ],
              [
                105.606687,
                9.28842
              ],
              [
                105.60659,
                9.288157
              ],
              [
                105.606334,
                9.287693
              ],
              [
                105.606189,
                9.287469
              ],
              [
                105.606145,
                9.287363
              ],
              [
                105.606139,
                9.287309
              ],
              [
                105.606161,
                9.287252
              ],
              [
                105.606197,
                9.287148
              ],
              [
                105.606222,
                9.286997
              ],
              [
                105.606279,
                9.286706
              ],
              [
                105.606319,
                9.286592
              ],
              [
                105.606395,
                9.28641
              ],
              [
                105.60643,
                9.286343
              ],
              [
                105.606468,
                9.286242
              ],
              [
                105.606492,
                9.286134
              ],
              [
                105.606516,
                9.286057
              ],
              [
                105.606558,
                9.285967
              ],
              [
                105.606669,
                9.285841
              ],
              [
                105.605713,
                9.285095
              ],
              [
                105.605758,
                9.285051
              ],
              [
                105.605801,
                9.285027
              ],
              [
                105.606048,
                9.28491
              ],
              [
                105.606092,
                9.284888
              ],
              [
                105.60607,
                9.284856
              ],
              [
                105.606004,
                9.284729
              ],
              [
                105.605936,
                9.284598
              ],
              [
                105.605718,
                9.283923
              ],
              [
                105.605583,
                9.283378
              ],
              [
                105.605477,
                9.282768
              ],
              [
                105.605474,
                9.28272
              ],
              [
                105.605433,
                9.282176
              ],
              [
                105.605492,
                9.281667
              ],
              [
                105.605511,
                9.281504
              ],
              [
                105.605516,
                9.281476
              ],
              [
                105.605627,
                9.280831
              ],
              [
                105.605629,
                9.280815
              ],
              [
                105.605635,
                9.2807
              ],
              [
                105.605647,
                9.280442
              ],
              [
                105.605626,
                9.280207
              ],
              [
                105.605625,
                9.280187
              ],
              [
                105.605588,
                9.279943
              ],
              [
                105.605602,
                9.279857
              ],
              [
                105.60562,
                9.279821
              ],
              [
                105.6057,
                9.279702
              ],
              [
                105.605737,
                9.279622
              ],
              [
                105.605857,
                9.279426
              ],
              [
                105.60591,
                9.279308
              ],
              [
                105.606035,
                9.279067
              ],
              [
                105.606103,
                9.278915
              ],
              [
                105.606206,
                9.278609
              ],
              [
                105.606247,
                9.278503
              ],
              [
                105.606343,
                9.278352
              ],
              [
                105.606478,
                9.278185
              ],
              [
                105.607814,
                9.277025
              ],
              [
                105.607984,
                9.276878
              ],
              [
                105.608169,
                9.276747
              ],
              [
                105.608241,
                9.276718
              ],
              [
                105.608321,
                9.276726
              ],
              [
                105.608408,
                9.276743
              ],
              [
                105.60852,
                9.276723
              ],
              [
                105.608756,
                9.27662
              ],
              [
                105.608869,
                9.276568
              ],
              [
                105.608944,
                9.276559
              ],
              [
                105.60907,
                9.276553
              ],
              [
                105.609232,
                9.27653
              ],
              [
                105.609411,
                9.27651
              ],
              [
                105.609483,
                9.276504
              ],
              [
                105.609632,
                9.276463
              ],
              [
                105.609803,
                9.276449
              ],
              [
                105.609958,
                9.276451
              ],
              [
                105.610041,
                9.276485
              ],
              [
                105.610042,
                9.276496
              ],
              [
                105.610027,
                9.276563
              ],
              [
                105.610049,
                9.276578
              ],
              [
                105.610142,
                9.276609
              ],
              [
                105.610046,
                9.276863
              ],
              [
                105.61023,
                9.276937
              ],
              [
                105.610379,
                9.2766
              ],
              [
                105.610506,
                9.276534
              ],
              [
                105.610653,
                9.27647
              ],
              [
                105.6108,
                9.276459
              ],
              [
                105.610999,
                9.27645
              ],
              [
                105.611123,
                9.276469
              ],
              [
                105.61123,
                9.276481
              ],
              [
                105.611371,
                9.276492
              ],
              [
                105.611533,
                9.276538
              ],
              [
                105.611771,
                9.276625
              ],
              [
                105.611776,
                9.276627
              ],
              [
                105.611782,
                9.276617
              ],
              [
                105.611826,
                9.276547
              ],
              [
                105.611883,
                9.276457
              ],
              [
                105.612165,
                9.276012
              ],
              [
                105.61218,
                9.275989
              ],
              [
                105.612179,
                9.275989
              ],
              [
                105.612315,
                9.275819
              ],
              [
                105.612329,
                9.275805
              ],
              [
                105.612192,
                9.27577
              ],
              [
                105.612177,
                9.275766
              ],
              [
                105.612055,
                9.275736
              ],
              [
                105.611935,
                9.275706
              ],
              [
                105.611927,
                9.275704
              ],
              [
                105.611766,
                9.275665
              ],
              [
                105.611749,
                9.275661
              ],
              [
                105.611529,
                9.275609
              ],
              [
                105.611369,
                9.275572
              ],
              [
                105.611295,
                9.275556
              ],
              [
                105.611049,
                9.275499
              ],
              [
                105.611044,
                9.275498
              ],
              [
                105.610762,
                9.275433
              ],
              [
                105.610426,
                9.275354
              ],
              [
                105.610088,
                9.275273
              ],
              [
                105.609751,
                9.275192
              ],
              [
                105.609621,
                9.27516
              ],
              [
                105.609416,
                9.27511
              ],
              [
                105.609121,
                9.275036
              ],
              [
                105.608803,
                9.274955
              ],
              [
                105.608381,
                9.274848
              ],
              [
                105.60797,
                9.274746
              ],
              [
                105.607889,
                9.274725
              ],
              [
                105.607382,
                9.274599
              ],
              [
                105.606879,
                9.274471
              ],
              [
                105.606387,
                9.274342
              ],
              [
                105.605905,
                9.274215
              ],
              [
                105.605608,
                9.274136
              ],
              [
                105.605448,
                9.274093
              ],
              [
                105.605077,
                9.273996
              ],
              [
                105.604796,
                9.273924
              ],
              [
                105.604535,
                9.273861
              ],
              [
                105.604295,
                9.273802
              ],
              [
                105.604018,
                9.273734
              ],
              [
                105.604005,
                9.273731
              ],
              [
                105.603651,
                9.273644
              ],
              [
                105.603341,
                9.273569
              ],
              [
                105.603095,
                9.273511
              ],
              [
                105.602841,
                9.27345
              ],
              [
                105.602566,
                9.273383
              ],
              [
                105.602335,
                9.273326
              ],
              [
                105.602097,
                9.273268
              ],
              [
                105.602079,
                9.273263
              ],
              [
                105.601786,
                9.273188
              ],
              [
                105.601468,
                9.273104
              ],
              [
                105.601223,
                9.27304
              ],
              [
                105.601182,
                9.273029
              ],
              [
                105.600917,
                9.27296
              ],
              [
                105.600849,
                9.272943
              ],
              [
                105.600705,
                9.272906
              ],
              [
                105.600563,
                9.27287
              ],
              [
                105.600432,
                9.272835
              ],
              [
                105.600227,
                9.272778
              ],
              [
                105.59996,
                9.272705
              ],
              [
                105.59976,
                9.27265
              ],
              [
                105.599627,
                9.272614
              ],
              [
                105.599417,
                9.272558
              ],
              [
                105.599036,
                9.272454
              ],
              [
                105.598599,
                9.272337
              ],
              [
                105.598247,
                9.272244
              ],
              [
                105.597911,
                9.272155
              ],
              [
                105.597547,
                9.27206
              ],
              [
                105.597246,
                9.271981
              ],
              [
                105.59692,
                9.271896
              ],
              [
                105.596425,
                9.271767
              ],
              [
                105.595827,
                9.271611
              ],
              [
                105.595814,
                9.271607
              ],
              [
                105.595209,
                9.271449
              ],
              [
                105.594743,
                9.271328
              ],
              [
                105.594501,
                9.271265
              ],
              [
                105.594328,
                9.271222
              ],
              [
                105.59405,
                9.271154
              ],
              [
                105.593687,
                9.271064
              ],
              [
                105.593522,
                9.271023
              ],
              [
                105.593312,
                9.270971
              ],
              [
                105.592968,
                9.270884
              ],
              [
                105.592675,
                9.270809
              ],
              [
                105.592376,
                9.270729
              ],
              [
                105.592046,
                9.27064
              ],
              [
                105.591745,
                9.270558
              ],
              [
                105.591445,
                9.270477
              ],
              [
                105.591133,
                9.270391
              ],
              [
                105.590897,
                9.270324
              ],
              [
                105.590741,
                9.27028
              ],
              [
                105.590613,
                9.270243
              ],
              [
                105.590525,
                9.270219
              ],
              [
                105.590483,
                9.270208
              ],
              [
                105.590461,
                9.270203
              ],
              [
                105.590442,
                9.270198
              ],
              [
                105.590418,
                9.270193
              ],
              [
                105.59039,
                9.270189
              ],
              [
                105.59036,
                9.270182
              ],
              [
                105.590329,
                9.270171
              ],
              [
                105.590285,
                9.270155
              ],
              [
                105.590213,
                9.270132
              ],
              [
                105.590122,
                9.270104
              ],
              [
                105.59012,
                9.270103
              ],
              [
                105.590042,
                9.270081
              ],
              [
                105.58999,
                9.270066
              ],
              [
                105.589927,
                9.270046
              ],
              [
                105.589831,
                9.270015
              ],
              [
                105.589741,
                9.269985
              ],
              [
                105.589691,
                9.269968
              ],
              [
                105.589661,
                9.269957
              ],
              [
                105.589625,
                9.269944
              ],
              [
                105.589568,
                9.269924
              ],
              [
                105.589492,
                9.2699
              ],
              [
                105.589417,
                9.269876
              ],
              [
                105.589414,
                9.269875
              ],
              [
                105.589335,
                9.269852
              ],
              [
                105.589234,
                9.269823
              ],
              [
                105.589136,
                9.269794
              ],
              [
                105.589035,
                9.269765
              ],
              [
                105.588915,
                9.269733
              ],
              [
                105.588788,
                9.269702
              ],
              [
                105.588661,
                9.269674
              ],
              [
                105.58866,
                9.269674
              ],
              [
                105.588532,
                9.269645
              ],
              [
                105.588402,
                9.269617
              ],
              [
                105.588274,
                9.269591
              ],
              [
                105.58816,
                9.269568
              ],
              [
                105.588148,
                9.269566
              ],
              [
                105.588023,
                9.269542
              ],
              [
                105.587886,
                9.269516
              ],
              [
                105.587702,
                9.269483
              ],
              [
                105.587484,
                9.269442
              ],
              [
                105.587323,
                9.269413
              ],
              [
                105.587236,
                9.269397
              ],
              [
                105.587148,
                9.269378
              ],
              [
                105.586986,
                9.269341
              ],
              [
                105.586772,
                9.269293
              ],
              [
                105.586618,
                9.269257
              ],
              [
                105.586552,
                9.269241
              ],
              [
                105.586524,
                9.269235
              ],
              [
                105.5865,
                9.269232
              ],
              [
                105.586472,
                9.26923
              ],
              [
                105.58644,
                9.269228
              ],
              [
                105.586396,
                9.269222
              ],
              [
                105.586313,
                9.269206
              ],
              [
                105.586199,
                9.269181
              ],
              [
                105.586116,
                9.269163
              ],
              [
                105.586066,
                9.269151
              ],
              [
                105.585987,
                9.269129
              ],
              [
                105.585839,
                9.269088
              ],
              [
                105.585645,
                9.269034
              ],
              [
                105.585454,
                9.268981
              ],
              [
                105.585305,
                9.26894
              ],
              [
                105.585225,
                9.268919
              ],
              [
                105.585187,
                9.268911
              ],
              [
                105.585155,
                9.268905
              ],
              [
                105.58512,
                9.268899
              ],
              [
                105.585072,
                9.268888
              ],
              [
                105.584987,
                9.268866
              ],
              [
                105.58486,
                9.268832
              ],
              [
                105.584724,
                9.268794
              ],
              [
                105.584529,
                9.268738
              ],
              [
                105.584199,
                9.268646
              ],
              [
                105.583828,
                9.268546
              ],
              [
                105.583774,
                9.268531
              ],
              [
                105.583333,
                9.268413
              ],
              [
                105.582922,
                9.268306
              ],
              [
                105.582614,
                9.26823
              ],
              [
                105.582428,
                9.268185
              ],
              [
                105.58229,
                9.26815
              ],
              [
                105.582122,
                9.268109
              ],
              [
                105.581925,
                9.268061
              ],
              [
                105.581778,
                9.268027
              ],
              [
                105.581699,
                9.268008
              ],
              [
                105.581645,
                9.267995
              ],
              [
                105.581592,
                9.267983
              ],
              [
                105.581524,
                9.267966
              ],
              [
                105.581452,
                9.26795
              ],
              [
                105.581413,
                9.267943
              ],
              [
                105.581402,
                9.267941
              ],
              [
                105.581352,
                9.267935
              ],
              [
                105.581283,
                9.267921
              ],
              [
                105.581268,
                9.267918
              ],
              [
                105.581164,
                9.267895
              ],
              [
                105.581076,
                9.267874
              ],
              [
                105.581018,
                9.267857
              ],
              [
                105.580956,
                9.267837
              ],
              [
                105.580872,
                9.267811
              ],
              [
                105.580786,
                9.267786
              ],
              [
                105.580695,
                9.26776
              ],
              [
                105.580582,
                9.267729
              ],
              [
                105.580456,
                9.267696
              ],
              [
                105.580325,
                9.267663
              ],
              [
                105.580188,
                9.26763
              ],
              [
                105.580019,
                9.26759
              ],
              [
                105.579803,
                9.267539
              ],
              [
                105.579564,
                9.267483
              ],
              [
                105.579327,
                9.267428
              ],
              [
                105.579226,
                9.267403
              ],
              [
                105.57912,
                9.267378
              ],
              [
                105.579113,
                9.267376
              ],
              [
                105.57894,
                9.267334
              ],
              [
                105.578768,
                9.267291
              ],
              [
                105.578647,
                9.26726
              ],
              [
                105.578585,
                9.267243
              ],
              [
                105.578551,
                9.267233
              ],
              [
                105.578526,
                9.267225
              ],
              [
                105.578481,
                9.267214
              ],
              [
                105.578414,
                9.267198
              ],
              [
                105.578397,
                9.267194
              ],
              [
                105.578373,
                9.267189
              ],
              [
                105.578296,
                9.267171
              ],
              [
                105.578219,
                9.267153
              ],
              [
                105.578106,
                9.267128
              ],
              [
                105.578052,
                9.267116
              ],
              [
                105.578013,
                9.267108
              ],
              [
                105.577955,
                9.267093
              ],
              [
                105.577839,
                9.267062
              ],
              [
                105.577653,
                9.267008
              ],
              [
                105.577449,
                9.266946
              ],
              [
                105.577244,
                9.266883
              ],
              [
                105.5771,
                9.266841
              ],
              [
                105.577054,
                9.266827
              ],
              [
                105.576927,
                9.266791
              ],
              [
                105.576855,
                9.26677
              ],
              [
                105.576792,
                9.266754
              ],
              [
                105.576661,
                9.266721
              ],
              [
                105.576375,
                9.266651
              ],
              [
                105.575974,
                9.266553
              ],
              [
                105.575566,
                9.266455
              ],
              [
                105.575131,
                9.266353
              ],
              [
                105.574652,
                9.26624
              ],
              [
                105.574533,
                9.266212
              ],
              [
                105.574185,
                9.266128
              ],
              [
                105.573747,
                9.26602
              ],
              [
                105.573675,
                9.266002
              ],
              [
                105.573326,
                9.265914
              ],
              [
                105.572955,
                9.26582
              ],
              [
                105.572922,
                9.265812
              ],
              [
                105.572576,
                9.265725
              ],
              [
                105.572367,
                9.265674
              ],
              [
                105.572276,
                9.265652
              ],
              [
                105.571987,
                9.265584
              ],
              [
                105.571786,
                9.265536
              ],
              [
                105.571688,
                9.265512
              ],
              [
                105.57164,
                9.265499
              ],
              [
                105.571612,
                9.265491
              ],
              [
                105.571583,
                9.265483
              ],
              [
                105.571538,
                9.265474
              ],
              [
                105.571492,
                9.265467
              ],
              [
                105.571463,
                9.265464
              ],
              [
                105.571447,
                9.265464
              ],
              [
                105.57143,
                9.265461
              ],
              [
                105.571386,
                9.265453
              ],
              [
                105.571247,
                9.26542
              ],
              [
                105.571004,
                9.265362
              ],
              [
                105.570769,
                9.265301
              ],
              [
                105.570509,
                9.265232
              ],
              [
                105.570129,
                9.26513
              ],
              [
                105.56967,
                9.265008
              ],
              [
                105.569197,
                9.264883
              ],
              [
                105.568739,
                9.264761
              ],
              [
                105.568301,
                9.264644
              ],
              [
                105.567943,
                9.264548
              ],
              [
                105.567871,
                9.264529
              ],
              [
                105.567464,
                9.26442
              ],
              [
                105.567149,
                9.264335
              ],
              [
                105.567039,
                9.264305
              ],
              [
                105.566977,
                9.264288
              ],
              [
                105.566821,
                9.264247
              ],
              [
                105.566564,
                9.264181
              ],
              [
                105.566259,
                9.2641
              ],
              [
                105.565949,
                9.264019
              ],
              [
                105.565672,
                9.263949
              ],
              [
                105.565638,
                9.263942
              ],
              [
                105.56549,
                9.263908
              ],
              [
                105.565396,
                9.26389
              ],
              [
                105.56535,
                9.263883
              ],
              [
                105.565318,
                9.263879
              ],
              [
                105.565267,
                9.263871
              ],
              [
                105.565168,
                9.263852
              ],
              [
                105.565147,
                9.263847
              ],
              [
                105.565033,
                9.263822
              ],
              [
                105.564935,
                9.2638
              ],
              [
                105.564875,
                9.263787
              ],
              [
                105.564807,
                9.263768
              ],
              [
                105.564692,
                9.263738
              ],
              [
                105.564525,
                9.263693
              ],
              [
                105.56436,
                9.263647
              ],
              [
                105.564218,
                9.263606
              ],
              [
                105.56409,
                9.263572
              ],
              [
                105.563979,
                9.263545
              ],
              [
                105.563971,
                9.263543
              ],
              [
                105.563852,
                9.263514
              ],
              [
                105.563725,
                9.263484
              ],
              [
                105.563566,
                9.263444
              ],
              [
                105.563377,
                9.263394
              ],
              [
                105.563169,
                9.263339
              ],
              [
                105.562912,
                9.263269
              ],
              [
                105.562634,
                9.263194
              ],
              [
                105.562429,
                9.26314
              ],
              [
                105.562301,
                9.26311
              ],
              [
                105.562213,
                9.263092
              ],
              [
                105.562147,
                9.263082
              ],
              [
                105.56208,
                9.26307
              ],
              [
                105.561948,
                9.263038
              ],
              [
                105.561759,
                9.262989
              ],
              [
                105.561638,
                9.262957
              ],
              [
                105.561594,
                9.262945
              ],
              [
                105.561568,
                9.262937
              ],
              [
                105.561541,
                9.262929
              ],
              [
                105.561512,
                9.262918
              ],
              [
                105.561473,
                9.262905
              ],
              [
                105.561423,
                9.262887
              ],
              [
                105.561367,
                9.262869
              ],
              [
                105.56131,
                9.26285
              ],
              [
                105.561255,
                9.262834
              ],
              [
                105.561198,
                9.26282
              ],
              [
                105.561139,
                9.262807
              ],
              [
                105.561081,
                9.262794
              ],
              [
                105.56103,
                9.262782
              ],
              [
                105.560989,
                9.262773
              ],
              [
                105.560952,
                9.262765
              ],
              [
                105.560936,
                9.262762
              ],
              [
                105.560926,
                9.26276
              ],
              [
                105.560904,
                9.262757
              ],
              [
                105.560873,
                9.262751
              ],
              [
                105.560832,
                9.262741
              ],
              [
                105.560785,
                9.262729
              ],
              [
                105.560736,
                9.262714
              ],
              [
                105.560675,
                9.262695
              ],
              [
                105.560601,
                9.262672
              ],
              [
                105.560529,
                9.26265
              ],
              [
                105.560454,
                9.262627
              ],
              [
                105.560428,
                9.26262
              ],
              [
                105.560363,
                9.262602
              ],
              [
                105.560263,
                9.262576
              ],
              [
                105.560136,
                9.262544
              ],
              [
                105.559913,
                9.262487
              ],
              [
                105.559615,
                9.262411
              ],
              [
                105.559406,
                9.262358
              ],
              [
                105.559313,
                9.262335
              ],
              [
                105.559262,
                9.262322
              ],
              [
                105.559221,
                9.262311
              ],
              [
                105.55918,
                9.2623
              ],
              [
                105.559133,
                9.262285
              ],
              [
                105.559078,
                9.262268
              ],
              [
                105.559075,
                9.262267
              ],
              [
                105.558994,
                9.262242
              ],
              [
                105.558806,
                9.26219
              ],
              [
                105.558527,
                9.262116
              ],
              [
                105.558315,
                9.262057
              ],
              [
                105.558183,
                9.262019
              ],
              [
                105.558059,
                9.261985
              ],
              [
                105.557927,
                9.261953
              ],
              [
                105.557789,
                9.261922
              ],
              [
                105.557613,
                9.261884
              ],
              [
                105.557297,
                9.26181
              ],
              [
                105.556863,
                9.261703
              ],
              [
                105.556538,
                9.261624
              ],
              [
                105.556345,
                9.261578
              ],
              [
                105.556193,
                9.261541
              ],
              [
                105.556058,
                9.261508
              ],
              [
                105.555898,
                9.26147
              ],
              [
                105.555747,
                9.261432
              ],
              [
                105.555597,
                9.261395
              ],
              [
                105.555179,
                9.26129
              ],
              [
                105.55489,
                9.261218
              ],
              [
                105.554757,
                9.261187
              ],
              [
                105.554657,
                9.261164
              ],
              [
                105.554533,
                9.261133
              ],
              [
                105.554357,
                9.261087
              ],
              [
                105.554058,
                9.261005
              ],
              [
                105.553659,
                9.260894
              ],
              [
                105.553337,
                9.260805
              ],
              [
                105.55311,
                9.260743
              ],
              [
                105.55292,
                9.260692
              ],
              [
                105.552737,
                9.260644
              ],
              [
                105.552652,
                9.260621
              ],
              [
                105.552462,
                9.26057
              ],
              [
                105.552102,
                9.260471
              ],
              [
                105.551845,
                9.260399
              ],
              [
                105.551686,
                9.260354
              ],
              [
                105.551509,
                9.260303
              ],
              [
                105.551258,
                9.260234
              ],
              [
                105.550926,
                9.260145
              ],
              [
                105.550559,
                9.260047
              ],
              [
                105.550205,
                9.259952
              ],
              [
                105.549946,
                9.259881
              ],
              [
                105.54982,
                9.259846
              ],
              [
                105.549747,
                9.259824
              ],
              [
                105.549641,
                9.259791
              ],
              [
                105.549511,
                9.25975
              ],
              [
                105.549404,
                9.259717
              ],
              [
                105.549335,
                9.259698
              ],
              [
                105.549262,
                9.259677
              ],
              [
                105.54917,
                9.259649
              ],
              [
                105.549094,
                9.25963
              ],
              [
                105.549042,
                9.259619
              ],
              [
                105.548997,
                9.25961
              ],
              [
                105.548954,
                9.2596
              ],
              [
                105.548912,
                9.259591
              ],
              [
                105.548896,
                9.259587
              ],
              [
                105.548873,
                9.259582
              ],
              [
                105.548837,
                9.259575
              ],
              [
                105.548812,
                9.25957
              ],
              [
                105.548801,
                9.259568
              ],
              [
                105.548787,
                9.259565
              ],
              [
                105.548766,
                9.25956
              ],
              [
                105.548726,
                9.259552
              ],
              [
                105.548707,
                9.259549
              ],
              [
                105.548683,
                9.259545
              ],
              [
                105.548683,
                9.259545
              ],
              [
                105.548641,
                9.259538
              ],
              [
                105.548609,
                9.25953
              ],
              [
                105.548602,
                9.259529
              ],
              [
                105.548598,
                9.259528
              ],
              [
                105.548595,
                9.259527
              ],
              [
                105.548579,
                9.259522
              ],
              [
                105.548579,
                9.259525
              ],
              [
                105.548578,
                9.259564
              ],
              [
                105.548571,
                9.259638
              ],
              [
                105.548568,
                9.259661
              ],
              [
                105.548531,
                9.259876
              ],
              [
                105.548531,
                9.259876
              ],
              [
                105.54853,
                9.259897
              ],
              [
                105.548526,
                9.259921
              ],
              [
                105.548523,
                9.259948
              ],
              [
                105.548519,
                9.259974
              ],
              [
                105.548516,
                9.259997
              ],
              [
                105.548514,
                9.260015
              ],
              [
                105.548514,
                9.260031
              ],
              [
                105.548513,
                9.260046
              ],
              [
                105.548512,
                9.260061
              ],
              [
                105.548512,
                9.260077
              ],
              [
                105.548512,
                9.260092
              ],
              [
                105.548512,
                9.260098
              ],
              [
                105.548512,
                9.260109
              ],
              [
                105.548513,
                9.260132
              ],
              [
                105.548514,
                9.260144
              ],
              [
                105.548514,
                9.260155
              ],
              [
                105.548515,
                9.260169
              ],
              [
                105.548519,
                9.260223
              ],
              [
                105.548524,
                9.260291
              ],
              [
                105.548528,
                9.260362
              ],
              [
                105.54853,
                9.260393
              ],
              [
                105.548532,
                9.260433
              ],
              [
                105.548533,
                9.260473
              ],
              [
                105.548533,
                9.260497
              ],
              [
                105.548532,
                9.260564
              ],
              [
                105.548528,
                9.260634
              ],
              [
                105.548528,
                9.260636
              ],
              [
                105.548523,
                9.260704
              ],
              [
                105.548518,
                9.260772
              ],
              [
                105.548512,
                9.260845
              ],
              [
                105.548506,
                9.260903
              ],
              [
                105.548498,
                9.260946
              ],
              [
                105.548495,
                9.260959
              ],
              [
                105.54849,
                9.260985
              ],
              [
                105.548482,
                9.261017
              ],
              [
                105.548474,
                9.261044
              ],
              [
                105.548465,
                9.261078
              ],
              [
                105.548457,
                9.261114
              ],
              [
                105.548457,
                9.261114
              ],
              [
                105.548452,
                9.261137
              ],
              [
                105.548446,
                9.261157
              ],
              [
                105.548432,
                9.261194
              ],
              [
                105.548412,
                9.261243
              ],
              [
                105.548395,
                9.261284
              ],
              [
                105.548383,
                9.261313
              ],
              [
                105.548366,
                9.261346
              ],
              [
                105.548342,
                9.261395
              ],
              [
                105.548317,
                9.261447
              ],
              [
                105.548293,
                9.261497
              ],
              [
                105.548272,
                9.261541
              ],
              [
                105.548268,
                9.261548
              ],
              [
                105.548238,
                9.261605
              ],
              [
                105.548199,
                9.261669
              ],
              [
                105.548162,
                9.261725
              ],
              [
                105.548155,
                9.261736
              ],
              [
                105.548109,
                9.261806
              ],
              [
                105.548059,
                9.26188
              ],
              [
                105.548045,
                9.261899
              ],
              [
                105.548044,
                9.2619
              ],
              [
                105.547999,
                9.261963
              ],
              [
                105.547933,
                9.26205
              ],
              [
                105.547917,
                9.262071
              ],
              [
                105.547875,
                9.262127
              ],
              [
                105.547831,
                9.26218
              ],
              [
                105.547823,
                9.26219
              ],
              [
                105.547773,
                9.26225
              ],
              [
                105.547728,
                9.262299
              ],
              [
                105.547685,
                9.262339
              ],
              [
                105.547667,
                9.262355
              ],
              [
                105.547639,
                9.262379
              ],
              [
                105.547633,
                9.262384
              ],
              [
                105.547624,
                9.262391
              ],
              [
                105.547595,
                9.262416
              ],
              [
                105.547551,
                9.262451
              ],
              [
                105.547507,
                9.262485
              ],
              [
                105.547472,
                9.262511
              ],
              [
                105.54745,
                9.262528
              ],
              [
                105.547425,
                9.262546
              ],
              [
                105.54739,
                9.26257
              ],
              [
                105.547353,
                9.262596
              ],
              [
                105.547314,
                9.262622
              ],
              [
                105.547297,
                9.262632
              ],
              [
                105.547271,
                9.262648
              ],
              [
                105.547227,
                9.262672
              ],
              [
                105.547185,
                9.262692
              ],
              [
                105.547144,
                9.262711
              ],
              [
                105.547103,
                9.262728
              ],
              [
                105.547064,
                9.262742
              ],
              [
                105.547027,
                9.262752
              ],
              [
                105.546993,
                9.262761
              ],
              [
                105.546963,
                9.26277
              ],
              [
                105.546932,
                9.262778
              ],
              [
                105.546919,
                9.262781
              ],
              [
                105.546897,
                9.262786
              ],
              [
                105.546849,
                9.262795
              ],
              [
                105.546792,
                9.262806
              ],
              [
                105.546732,
                9.262816
              ],
              [
                105.54667,
                9.262827
              ],
              [
                105.546643,
                9.26283
              ],
              [
                105.546604,
                9.262836
              ],
              [
                105.546537,
                9.262845
              ],
              [
                105.54647,
                9.262853
              ],
              [
                105.546407,
                9.262861
              ],
              [
                105.54636,
                9.262866
              ],
              [
                105.546341,
                9.262868
              ],
              [
                105.546333,
                9.262869
              ],
              [
                105.546271,
                9.262875
              ],
              [
                105.546208,
                9.26288
              ],
              [
                105.546143,
                9.262887
              ],
              [
                105.546069,
                9.262893
              ],
              [
                105.546005,
                9.262899
              ],
              [
                105.545992,
                9.2629
              ],
              [
                105.545906,
                9.262905
              ],
              [
                105.545813,
                9.262911
              ],
              [
                105.545812,
                9.262911
              ],
              [
                105.545734,
                9.262915
              ],
              [
                105.545733,
                9.262915
              ],
              [
                105.545715,
                9.262916
              ],
              [
                105.545667,
                9.262918
              ],
              [
                105.545605,
                9.26292
              ],
              [
                105.545553,
                9.262922
              ],
              [
                105.545506,
                9.262923
              ],
              [
                105.545459,
                9.262925
              ],
              [
                105.545433,
                9.262926
              ],
              [
                105.545411,
                9.262926
              ],
              [
                105.545369,
                9.262928
              ],
              [
                105.545367,
                9.262928
              ],
              [
                105.545345,
                9.26293
              ],
              [
                105.545327,
                9.262931
              ],
              [
                105.545285,
                9.262937
              ],
              [
                105.54524,
                9.262943
              ],
              [
                105.545211,
                9.262948
              ],
              [
                105.545188,
                9.262952
              ],
              [
                105.545161,
                9.262958
              ],
              [
                105.545134,
                9.262964
              ],
              [
                105.545079,
                9.262977
              ],
              [
                105.54506,
                9.262981
              ],
              [
                105.545022,
                9.26299
              ],
              [
                105.544969,
                9.263003
              ],
              [
                105.544961,
                9.263005
              ],
              [
                105.54492,
                9.263015
              ],
              [
                105.544872,
                9.263029
              ],
              [
                105.544843,
                9.263039
              ],
              [
                105.544825,
                9.263046
              ],
              [
                105.544779,
                9.263065
              ],
              [
                105.544733,
                9.263084
              ],
              [
                105.54469,
                9.263102
              ],
              [
                105.544654,
                9.263122
              ],
              [
                105.544623,
                9.263143
              ],
              [
                105.544613,
                9.26315
              ],
              [
                105.544602,
                9.263157
              ],
              [
                105.544583,
                9.26318
              ],
              [
                105.544538,
                9.263232
              ],
              [
                105.544515,
                9.263296
              ],
              [
                105.544506,
                9.263358
              ],
              [
                105.544504,
                9.263396
              ],
              [
                105.544502,
                9.263433
              ],
              [
                105.544501,
                9.26345
              ],
              [
                105.544497,
                9.263517
              ],
              [
                105.544489,
                9.263542
              ],
              [
                105.544486,
                9.263565
              ],
              [
                105.544486,
                9.263591
              ],
              [
                105.544487,
                9.263607
              ],
              [
                105.544488,
                9.263619
              ],
              [
                105.544489,
                9.263648
              ],
              [
                105.544485,
                9.263668
              ],
              [
                105.544486,
                9.263682
              ],
              [
                105.544491,
                9.263766
              ],
              [
                105.544543,
                9.263832
              ],
              [
                105.544552,
                9.263844
              ],
              [
                105.544562,
                9.263862
              ],
              [
                105.544573,
                9.263878
              ],
              [
                105.544585,
                9.263895
              ],
              [
                105.544588,
                9.263901
              ],
              [
                105.544596,
                9.26392
              ],
              [
                105.544606,
                9.263942
              ],
              [
                105.544616,
                9.263969
              ],
              [
                105.544632,
                9.264014
              ],
              [
                105.544651,
                9.26407
              ],
              [
                105.544672,
                9.264129
              ],
              [
                105.54469,
                9.264184
              ],
              [
                105.544706,
                9.264233
              ],
              [
                105.54472,
                9.264278
              ],
              [
                105.544734,
                9.264322
              ],
              [
                105.544749,
                9.264362
              ],
              [
                105.544766,
                9.264398
              ],
              [
                105.544785,
                9.264434
              ],
              [
                105.544806,
                9.26447
              ],
              [
                105.544833,
                9.26451
              ],
              [
                105.544855,
                9.264536
              ],
              [
                105.544869,
                9.264553
              ],
              [
                105.544871,
                9.264555
              ],
              [
                105.544908,
                9.264598
              ],
              [
                105.544948,
                9.264644
              ],
              [
                105.544992,
                9.264692
              ],
              [
                105.545015,
                9.264717
              ],
              [
                105.545038,
                9.264742
              ],
              [
                105.545084,
                9.264793
              ],
              [
                105.54513,
                9.264843
              ],
              [
                105.545148,
                9.264865
              ],
              [
                105.545168,
                9.26489
              ],
              [
                105.545196,
                9.26493
              ],
              [
                105.545217,
                9.264965
              ],
              [
                105.545237,
                9.265
              ],
              [
                105.545239,
                9.265004
              ],
              [
                105.545255,
                9.265035
              ],
              [
                105.545272,
                9.265073
              ],
              [
                105.545289,
                9.265113
              ],
              [
                105.545306,
                9.265154
              ],
              [
                105.545323,
                9.265199
              ],
              [
                105.545342,
                9.265255
              ],
              [
                105.545363,
                9.265323
              ],
              [
                105.545369,
                9.26534
              ],
              [
                105.545386,
                9.265396
              ],
              [
                105.545414,
                9.265483
              ],
              [
                105.54545,
                9.265586
              ],
              [
                105.545461,
                9.265616
              ],
              [
                105.545488,
                9.26569
              ],
              [
                105.545498,
                9.265716
              ],
              [
                105.545521,
                9.265779
              ],
              [
                105.545547,
                9.265848
              ],
              [
                105.545573,
                9.265909
              ],
              [
                105.545592,
                9.265952
              ],
              [
                105.545621,
                9.266038
              ],
              [
                105.545634,
                9.266064
              ],
              [
                105.545675,
                9.266142
              ],
              [
                105.545707,
                9.266203
              ],
              [
                105.545764,
                9.266297
              ],
              [
                105.545832,
                9.266398
              ],
              [
                105.545838,
                9.266411
              ],
              [
                105.545848,
                9.266428
              ],
              [
                105.545859,
                9.266446
              ],
              [
                105.545871,
                9.266467
              ],
              [
                105.545888,
                9.266495
              ],
              [
                105.54591,
                9.266532
              ],
              [
                105.545937,
                9.266583
              ],
              [
                105.545969,
                9.266644
              ],
              [
                105.545973,
                9.266651
              ],
              [
                105.546003,
                9.266708
              ],
              [
                105.546037,
                9.266777
              ],
              [
                105.54606,
                9.266828
              ],
              [
                105.546072,
                9.266853
              ],
              [
                105.546078,
                9.266866
              ],
              [
                105.546107,
                9.266932
              ],
              [
                105.546141,
                9.267011
              ],
              [
                105.546169,
                9.267079
              ],
              [
                105.546171,
                9.267084
              ],
              [
                105.546182,
                9.267115
              ],
              [
                105.546193,
                9.267146
              ],
              [
                105.546205,
                9.267186
              ],
              [
                105.546209,
                9.2672
              ],
              [
                105.546224,
                9.267253
              ],
              [
                105.546237,
                9.267305
              ],
              [
                105.546245,
                9.267355
              ],
              [
                105.546251,
                9.2674
              ],
              [
                105.546251,
                9.267403
              ],
              [
                105.546256,
                9.267442
              ],
              [
                105.546257,
                9.267451
              ],
              [
                105.546261,
                9.267499
              ],
              [
                105.546265,
                9.26755
              ],
              [
                105.546269,
                9.267603
              ],
              [
                105.546273,
                9.267655
              ],
              [
                105.546277,
                9.267708
              ],
              [
                105.546281,
                9.267762
              ],
              [
                105.546286,
                9.267816
              ],
              [
                105.546291,
                9.267869
              ],
              [
                105.546296,
                9.267917
              ],
              [
                105.546303,
                9.267956
              ],
              [
                105.546309,
                9.267989
              ],
              [
                105.546319,
                9.268026
              ],
              [
                105.546328,
                9.268054
              ],
              [
                105.546339,
                9.268089
              ],
              [
                105.546377,
                9.268191
              ],
              [
                105.546424,
                9.268316
              ],
              [
                105.546473,
                9.268442
              ],
              [
                105.546507,
                9.268529
              ],
              [
                105.546514,
                9.268545
              ],
              [
                105.546542,
                9.268611
              ],
              [
                105.546561,
                9.268652
              ],
              [
                105.54658,
                9.268687
              ],
              [
                105.546601,
                9.268725
              ],
              [
                105.546625,
                9.268763
              ],
              [
                105.546651,
                9.268803
              ],
              [
                105.546664,
                9.268823
              ],
              [
                105.546677,
                9.268842
              ],
              [
                105.5467,
                9.268879
              ],
              [
                105.54672,
                9.268912
              ],
              [
                105.546738,
                9.268944
              ],
              [
                105.546755,
                9.268976
              ],
              [
                105.54677,
                9.269007
              ],
              [
                105.546776,
                9.269024
              ],
              [
                105.54678,
                9.269035
              ],
              [
                105.546787,
                9.269059
              ],
              [
                105.546793,
                9.269083
              ],
              [
                105.546798,
                9.269107
              ],
              [
                105.546801,
                9.269129
              ],
              [
                105.546803,
                9.269148
              ],
              [
                105.546804,
                9.269167
              ],
              [
                105.546805,
                9.269186
              ],
              [
                105.546804,
                9.269202
              ],
              [
                105.546803,
                9.269214
              ],
              [
                105.546803,
                9.269221
              ],
              [
                105.546801,
                9.269233
              ],
              [
                105.5468,
                9.269244
              ],
              [
                105.546799,
                9.269247
              ],
              [
                105.546793,
                9.269262
              ],
              [
                105.546791,
                9.269266
              ],
              [
                105.546789,
                9.269271
              ],
              [
                105.546779,
                9.269285
              ],
              [
                105.546774,
                9.269293
              ],
              [
                105.546769,
                9.269299
              ],
              [
                105.546767,
                9.269301
              ],
              [
                105.546757,
                9.269309
              ],
              [
                105.546742,
                9.269313
              ],
              [
                105.546741,
                9.269313
              ],
              [
                105.546739,
                9.269314
              ],
              [
                105.546724,
                9.269317
              ],
              [
                105.546693,
                9.269315
              ],
              [
                105.546682,
                9.269314
              ],
              [
                105.546665,
                9.269313
              ],
              [
                105.546643,
                9.26931
              ],
              [
                105.546618,
                9.269304
              ],
              [
                105.546594,
                9.269298
              ],
              [
                105.54657,
                9.269292
              ],
              [
                105.546544,
                9.269284
              ],
              [
                105.546515,
                9.269275
              ],
              [
                105.546487,
                9.269265
              ],
              [
                105.546457,
                9.269254
              ],
              [
                105.546421,
                9.26924
              ],
              [
                105.546375,
                9.269222
              ],
              [
                105.546368,
                9.269219
              ],
              [
                105.546324,
                9.269202
              ],
              [
                105.546273,
                9.269181
              ],
              [
                105.546224,
                9.26916
              ],
              [
                105.54618,
                9.26914
              ],
              [
                105.546141,
                9.269122
              ],
              [
                105.546115,
                9.269109
              ],
              [
                105.546095,
                9.269099
              ],
              [
                105.546056,
                9.26908
              ],
              [
                105.546027,
                9.269077
              ],
              [
                105.546011,
                9.269075
              ],
              [
                105.545996,
                9.269073
              ],
              [
                105.545967,
                9.26907
              ],
              [
                105.545955,
                9.269074
              ],
              [
                105.545943,
                9.269078
              ],
              [
                105.54593,
                9.269083
              ],
              [
                105.545913,
                9.269088
              ],
              [
                105.545899,
                9.269093
              ],
              [
                105.545883,
                9.269098
              ],
              [
                105.545854,
                9.269129
              ],
              [
                105.545844,
                9.269139
              ],
              [
                105.545828,
                9.269156
              ],
              [
                105.545809,
                9.26918
              ],
              [
                105.545788,
                9.269208
              ],
              [
                105.545768,
                9.269239
              ],
              [
                105.545746,
                9.269274
              ],
              [
                105.545714,
                9.269331
              ],
              [
                105.545668,
                9.269424
              ],
              [
                105.545664,
                9.269432
              ],
              [
                105.545619,
                9.269526
              ],
              [
                105.545613,
                9.269538
              ],
              [
                105.545557,
                9.269653
              ],
              [
                105.545505,
                9.269757
              ],
              [
                105.545495,
                9.269776
              ],
              [
                105.545461,
                9.269843
              ],
              [
                105.545441,
                9.269878
              ],
              [
                105.54542,
                9.269916
              ],
              [
                105.54541,
                9.269935
              ],
              [
                105.545381,
                9.269987
              ],
              [
                105.545341,
                9.270059
              ],
              [
                105.545299,
                9.270129
              ],
              [
                105.545256,
                9.270199
              ],
              [
                105.545214,
                9.270269
              ],
              [
                105.545177,
                9.270327
              ],
              [
                105.545172,
                9.270336
              ],
              [
                105.545131,
                9.270398
              ],
              [
                105.545091,
                9.270456
              ],
              [
                105.54505,
                9.270515
              ],
              [
                105.544999,
                9.270581
              ],
              [
                105.544934,
                9.270656
              ],
              [
                105.544862,
                9.270738
              ],
              [
                105.544787,
                9.27082
              ],
              [
                105.544715,
                9.2709
              ],
              [
                105.544681,
                9.270936
              ],
              [
                105.544644,
                9.270976
              ],
              [
                105.544576,
                9.271051
              ],
              [
                105.544509,
                9.271123
              ],
              [
                105.544449,
                9.271188
              ],
              [
                105.544398,
                9.27124
              ],
              [
                105.544354,
                9.271284
              ],
              [
                105.544311,
                9.271328
              ],
              [
                105.54428,
                9.27136
              ],
              [
                105.544266,
                9.271375
              ],
              [
                105.54426,
                9.271382
              ],
              [
                105.544219,
                9.271428
              ],
              [
                105.544185,
                9.271467
              ],
              [
                105.54417,
                9.271484
              ],
              [
                105.544123,
                9.271539
              ],
              [
                105.544081,
                9.271588
              ],
              [
                105.544049,
                9.271626
              ],
              [
                105.544024,
                9.271658
              ],
              [
                105.543998,
                9.27169
              ],
              [
                105.543968,
                9.271732
              ],
              [
                105.543931,
                9.271789
              ],
              [
                105.543892,
                9.271852
              ],
              [
                105.54389,
                9.271855
              ],
              [
                105.543847,
                9.271926
              ],
              [
                105.543801,
                9.272005
              ],
              [
                105.543749,
                9.272097
              ],
              [
                105.543741,
                9.272112
              ],
              [
                105.543695,
                9.272197
              ],
              [
                105.543641,
                9.272297
              ],
              [
                105.543616,
                9.272346
              ],
              [
                105.543593,
                9.272389
              ],
              [
                105.543554,
                9.272468
              ],
              [
                105.543522,
                9.272538
              ],
              [
                105.543492,
                9.272604
              ],
              [
                105.543466,
                9.272661
              ],
              [
                105.543445,
                9.272706
              ],
              [
                105.543428,
                9.272743
              ],
              [
                105.543416,
                9.272767
              ],
              [
                105.543411,
                9.272779
              ],
              [
                105.543388,
                9.272818
              ],
              [
                105.543357,
                9.272863
              ],
              [
                105.543339,
                9.272887
              ],
              [
                105.543322,
                9.27291
              ],
              [
                105.543285,
                9.272959
              ],
              [
                105.543244,
                9.273016
              ],
              [
                105.543197,
                9.273085
              ],
              [
                105.543146,
                9.273163
              ],
              [
                105.543139,
                9.273173
              ],
              [
                105.543095,
                9.273241
              ],
              [
                105.543055,
                9.273305
              ],
              [
                105.543033,
                9.273347
              ],
              [
                105.543022,
                9.273372
              ],
              [
                105.543017,
                9.273385
              ],
              [
                105.543007,
                9.273413
              ],
              [
                105.543004,
                9.273423
              ],
              [
                105.543004,
                9.273449
              ],
              [
                105.543004,
                9.273457
              ],
              [
                105.543004,
                9.273469
              ],
              [
                105.543004,
                9.273471
              ],
              [
                105.543006,
                9.273492
              ],
              [
                105.54301,
                9.273518
              ],
              [
                105.543016,
                9.273545
              ],
              [
                105.543022,
                9.273574
              ],
              [
                105.543031,
                9.27361
              ],
              [
                105.543043,
                9.273654
              ],
              [
                105.543057,
                9.273704
              ],
              [
                105.543073,
                9.273757
              ],
              [
                105.543092,
                9.27382
              ],
              [
                105.543117,
                9.273899
              ],
              [
                105.543145,
                9.273986
              ],
              [
                105.543167,
                9.274054
              ],
              [
                105.543174,
                9.274074
              ],
              [
                105.5432,
                9.274155
              ],
              [
                105.543223,
                9.274222
              ],
              [
                105.543245,
                9.274283
              ],
              [
                105.543271,
                9.274349
              ],
              [
                105.543297,
                9.274403
              ],
              [
                105.543319,
                9.274449
              ],
              [
                105.543403,
                9.274602
              ],
              [
                105.543509,
                9.274789
              ],
              [
                105.543571,
                9.274898
              ],
              [
                105.543622,
                9.274986
              ],
              [
                105.543717,
                9.275154
              ],
              [
                105.543743,
                9.275199
              ],
              [
                105.543877,
                9.275439
              ],
              [
                105.544018,
                9.275693
              ],
              [
                105.544088,
                9.275819
              ],
              [
                105.544158,
                9.275945
              ],
              [
                105.544187,
                9.275997
              ],
              [
                105.544212,
                9.276043
              ],
              [
                105.544284,
                9.276172
              ],
              [
                105.544388,
                9.276361
              ],
              [
                105.544481,
                9.276531
              ],
              [
                105.544568,
                9.27669
              ],
              [
                105.54464,
                9.276822
              ],
              [
                105.544689,
                9.276912
              ],
              [
                105.544735,
                9.277001
              ],
              [
                105.544802,
                9.277136
              ],
              [
                105.54487,
                9.277272
              ],
              [
                105.544885,
                9.277303
              ],
              [
                105.544921,
                9.277377
              ],
              [
                105.544969,
                9.277475
              ],
              [
                105.545048,
                9.277639
              ],
              [
                105.545116,
                9.277789
              ],
              [
                105.545177,
                9.27793
              ],
              [
                105.545234,
                9.278063
              ],
              [
                105.545277,
                9.278169
              ],
              [
                105.545281,
                9.27818
              ],
              [
                105.545299,
                9.278231
              ],
              [
                105.545311,
                9.278278
              ],
              [
                105.545317,
                9.278308
              ],
              [
                105.545318,
                9.278316
              ],
              [
                105.545323,
                9.278338
              ],
              [
                105.545337,
                9.278407
              ],
              [
                105.545348,
                9.278466
              ],
              [
                105.545351,
                9.27848
              ],
              [
                105.545364,
                9.278557
              ],
              [
                105.545375,
                9.278643
              ],
              [
                105.545387,
                9.278736
              ],
              [
                105.545398,
                9.278829
              ],
              [
                105.545409,
                9.27892
              ],
              [
                105.54542,
                9.278997
              ],
              [
                105.545421,
                9.279005
              ],
              [
                105.545434,
                9.279088
              ],
              [
                105.545446,
                9.279172
              ],
              [
                105.545459,
                9.279269
              ],
              [
                105.54547,
                9.279386
              ],
              [
                105.545474,
                9.279428
              ],
              [
                105.545481,
                9.279514
              ],
              [
                105.545481,
                9.279516
              ],
              [
                105.545489,
                9.279612
              ],
              [
                105.545493,
                9.279662
              ],
              [
                105.545505,
                9.279874
              ],
              [
                105.54552,
                9.280193
              ],
              [
                105.545526,
                9.280329
              ],
              [
                105.545527,
                9.280354
              ],
              [
                105.545527,
                9.280354
              ],
              [
                105.545536,
                9.280574
              ],
              [
                105.545547,
                9.280825
              ],
              [
                105.545549,
                9.280875
              ],
              [
                105.545552,
                9.280955
              ],
              [
                105.545565,
                9.281274
              ],
              [
                105.545573,
                9.281487
              ],
              [
                105.545574,
                9.281514
              ],
              [
                105.545577,
                9.281637
              ],
              [
                105.54558,
                9.281772
              ],
              [
                105.54558,
                9.281779
              ],
              [
                105.545581,
                9.281881
              ],
              [
                105.545581,
                9.281906
              ],
              [
                105.545576,
                9.282039
              ],
              [
                105.545576,
                9.282041
              ],
              [
                105.545569,
                9.282171
              ],
              [
                105.545561,
                9.282297
              ],
              [
                105.545555,
                9.282396
              ],
              [
                105.545551,
                9.282456
              ],
              [
                105.545548,
                9.282493
              ],
              [
                105.545547,
                9.282512
              ],
              [
                105.545541,
                9.282593
              ],
              [
                105.54554,
                9.282603
              ],
              [
                105.545534,
                9.282692
              ],
              [
                105.545527,
                9.282792
              ],
              [
                105.54552,
                9.282878
              ],
              [
                105.54552,
                9.282879
              ],
              [
                105.545515,
                9.282948
              ],
              [
                105.54551,
                9.283007
              ],
              [
                105.545507,
                9.283041
              ],
              [
                105.545505,
                9.283065
              ],
              [
                105.545504,
                9.283069
              ],
              [
                105.545496,
                9.283125
              ],
              [
                105.545481,
                9.28319
              ],
              [
                105.545463,
                9.283256
              ],
              [
                105.545445,
                9.28332
              ],
              [
                105.54543,
                9.283374
              ],
              [
                105.545419,
                9.283413
              ],
              [
                105.54541,
                9.283443
              ],
              [
                105.545402,
                9.28347
              ],
              [
                105.545394,
                9.283495
              ],
              [
                105.545387,
                9.283515
              ],
              [
                105.54538,
                9.283532
              ],
              [
                105.545378,
                9.283536
              ],
              [
                105.545366,
                9.283578
              ],
              [
                105.545356,
                9.283602
              ],
              [
                105.545342,
                9.28365
              ],
              [
                105.545331,
                9.283665
              ],
              [
                105.545315,
                9.283688
              ],
              [
                105.545307,
                9.283695
              ],
              [
                105.545284,
                9.283682
              ],
              [
                105.545228,
                9.28365
              ],
              [
                105.545184,
                9.283623
              ],
              [
                105.545161,
                9.283608
              ],
              [
                105.545152,
                9.283601
              ],
              [
                105.545147,
                9.283593
              ],
              [
                105.54514,
                9.283585
              ],
              [
                105.54513,
                9.283575
              ],
              [
                105.545116,
                9.283565
              ],
              [
                105.5451,
                9.283554
              ],
              [
                105.545084,
                9.283545
              ],
              [
                105.545066,
                9.283536
              ],
              [
                105.545042,
                9.283526
              ],
              [
                105.545009,
                9.283517
              ],
              [
                105.545006,
                9.283516
              ],
              [
                105.544973,
                9.283509
              ],
              [
                105.544935,
                9.283502
              ],
              [
                105.544891,
                9.283495
              ],
              [
                105.544839,
                9.283489
              ],
              [
                105.544782,
                9.283483
              ],
              [
                105.544722,
                9.283478
              ],
              [
                105.544651,
                9.283476
              ],
              [
                105.544566,
                9.283477
              ],
              [
                105.544472,
                9.283481
              ],
              [
                105.544432,
                9.283483
              ],
              [
                105.544388,
                9.283485
              ],
              [
                105.544372,
                9.283486
              ],
              [
                105.544256,
                9.283492
              ],
              [
                105.544185,
                9.283496
              ],
              [
                105.544112,
                9.283501
              ],
              [
                105.54407,
                9.283503
              ],
              [
                105.543951,
                9.28351
              ],
              [
                105.543789,
                9.28352
              ],
              [
                105.543635,
                9.283527
              ],
              [
                105.543497,
                9.283532
              ],
              [
                105.543368,
                9.283534
              ],
              [
                105.543283,
                9.283536
              ],
              [
                105.543244,
                9.283536
              ],
              [
                105.543131,
                9.283537
              ],
              [
                105.543037,
                9.283535
              ],
              [
                105.542954,
                9.283533
              ],
              [
                105.542873,
                9.28353
              ],
              [
                105.542792,
                9.283526
              ],
              [
                105.54271,
                9.283521
              ],
              [
                105.542628,
                9.283515
              ],
              [
                105.542546,
                9.283509
              ],
              [
                105.542466,
                9.283502
              ],
              [
                105.542388,
                9.283492
              ],
              [
                105.542364,
                9.283489
              ],
              [
                105.542311,
                9.283482
              ],
              [
                105.5423,
                9.28348
              ],
              [
                105.542276,
                9.283476
              ],
              [
                105.542253,
                9.283473
              ],
              [
                105.542234,
                9.28347
              ],
              [
                105.542233,
                9.283469
              ],
              [
                105.542152,
                9.283451
              ],
              [
                105.542065,
                9.283423
              ],
              [
                105.542042,
                9.283414
              ],
              [
                105.541976,
                9.283389
              ],
              [
                105.541885,
                9.283353
              ],
              [
                105.541794,
                9.283315
              ],
              [
                105.541699,
                9.283272
              ],
              [
                105.541603,
                9.283226
              ],
              [
                105.541508,
                9.283181
              ],
              [
                105.541423,
                9.28314
              ],
              [
                105.541353,
                9.283108
              ],
              [
                105.541291,
                9.283079
              ],
              [
                105.541229,
                9.28305
              ],
              [
                105.541156,
                9.283014
              ],
              [
                105.541074,
                9.28297
              ],
              [
                105.541066,
                9.282966
              ],
              [
                105.541056,
                9.28296
              ],
              [
                105.540965,
                9.282911
              ],
              [
                105.54089,
                9.282868
              ],
              [
                105.540889,
                9.282868
              ],
              [
                105.540863,
                9.282853
              ],
              [
                105.54076,
                9.282795
              ],
              [
                105.540659,
                9.282734
              ],
              [
                105.540559,
                9.282673
              ],
              [
                105.540458,
                9.282611
              ],
              [
                105.540406,
                9.282579
              ],
              [
                105.540392,
                9.28257
              ],
              [
                105.540354,
                9.282546
              ],
              [
                105.540244,
                9.282475
              ],
              [
                105.540131,
                9.282402
              ],
              [
                105.54013,
                9.282402
              ],
              [
                105.540022,
                9.282331
              ],
              [
                105.539961,
                9.282291
              ],
              [
                105.539929,
                9.282271
              ],
              [
                105.539864,
                9.282227
              ],
              [
                105.539815,
                9.282194
              ],
              [
                105.539771,
                9.282165
              ],
              [
                105.539731,
                9.282139
              ],
              [
                105.539701,
                9.282122
              ],
              [
                105.539698,
                9.282121
              ],
              [
                105.539673,
                9.282109
              ],
              [
                105.539658,
                9.282101
              ],
              [
                105.539618,
                9.282082
              ],
              [
                105.539541,
                9.282069
              ],
              [
                105.539508,
                9.282064
              ],
              [
                105.53946,
                9.282056
              ],
              [
                105.539409,
                9.282048
              ],
              [
                105.539376,
                9.282044
              ],
              [
                105.539357,
                9.282042
              ],
              [
                105.539306,
                9.282037
              ],
              [
                105.539253,
                9.282032
              ],
              [
                105.539195,
                9.282025
              ],
              [
                105.53913,
                9.282016
              ],
              [
                105.539061,
                9.282004
              ],
              [
                105.538995,
                9.281994
              ],
              [
                105.538992,
                9.281993
              ],
              [
                105.538932,
                9.281984
              ],
              [
                105.538887,
                9.281979
              ],
              [
                105.538851,
                9.281976
              ],
              [
                105.538817,
                9.281974
              ],
              [
                105.538779,
                9.281974
              ],
              [
                105.538737,
                9.281976
              ],
              [
                105.538693,
                9.281979
              ],
              [
                105.538649,
                9.281983
              ],
              [
                105.538633,
                9.281985
              ],
              [
                105.5386,
                9.281991
              ],
              [
                105.538545,
                9.282004
              ],
              [
                105.538489,
                9.282021
              ],
              [
                105.538428,
                9.282039
              ],
              [
                105.538402,
                9.282048
              ],
              [
                105.538354,
                9.282063
              ],
              [
                105.538255,
                9.282096
              ],
              [
                105.538142,
                9.282134
              ],
              [
                105.538027,
                9.282173
              ],
              [
                105.53792,
                9.28221
              ],
              [
                105.537827,
                9.282246
              ],
              [
                105.537773,
                9.282267
              ],
              [
                105.537742,
                9.28228
              ],
              [
                105.537658,
                9.282313
              ],
              [
                105.537571,
                9.282347
              ],
              [
                105.53748,
                9.28238
              ],
              [
                105.537386,
                9.282413
              ],
              [
                105.537278,
                9.28245
              ],
              [
                105.537114,
                9.282506
              ],
              [
                105.537099,
                9.282512
              ],
              [
                105.536858,
                9.282594
              ],
              [
                105.5367,
                9.282649
              ],
              [
                105.536547,
                9.282701
              ],
              [
                105.536452,
                9.282734
              ],
              [
                105.536372,
                9.282761
              ],
              [
                105.536236,
                9.282808
              ],
              [
                105.536156,
                9.282834
              ],
              [
                105.535984,
                9.282891
              ],
              [
                105.535831,
                9.282937
              ],
              [
                105.535738,
                9.28296
              ],
              [
                105.535657,
                9.282978
              ],
              [
                105.535571,
                9.282996
              ],
              [
                105.535508,
                9.283009
              ],
              [
                105.535475,
                9.283016
              ],
              [
                105.535372,
                9.283038
              ],
              [
                105.535353,
                9.283042
              ],
              [
                105.535266,
                9.28306
              ],
              [
                105.535216,
                9.283071
              ],
              [
                105.535216,
                9.283071
              ],
              [
                105.535153,
                9.283084
              ],
              [
                105.535143,
                9.283087
              ],
              [
                105.53503,
                9.283113
              ],
              [
                105.534901,
                9.283143
              ],
              [
                105.534773,
                9.283174
              ],
              [
                105.534655,
                9.283203
              ],
              [
                105.534553,
                9.283228
              ],
              [
                105.534461,
                9.283252
              ],
              [
                105.534373,
                9.283274
              ],
              [
                105.534291,
                9.283293
              ],
              [
                105.534269,
                9.283298
              ],
              [
                105.534291,
                9.283621
              ],
              [
                105.534538,
                9.283562
              ],
              [
                105.534461,
                9.284106
              ],
              [
                105.534258,
                9.28521
              ],
              [
                105.534025,
                9.286349
              ],
              [
                105.533971,
                9.286644
              ],
              [
                105.533874,
                9.287172
              ],
              [
                105.533234,
                9.28715
              ],
              [
                105.533249,
                9.286961
              ],
              [
                105.533279,
                9.286536
              ],
              [
                105.533026,
                9.286536
              ],
              [
                105.532574,
                9.286526
              ],
              [
                105.532547,
                9.288309
              ],
              [
                105.532184,
                9.288329
              ],
              [
                105.531537,
                9.288352
              ],
              [
                105.531202,
                9.288361
              ],
              [
                105.53094,
                9.288369
              ],
              [
                105.530678,
                9.288374
              ],
              [
                105.52985,
                9.288379
              ],
              [
                105.529836,
                9.288129
              ],
              [
                105.529105,
                9.288041
              ],
              [
                105.528804,
                9.28801
              ],
              [
                105.52852,
                9.287978
              ],
              [
                105.528381,
                9.287963
              ],
              [
                105.527978,
                9.287917
              ],
              [
                105.527223,
                9.28784
              ],
              [
                105.527224,
                9.288769
              ],
              [
                105.527225,
                9.288804
              ],
              [
                105.527201,
                9.2898
              ],
              [
                105.526312,
                9.28982
              ],
              [
                105.526116,
                9.289319
              ],
              [
                105.525897,
                9.289342
              ],
              [
                105.52582,
                9.289346
              ],
              [
                105.525756,
                9.289355
              ],
              [
                105.525651,
                9.289233
              ],
              [
                105.525599,
                9.289248
              ],
              [
                105.525576,
                9.289255
              ],
              [
                105.525544,
                9.289264
              ],
              [
                105.525533,
                9.289848
              ],
              [
                105.524296,
                9.289893
              ],
              [
                105.524242,
                9.289024
              ],
              [
                105.52393,
                9.289032
              ],
              [
                105.523891,
                9.288384
              ],
              [
                105.523868,
                9.287619
              ],
              [
                105.523648,
                9.287298
              ],
              [
                105.52359,
                9.287356
              ],
              [
                105.523412,
                9.287447
              ],
              [
                105.523191,
                9.2875
              ],
              [
                105.522694,
                9.287568
              ],
              [
                105.522256,
                9.287597
              ],
              [
                105.521972,
                9.287588
              ],
              [
                105.521745,
                9.287555
              ],
              [
                105.521475,
                9.287479
              ],
              [
                105.521186,
                9.287355
              ],
              [
                105.521017,
                9.28725
              ],
              [
                105.520757,
                9.287001
              ],
              [
                105.520501,
                9.286781
              ],
              [
                105.52025,
                9.286614
              ],
              [
                105.51998,
                9.28649
              ],
              [
                105.519826,
                9.286442
              ],
              [
                105.519667,
                9.286443
              ],
              [
                105.519416,
                9.286481
              ],
              [
                105.518983,
                9.286578
              ],
              [
                105.518786,
                9.28665
              ],
              [
                105.518689,
                9.286731
              ],
              [
                105.518632,
                9.286846
              ],
              [
                105.518579,
                9.286966
              ],
              [
                105.518444,
                9.2871
              ],
              [
                105.518261,
                9.287258
              ],
              [
                105.518048,
                9.287484
              ],
              [
                105.518045,
                9.287487
              ],
              [
                105.518045,
                9.287487
              ],
              [
                105.518021,
                9.287512
              ],
              [
                105.517713,
                9.287714
              ],
              [
                105.517409,
                9.287824
              ],
              [
                105.517081,
                9.287883
              ],
              [
                105.517005,
                9.287897
              ],
              [
                105.516692,
                9.287926
              ],
              [
                105.516403,
                9.28796
              ],
              [
                105.516195,
                9.287951
              ],
              [
                105.516012,
                9.287903
              ],
              [
                105.515771,
                9.287812
              ],
              [
                105.515511,
                9.287707
              ],
              [
                105.51525,
                9.287579
              ],
              [
                105.514985,
                9.287488
              ],
              [
                105.514788,
                9.287455
              ],
              [
                105.514445,
                9.287442
              ],
              [
                105.514471,
                9.287601
              ],
              [
                105.514497,
                9.287662
              ],
              [
                105.514573,
                9.287985
              ],
              [
                105.515993,
                9.291648
              ],
              [
                105.516666,
                9.298789
              ],
              [
                105.516776,
                9.299918
              ],
              [
                105.516784,
                9.299918
              ],
              [
                105.516797,
                9.299917
              ],
              [
                105.516798,
                9.299917
              ],
              [
                105.516808,
                9.299916
              ],
              [
                105.516827,
                9.299915
              ],
              [
                105.516844,
                9.299913
              ],
              [
                105.516845,
                9.299913
              ],
              [
                105.516869,
                9.299911
              ],
              [
                105.516893,
                9.299909
              ],
              [
                105.516903,
                9.299908
              ],
              [
                105.51697,
                9.299902
              ],
              [
                105.516992,
                9.299899
              ],
              [
                105.517037,
                9.299894
              ],
              [
                105.517042,
                9.299893
              ],
              [
                105.517064,
                9.299891
              ],
              [
                105.517103,
                9.299886
              ],
              [
                105.517135,
                9.299882
              ],
              [
                105.517144,
                9.299881
              ],
              [
                105.517146,
                9.299881
              ],
              [
                105.517154,
                9.29988
              ],
              [
                105.517166,
                9.299878
              ],
              [
                105.517218,
                9.299872
              ],
              [
                105.517255,
                9.299868
              ],
              [
                105.517287,
                9.299865
              ],
              [
                105.51733,
                9.299861
              ],
              [
                105.517385,
                9.299857
              ],
              [
                105.517428,
                9.299854
              ],
              [
                105.517444,
                9.299853
              ],
              [
                105.517509,
                9.29985
              ],
              [
                105.517577,
                9.299849
              ],
              [
                105.517583,
                9.299849
              ],
              [
                105.51757,
                9.299917
              ],
              [
                105.517546,
                9.300151
              ],
              [
                105.517515,
                9.30032
              ],
              [
                105.517358,
                9.301176
              ],
              [
                105.517358,
                9.301176
              ],
              [
                105.517082,
                9.3026
              ],
              [
                105.517063,
                9.302691
              ],
              [
                105.516871,
                9.303616
              ],
              [
                105.516683,
                9.304646
              ],
              [
                105.516593,
                9.305142
              ],
              [
                105.515659,
                9.310104
              ],
              [
                105.515649,
                9.31017
              ],
              [
                105.515623,
                9.310174
              ],
              [
                105.514613,
                9.310367
              ],
              [
                105.513428,
                9.310551
              ],
              [
                105.512866,
                9.310628
              ],
              [
                105.512712,
                9.310644
              ],
              [
                105.51261,
                9.31066
              ],
              [
                105.509061,
                9.311232
              ],
              [
                105.508233,
                9.311387
              ],
              [
                105.508047,
                9.311412
              ],
              [
                105.507881,
                9.311436
              ],
              [
                105.507761,
                9.311463
              ],
              [
                105.507759,
                9.311541
              ],
              [
                105.50778,
                9.312408
              ],
              [
                105.507333,
                9.312445
              ],
              [
                105.507365,
                9.314671
              ],
              [
                105.507374,
                9.315254
              ],
              [
                105.507401,
                9.317127
              ],
              [
                105.507402,
                9.317482
              ],
              [
                105.507403,
                9.317646
              ],
              [
                105.507409,
                9.318235
              ],
              [
                105.50741,
                9.318406
              ],
              [
                105.507411,
                9.318494
              ],
              [
                105.507417,
                9.319133
              ],
              [
                105.507424,
                9.319813
              ],
              [
                105.507417,
                9.320491
              ],
              [
                105.50743,
                9.321101
              ],
              [
                105.507437,
                9.321778
              ],
              [
                105.507451,
                9.32256
              ],
              [
                105.507456,
                9.323305
              ],
              [
                105.507465,
                9.3239
              ],
              [
                105.50747,
                9.324527
              ],
              [
                105.507983,
                9.32455
              ],
              [
                105.508437,
                9.324575
              ],
              [
                105.508681,
                9.324589
              ],
              [
                105.509407,
                9.324624
              ],
              [
                105.509696,
                9.324639
              ],
              [
                105.510316,
                9.324672
              ],
              [
                105.510763,
                9.324699
              ],
              [
                105.511283,
                9.324726
              ],
              [
                105.512049,
                9.324763
              ],
              [
                105.513457,
                9.324763
              ],
              [
                105.513658,
                9.324777
              ],
              [
                105.514448,
                9.324779
              ],
              [
                105.514614,
                9.324809
              ],
              [
                105.51568,
                9.324841
              ],
              [
                105.51596,
                9.32485
              ],
              [
                105.516786,
                9.324876
              ],
              [
                105.517052,
                9.324884
              ],
              [
                105.517797,
                9.324907
              ],
              [
                105.517978,
                9.324912
              ],
              [
                105.51846,
                9.324927
              ],
              [
                105.518647,
                9.324933
              ],
              [
                105.518992,
                9.324943
              ],
              [
                105.519295,
                9.324953
              ],
              [
                105.519337,
                9.324954
              ],
              [
                105.519962,
                9.324973
              ],
              [
                105.520051,
                9.324976
              ],
              [
                105.520611,
                9.324993
              ],
              [
                105.52079,
                9.324999
              ],
              [
                105.520872,
                9.325001
              ],
              [
                105.520906,
                9.324948
              ],
              [
                105.521282,
                9.324964
              ],
              [
                105.521715,
                9.324982
              ],
              [
                105.521895,
                9.32499
              ],
              [
                105.522617,
                9.325021
              ],
              [
                105.523053,
                9.32504
              ],
              [
                105.523928,
                9.325077
              ],
              [
                105.523989,
                9.32508
              ],
              [
                105.524361,
                9.325096
              ],
              [
                105.52504,
                9.325125
              ],
              [
                105.525214,
                9.325133
              ],
              [
                105.525929,
                9.325163
              ],
              [
                105.525864,
                9.326066
              ],
              [
                105.525817,
                9.32672
              ],
              [
                105.525779,
                9.327245
              ],
              [
                105.52572,
                9.328067
              ],
              [
                105.525661,
                9.328892
              ],
              [
                105.525617,
                9.329504
              ],
              [
                105.525557,
                9.330335
              ],
              [
                105.525476,
                9.331466
              ],
              [
                105.525389,
                9.33267
              ],
              [
                105.525377,
                9.332836
              ],
              [
                105.525371,
                9.33293
              ],
              [
                105.525254,
                9.334554
              ],
              [
                105.525206,
                9.335217
              ],
              [
                105.525183,
                9.335534
              ],
              [
                105.525113,
                9.336517
              ],
              [
                105.525081,
                9.336963
              ],
              [
                105.525034,
                9.337607
              ],
              [
                105.524979,
                9.338375
              ],
              [
                105.524941,
                9.338907
              ],
              [
                105.524938,
                9.338951
              ],
              [
                105.524885,
                9.339682
              ],
              [
                105.524839,
                9.340326
              ],
              [
                105.524758,
                9.341455
              ],
              [
                105.524701,
                9.34217
              ],
              [
                105.526692,
                9.341509
              ],
              [
                105.528053,
                9.34106
              ],
              [
                105.529566,
                9.34053
              ],
              [
                105.529868,
                9.340426
              ],
              [
                105.529873,
                9.34044
              ],
              [
                105.529911,
                9.340549
              ],
              [
                105.52996,
                9.340686
              ],
              [
                105.530034,
                9.340895
              ],
              [
                105.530197,
                9.341202
              ],
              [
                105.530381,
                9.341554
              ],
              [
                105.530509,
                9.341799
              ],
              [
                105.53063,
                9.342109
              ],
              [
                105.530666,
                9.342213
              ],
              [
                105.530688,
                9.342272
              ],
              [
                105.530713,
                9.342366
              ],
              [
                105.530721,
                9.342397
              ],
              [
                105.530699,
                9.342588
              ],
              [
                105.530622,
                9.342851
              ],
              [
                105.530555,
                9.343041
              ],
              [
                105.530293,
                9.343777
              ],
              [
                105.530291,
                9.34378
              ],
              [
                105.530156,
                9.344117
              ],
              [
                105.530138,
                9.344164
              ],
              [
                105.530075,
                9.344408
              ],
              [
                105.52985,
                9.344958
              ],
              [
                105.529826,
                9.345064
              ],
              [
                105.52984,
                9.345217
              ],
              [
                105.529869,
                9.345317
              ],
              [
                105.530033,
                9.345436
              ],
              [
                105.530066,
                9.345459
              ],
              [
                105.530299,
                9.345098
              ],
              [
                105.530455,
                9.344739
              ],
              [
                105.530619,
                9.344748
              ],
              [
                105.530739,
                9.344808
              ],
              [
                105.530962,
                9.344923
              ],
              [
                105.531289,
                9.3451
              ],
              [
                105.531331,
                9.345126
              ],
              [
                105.531345,
                9.345135
              ],
              [
                105.531386,
                9.34516
              ],
              [
                105.53141,
                9.345243
              ],
              [
                105.531421,
                9.345329
              ],
              [
                105.531428,
                9.345381
              ],
              [
                105.531436,
                9.345485
              ],
              [
                105.531442,
                9.345523
              ],
              [
                105.531443,
                9.345533
              ],
              [
                105.531447,
                9.345567
              ],
              [
                105.531451,
                9.345603
              ],
              [
                105.531458,
                9.345679
              ],
              [
                105.531458,
                9.345679
              ],
              [
                105.531459,
                9.345683
              ],
              [
                105.531459,
                9.345688
              ],
              [
                105.531464,
                9.345742
              ],
              [
                105.531464,
                9.345743
              ],
              [
                105.531467,
                9.345801
              ],
              [
                105.53147,
                9.345857
              ],
              [
                105.531472,
                9.345886
              ],
              [
                105.531478,
                9.34598
              ],
              [
                105.531479,
                9.346
              ],
              [
                105.531482,
                9.346058
              ],
              [
                105.531482,
                9.34607
              ],
              [
                105.531485,
                9.346124
              ],
              [
                105.531487,
                9.346168
              ],
              [
                105.531489,
                9.346194
              ],
              [
                105.531491,
                9.346226
              ],
              [
                105.531495,
                9.346264
              ],
              [
                105.531497,
                9.346288
              ],
              [
                105.531502,
                9.346334
              ],
              [
                105.531506,
                9.346378
              ],
              [
                105.531518,
                9.346487
              ],
              [
                105.531536,
                9.346654
              ],
              [
                105.531558,
                9.346853
              ],
              [
                105.531559,
                9.346863
              ],
              [
                105.531563,
                9.346897
              ],
              [
                105.531585,
                9.347091
              ],
              [
                105.531595,
                9.347173
              ],
              [
                105.531598,
                9.347206
              ],
              [
                105.531626,
                9.347444
              ],
              [
                105.531651,
                9.347661
              ],
              [
                105.531667,
                9.347802
              ],
              [
                105.531682,
                9.347927
              ],
              [
                105.531697,
                9.348055
              ],
              [
                105.531699,
                9.348077
              ],
              [
                105.531706,
                9.348138
              ],
              [
                105.531717,
                9.348227
              ],
              [
                105.531735,
                9.34838
              ],
              [
                105.531753,
                9.348547
              ],
              [
                105.531767,
                9.348677
              ],
              [
                105.531774,
                9.348745
              ],
              [
                105.531774,
                9.348747
              ],
              [
                105.531781,
                9.348808
              ],
              [
                105.531794,
                9.348917
              ],
              [
                105.53181,
                9.349054
              ],
              [
                105.531815,
                9.349092
              ],
              [
                105.531825,
                9.349177
              ],
              [
                105.531837,
                9.349267
              ],
              [
                105.531846,
                9.349351
              ],
              [
                105.531846,
                9.349351
              ],
              [
                105.531847,
                9.349373
              ],
              [
                105.531852,
                9.349459
              ],
              [
                105.531854,
                9.349516
              ],
              [
                105.531857,
                9.349582
              ],
              [
                105.531861,
                9.349677
              ],
              [
                105.531864,
                9.349733
              ],
              [
                105.531866,
                9.349796
              ],
              [
                105.531868,
                9.349896
              ],
              [
                105.531873,
                9.350004
              ],
              [
                105.531874,
                9.350018
              ],
              [
                105.531875,
                9.35003
              ],
              [
                105.531881,
                9.350101
              ],
              [
                105.531892,
                9.350192
              ],
              [
                105.531893,
                9.350199
              ],
              [
                105.531905,
                9.350289
              ],
              [
                105.531921,
                9.350402
              ],
              [
                105.531939,
                9.350521
              ],
              [
                105.531953,
                9.350619
              ],
              [
                105.531959,
                9.350653
              ],
              [
                105.531964,
                9.350684
              ],
              [
                105.531977,
                9.350748
              ],
              [
                105.531992,
                9.350822
              ],
              [
                105.532005,
                9.350881
              ],
              [
                105.532018,
                9.350925
              ],
              [
                105.532036,
                9.350971
              ],
              [
                105.532058,
                9.351022
              ],
              [
                105.532081,
                9.351072
              ],
              [
                105.532104,
                9.351119
              ],
              [
                105.532127,
                9.351157
              ],
              [
                105.532148,
                9.351186
              ],
              [
                105.532169,
                9.351213
              ],
              [
                105.532194,
                9.351245
              ],
              [
                105.532223,
                9.351274
              ],
              [
                105.532226,
                9.351277
              ],
              [
                105.532261,
                9.351309
              ],
              [
                105.532296,
                9.35134
              ],
              [
                105.532322,
                9.351363
              ],
              [
                105.532324,
                9.351364
              ],
              [
                105.53234,
                9.351378
              ],
              [
                105.532398,
                9.351419
              ],
              [
                105.532399,
                9.35142
              ],
              [
                105.532399,
                9.35142
              ],
              [
                105.5324,
                9.35142
              ],
              [
                105.53249,
                9.351458
              ],
              [
                105.532544,
                9.351476
              ],
              [
                105.53259,
                9.351489
              ],
              [
                105.532629,
                9.351516
              ],
              [
                105.53264,
                9.351517
              ],
              [
                105.532691,
                9.351528
              ],
              [
                105.532747,
                9.35154
              ],
              [
                105.532811,
                9.351555
              ],
              [
                105.532812,
                9.351556
              ],
              [
                105.532889,
                9.351575
              ],
              [
                105.532971,
                9.351597
              ],
              [
                105.533061,
                9.351623
              ],
              [
                105.533156,
                9.351652
              ],
              [
                105.533237,
                9.351676
              ],
              [
                105.53325,
                9.35168
              ],
              [
                105.533336,
                9.351704
              ],
              [
                105.533417,
                9.351726
              ],
              [
                105.533484,
                9.351744
              ],
              [
                105.533535,
                9.351758
              ],
              [
                105.533574,
                9.351768
              ],
              [
                105.533583,
                9.35177
              ],
              [
                105.533632,
                9.351783
              ],
              [
                105.533644,
                9.351785
              ],
              [
                105.533648,
                9.351786
              ],
              [
                105.533691,
                9.351795
              ],
              [
                105.533754,
                9.351804
              ],
              [
                105.533802,
                9.351812
              ],
              [
                105.533809,
                9.351813
              ],
              [
                105.53384,
                9.351818
              ],
              [
                105.533888,
                9.351825
              ],
              [
                105.53391,
                9.351827
              ],
              [
                105.533948,
                9.351831
              ],
              [
                105.534003,
                9.351836
              ],
              [
                105.534056,
                9.35184
              ],
              [
                105.534127,
                9.351843
              ],
              [
                105.534215,
                9.351846
              ],
              [
                105.534299,
                9.351848
              ],
              [
                105.534366,
                9.351849
              ],
              [
                105.534386,
                9.351849
              ],
              [
                105.534459,
                9.35185
              ],
              [
                105.534497,
                9.351851
              ],
              [
                105.534621,
                9.351851
              ],
              [
                105.534694,
                9.351851
              ],
              [
                105.534746,
                9.351851
              ],
              [
                105.534871,
                9.35185
              ],
              [
                105.534989,
                9.351847
              ],
              [
                105.535004,
                9.351847
              ],
              [
                105.53501,
                9.351847
              ],
              [
                105.53501,
                9.351847
              ],
              [
                105.535145,
                9.351843
              ],
              [
                105.535167,
                9.351842
              ],
              [
                105.535288,
                9.351839
              ],
              [
                105.535404,
                9.351835
              ],
              [
                105.535429,
                9.351834
              ],
              [
                105.535563,
                9.351833
              ],
              [
                105.535666,
                9.351835
              ],
              [
                105.535671,
                9.351835
              ],
              [
                105.535697,
                9.351835
              ],
              [
                105.535837,
                9.351839
              ],
              [
                105.535843,
                9.351839
              ],
              [
                105.535978,
                9.351844
              ],
              [
                105.536115,
                9.35185
              ],
              [
                105.536204,
                9.351855
              ],
              [
                105.53624,
                9.351858
              ],
              [
                105.536309,
                9.351863
              ],
              [
                105.536315,
                9.351864
              ],
              [
                105.536351,
                9.351866
              ],
              [
                105.536458,
                9.351875
              ],
              [
                105.536555,
                9.351883
              ],
              [
                105.53664,
                9.351891
              ],
              [
                105.536714,
                9.351897
              ],
              [
                105.536744,
                9.3519
              ],
              [
                105.536785,
                9.351903
              ],
              [
                105.536855,
                9.351909
              ],
              [
                105.536918,
                9.351913
              ],
              [
                105.536975,
                9.351914
              ],
              [
                105.537018,
                9.351915
              ],
              [
                105.537045,
                9.351916
              ],
              [
                105.537065,
                9.351916
              ],
              [
                105.537094,
                9.351915
              ],
              [
                105.537131,
                9.351913
              ],
              [
                105.537168,
                9.351911
              ],
              [
                105.537211,
                9.351908
              ],
              [
                105.537263,
                9.351903
              ],
              [
                105.537314,
                9.351898
              ],
              [
                105.537365,
                9.351893
              ],
              [
                105.53742,
                9.351886
              ],
              [
                105.537471,
                9.351878
              ],
              [
                105.537517,
                9.351869
              ],
              [
                105.537561,
                9.35186
              ],
              [
                105.537604,
                9.35185
              ],
              [
                105.53761,
                9.351849
              ],
              [
                105.537649,
                9.351839
              ],
              [
                105.537701,
                9.351822
              ],
              [
                105.537757,
                9.351802
              ],
              [
                105.53781,
                9.351784
              ],
              [
                105.537863,
                9.351766
              ],
              [
                105.537918,
                9.351748
              ],
              [
                105.537942,
                9.35174
              ],
              [
                105.537964,
                9.351732
              ],
              [
                105.538,
                9.35172
              ],
              [
                105.538031,
                9.351711
              ],
              [
                105.53806,
                9.351704
              ],
              [
                105.538087,
                9.351698
              ],
              [
                105.538115,
                9.351695
              ],
              [
                105.538142,
                9.351692
              ],
              [
                105.538173,
                9.35169
              ],
              [
                105.53821,
                9.351689
              ],
              [
                105.538219,
                9.351689
              ],
              [
                105.53825,
                9.351688
              ],
              [
                105.538298,
                9.35169
              ],
              [
                105.538355,
                9.351694
              ],
              [
                105.538416,
                9.3517
              ],
              [
                105.538429,
                9.351702
              ],
              [
                105.538478,
                9.351707
              ],
              [
                105.538543,
                9.351714
              ],
              [
                105.538612,
                9.351722
              ],
              [
                105.538683,
                9.351731
              ],
              [
                105.538752,
                9.35174
              ],
              [
                105.538814,
                9.351748
              ],
              [
                105.538869,
                9.351754
              ],
              [
                105.538921,
                9.35176
              ],
              [
                105.538972,
                9.351765
              ],
              [
                105.539018,
                9.351771
              ],
              [
                105.539054,
                9.351776
              ],
              [
                105.539083,
                9.351782
              ],
              [
                105.539084,
                9.351782
              ],
              [
                105.539114,
                9.35179
              ],
              [
                105.539143,
                9.351798
              ],
              [
                105.539172,
                9.351807
              ],
              [
                105.539196,
                9.351816
              ],
              [
                105.5392,
                9.351817
              ],
              [
                105.539214,
                9.351824
              ],
              [
                105.539217,
                9.351825
              ],
              [
                105.539225,
                9.351829
              ],
              [
                105.53925,
                9.351842
              ],
              [
                105.539274,
                9.351855
              ],
              [
                105.539298,
                9.351869
              ],
              [
                105.539319,
                9.351883
              ],
              [
                105.539343,
                9.351898
              ],
              [
                105.539371,
                9.351919
              ],
              [
                105.5394,
                9.351943
              ],
              [
                105.53943,
                9.351968
              ],
              [
                105.53946,
                9.351994
              ],
              [
                105.539495,
                9.352025
              ],
              [
                105.539532,
                9.35206
              ],
              [
                105.539571,
                9.352096
              ],
              [
                105.539611,
                9.352133
              ],
              [
                105.539652,
                9.352171
              ],
              [
                105.539692,
                9.352206
              ],
              [
                105.539693,
                9.352207
              ],
              [
                105.539731,
                9.35224
              ],
              [
                105.539772,
                9.352273
              ],
              [
                105.539815,
                9.352306
              ],
              [
                105.53986,
                9.352339
              ],
              [
                105.539905,
                9.352373
              ],
              [
                105.539948,
                9.352403
              ],
              [
                105.539948,
                9.352403
              ],
              [
                105.539985,
                9.352428
              ],
              [
                105.539996,
                9.352434
              ],
              [
                105.540019,
                9.352449
              ],
              [
                105.540052,
                9.352469
              ],
              [
                105.54009,
                9.352491
              ],
              [
                105.54013,
                9.352513
              ],
              [
                105.540172,
                9.352535
              ],
              [
                105.540196,
                9.352546
              ],
              [
                105.540214,
                9.352555
              ],
              [
                105.540215,
                9.352555
              ],
              [
                105.540257,
                9.352574
              ],
              [
                105.540302,
                9.352591
              ],
              [
                105.54035,
                9.352608
              ],
              [
                105.540398,
                9.352624
              ],
              [
                105.540443,
                9.352638
              ],
              [
                105.540485,
                9.352649
              ],
              [
                105.540528,
                9.352659
              ],
              [
                105.540574,
                9.352669
              ],
              [
                105.540616,
                9.352678
              ],
              [
                105.540659,
                9.352687
              ],
              [
                105.540672,
                9.35269
              ],
              [
                105.540707,
                9.352696
              ],
              [
                105.540729,
                9.352699
              ],
              [
                105.540756,
                9.352703
              ],
              [
                105.540805,
                9.352707
              ],
              [
                105.540852,
                9.352711
              ],
              [
                105.540901,
                9.352714
              ],
              [
                105.540953,
                9.352716
              ],
              [
                105.541005,
                9.352716
              ],
              [
                105.541026,
                9.352715
              ],
              [
                105.541054,
                9.352715
              ],
              [
                105.541098,
                9.352713
              ],
              [
                105.54114,
                9.35271
              ],
              [
                105.54118,
                9.352708
              ],
              [
                105.541198,
                9.352707
              ],
              [
                105.541211,
                9.352706
              ],
              [
                105.541238,
                9.352703
              ],
              [
                105.541272,
                9.352696
              ],
              [
                105.541315,
                9.352685
              ],
              [
                105.541354,
                9.352675
              ],
              [
                105.541394,
                9.352663
              ],
              [
                105.541438,
                9.352649
              ],
              [
                105.541479,
                9.352633
              ],
              [
                105.541516,
                9.352617
              ],
              [
                105.541552,
                9.352599
              ],
              [
                105.541588,
                9.352582
              ],
              [
                105.541622,
                9.352567
              ],
              [
                105.541653,
                9.352553
              ],
              [
                105.541681,
                9.35254
              ],
              [
                105.541708,
                9.352528
              ],
              [
                105.541734,
                9.352517
              ],
              [
                105.541735,
                9.352517
              ],
              [
                105.541757,
                9.352507
              ],
              [
                105.541773,
                9.352497
              ],
              [
                105.541791,
                9.352487
              ],
              [
                105.541823,
                9.352481
              ],
              [
                105.541864,
                9.352479
              ],
              [
                105.541901,
                9.352478
              ],
              [
                105.541937,
                9.352478
              ],
              [
                105.54197,
                9.352479
              ],
              [
                105.541976,
                9.352479
              ],
              [
                105.542006,
                9.352482
              ],
              [
                105.542023,
                9.352485
              ],
              [
                105.542038,
                9.352489
              ],
              [
                105.542053,
                9.352493
              ],
              [
                105.542069,
                9.352498
              ],
              [
                105.542084,
                9.352501
              ],
              [
                105.542095,
                9.352503
              ],
              [
                105.542104,
                9.352506
              ],
              [
                105.542132,
                9.352516
              ],
              [
                105.542155,
                9.352526
              ],
              [
                105.542169,
                9.352534
              ],
              [
                105.542182,
                9.352543
              ],
              [
                105.542203,
                9.352557
              ],
              [
                105.542223,
                9.352571
              ],
              [
                105.542225,
                9.352572
              ],
              [
                105.542242,
                9.352585
              ],
              [
                105.542254,
                9.352597
              ],
              [
                105.542265,
                9.352613
              ],
              [
                105.54227,
                9.35262
              ],
              [
                105.542278,
                9.352632
              ],
              [
                105.542292,
                9.352652
              ],
              [
                105.542306,
                9.352673
              ],
              [
                105.542321,
                9.352697
              ],
              [
                105.542322,
                9.352698
              ],
              [
                105.542339,
                9.352726
              ],
              [
                105.542358,
                9.352755
              ],
              [
                105.54237,
                9.352776
              ],
              [
                105.542408,
                9.352818
              ],
              [
                105.542408,
                9.352819
              ],
              [
                105.542415,
                9.352861
              ],
              [
                105.542415,
                9.352881
              ],
              [
                105.542412,
                9.352912
              ],
              [
                105.542413,
                9.352958
              ],
              [
                105.54242,
                9.353008
              ],
              [
                105.54242,
                9.353008
              ],
              [
                105.542424,
                9.353041
              ],
              [
                105.542424,
                9.353057
              ],
              [
                105.542426,
                9.353072
              ],
              [
                105.542432,
                9.353095
              ],
              [
                105.542444,
                9.353139
              ],
              [
                105.54246,
                9.353199
              ],
              [
                105.542464,
                9.353212
              ],
              [
                105.542478,
                9.353261
              ],
              [
                105.542498,
                9.353333
              ],
              [
                105.54252,
                9.353417
              ],
              [
                105.542532,
                9.353463
              ],
              [
                105.542543,
                9.353506
              ],
              [
                105.542565,
                9.353604
              ],
              [
                105.542574,
                9.353649
              ],
              [
                105.542584,
                9.353707
              ],
              [
                105.542588,
                9.353728
              ],
              [
                105.5426,
                9.353805
              ],
              [
                105.542615,
                9.353902
              ],
              [
                105.542628,
                9.353994
              ],
              [
                105.542639,
                9.354068
              ],
              [
                105.542642,
                9.354093
              ],
              [
                105.542659,
                9.354207
              ],
              [
                105.542678,
                9.354327
              ],
              [
                105.542689,
                9.354395
              ],
              [
                105.5427,
                9.354464
              ],
              [
                105.542701,
                9.354468
              ],
              [
                105.542725,
                9.354613
              ],
              [
                105.542745,
                9.35473
              ],
              [
                105.542749,
                9.354758
              ],
              [
                105.542774,
                9.354904
              ],
              [
                105.542801,
                9.355052
              ],
              [
                105.542831,
                9.355202
              ],
              [
                105.54286,
                9.355344
              ],
              [
                105.542889,
                9.355485
              ],
              [
                105.542916,
                9.35562
              ],
              [
                105.542932,
                9.355712
              ],
              [
                105.542934,
                9.355724
              ],
              [
                105.542936,
                9.355733
              ],
              [
                105.542946,
                9.355803
              ],
              [
                105.542956,
                9.355873
              ],
              [
                105.542965,
                9.355931
              ],
              [
                105.542973,
                9.355973
              ],
              [
                105.542979,
                9.356006
              ],
              [
                105.542981,
                9.356014
              ],
              [
                105.542986,
                9.356037
              ],
              [
                105.542993,
                9.356068
              ],
              [
                105.543002,
                9.356097
              ],
              [
                105.543015,
                9.356131
              ],
              [
                105.543034,
                9.356174
              ],
              [
                105.54305,
                9.35621
              ],
              [
                105.543056,
                9.356221
              ],
              [
                105.543078,
                9.356269
              ],
              [
                105.543082,
                9.356277
              ],
              [
                105.5431,
                9.356316
              ],
              [
                105.543121,
                9.356364
              ],
              [
                105.543144,
                9.356415
              ],
              [
                105.543167,
                9.356467
              ],
              [
                105.543187,
                9.356512
              ],
              [
                105.54319,
                9.356518
              ],
              [
                105.543209,
                9.356564
              ],
              [
                105.543224,
                9.356604
              ],
              [
                105.543235,
                9.356643
              ],
              [
                105.543244,
                9.356683
              ],
              [
                105.543252,
                9.356723
              ],
              [
                105.543252,
                9.356723
              ],
              [
                105.54326,
                9.356767
              ],
              [
                105.543268,
                9.356819
              ],
              [
                105.543277,
                9.356875
              ],
              [
                105.543286,
                9.356932
              ],
              [
                105.543286,
                9.356934
              ],
              [
                105.543294,
                9.356987
              ],
              [
                105.543298,
                9.35702
              ],
              [
                105.5433,
                9.357036
              ],
              [
                105.543304,
                9.357083
              ],
              [
                105.543304,
                9.357088
              ],
              [
                105.543307,
                9.357126
              ],
              [
                105.543309,
                9.357159
              ],
              [
                105.543311,
                9.357194
              ],
              [
                105.543315,
                9.357242
              ],
              [
                105.54332,
                9.357278
              ],
              [
                105.543322,
                9.357294
              ],
              [
                105.543323,
                9.357306
              ],
              [
                105.543328,
                9.357338
              ],
              [
                105.543334,
                9.357381
              ],
              [
                105.543342,
                9.357427
              ],
              [
                105.543349,
                9.35746
              ],
              [
                105.54335,
                9.357468
              ],
              [
                105.543359,
                9.357506
              ],
              [
                105.543369,
                9.357542
              ],
              [
                105.54338,
                9.357576
              ],
              [
                105.54339,
                9.35761
              ],
              [
                105.543404,
                9.357651
              ],
              [
                105.543421,
                9.357696
              ],
              [
                105.543439,
                9.357741
              ],
              [
                105.543448,
                9.357762
              ],
              [
                105.543458,
                9.357786
              ],
              [
                105.543474,
                9.357829
              ],
              [
                105.543489,
                9.357875
              ],
              [
                105.543504,
                9.357923
              ],
              [
                105.543517,
                9.357968
              ],
              [
                105.543529,
                9.358016
              ],
              [
                105.543542,
                9.358067
              ],
              [
                105.543552,
                9.358112
              ],
              [
                105.543552,
                9.358112
              ],
              [
                105.543559,
                9.358152
              ],
              [
                105.543567,
                9.358194
              ],
              [
                105.543575,
                9.35824
              ],
              [
                105.543586,
                9.358303
              ],
              [
                105.543602,
                9.358394
              ],
              [
                105.54362,
                9.3585
              ],
              [
                105.543635,
                9.358593
              ],
              [
                105.543641,
                9.358637
              ],
              [
                105.543645,
                9.358668
              ],
              [
                105.543657,
                9.358747
              ],
              [
                105.543673,
                9.358837
              ],
              [
                105.543686,
                9.358915
              ],
              [
                105.543697,
                9.358976
              ],
              [
                105.543698,
                9.358981
              ],
              [
                105.543709,
                9.359041
              ],
              [
                105.54372,
                9.359101
              ],
              [
                105.543732,
                9.359162
              ],
              [
                105.543738,
                9.359187
              ],
              [
                105.543744,
                9.359218
              ],
              [
                105.543757,
                9.359269
              ],
              [
                105.543775,
                9.359334
              ],
              [
                105.543785,
                9.35937
              ],
              [
                105.543805,
                9.35944
              ],
              [
                105.543841,
                9.359574
              ],
              [
                105.543873,
                9.359692
              ],
              [
                105.543903,
                9.359803
              ],
              [
                105.543903,
                9.359804
              ],
              [
                105.543914,
                9.359848
              ],
              [
                105.543933,
                9.359921
              ],
              [
                105.543955,
                9.360015
              ],
              [
                105.54397,
                9.360083
              ],
              [
                105.543986,
                9.360161
              ],
              [
                105.544013,
                9.360289
              ],
              [
                105.544046,
                9.360455
              ],
              [
                105.544066,
                9.360553
              ],
              [
                105.544073,
                9.360587
              ],
              [
                105.54409,
                9.360676
              ],
              [
                105.544105,
                9.360762
              ],
              [
                105.544128,
                9.360889
              ],
              [
                105.544143,
                9.360971
              ],
              [
                105.544149,
                9.361002
              ],
              [
                105.54415,
                9.361008
              ],
              [
                105.544157,
                9.361049
              ],
              [
                105.544178,
                9.361174
              ],
              [
                105.544188,
                9.361246
              ],
              [
                105.544192,
                9.361282
              ],
              [
                105.544195,
                9.361307
              ],
              [
                105.544196,
                9.361318
              ],
              [
                105.544198,
                9.361341
              ],
              [
                105.544204,
                9.361385
              ],
              [
                105.544207,
                9.361417
              ],
              [
                105.54421,
                9.361434
              ],
              [
                105.544214,
                9.361456
              ],
              [
                105.544223,
                9.3615
              ],
              [
                105.544236,
                9.36156
              ],
              [
                105.544248,
                9.361617
              ],
              [
                105.544261,
                9.361675
              ],
              [
                105.544275,
                9.361736
              ],
              [
                105.544289,
                9.361792
              ],
              [
                105.544301,
                9.361844
              ],
              [
                105.544318,
                9.361911
              ],
              [
                105.544327,
                9.361953
              ],
              [
                105.544337,
                9.361998
              ],
              [
                105.544341,
                9.362016
              ],
              [
                105.544375,
                9.362178
              ],
              [
                105.544419,
                9.362379
              ],
              [
                105.544419,
                9.36238
              ],
              [
                105.544424,
                9.362402
              ],
              [
                105.544455,
                9.362544
              ],
              [
                105.544487,
                9.362687
              ],
              [
                105.544528,
                9.362871
              ],
              [
                105.544575,
                9.363088
              ],
              [
                105.544611,
                9.363254
              ],
              [
                105.544622,
                9.363304
              ],
              [
                105.544634,
                9.363354
              ],
              [
                105.544652,
                9.36343
              ],
              [
                105.544655,
                9.363444
              ],
              [
                105.544668,
                9.363494
              ],
              [
                105.544682,
                9.363543
              ],
              [
                105.544687,
                9.363561
              ],
              [
                105.544707,
                9.363636
              ],
              [
                105.544713,
                9.363657
              ],
              [
                105.544725,
                9.363698
              ],
              [
                105.544737,
                9.363743
              ],
              [
                105.544751,
                9.363795
              ],
              [
                105.544752,
                9.363801
              ],
              [
                105.54477,
                9.363875
              ],
              [
                105.544794,
                9.363974
              ],
              [
                105.544817,
                9.364074
              ],
              [
                105.544841,
                9.364176
              ],
              [
                105.544866,
                9.364284
              ],
              [
                105.544888,
                9.364395
              ],
              [
                105.544896,
                9.364436
              ],
              [
                105.544905,
                9.364484
              ],
              [
                105.54491,
                9.364511
              ],
              [
                105.54493,
                9.364633
              ],
              [
                105.544951,
                9.364756
              ],
              [
                105.544972,
                9.364882
              ],
              [
                105.544991,
                9.365002
              ],
              [
                105.545005,
                9.365089
              ],
              [
                105.545008,
                9.365105
              ],
              [
                105.545024,
                9.365208
              ],
              [
                105.545041,
                9.365321
              ],
              [
                105.545049,
                9.36538
              ],
              [
                105.545054,
                9.36542
              ],
              [
                105.545054,
                9.365421
              ],
              [
                105.545064,
                9.365492
              ],
              [
                105.545072,
                9.365557
              ],
              [
                105.545074,
                9.365569
              ],
              [
                105.54508,
                9.365621
              ],
              [
                105.545086,
                9.365665
              ],
              [
                105.545091,
                9.365701
              ],
              [
                105.545099,
                9.365759
              ],
              [
                105.545111,
                9.365838
              ],
              [
                105.54512,
                9.365904
              ],
              [
                105.545128,
                9.365957
              ],
              [
                105.54514,
                9.366023
              ],
              [
                105.545155,
                9.366107
              ],
              [
                105.545169,
                9.36617
              ],
              [
                105.54517,
                9.366176
              ],
              [
                105.54518,
                9.366216
              ],
              [
                105.545189,
                9.366249
              ],
              [
                105.545199,
                9.366284
              ],
              [
                105.545205,
                9.366306
              ],
              [
                105.545208,
                9.36632
              ],
              [
                105.545214,
                9.366341
              ],
              [
                105.545226,
                9.366385
              ],
              [
                105.54525,
                9.366461
              ],
              [
                105.545283,
                9.366553
              ],
              [
                105.545284,
                9.366557
              ],
              [
                105.545315,
                9.366644
              ],
              [
                105.54534,
                9.366719
              ],
              [
                105.545354,
                9.366764
              ],
              [
                105.545367,
                9.366805
              ],
              [
                105.545387,
                9.366872
              ],
              [
                105.545412,
                9.366957
              ],
              [
                105.545438,
                9.367048
              ],
              [
                105.545451,
                9.36709
              ],
              [
                105.545465,
                9.367138
              ],
              [
                105.545466,
                9.367141
              ],
              [
                105.545496,
                9.367239
              ],
              [
                105.545525,
                9.36734
              ],
              [
                105.545556,
                9.367442
              ],
              [
                105.545587,
                9.367544
              ],
              [
                105.545621,
                9.367646
              ],
              [
                105.545662,
                9.367759
              ],
              [
                105.545699,
                9.367866
              ],
              [
                105.545702,
                9.367873
              ],
              [
                105.545711,
                9.367901
              ],
              [
                105.545765,
                9.368055
              ],
              [
                105.545808,
                9.368179
              ],
              [
                105.545818,
                9.36821
              ],
              [
                105.545828,
                9.36824
              ],
              [
                105.545834,
                9.368257
              ],
              [
                105.545854,
                9.368315
              ],
              [
                105.545861,
                9.368335
              ],
              [
                105.545897,
                9.368441
              ],
              [
                105.545932,
                9.368552
              ],
              [
                105.545972,
                9.368678
              ],
              [
                105.546022,
                9.368836
              ],
              [
                105.54607,
                9.368981
              ],
              [
                105.546103,
                9.369081
              ],
              [
                105.546123,
                9.369138
              ],
              [
                105.54613,
                9.36916
              ],
              [
                105.54614,
                9.36919
              ],
              [
                105.546148,
                9.369212
              ],
              [
                105.546189,
                9.369332
              ],
              [
                105.546229,
                9.369441
              ],
              [
                105.546255,
                9.36951
              ],
              [
                105.54627,
                9.369546
              ],
              [
                105.546279,
                9.369567
              ],
              [
                105.546286,
                9.369582
              ],
              [
                105.546291,
                9.369596
              ],
              [
                105.546296,
                9.369608
              ],
              [
                105.546299,
                9.369619
              ],
              [
                105.546301,
                9.369626
              ],
              [
                105.546305,
                9.369643
              ],
              [
                105.546314,
                9.369673
              ],
              [
                105.546324,
                9.369703
              ],
              [
                105.546332,
                9.369727
              ],
              [
                105.546338,
                9.369747
              ],
              [
                105.546338,
                9.369748
              ],
              [
                105.546344,
                9.369771
              ],
              [
                105.546349,
                9.369792
              ],
              [
                105.546349,
                9.369793
              ],
              [
                105.546352,
                9.369807
              ],
              [
                105.546354,
                9.369818
              ],
              [
                105.546357,
                9.36983
              ],
              [
                105.546361,
                9.369841
              ],
              [
                105.546366,
                9.369853
              ],
              [
                105.546373,
                9.369863
              ],
              [
                105.546379,
                9.369873
              ],
              [
                105.546379,
                9.369875
              ],
              [
                105.546384,
                9.369889
              ],
              [
                105.546386,
                9.369895
              ],
              [
                105.546399,
                9.369933
              ],
              [
                105.546415,
                9.369981
              ],
              [
                105.546432,
                9.37003
              ],
              [
                105.546439,
                9.370049
              ],
              [
                105.546448,
                9.370073
              ],
              [
                105.546467,
                9.370125
              ],
              [
                105.546515,
                9.370265
              ],
              [
                105.546583,
                9.370468
              ],
              [
                105.546621,
                9.370581
              ],
              [
                105.546634,
                9.37062
              ],
              [
                105.546638,
                9.370632
              ],
              [
                105.546766,
                9.371015
              ],
              [
                105.546766,
                9.371017
              ],
              [
                105.546913,
                9.371456
              ],
              [
                105.547027,
                9.371801
              ],
              [
                105.547083,
                9.37197
              ],
              [
                105.547107,
                9.372045
              ],
              [
                105.547138,
                9.372138
              ],
              [
                105.547163,
                9.372211
              ],
              [
                105.547187,
                9.372282
              ],
              [
                105.547261,
                9.372503
              ],
              [
                105.547275,
                9.372546
              ],
              [
                105.547334,
                9.372726
              ],
              [
                105.547334,
                9.372726
              ],
              [
                105.547349,
                9.372772
              ],
              [
                105.547415,
                9.37297
              ],
              [
                105.547446,
                9.373065
              ],
              [
                105.547447,
                9.373067
              ],
              [
                105.547448,
                9.37307
              ],
              [
                105.547467,
                9.373138
              ],
              [
                105.547492,
                9.373228
              ],
              [
                105.547517,
                9.373322
              ],
              [
                105.547537,
                9.373395
              ],
              [
                105.547555,
                9.373449
              ],
              [
                105.547574,
                9.373491
              ],
              [
                105.547621,
                9.373648
              ],
              [
                105.547725,
                9.373989
              ],
              [
                105.547731,
                9.374007
              ],
              [
                105.547745,
                9.374057
              ],
              [
                105.547757,
                9.3741
              ],
              [
                105.547775,
                9.37416
              ],
              [
                105.547804,
                9.374262
              ],
              [
                105.547822,
                9.374324
              ],
              [
                105.547866,
                9.374474
              ],
              [
                105.547909,
                9.374617
              ],
              [
                105.547946,
                9.374734
              ],
              [
                105.547974,
                9.374817
              ],
              [
                105.548,
                9.374893
              ],
              [
                105.548028,
                9.374975
              ],
              [
                105.548051,
                9.375041
              ],
              [
                105.548065,
                9.375083
              ],
              [
                105.548074,
                9.375108
              ],
              [
                105.548082,
                9.375132
              ],
              [
                105.548083,
                9.375135
              ],
              [
                105.548091,
                9.375158
              ],
              [
                105.548103,
                9.375192
              ],
              [
                105.548109,
                9.375209
              ],
              [
                105.548132,
                9.375273
              ],
              [
                105.548153,
                9.375331
              ],
              [
                105.548163,
                9.375358
              ],
              [
                105.54817,
                9.375375
              ],
              [
                105.548179,
                9.375397
              ],
              [
                105.548199,
                9.375454
              ],
              [
                105.548238,
                9.375564
              ],
              [
                105.548281,
                9.375697
              ],
              [
                105.548283,
                9.375702
              ],
              [
                105.54832,
                9.375823
              ],
              [
                105.548357,
                9.375945
              ],
              [
                105.548393,
                9.376061
              ],
              [
                105.548435,
                9.376193
              ],
              [
                105.548484,
                9.37634
              ],
              [
                105.54852,
                9.376446
              ],
              [
                105.548536,
                9.37649
              ],
              [
                105.548543,
                9.376506
              ],
              [
                105.548548,
                9.376516
              ],
              [
                105.548553,
                9.376525
              ],
              [
                105.548558,
                9.376534
              ],
              [
                105.548563,
                9.376547
              ],
              [
                105.548571,
                9.376567
              ],
              [
                105.548581,
                9.376593
              ],
              [
                105.548594,
                9.376633
              ],
              [
                105.548597,
                9.376644
              ],
              [
                105.548619,
                9.376709
              ],
              [
                105.548654,
                9.376812
              ],
              [
                105.548676,
                9.376878
              ],
              [
                105.548682,
                9.376901
              ],
              [
                105.548688,
                9.37692
              ],
              [
                105.548706,
                9.376985
              ],
              [
                105.548734,
                9.377084
              ],
              [
                105.548767,
                9.377201
              ],
              [
                105.54879,
                9.377289
              ],
              [
                105.548794,
                9.377302
              ],
              [
                105.548811,
                9.37737
              ],
              [
                105.548822,
                9.377414
              ],
              [
                105.548839,
                9.377472
              ],
              [
                105.548861,
                9.377547
              ],
              [
                105.548869,
                9.377572
              ],
              [
                105.548907,
                9.377701
              ],
              [
                105.548948,
                9.377844
              ],
              [
                105.548975,
                9.37794
              ],
              [
                105.548979,
                9.377955
              ],
              [
                105.549005,
                9.378044
              ],
              [
                105.54904,
                9.378167
              ],
              [
                105.54904,
                9.378168
              ],
              [
                105.54909,
                9.378338
              ],
              [
                105.549115,
                9.378426
              ],
              [
                105.549124,
                9.378457
              ],
              [
                105.549138,
                9.378504
              ],
              [
                105.549179,
                9.378641
              ],
              [
                105.54921,
                9.378748
              ],
              [
                105.549211,
                9.378751
              ],
              [
                105.549232,
                9.37882
              ],
              [
                105.549248,
                9.378878
              ],
              [
                105.549262,
                9.378936
              ],
              [
                105.549277,
                9.379002
              ],
              [
                105.549292,
                9.379063
              ],
              [
                105.549306,
                9.379117
              ],
              [
                105.54932,
                9.379185
              ],
              [
                105.549336,
                9.379266
              ],
              [
                105.549344,
                9.379307
              ],
              [
                105.549352,
                9.379347
              ],
              [
                105.549359,
                9.379391
              ],
              [
                105.549366,
                9.379432
              ],
              [
                105.549382,
                9.379527
              ],
              [
                105.549387,
                9.379555
              ],
              [
                105.54939,
                9.379574
              ],
              [
                105.549397,
                9.379621
              ],
              [
                105.54941,
                9.379702
              ],
              [
                105.549411,
                9.379707
              ],
              [
                105.549419,
                9.379758
              ],
              [
                105.549424,
                9.379795
              ],
              [
                105.549425,
                9.379798
              ],
              [
                105.549428,
                9.379821
              ],
              [
                105.549431,
                9.379845
              ],
              [
                105.549434,
                9.379869
              ],
              [
                105.549437,
                9.379889
              ],
              [
                105.54944,
                9.379909
              ],
              [
                105.549443,
                9.379929
              ],
              [
                105.549445,
                9.379943
              ],
              [
                105.549448,
                9.379954
              ],
              [
                105.549451,
                9.379965
              ],
              [
                105.549454,
                9.379975
              ],
              [
                105.549458,
                9.379985
              ],
              [
                105.549463,
                9.38
              ],
              [
                105.549469,
                9.380016
              ],
              [
                105.549475,
                9.380029
              ],
              [
                105.549479,
                9.380038
              ],
              [
                105.549482,
                9.380046
              ],
              [
                105.549487,
                9.380054
              ],
              [
                105.549493,
                9.380065
              ],
              [
                105.549499,
                9.380073
              ],
              [
                105.549501,
                9.380077
              ],
              [
                105.549502,
                9.380078
              ],
              [
                105.549508,
                9.380083
              ],
              [
                105.549515,
                9.380089
              ],
              [
                105.549521,
                9.380094
              ],
              [
                105.549532,
                9.380102
              ],
              [
                105.549546,
                9.380111
              ],
              [
                105.54956,
                9.38012
              ],
              [
                105.549575,
                9.380128
              ],
              [
                105.549589,
                9.38014
              ],
              [
                105.549604,
                9.380153
              ],
              [
                105.54962,
                9.380166
              ],
              [
                105.549636,
                9.380174
              ],
              [
                105.549733,
                9.380248
              ],
              [
                105.549751,
                9.380258
              ],
              [
                105.549788,
                9.380279
              ],
              [
                105.549794,
                9.380282
              ],
              [
                105.549803,
                9.380277
              ],
              [
                105.54982,
                9.380262
              ],
              [
                105.549827,
                9.380254
              ],
              [
                105.549836,
                9.380243
              ],
              [
                105.549836,
                9.380242
              ],
              [
                105.549848,
                9.380227
              ],
              [
                105.549851,
                9.380225
              ],
              [
                105.549857,
                9.380218
              ],
              [
                105.549859,
                9.380215
              ],
              [
                105.549871,
                9.3802
              ],
              [
                105.549876,
                9.380193
              ],
              [
                105.549881,
                9.380185
              ],
              [
                105.549892,
                9.38017
              ],
              [
                105.549893,
                9.380169
              ],
              [
                105.54991,
                9.380145
              ],
              [
                105.549915,
                9.380138
              ],
              [
                105.549928,
                9.38012
              ],
              [
                105.54994,
                9.380106
              ],
              [
                105.549948,
                9.380101
              ],
              [
                105.549951,
                9.380098
              ],
              [
                105.549952,
                9.380098
              ],
              [
                105.549953,
                9.380096
              ],
              [
                105.549965,
                9.380083
              ],
              [
                105.549965,
                9.380083
              ],
              [
                105.549978,
                9.380068
              ],
              [
                105.549979,
                9.380068
              ],
              [
                105.54999,
                9.380055
              ],
              [
                105.550004,
                9.380043
              ],
              [
                105.55003,
                9.380019
              ],
              [
                105.550084,
                9.379967
              ],
              [
                105.550088,
                9.379963
              ],
              [
                105.550159,
                9.379885
              ],
              [
                105.550268,
                9.379755
              ],
              [
                105.550419,
                9.37957
              ],
              [
                105.550469,
                9.379507
              ],
              [
                105.550541,
                9.379418
              ],
              [
                105.550549,
                9.379408
              ],
              [
                105.550591,
                9.379357
              ],
              [
                105.550766,
                9.37914
              ],
              [
                105.550937,
                9.378934
              ],
              [
                105.551103,
                9.378739
              ],
              [
                105.551269,
                9.378549
              ],
              [
                105.551294,
                9.378521
              ],
              [
                105.551436,
                9.378356
              ],
              [
                105.551613,
                9.378147
              ],
              [
                105.551722,
                9.378013
              ],
              [
                105.551801,
                9.377915
              ],
              [
                105.551946,
                9.377734
              ],
              [
                105.551994,
                9.377673
              ],
              [
                105.552181,
                9.377439
              ],
              [
                105.552207,
                9.377406
              ],
              [
                105.552331,
                9.37725
              ],
              [
                105.552433,
                9.377125
              ],
              [
                105.552529,
                9.377009
              ],
              [
                105.552639,
                9.376877
              ],
              [
                105.55273,
                9.376768
              ],
              [
                105.552794,
                9.376691
              ],
              [
                105.552834,
                9.376643
              ],
              [
                105.553015,
                9.376428
              ],
              [
                105.553118,
                9.376307
              ],
              [
                105.553246,
                9.376155
              ],
              [
                105.553463,
                9.375896
              ],
              [
                105.553558,
                9.375782
              ],
              [
                105.553675,
                9.375644
              ],
              [
                105.553883,
                9.375397
              ],
              [
                105.554038,
                9.375211
              ],
              [
                105.554164,
                9.375059
              ],
              [
                105.554208,
                9.375008
              ],
              [
                105.554313,
                9.374885
              ],
              [
                105.55448,
                9.374692
              ],
              [
                105.554639,
                9.374506
              ],
              [
                105.554787,
                9.374338
              ],
              [
                105.554957,
                9.374131
              ],
              [
                105.554974,
                9.374111
              ],
              [
                105.555001,
                9.374078
              ],
              [
                105.555074,
                9.373989
              ],
              [
                105.555211,
                9.373821
              ],
              [
                105.555516,
                9.373451
              ],
              [
                105.555637,
                9.3733
              ],
              [
                105.55577,
                9.373135
              ],
              [
                105.555923,
                9.372946
              ],
              [
                105.556078,
                9.372759
              ],
              [
                105.556199,
                9.372614
              ],
              [
                105.556315,
                9.372478
              ],
              [
                105.556435,
                9.372335
              ],
              [
                105.556518,
                9.372236
              ],
              [
                105.556562,
                9.372182
              ],
              [
                105.556591,
                9.372146
              ],
              [
                105.556614,
                9.372113
              ],
              [
                105.556637,
                9.372078
              ],
              [
                105.556637,
                9.372078
              ],
              [
                105.556668,
                9.372036
              ],
              [
                105.556734,
                9.371954
              ],
              [
                105.556742,
                9.371945
              ],
              [
                105.556886,
                9.371773
              ],
              [
                105.557048,
                9.371584
              ],
              [
                105.55707,
                9.371557
              ],
              [
                105.557262,
                9.371333
              ],
              [
                105.557341,
                9.371243
              ],
              [
                105.55745,
                9.371115
              ],
              [
                105.557511,
                9.371044
              ],
              [
                105.557636,
                9.370898
              ],
              [
                105.557825,
                9.370673
              ],
              [
                105.558025,
                9.370432
              ],
              [
                105.558275,
                9.370128
              ],
              [
                105.558409,
                9.369963
              ],
              [
                105.558436,
                9.369931
              ],
              [
                105.558604,
                9.369724
              ],
              [
                105.55898,
                9.369262
              ],
              [
                105.559202,
                9.36899
              ],
              [
                105.55935,
                9.368808
              ],
              [
                105.559646,
                9.368446
              ],
              [
                105.559821,
                9.368234
              ],
              [
                105.559923,
                9.368112
              ],
              [
                105.560005,
                9.368015
              ],
              [
                105.56007,
                9.367938
              ],
              [
                105.560107,
                9.367893
              ],
              [
                105.560134,
                9.367857
              ],
              [
                105.560176,
                9.367797
              ],
              [
                105.56026,
                9.367685
              ],
              [
                105.560373,
                9.367537
              ],
              [
                105.560393,
                9.36751
              ],
              [
                105.560447,
                9.367436
              ],
              [
                105.560452,
                9.367429
              ],
              [
                105.56049,
                9.367372
              ],
              [
                105.560514,
                9.36734
              ],
              [
                105.560536,
                9.367318
              ],
              [
                105.560543,
                9.367312
              ],
              [
                105.56056,
                9.367299
              ],
              [
                105.560588,
                9.367278
              ],
              [
                105.560629,
                9.367241
              ],
              [
                105.560711,
                9.36715
              ],
              [
                105.56083,
                9.367005
              ],
              [
                105.560926,
                9.366881
              ],
              [
                105.560985,
                9.366798
              ],
              [
                105.561025,
                9.366741
              ],
              [
                105.561049,
                9.366707
              ],
              [
                105.561051,
                9.366704
              ],
              [
                105.561065,
                9.366682
              ],
              [
                105.561085,
                9.366651
              ],
              [
                105.56111,
                9.366612
              ],
              [
                105.561128,
                9.366581
              ],
              [
                105.561135,
                9.366564
              ],
              [
                105.561136,
                9.366561
              ],
              [
                105.561138,
                9.366558
              ],
              [
                105.561154,
                9.366526
              ],
              [
                105.561187,
                9.366475
              ],
              [
                105.56123,
                9.366411
              ],
              [
                105.561231,
                9.366409
              ],
              [
                105.561267,
                9.36636
              ],
              [
                105.561293,
                9.366328
              ],
              [
                105.561322,
                9.366294
              ],
              [
                105.561354,
                9.366252
              ],
              [
                105.561378,
                9.366221
              ],
              [
                105.561397,
                9.36619
              ],
              [
                105.561405,
                9.366178
              ],
              [
                105.561425,
                9.366142
              ],
              [
                105.561463,
                9.366079
              ],
              [
                105.561534,
                9.365984
              ],
              [
                105.561634,
                9.365858
              ],
              [
                105.561701,
                9.365775
              ],
              [
                105.561742,
                9.365726
              ],
              [
                105.561834,
                9.365616
              ],
              [
                105.561856,
                9.36559
              ],
              [
                105.562043,
                9.365367
              ],
              [
                105.562365,
                9.364981
              ],
              [
                105.562687,
                9.364599
              ],
              [
                105.562736,
                9.36454
              ],
              [
                105.563055,
                9.364162
              ],
              [
                105.563074,
                9.364139
              ],
              [
                105.563097,
                9.364112
              ],
              [
                105.563124,
                9.36408
              ],
              [
                105.563382,
                9.363776
              ],
              [
                105.563685,
                9.36342
              ],
              [
                105.563906,
                9.363162
              ],
              [
                105.564026,
                9.363022
              ],
              [
                105.564123,
                9.3629
              ],
              [
                105.564177,
                9.362829
              ],
              [
                105.564266,
                9.36271
              ],
              [
                105.564449,
                9.362466
              ],
              [
                105.564626,
                9.362232
              ],
              [
                105.564808,
                9.361998
              ],
              [
                105.565005,
                9.36175
              ],
              [
                105.565154,
                9.361562
              ],
              [
                105.565164,
                9.361549
              ],
              [
                105.565282,
                9.361396
              ],
              [
                105.565393,
                9.361247
              ],
              [
                105.565514,
                9.361088
              ],
              [
                105.565664,
                9.360895
              ],
              [
                105.565692,
                9.360859
              ],
              [
                105.565756,
                9.360776
              ],
              [
                105.565838,
                9.360669
              ],
              [
                105.565888,
                9.360606
              ],
              [
                105.566031,
                9.360426
              ],
              [
                105.566079,
                9.360366
              ],
              [
                105.566147,
                9.360282
              ],
              [
                105.566207,
                9.360209
              ],
              [
                105.566316,
                9.360071
              ],
              [
                105.566356,
                9.360016
              ],
              [
                105.566368,
                9.359999
              ],
              [
                105.566394,
                9.359959
              ],
              [
                105.566408,
                9.359935
              ],
              [
                105.56642,
                9.359917
              ],
              [
                105.566451,
                9.359881
              ],
              [
                105.566469,
                9.359859
              ],
              [
                105.566529,
                9.359788
              ],
              [
                105.566536,
                9.35978
              ],
              [
                105.566653,
                9.35964
              ],
              [
                105.566662,
                9.359629
              ],
              [
                105.566691,
                9.359594
              ],
              [
                105.566751,
                9.359522
              ],
              [
                105.566789,
                9.359472
              ],
              [
                105.566802,
                9.359454
              ],
              [
                105.566814,
                9.359436
              ],
              [
                105.566843,
                9.359395
              ],
              [
                105.566877,
                9.35935
              ],
              [
                105.566913,
                9.35931
              ],
              [
                105.566954,
                9.359267
              ],
              [
                105.566955,
                9.359265
              ],
              [
                105.567041,
                9.359164
              ],
              [
                105.567076,
                9.359121
              ],
              [
                105.567173,
                9.359003
              ],
              [
                105.567272,
                9.358887
              ],
              [
                105.567347,
                9.3588
              ],
              [
                105.567458,
                9.358664
              ],
              [
                105.567627,
                9.358456
              ],
              [
                105.567831,
                9.358201
              ],
              [
                105.567884,
                9.358135
              ],
              [
                105.568009,
                9.357978
              ],
              [
                105.568143,
                9.357812
              ],
              [
                105.568266,
                9.357659
              ],
              [
                105.568391,
                9.357503
              ],
              [
                105.568511,
                9.357354
              ],
              [
                105.568629,
                9.357206
              ],
              [
                105.56875,
                9.357054
              ],
              [
                105.568882,
                9.356887
              ],
              [
                105.568919,
                9.35684
              ],
              [
                105.568996,
                9.356743
              ],
              [
                105.569066,
                9.356655
              ],
              [
                105.569132,
                9.356572
              ],
              [
                105.569217,
                9.356463
              ],
              [
                105.569287,
                9.356374
              ],
              [
                105.569334,
                9.356315
              ],
              [
                105.56938,
                9.356257
              ],
              [
                105.569454,
                9.356163
              ],
              [
                105.56955,
                9.356043
              ],
              [
                105.569614,
                9.355966
              ],
              [
                105.569618,
                9.355963
              ],
              [
                105.569649,
                9.355929
              ],
              [
                105.569683,
                9.355894
              ],
              [
                105.569714,
                9.355859
              ],
              [
                105.569735,
                9.355832
              ],
              [
                105.569771,
                9.355786
              ],
              [
                105.569813,
                9.355732
              ],
              [
                105.569856,
                9.355677
              ],
              [
                105.569937,
                9.355575
              ],
              [
                105.569979,
                9.355523
              ],
              [
                105.570086,
                9.35539
              ],
              [
                105.570166,
                9.35529
              ],
              [
                105.570235,
                9.355205
              ],
              [
                105.570302,
                9.355124
              ],
              [
                105.570348,
                9.355067
              ],
              [
                105.570362,
                9.355051
              ],
              [
                105.570417,
                9.354987
              ],
              [
                105.57047,
                9.354924
              ],
              [
                105.570521,
                9.354865
              ],
              [
                105.57056,
                9.354817
              ],
              [
                105.570583,
                9.354786
              ],
              [
                105.570602,
                9.354758
              ],
              [
                105.57063,
                9.354719
              ],
              [
                105.570659,
                9.354681
              ],
              [
                105.570674,
                9.354664
              ],
              [
                105.570689,
                9.354646
              ],
              [
                105.570748,
                9.354578
              ],
              [
                105.570822,
                9.35449
              ],
              [
                105.57084,
                9.354467
              ],
              [
                105.570916,
                9.354376
              ],
              [
                105.570983,
                9.354292
              ],
              [
                105.57109,
                9.354162
              ],
              [
                105.57123,
                9.353991
              ],
              [
                105.571373,
                9.353811
              ],
              [
                105.571534,
                9.353602
              ],
              [
                105.571716,
                9.353362
              ],
              [
                105.571817,
                9.353231
              ],
              [
                105.571886,
                9.35314
              ],
              [
                105.571999,
                9.352997
              ],
              [
                105.572057,
                9.352923
              ],
              [
                105.572117,
                9.352847
              ],
              [
                105.572245,
                9.352685
              ],
              [
                105.572305,
                9.352609
              ],
              [
                105.572439,
                9.352441
              ],
              [
                105.572439,
                9.352441
              ]
            ]
          ]
        ]
      },
      "properties": {
        "code": "31918",
        "name": "Vĩnh Mỹ",
        "nameEn": "Vinh My",
        "fullName": "Xã Vĩnh Mỹ",
        "fullNameEn": "Vinh My Commune",
        "codeName": "vinh_my",
        "postalCode": "97714",
        "postalCodePrefix": "",
        "gisServerId": "diaphanhanhchinhcapxa_2025.154",
        "areaKm2": 40.72
      }
    }
  ]
}