{
  "type": "FeatureCollection",
  "bbox": [
    104.851105,
    8.812064,
    105.01299,
    8.932089
  ],
  "features": [
    {
      "type": "Feature",
      "id": "32227",
      "bbox": [
        104.851105,
        8.812064,
        105.01299,
        8.932089
      ],
      "geometry": {
        "type": "MultiPolygon",
        "coordinates": [
          [
            [
              [
                104.920908,
                8.919858
              ],
              [
                104.921057,
                8.919854
              ],
              [
                104.921298,
                8.91987
              ],
              [
                104.921338,
                8.919862
              ],
              [
                104.921425,
                8.919844
              ],
              [
                104.921451,
                8.919839
              ],
              [
                104.921507,
                8.919823
              ],
              [
                104.921876,
                8.919714
              ],
              [
                104.921972,
                8.919684
              ],
              [
                104.922132,
                8.919634
              ],
              [
                104.922237,
                8.919623
              ],
              [
                104.922281,
                8.919619
              ],
              [
                104.922361,
                8.919632
              ],
              [
                104.922428,
                8.919643
              ],
              [
                104.922445,
                8.919645
              ],
              [
                104.922461,
                8.919653
              ],
              [
                104.922495,
                8.91967
              ],
              [
                104.922645,
                8.919745
              ],
              [
                104.922682,
                8.919763
              ],
              [
                104.922756,
                8.919853
              ],
              [
                104.922782,
                8.919885
              ],
              [
                104.922915,
                8.919962
              ],
              [
                104.922946,
                8.91998
              ],
              [
                104.923115,
                8.919969
              ],
              [
                104.92315,
                8.919942
              ],
              [
                104.923256,
                8.919862
              ],
              [
                104.92332,
                8.919762
              ],
              [
                104.923432,
                8.919585
              ],
              [
                104.923507,
                8.919497
              ],
              [
                104.923589,
                8.919402
              ],
              [
                104.923632,
                8.919359
              ],
              [
                104.92365,
                8.919341
              ],
              [
                104.923711,
                8.919334
              ],
              [
                104.923795,
                8.919368
              ],
              [
                104.92388,
                8.919414
              ],
              [
                104.92392,
                8.919415
              ],
              [
                104.923987,
                8.919418
              ],
              [
                104.924052,
                8.91938
              ],
              [
                104.924098,
                8.919246
              ],
              [
                104.924103,
                8.91922
              ],
              [
                104.924128,
                8.919079
              ],
              [
                104.924201,
                8.918855
              ],
              [
                104.924205,
                8.918837
              ],
              [
                104.924211,
                8.918809
              ],
              [
                104.924239,
                8.918684
              ],
              [
                104.924274,
                8.918376
              ],
              [
                104.924331,
                8.918288
              ],
              [
                104.924465,
                8.918178
              ],
              [
                104.924491,
                8.918154
              ],
              [
                104.924587,
                8.918064
              ],
              [
                104.924607,
                8.918012
              ],
              [
                104.924611,
                8.918002
              ],
              [
                104.924641,
                8.917923
              ],
              [
                104.924677,
                8.917782
              ],
              [
                104.924729,
                8.917577
              ],
              [
                104.92489,
                8.917235
              ],
              [
                104.924892,
                8.917231
              ],
              [
                104.924901,
                8.917213
              ],
              [
                104.924912,
                8.917194
              ],
              [
                104.92505,
                8.916934
              ],
              [
                104.925147,
                8.91678
              ],
              [
                104.925252,
                8.916613
              ],
              [
                104.925304,
                8.916531
              ],
              [
                104.925354,
                8.916451
              ],
              [
                104.925417,
                8.916464
              ],
              [
                104.925504,
                8.916479
              ],
              [
                104.925566,
                8.916489
              ],
              [
                104.925597,
                8.916493
              ],
              [
                104.925631,
                8.916495
              ],
              [
                104.925705,
                8.9165
              ],
              [
                104.925809,
                8.916508
              ],
              [
                104.925921,
                8.916517
              ],
              [
                104.926036,
                8.91653
              ],
              [
                104.926146,
                8.916549
              ],
              [
                104.926246,
                8.916577
              ],
              [
                104.926338,
                8.916618
              ],
              [
                104.926428,
                8.916669
              ],
              [
                104.926517,
                8.916722
              ],
              [
                104.9266,
                8.91678
              ],
              [
                104.926669,
                8.91684
              ],
              [
                104.926723,
                8.916893
              ],
              [
                104.926765,
                8.916941
              ],
              [
                104.92679,
                8.916977
              ],
              [
                104.926869,
                8.917076
              ],
              [
                104.926877,
                8.917096
              ],
              [
                104.926906,
                8.917174
              ],
              [
                104.926923,
                8.917228
              ],
              [
                104.926953,
                8.917309
              ],
              [
                104.926985,
                8.917396
              ],
              [
                104.92699,
                8.917412
              ],
              [
                104.927017,
                8.917489
              ],
              [
                104.927044,
                8.917591
              ],
              [
                104.927064,
                8.917697
              ],
              [
                104.927084,
                8.917803
              ],
              [
                104.927108,
                8.917911
              ],
              [
                104.927137,
                8.918017
              ],
              [
                104.927167,
                8.918121
              ],
              [
                104.927198,
                8.918224
              ],
              [
                104.927232,
                8.918324
              ],
              [
                104.927272,
                8.918418
              ],
              [
                104.927317,
                8.918508
              ],
              [
                104.927363,
                8.918595
              ],
              [
                104.927415,
                8.918676
              ],
              [
                104.927476,
                8.918748
              ],
              [
                104.927543,
                8.918814
              ],
              [
                104.927611,
                8.918879
              ],
              [
                104.927675,
                8.918938
              ],
              [
                104.927734,
                8.918986
              ],
              [
                104.927799,
                8.919028
              ],
              [
                104.927882,
                8.919067
              ],
              [
                104.927973,
                8.919104
              ],
              [
                104.928036,
                8.919129
              ],
              [
                104.928191,
                8.919187
              ],
              [
                104.928276,
                8.919191
              ],
              [
                104.928323,
                8.919192
              ],
              [
                104.928392,
                8.919185
              ],
              [
                104.928472,
                8.919171
              ],
              [
                104.928568,
                8.919152
              ],
              [
                104.928698,
                8.919115
              ],
              [
                104.928878,
                8.919058
              ],
              [
                104.928899,
                8.919051
              ],
              [
                104.929083,
                8.918993
              ],
              [
                104.929292,
                8.918927
              ],
              [
                104.929493,
                8.918866
              ],
              [
                104.929686,
                8.918811
              ],
              [
                104.929815,
                8.918776
              ],
              [
                104.929879,
                8.918759
              ],
              [
                104.930066,
                8.918706
              ],
              [
                104.930234,
                8.918654
              ],
              [
                104.930365,
                8.918601
              ],
              [
                104.930473,
                8.918549
              ],
              [
                104.930577,
                8.918495
              ],
              [
                104.930686,
                8.918435
              ],
              [
                104.93081,
                8.918362
              ],
              [
                104.930946,
                8.918277
              ],
              [
                104.931076,
                8.918196
              ],
              [
                104.931166,
                8.918137
              ],
              [
                104.931204,
                8.918113
              ],
              [
                104.931338,
                8.918023
              ],
              [
                104.931463,
                8.917931
              ],
              [
                104.931582,
                8.91783
              ],
              [
                104.931704,
                8.917719
              ],
              [
                104.93173,
                8.917695
              ],
              [
                104.931825,
                8.917606
              ],
              [
                104.931936,
                8.917489
              ],
              [
                104.932028,
                8.917373
              ],
              [
                104.932107,
                8.917257
              ],
              [
                104.93218,
                8.917142
              ],
              [
                104.932244,
                8.917028
              ],
              [
                104.932291,
                8.916913
              ],
              [
                104.932323,
                8.916809
              ],
              [
                104.932327,
                8.916797
              ],
              [
                104.93236,
                8.91668
              ],
              [
                104.932392,
                8.916564
              ],
              [
                104.932423,
                8.916459
              ],
              [
                104.932449,
                8.916378
              ],
              [
                104.932466,
                8.916329
              ],
              [
                104.932512,
                8.916182
              ],
              [
                104.932594,
                8.916095
              ],
              [
                104.9326,
                8.916092
              ],
              [
                104.932618,
                8.916082
              ],
              [
                104.932658,
                8.916058
              ],
              [
                104.932717,
                8.916018
              ],
              [
                104.93279,
                8.915975
              ],
              [
                104.932872,
                8.915954
              ],
              [
                104.932874,
                8.915953
              ],
              [
                104.932879,
                8.915953
              ],
              [
                104.932963,
                8.915954
              ],
              [
                104.933062,
                8.915968
              ],
              [
                104.93317,
                8.915989
              ],
              [
                104.933282,
                8.916014
              ],
              [
                104.933401,
                8.916055
              ],
              [
                104.933413,
                8.916059
              ],
              [
                104.933596,
                8.916146
              ],
              [
                104.933819,
                8.916261
              ],
              [
                104.934003,
                8.916365
              ],
              [
                104.934023,
                8.916377
              ],
              [
                104.934152,
                8.916456
              ],
              [
                104.934337,
                8.916556
              ],
              [
                104.93456,
                8.916659
              ],
              [
                104.934738,
                8.916729
              ],
              [
                104.934849,
                8.916768
              ],
              [
                104.934919,
                8.916793
              ],
              [
                104.934982,
                8.916811
              ],
              [
                104.935066,
                8.916818
              ],
              [
                104.935082,
                8.916818
              ],
              [
                104.935165,
                8.916816
              ],
              [
                104.935252,
                8.916812
              ],
              [
                104.935321,
                8.916802
              ],
              [
                104.935398,
                8.916782
              ],
              [
                104.935498,
                8.916749
              ],
              [
                104.935606,
                8.9167
              ],
              [
                104.935712,
                8.916641
              ],
              [
                104.93582,
                8.916576
              ],
              [
                104.935927,
                8.916508
              ],
              [
                104.936031,
                8.916441
              ],
              [
                104.936119,
                8.916379
              ],
              [
                104.936145,
                8.91636
              ],
              [
                104.936187,
                8.91633
              ],
              [
                104.936243,
                8.91629
              ],
              [
                104.936298,
                8.916249
              ],
              [
                104.936354,
                8.916203
              ],
              [
                104.936411,
                8.916156
              ],
              [
                104.936465,
                8.916124
              ],
              [
                104.936518,
                8.916093
              ],
              [
                104.936553,
                8.916067
              ],
              [
                104.936576,
                8.91605
              ],
              [
                104.936643,
                8.916016
              ],
              [
                104.936724,
                8.916003
              ],
              [
                104.936803,
                8.916005
              ],
              [
                104.936866,
                8.916022
              ],
              [
                104.936926,
                8.91605
              ],
              [
                104.936991,
                8.916086
              ],
              [
                104.937059,
                8.916126
              ],
              [
                104.937131,
                8.916174
              ],
              [
                104.937198,
                8.916224
              ],
              [
                104.93725,
                8.916268
              ],
              [
                104.937302,
                8.916312
              ],
              [
                104.937467,
                8.916453
              ],
              [
                104.937599,
                8.916516
              ],
              [
                104.93772,
                8.916575
              ],
              [
                104.937889,
                8.916626
              ],
              [
                104.937896,
                8.91649
              ],
              [
                104.9379,
                8.916382
              ],
              [
                104.9379,
                8.916268
              ],
              [
                104.9379,
                8.916215
              ],
              [
                104.9379,
                8.916159
              ],
              [
                104.937905,
                8.91608
              ],
              [
                104.937917,
                8.915999
              ],
              [
                104.937932,
                8.915904
              ],
              [
                104.937949,
                8.915804
              ],
              [
                104.937967,
                8.915708
              ],
              [
                104.937981,
                8.915643
              ],
              [
                104.938012,
                8.915507
              ],
              [
                104.938065,
                8.915431
              ],
              [
                104.938087,
                8.915401
              ],
              [
                104.93812,
                8.915358
              ],
              [
                104.938156,
                8.915317
              ],
              [
                104.938199,
                8.91528
              ],
              [
                104.938267,
                8.915245
              ],
              [
                104.938376,
                8.915205
              ],
              [
                104.938512,
                8.91516
              ],
              [
                104.938658,
                8.915114
              ],
              [
                104.938829,
                8.91507
              ],
              [
                104.939032,
                8.91503
              ],
              [
                104.939251,
                8.914993
              ],
              [
                104.939469,
                8.914958
              ],
              [
                104.939667,
                8.914927
              ],
              [
                104.939845,
                8.914898
              ],
              [
                104.940017,
                8.914868
              ],
              [
                104.940189,
                8.914838
              ],
              [
                104.940364,
                8.914807
              ],
              [
                104.940531,
                8.914774
              ],
              [
                104.940686,
                8.914743
              ],
              [
                104.940835,
                8.914713
              ],
              [
                104.940967,
                8.914684
              ],
              [
                104.941066,
                8.914662
              ],
              [
                104.941132,
                8.914648
              ],
              [
                104.941183,
                8.914637
              ],
              [
                104.941244,
                8.914623
              ],
              [
                104.941316,
                8.914605
              ],
              [
                104.941383,
                8.914594
              ],
              [
                104.94144,
                8.914591
              ],
              [
                104.941483,
                8.91459
              ],
              [
                104.941524,
                8.914591
              ],
              [
                104.941572,
                8.914595
              ],
              [
                104.941616,
                8.914604
              ],
              [
                104.941655,
                8.914617
              ],
              [
                104.941678,
                8.914625
              ],
              [
                104.941752,
                8.914654
              ],
              [
                104.941795,
                8.91469
              ],
              [
                104.94184,
                8.914725
              ],
              [
                104.941883,
                8.914761
              ],
              [
                104.941929,
                8.914796
              ],
              [
                104.942037,
                8.914942
              ],
              [
                104.942043,
                8.914951
              ],
              [
                104.94208,
                8.915001
              ],
              [
                104.942146,
                8.915091
              ],
              [
                104.94222,
                8.915197
              ],
              [
                104.942312,
                8.915338
              ],
              [
                104.94241,
                8.915488
              ],
              [
                104.942422,
                8.915506
              ],
              [
                104.942526,
                8.915661
              ],
              [
                104.942633,
                8.915815
              ],
              [
                104.942699,
                8.915908
              ],
              [
                104.942748,
                8.915976
              ],
              [
                104.94284,
                8.9161
              ],
              [
                104.942901,
                8.916174
              ],
              [
                104.94296,
                8.916236
              ],
              [
                104.943039,
                8.916311
              ],
              [
                104.943129,
                8.916394
              ],
              [
                104.94322,
                8.916477
              ],
              [
                104.943301,
                8.916548
              ],
              [
                104.943321,
                8.916564
              ],
              [
                104.943369,
                8.916599
              ],
              [
                104.943432,
                8.916637
              ],
              [
                104.943493,
                8.916672
              ],
              [
                104.94355,
                8.916702
              ],
              [
                104.943598,
                8.916726
              ],
              [
                104.94364,
                8.916746
              ],
              [
                104.943682,
                8.916761
              ],
              [
                104.94373,
                8.916773
              ],
              [
                104.94379,
                8.916782
              ],
              [
                104.943856,
                8.916789
              ],
              [
                104.943923,
                8.916795
              ],
              [
                104.943928,
                8.916795
              ],
              [
                104.943989,
                8.916798
              ],
              [
                104.944052,
                8.916798
              ],
              [
                104.944109,
                8.916796
              ],
              [
                104.944158,
                8.916791
              ],
              [
                104.944202,
                8.916783
              ],
              [
                104.944234,
                8.916775
              ],
              [
                104.944313,
                8.916753
              ],
              [
                104.944363,
                8.916719
              ],
              [
                104.944411,
                8.916697
              ],
              [
                104.94446,
                8.916663
              ],
              [
                104.944509,
                8.91664
              ],
              [
                104.944539,
                8.916603
              ],
              [
                104.94457,
                8.916566
              ],
              [
                104.944612,
                8.916496
              ],
              [
                104.944656,
                8.916445
              ],
              [
                104.944699,
                8.916375
              ],
              [
                104.944743,
                8.916324
              ],
              [
                104.94477,
                8.916262
              ],
              [
                104.944788,
                8.916217
              ],
              [
                104.944815,
                8.916155
              ],
              [
                104.944833,
                8.91611
              ],
              [
                104.944832,
                8.915968
              ],
              [
                104.944832,
                8.915907
              ],
              [
                104.944831,
                8.915815
              ],
              [
                104.944829,
                8.915773
              ],
              [
                104.944826,
                8.91571
              ],
              [
                104.944814,
                8.915593
              ],
              [
                104.944797,
                8.915469
              ],
              [
                104.944781,
                8.915354
              ],
              [
                104.944763,
                8.915247
              ],
              [
                104.944745,
                8.915143
              ],
              [
                104.944728,
                8.915052
              ],
              [
                104.94471,
                8.914963
              ],
              [
                104.94469,
                8.914869
              ],
              [
                104.944675,
                8.914786
              ],
              [
                104.944663,
                8.914706
              ],
              [
                104.94465,
                8.914617
              ],
              [
                104.944645,
                8.914544
              ],
              [
                104.944648,
                8.914482
              ],
              [
                104.944654,
                8.914419
              ],
              [
                104.944662,
                8.914366
              ],
              [
                104.944672,
                8.914314
              ],
              [
                104.944681,
                8.914256
              ],
              [
                104.944692,
                8.914206
              ],
              [
                104.944708,
                8.914163
              ],
              [
                104.944729,
                8.914117
              ],
              [
                104.944757,
                8.914069
              ],
              [
                104.944794,
                8.914024
              ],
              [
                104.944839,
                8.91399
              ],
              [
                104.944885,
                8.913968
              ],
              [
                104.944928,
                8.913958
              ],
              [
                104.944969,
                8.913953
              ],
              [
                104.945009,
                8.913949
              ],
              [
                104.945052,
                8.913946
              ],
              [
                104.945109,
                8.913949
              ],
              [
                104.945184,
                8.913959
              ],
              [
                104.945267,
                8.913972
              ],
              [
                104.945351,
                8.913986
              ],
              [
                104.945431,
                8.914
              ],
              [
                104.945508,
                8.914019
              ],
              [
                104.94558,
                8.914041
              ],
              [
                104.945651,
                8.914064
              ],
              [
                104.945718,
                8.914089
              ],
              [
                104.945785,
                8.91412
              ],
              [
                104.945852,
                8.914156
              ],
              [
                104.945905,
                8.914193
              ],
              [
                104.945947,
                8.914228
              ],
              [
                104.945951,
                8.914231
              ],
              [
                104.945992,
                8.914266
              ],
              [
                104.946043,
                8.914306
              ],
              [
                104.946093,
                8.914347
              ],
              [
                104.946163,
                8.914401
              ],
              [
                104.946286,
                8.914476
              ],
              [
                104.946412,
                8.914548
              ],
              [
                104.946444,
                8.914566
              ],
              [
                104.946606,
                8.914657
              ],
              [
                104.94675,
                8.914741
              ],
              [
                104.94686,
                8.914811
              ],
              [
                104.946917,
                8.914845
              ],
              [
                104.946941,
                8.91486
              ],
              [
                104.947006,
                8.914884
              ],
              [
                104.947065,
                8.914893
              ],
              [
                104.947065,
                8.914893
              ],
              [
                104.947121,
                8.914898
              ],
              [
                104.947176,
                8.914899
              ],
              [
                104.947227,
                8.914896
              ],
              [
                104.947277,
                8.914887
              ],
              [
                104.947324,
                8.914872
              ],
              [
                104.94736,
                8.914856
              ],
              [
                104.947391,
                8.914838
              ],
              [
                104.947422,
                8.914817
              ],
              [
                104.947457,
                8.914792
              ],
              [
                104.947492,
                8.914766
              ],
              [
                104.947523,
                8.914735
              ],
              [
                104.94755,
                8.914702
              ],
              [
                104.947578,
                8.914658
              ],
              [
                104.947614,
                8.914587
              ],
              [
                104.947656,
                8.914495
              ],
              [
                104.947691,
                8.914411
              ],
              [
                104.947722,
                8.914327
              ],
              [
                104.947742,
                8.914268
              ],
              [
                104.947754,
                8.914232
              ],
              [
                104.947775,
                8.91416
              ],
              [
                104.947785,
                8.914115
              ],
              [
                104.94779,
                8.914079
              ],
              [
                104.947791,
                8.914041
              ],
              [
                104.947789,
                8.913993
              ],
              [
                104.947781,
                8.913909
              ],
              [
                104.947768,
                8.913792
              ],
              [
                104.947749,
                8.913687
              ],
              [
                104.94772,
                8.913583
              ],
              [
                104.947688,
                8.913447
              ],
              [
                104.947662,
                8.913282
              ],
              [
                104.947642,
                8.91312
              ],
              [
                104.94762,
                8.912954
              ],
              [
                104.947597,
                8.912778
              ],
              [
                104.947577,
                8.912624
              ],
              [
                104.947558,
                8.912468
              ],
              [
                104.947535,
                8.912282
              ],
              [
                104.947515,
                8.912088
              ],
              [
                104.947498,
                8.911871
              ],
              [
                104.947487,
                8.911628
              ],
              [
                104.947482,
                8.911403
              ],
              [
                104.947479,
                8.911179
              ],
              [
                104.947471,
                8.910938
              ],
              [
                104.947463,
                8.910726
              ],
              [
                104.94745,
                8.910519
              ],
              [
                104.947427,
                8.910277
              ],
              [
                104.9474,
                8.910015
              ],
              [
                104.947385,
                8.909875
              ],
              [
                104.947373,
                8.909757
              ],
              [
                104.947353,
                8.90954
              ],
              [
                104.947343,
                8.909384
              ],
              [
                104.947338,
                8.909262
              ],
              [
                104.947339,
                8.909147
              ],
              [
                104.947341,
                8.909138
              ],
              [
                104.947356,
                8.909034
              ],
              [
                104.947388,
                8.908936
              ],
              [
                104.947408,
                8.908882
              ],
              [
                104.94742,
                8.908817
              ],
              [
                104.947503,
                8.908689
              ],
              [
                104.94752,
                8.908663
              ],
              [
                104.947548,
                8.90865
              ],
              [
                104.947582,
                8.90863
              ],
              [
                104.94762,
                8.90861
              ],
              [
                104.947624,
                8.908608
              ],
              [
                104.947678,
                8.908587
              ],
              [
                104.947751,
                8.908566
              ],
              [
                104.947823,
                8.908549
              ],
              [
                104.947896,
                8.908533
              ],
              [
                104.94798,
                8.908517
              ],
              [
                104.948075,
                8.908506
              ],
              [
                104.948176,
                8.908498
              ],
              [
                104.948275,
                8.90849
              ],
              [
                104.948364,
                8.90848
              ],
              [
                104.94844,
                8.908467
              ],
              [
                104.948474,
                8.908461
              ],
              [
                104.948513,
                8.908454
              ],
              [
                104.948586,
                8.908441
              ],
              [
                104.948668,
                8.908425
              ],
              [
                104.948749,
                8.908408
              ],
              [
                104.948756,
                8.908407
              ],
              [
                104.948837,
                8.908388
              ],
              [
                104.948894,
                8.908372
              ],
              [
                104.948923,
                8.908363
              ],
              [
                104.948946,
                8.908354
              ],
              [
                104.948986,
                8.908338
              ],
              [
                104.949041,
                8.908314
              ],
              [
                104.949096,
                8.90828
              ],
              [
                104.949149,
                8.908229
              ],
              [
                104.949199,
                8.908168
              ],
              [
                104.949208,
                8.908153
              ],
              [
                104.949241,
                8.908104
              ],
              [
                104.949278,
                8.908039
              ],
              [
                104.949314,
                8.907974
              ],
              [
                104.949346,
                8.907905
              ],
              [
                104.949377,
                8.907821
              ],
              [
                104.949408,
                8.907724
              ],
              [
                104.949431,
                8.907642
              ],
              [
                104.949445,
                8.907573
              ],
              [
                104.949467,
                8.907491
              ],
              [
                104.949509,
                8.907384
              ],
              [
                104.94956,
                8.907277
              ],
              [
                104.94961,
                8.907184
              ],
              [
                104.949659,
                8.907096
              ],
              [
                104.949703,
                8.907022
              ],
              [
                104.949741,
                8.906964
              ],
              [
                104.949772,
                8.906917
              ],
              [
                104.949807,
                8.906871
              ],
              [
                104.949857,
                8.906814
              ],
              [
                104.949935,
                8.906744
              ],
              [
                104.950031,
                8.906663
              ],
              [
                104.950129,
                8.906583
              ],
              [
                104.950223,
                8.906508
              ],
              [
                104.950307,
                8.906446
              ],
              [
                104.950396,
                8.90639
              ],
              [
                104.950503,
                8.906332
              ],
              [
                104.950608,
                8.906282
              ],
              [
                104.950713,
                8.906233
              ],
              [
                104.95082,
                8.906184
              ],
              [
                104.950913,
                8.90615
              ],
              [
                104.950995,
                8.906131
              ],
              [
                104.951074,
                8.906115
              ],
              [
                104.951152,
                8.906104
              ],
              [
                104.95123,
                8.9061
              ],
              [
                104.951325,
                8.906104
              ],
              [
                104.951439,
                8.906112
              ],
              [
                104.951533,
                8.906118
              ],
              [
                104.951621,
                8.906125
              ],
              [
                104.951734,
                8.906139
              ],
              [
                104.951743,
                8.90614
              ],
              [
                104.951891,
                8.906161
              ],
              [
                104.951922,
                8.906167
              ],
              [
                104.952024,
                8.906187
              ],
              [
                104.952138,
                8.90622
              ],
              [
                104.952273,
                8.906265
              ],
              [
                104.952455,
                8.906325
              ],
              [
                104.952664,
                8.90639
              ],
              [
                104.952873,
                8.906454
              ],
              [
                104.95305,
                8.906507
              ],
              [
                104.953187,
                8.906547
              ],
              [
                104.953306,
                8.906581
              ],
              [
                104.953425,
                8.906613
              ],
              [
                104.953554,
                8.906645
              ],
              [
                104.953694,
                8.906676
              ],
              [
                104.953827,
                8.906703
              ],
              [
                104.953946,
                8.906724
              ],
              [
                104.954053,
                8.906744
              ],
              [
                104.954144,
                8.906766
              ],
              [
                104.954204,
                8.90678
              ],
              [
                104.95422,
                8.906782
              ],
              [
                104.954236,
                8.906788
              ],
              [
                104.954276,
                8.906797
              ],
              [
                104.954358,
                8.906822
              ],
              [
                104.954441,
                8.906851
              ],
              [
                104.954464,
                8.906861
              ],
              [
                104.954479,
                8.906868
              ],
              [
                104.954501,
                8.906878
              ],
              [
                104.954511,
                8.906882
              ],
              [
                104.954564,
                8.906912
              ],
              [
                104.954565,
                8.906913
              ],
              [
                104.954565,
                8.906913
              ],
              [
                104.954578,
                8.906923
              ],
              [
                104.954602,
                8.906942
              ],
              [
                104.954632,
                8.906976
              ],
              [
                104.954635,
                8.90698
              ],
              [
                104.954662,
                8.907017
              ],
              [
                104.954681,
                8.90705
              ],
              [
                104.954698,
                8.907085
              ],
              [
                104.95471,
                8.907119
              ],
              [
                104.954716,
                8.907146
              ],
              [
                104.95472,
                8.907177
              ],
              [
                104.954717,
                8.907234
              ],
              [
                104.954703,
                8.907315
              ],
              [
                104.954687,
                8.907392
              ],
              [
                104.954668,
                8.907473
              ],
              [
                104.954637,
                8.90757
              ],
              [
                104.954592,
                8.907675
              ],
              [
                104.954535,
                8.907783
              ],
              [
                104.954475,
                8.907897
              ],
              [
                104.954404,
                8.908035
              ],
              [
                104.954321,
                8.908204
              ],
              [
                104.954235,
                8.908385
              ],
              [
                104.954151,
                8.908561
              ],
              [
                104.954082,
                8.908707
              ],
              [
                104.954039,
                8.908808
              ],
              [
                104.954011,
                8.908905
              ],
              [
                104.953986,
                8.909034
              ],
              [
                104.953961,
                8.909184
              ],
              [
                104.953937,
                8.909335
              ],
              [
                104.953917,
                8.909467
              ],
              [
                104.953903,
                8.909573
              ],
              [
                104.9539,
                8.909613
              ],
              [
                104.953897,
                8.909678
              ],
              [
                104.953897,
                8.90979
              ],
              [
                104.953898,
                8.90982
              ],
              [
                104.9539,
                8.909885
              ],
              [
                104.953902,
                8.909934
              ],
              [
                104.953904,
                8.909956
              ],
              [
                104.953904,
                8.909965
              ],
              [
                104.953911,
                8.910062
              ],
              [
                104.95392,
                8.910177
              ],
              [
                104.953935,
                8.910283
              ],
              [
                104.953957,
                8.910379
              ],
              [
                104.953983,
                8.910475
              ],
              [
                104.954011,
                8.910571
              ],
              [
                104.954041,
                8.910664
              ],
              [
                104.954077,
                8.910754
              ],
              [
                104.954128,
                8.910862
              ],
              [
                104.954199,
                8.911
              ],
              [
                104.95428,
                8.911153
              ],
              [
                104.95436,
                8.911304
              ],
              [
                104.954429,
                8.911426
              ],
              [
                104.954483,
                8.911507
              ],
              [
                104.954534,
                8.911567
              ],
              [
                104.954583,
                8.911619
              ],
              [
                104.95464,
                8.911674
              ],
              [
                104.954702,
                8.911733
              ],
              [
                104.954754,
                8.911778
              ],
              [
                104.954787,
                8.911803
              ],
              [
                104.954811,
                8.911818
              ],
              [
                104.954838,
                8.911832
              ],
              [
                104.954877,
                8.91185
              ],
              [
                104.954933,
                8.911873
              ],
              [
                104.954992,
                8.911896
              ],
              [
                104.954998,
                8.911898
              ],
              [
                104.955064,
                8.911922
              ],
              [
                104.955122,
                8.911939
              ],
              [
                104.955171,
                8.911947
              ],
              [
                104.955219,
                8.911947
              ],
              [
                104.955272,
                8.911944
              ],
              [
                104.955325,
                8.911941
              ],
              [
                104.955378,
                8.911937
              ],
              [
                104.955435,
                8.91193
              ],
              [
                104.955435,
                8.91193
              ],
              [
                104.955494,
                8.91192
              ],
              [
                104.955543,
                8.911909
              ],
              [
                104.955569,
                8.911904
              ],
              [
                104.9557,
                8.911867
              ],
              [
                104.955888,
                8.91181
              ],
              [
                104.956083,
                8.911749
              ],
              [
                104.956316,
                8.911673
              ],
              [
                104.956602,
                8.911578
              ],
              [
                104.95692,
                8.911464
              ],
              [
                104.957251,
                8.911335
              ],
              [
                104.957549,
                8.911212
              ],
              [
                104.957847,
                8.911087
              ],
              [
                104.958176,
                8.910954
              ],
              [
                104.958476,
                8.910834
              ],
              [
                104.958722,
                8.910738
              ],
              [
                104.958929,
                8.910659
              ],
              [
                104.959145,
                8.910586
              ],
              [
                104.959414,
                8.910508
              ],
              [
                104.959719,
                8.910425
              ],
              [
                104.960015,
                8.910347
              ],
              [
                104.960302,
                8.910274
              ],
              [
                104.960595,
                8.910203
              ],
              [
                104.960865,
                8.910144
              ],
              [
                104.961099,
                8.9101
              ],
              [
                104.961308,
                8.910066
              ],
              [
                104.961502,
                8.910035
              ],
              [
                104.961645,
                8.910013
              ],
              [
                104.961724,
                8.91
              ],
              [
                104.961796,
                8.909984
              ],
              [
                104.961906,
                8.909954
              ],
              [
                104.962037,
                8.909918
              ],
              [
                104.962172,
                8.909879
              ],
              [
                104.962297,
                8.909837
              ],
              [
                104.96242,
                8.909785
              ],
              [
                104.962548,
                8.909726
              ],
              [
                104.962668,
                8.909672
              ],
              [
                104.96279,
                8.909622
              ],
              [
                104.962921,
                8.909571
              ],
              [
                104.963046,
                8.90953
              ],
              [
                104.963154,
                8.909501
              ],
              [
                104.963233,
                8.909482
              ],
              [
                104.963294,
                8.909469
              ],
              [
                104.963363,
                8.909457
              ],
              [
                104.963445,
                8.909445
              ],
              [
                104.963517,
                8.909443
              ],
              [
                104.963579,
                8.909456
              ],
              [
                104.963639,
                8.909478
              ],
              [
                104.963701,
                8.909507
              ],
              [
                104.963758,
                8.909545
              ],
              [
                104.963809,
                8.909585
              ],
              [
                104.963856,
                8.909632
              ],
              [
                104.963898,
                8.909691
              ],
              [
                104.96394,
                8.909759
              ],
              [
                104.963982,
                8.909831
              ],
              [
                104.963997,
                8.90986
              ],
              [
                104.964045,
                8.909943
              ],
              [
                104.964208,
                8.910389
              ],
              [
                104.96441,
                8.911033
              ],
              [
                104.964637,
                8.911496
              ],
              [
                104.964714,
                8.911597
              ],
              [
                104.964797,
                8.911657
              ],
              [
                104.964818,
                8.911666
              ],
              [
                104.964859,
                8.911677
              ],
              [
                104.964904,
                8.911687
              ],
              [
                104.964949,
                8.911696
              ],
              [
                104.964988,
                8.911703
              ],
              [
                104.965022,
                8.911707
              ],
              [
                104.965051,
                8.911711
              ],
              [
                104.965077,
                8.911711
              ],
              [
                104.9651,
                8.911708
              ],
              [
                104.965126,
                8.911702
              ],
              [
                104.965155,
                8.911694
              ],
              [
                104.965185,
                8.911684
              ],
              [
                104.965219,
                8.911671
              ],
              [
                104.965252,
                8.911657
              ],
              [
                104.965284,
                8.911639
              ],
              [
                104.965312,
                8.911617
              ],
              [
                104.965339,
                8.91159
              ],
              [
                104.96537,
                8.911557
              ],
              [
                104.965404,
                8.911519
              ],
              [
                104.965435,
                8.911482
              ],
              [
                104.965464,
                8.911444
              ],
              [
                104.965496,
                8.911403
              ],
              [
                104.965522,
                8.911364
              ],
              [
                104.96554,
                8.911323
              ],
              [
                104.96556,
                8.911265
              ],
              [
                104.965585,
                8.911173
              ],
              [
                104.965617,
                8.911055
              ],
              [
                104.96565,
                8.910929
              ],
              [
                104.965686,
                8.910789
              ],
              [
                104.965724,
                8.910638
              ],
              [
                104.965762,
                8.910487
              ],
              [
                104.965795,
                8.910353
              ],
              [
                104.965825,
                8.910237
              ],
              [
                104.965855,
                8.910128
              ],
              [
                104.965882,
                8.910041
              ],
              [
                104.965912,
                8.909973
              ],
              [
                104.965948,
                8.909907
              ],
              [
                104.965986,
                8.909841
              ],
              [
                104.966026,
                8.909778
              ],
              [
                104.966068,
                8.909726
              ],
              [
                104.966118,
                8.909677
              ],
              [
                104.966179,
                8.909626
              ],
              [
                104.966245,
                8.909576
              ],
              [
                104.966315,
                8.909528
              ],
              [
                104.966396,
                8.909489
              ],
              [
                104.966493,
                8.909459
              ],
              [
                104.966585,
                8.909435
              ],
              [
                104.966682,
                8.909412
              ],
              [
                104.966805,
                8.909389
              ],
              [
                104.966958,
                8.909372
              ],
              [
                104.967124,
                8.909361
              ],
              [
                104.967254,
                8.909355
              ],
              [
                104.967332,
                8.909358
              ],
              [
                104.9674,
                8.909364
              ],
              [
                104.967502,
                8.909367
              ],
              [
                104.967568,
                8.909364
              ],
              [
                104.967633,
                8.90936
              ],
              [
                104.967737,
                8.90935
              ],
              [
                104.967821,
                8.909337
              ],
              [
                104.967927,
                8.909321
              ],
              [
                104.968052,
                8.909303
              ],
              [
                104.96817,
                8.909287
              ],
              [
                104.968283,
                8.909271
              ],
              [
                104.9684,
                8.909256
              ],
              [
                104.9685,
                8.909245
              ],
              [
                104.968586,
                8.909244
              ],
              [
                104.968674,
                8.909247
              ],
              [
                104.968753,
                8.90925
              ],
              [
                104.968831,
                8.909253
              ],
              [
                104.968919,
                8.909259
              ],
              [
                104.969003,
                8.909267
              ],
              [
                104.969098,
                8.909285
              ],
              [
                104.969211,
                8.90931
              ],
              [
                104.969308,
                8.909332
              ],
              [
                104.969393,
                8.909349
              ],
              [
                104.969499,
                8.909374
              ],
              [
                104.969636,
                8.90941
              ],
              [
                104.969785,
                8.909457
              ],
              [
                104.969934,
                8.909509
              ],
              [
                104.970066,
                8.909557
              ],
              [
                104.970195,
                8.909605
              ],
              [
                104.970332,
                8.909659
              ],
              [
                104.970453,
                8.909703
              ],
              [
                104.97056,
                8.909737
              ],
              [
                104.970664,
                8.909766
              ],
              [
                104.97075,
                8.909788
              ],
              [
                104.970811,
                8.909801
              ],
              [
                104.970877,
                8.909814
              ],
              [
                104.970968,
                8.909829
              ],
              [
                104.971073,
                8.90984
              ],
              [
                104.97118,
                8.909846
              ],
              [
                104.971286,
                8.909853
              ],
              [
                104.971397,
                8.909861
              ],
              [
                104.971511,
                8.909869
              ],
              [
                104.971627,
                8.909877
              ],
              [
                104.97174,
                8.909884
              ],
              [
                104.971845,
                8.909891
              ],
              [
                104.971947,
                8.9099
              ],
              [
                104.972044,
                8.909915
              ],
              [
                104.972133,
                8.909936
              ],
              [
                104.972209,
                8.909957
              ],
              [
                104.972284,
                8.909979
              ],
              [
                104.972358,
                8.910004
              ],
              [
                104.972419,
                8.910027
              ],
              [
                104.972473,
                8.910051
              ],
              [
                104.972523,
                8.910075
              ],
              [
                104.972554,
                8.910092
              ],
              [
                104.972577,
                8.910106
              ],
              [
                104.972617,
                8.910129
              ],
              [
                104.972672,
                8.91016
              ],
              [
                104.972728,
                8.910195
              ],
              [
                104.972736,
                8.910201
              ],
              [
                104.972735,
                8.910201
              ],
              [
                104.972741,
                8.910205
              ],
              [
                104.972794,
                8.910242
              ],
              [
                104.972873,
                8.9103
              ],
              [
                104.972946,
                8.910352
              ],
              [
                104.97302,
                8.910405
              ],
              [
                104.973101,
                8.910462
              ],
              [
                104.973169,
                8.910507
              ],
              [
                104.973223,
                8.910533
              ],
              [
                104.973282,
                8.910555
              ],
              [
                104.973362,
                8.910577
              ],
              [
                104.973457,
                8.910602
              ],
              [
                104.973554,
                8.910626
              ],
              [
                104.973647,
                8.910641
              ],
              [
                104.973724,
                8.910644
              ],
              [
                104.973783,
                8.910642
              ],
              [
                104.973838,
                8.910637
              ],
              [
                104.973896,
                8.910625
              ],
              [
                104.973947,
                8.910607
              ],
              [
                104.97399,
                8.910587
              ],
              [
                104.974033,
                8.910565
              ],
              [
                104.974084,
                8.910534
              ],
              [
                104.974119,
                8.91051
              ],
              [
                104.974149,
                8.910489
              ],
              [
                104.974222,
                8.910434
              ],
              [
                104.974271,
                8.910397
              ],
              [
                104.974297,
                8.910378
              ],
              [
                104.974369,
                8.910324
              ],
              [
                104.974445,
                8.910268
              ],
              [
                104.974539,
                8.910189
              ],
              [
                104.974655,
                8.910079
              ],
              [
                104.974766,
                8.909967
              ],
              [
                104.974876,
                8.909855
              ],
              [
                104.974984,
                8.90974
              ],
              [
                104.974987,
                8.909737
              ],
              [
                104.975069,
                8.909643
              ],
              [
                104.975125,
                8.909574
              ],
              [
                104.975174,
                8.90951
              ],
              [
                104.975224,
                8.909442
              ],
              [
                104.975277,
                8.909369
              ],
              [
                104.975344,
                8.909272
              ],
              [
                104.975388,
                8.909204
              ],
              [
                104.975425,
                8.909146
              ],
              [
                104.975444,
                8.909115
              ],
              [
                104.975512,
                8.909006
              ],
              [
                104.975599,
                8.908864
              ],
              [
                104.975653,
                8.908771
              ],
              [
                104.975653,
                8.908771
              ],
              [
                104.975671,
                8.908739
              ],
              [
                104.97568,
                8.908723
              ],
              [
                104.975738,
                8.908612
              ],
              [
                104.975764,
                8.908563
              ],
              [
                104.975854,
                8.908384
              ],
              [
                104.975928,
                8.908235
              ],
              [
                104.975986,
                8.908112
              ],
              [
                104.976053,
                8.907964
              ],
              [
                104.976136,
                8.907767
              ],
              [
                104.976211,
                8.90757
              ],
              [
                104.976272,
                8.907394
              ],
              [
                104.976327,
                8.907234
              ],
              [
                104.976349,
                8.90717
              ],
              [
                104.976368,
                8.907117
              ],
              [
                104.976388,
                8.907059
              ],
              [
                104.976396,
                8.907026
              ],
              [
                104.976397,
                8.907022
              ],
              [
                104.976404,
                8.906989
              ],
              [
                104.976414,
                8.906936
              ],
              [
                104.976427,
                8.90686
              ],
              [
                104.976444,
                8.906749
              ],
              [
                104.976467,
                8.906597
              ],
              [
                104.97647,
                8.906573
              ],
              [
                104.976493,
                8.906425
              ],
              [
                104.976521,
                8.906247
              ],
              [
                104.976547,
                8.906065
              ],
              [
                104.976571,
                8.905878
              ],
              [
                104.976575,
                8.905831
              ],
              [
                104.976588,
                8.905696
              ],
              [
                104.976605,
                8.905518
              ],
              [
                104.976629,
                8.905352
              ],
              [
                104.976654,
                8.905234
              ],
              [
                104.976677,
                8.905158
              ],
              [
                104.976699,
                8.905094
              ],
              [
                104.97672,
                8.905042
              ],
              [
                104.97674,
                8.905006
              ],
              [
                104.976749,
                8.904989
              ],
              [
                104.976789,
                8.904924
              ],
              [
                104.976829,
                8.904866
              ],
              [
                104.976875,
                8.904806
              ],
              [
                104.976925,
                8.904743
              ],
              [
                104.976967,
                8.904696
              ],
              [
                104.977005,
                8.904664
              ],
              [
                104.977037,
                8.904643
              ],
              [
                104.977066,
                8.90463
              ],
              [
                104.977096,
                8.90462
              ],
              [
                104.97713,
                8.904609
              ],
              [
                104.977174,
                8.904591
              ],
              [
                104.977228,
                8.904569
              ],
              [
                104.977274,
                8.904554
              ],
              [
                104.977312,
                8.904544
              ],
              [
                104.977353,
                8.904529
              ],
              [
                104.977402,
                8.904507
              ],
              [
                104.977448,
                8.904483
              ],
              [
                104.97749,
                8.904457
              ],
              [
                104.977529,
                8.904431
              ],
              [
                104.977568,
                8.904403
              ],
              [
                104.977612,
                8.90437
              ],
              [
                104.977658,
                8.904336
              ],
              [
                104.977702,
                8.904303
              ],
              [
                104.977745,
                8.904271
              ],
              [
                104.977783,
                8.904241
              ],
              [
                104.977812,
                8.904211
              ],
              [
                104.977832,
                8.904178
              ],
              [
                104.977846,
                8.904144
              ],
              [
                104.977857,
                8.90411
              ],
              [
                104.977866,
                8.904073
              ],
              [
                104.977873,
                8.904036
              ],
              [
                104.977876,
                8.903997
              ],
              [
                104.977875,
                8.90396
              ],
              [
                104.977871,
                8.903927
              ],
              [
                104.977865,
                8.903897
              ],
              [
                104.977854,
                8.903867
              ],
              [
                104.977827,
                8.903825
              ],
              [
                104.977795,
                8.903788
              ],
              [
                104.977779,
                8.903769
              ],
              [
                104.977722,
                8.903711
              ],
              [
                104.977665,
                8.903655
              ],
              [
                104.977612,
                8.903607
              ],
              [
                104.977551,
                8.903556
              ],
              [
                104.977475,
                8.903494
              ],
              [
                104.977396,
                8.903431
              ],
              [
                104.977304,
                8.90336
              ],
              [
                104.977198,
                8.903277
              ],
              [
                104.977093,
                8.903192
              ],
              [
                104.977005,
                8.903117
              ],
              [
                104.976946,
                8.903062
              ],
              [
                104.976905,
                8.90302
              ],
              [
                104.976859,
                8.902973
              ],
              [
                104.976802,
                8.902917
              ],
              [
                104.976763,
                8.90287
              ],
              [
                104.976744,
                8.902833
              ],
              [
                104.976734,
                8.902793
              ],
              [
                104.976728,
                8.902748
              ],
              [
                104.976725,
                8.902714
              ],
              [
                104.976715,
                8.902656
              ],
              [
                104.976725,
                8.902562
              ],
              [
                104.976733,
                8.902525
              ],
              [
                104.976745,
                8.902469
              ],
              [
                104.976759,
                8.90241
              ],
              [
                104.976776,
                8.902353
              ],
              [
                104.976802,
                8.902304
              ],
              [
                104.976835,
                8.902257
              ],
              [
                104.976871,
                8.90221
              ],
              [
                104.976923,
                8.902155
              ],
              [
                104.976946,
                8.902134
              ],
              [
                104.976999,
                8.902085
              ],
              [
                104.977093,
                8.902005
              ],
              [
                104.97719,
                8.901923
              ],
              [
                104.977293,
                8.90184
              ],
              [
                104.977399,
                8.90176
              ],
              [
                104.977518,
                8.901679
              ],
              [
                104.977644,
                8.901597
              ],
              [
                104.977748,
                8.901532
              ],
              [
                104.977857,
                8.901464
              ],
              [
                104.978006,
                8.901368
              ],
              [
                104.978171,
                8.901261
              ],
              [
                104.978329,
                8.901158
              ],
              [
                104.978479,
                8.901059
              ],
              [
                104.978601,
                8.900972
              ],
              [
                104.978676,
                8.900909
              ],
              [
                104.978717,
                8.900872
              ],
              [
                104.978754,
                8.900837
              ],
              [
                104.978805,
                8.900782
              ],
              [
                104.978865,
                8.900712
              ],
              [
                104.978924,
                8.900641
              ],
              [
                104.978976,
                8.900571
              ],
              [
                104.979026,
                8.900501
              ],
              [
                104.979074,
                8.900431
              ],
              [
                104.97912,
                8.900361
              ],
              [
                104.979164,
                8.900283
              ],
              [
                104.979206,
                8.900197
              ],
              [
                104.979241,
                8.900125
              ],
              [
                104.979267,
                8.90007
              ],
              [
                104.979289,
                8.900015
              ],
              [
                104.979316,
                8.899942
              ],
              [
                104.979346,
                8.899856
              ],
              [
                104.979367,
                8.899784
              ],
              [
                104.979377,
                8.899728
              ],
              [
                104.979384,
                8.899669
              ],
              [
                104.979389,
                8.899604
              ],
              [
                104.979392,
                8.899547
              ],
              [
                104.979391,
                8.899501
              ],
              [
                104.979388,
                8.899469
              ],
              [
                104.979393,
                8.899352
              ],
              [
                104.979375,
                8.899273
              ],
              [
                104.979362,
                8.899236
              ],
              [
                104.979345,
                8.899183
              ],
              [
                104.979326,
                8.899127
              ],
              [
                104.979305,
                8.899074
              ],
              [
                104.979279,
                8.899022
              ],
              [
                104.979251,
                8.898972
              ],
              [
                104.979218,
                8.898917
              ],
              [
                104.979175,
                8.89885
              ],
              [
                104.979163,
                8.898834
              ],
              [
                104.979113,
                8.898765
              ],
              [
                104.97904,
                8.898672
              ],
              [
                104.97896,
                8.898575
              ],
              [
                104.978866,
                8.898474
              ],
              [
                104.978752,
                8.898365
              ],
              [
                104.978628,
                8.89825
              ],
              [
                104.978503,
                8.898135
              ],
              [
                104.978387,
                8.898023
              ],
              [
                104.97828,
                8.897903
              ],
              [
                104.97818,
                8.897779
              ],
              [
                104.978099,
                8.897675
              ],
              [
                104.978032,
                8.897585
              ],
              [
                104.977969,
                8.897493
              ],
              [
                104.977927,
                8.897415
              ],
              [
                104.977908,
                8.897352
              ],
              [
                104.9779,
                8.897299
              ],
              [
                104.977894,
                8.897245
              ],
              [
                104.977889,
                8.897185
              ],
              [
                104.977892,
                8.89713
              ],
              [
                104.977901,
                8.897085
              ],
              [
                104.977913,
                8.897043
              ],
              [
                104.977931,
                8.897002
              ],
              [
                104.977955,
                8.896962
              ],
              [
                104.977981,
                8.896922
              ],
              [
                104.978009,
                8.896883
              ],
              [
                104.978043,
                8.896847
              ],
              [
                104.978091,
                8.896811
              ],
              [
                104.97815,
                8.896774
              ],
              [
                104.978217,
                8.896742
              ],
              [
                104.978294,
                8.896713
              ],
              [
                104.978366,
                8.896688
              ],
              [
                104.978442,
                8.896667
              ],
              [
                104.978531,
                8.896648
              ],
              [
                104.978632,
                8.896638
              ],
              [
                104.978744,
                8.896638
              ],
              [
                104.978847,
                8.896643
              ],
              [
                104.978952,
                8.896649
              ],
              [
                104.97902,
                8.896655
              ],
              [
                104.979082,
                8.896661
              ],
              [
                104.979231,
                8.896684
              ],
              [
                104.979391,
                8.896716
              ],
              [
                104.979545,
                8.896751
              ],
              [
                104.979706,
                8.896791
              ],
              [
                104.979876,
                8.896836
              ],
              [
                104.980022,
                8.896873
              ],
              [
                104.980127,
                8.896897
              ],
              [
                104.980209,
                8.896915
              ],
              [
                104.980285,
                8.89693
              ],
              [
                104.980354,
                8.896944
              ],
              [
                104.980422,
                8.896953
              ],
              [
                104.980495,
                8.896957
              ],
              [
                104.980565,
                8.896961
              ],
              [
                104.98064,
                8.896963
              ],
              [
                104.980724,
                8.896963
              ],
              [
                104.980799,
                8.896962
              ],
              [
                104.980859,
                8.896957
              ],
              [
                104.980914,
                8.89695
              ],
              [
                104.980967,
                8.89694
              ],
              [
                104.981021,
                8.896927
              ],
              [
                104.981078,
                8.896913
              ],
              [
                104.981138,
                8.896893
              ],
              [
                104.981199,
                8.896866
              ],
              [
                104.981256,
                8.89684
              ],
              [
                104.981313,
                8.896812
              ],
              [
                104.981367,
                8.89678
              ],
              [
                104.981409,
                8.896745
              ],
              [
                104.981441,
                8.896708
              ],
              [
                104.98147,
                8.896667
              ],
              [
                104.9815,
                8.896623
              ],
              [
                104.981529,
                8.896576
              ],
              [
                104.98156,
                8.896523
              ],
              [
                104.98159,
                8.896463
              ],
              [
                104.981615,
                8.896405
              ],
              [
                104.981632,
                8.896363
              ],
              [
                104.981668,
                8.896283
              ],
              [
                104.981684,
                8.896136
              ],
              [
                104.981691,
                8.896055
              ],
              [
                104.981702,
                8.895916
              ],
              [
                104.981713,
                8.895753
              ],
              [
                104.981723,
                8.895592
              ],
              [
                104.981731,
                8.895433
              ],
              [
                104.981738,
                8.895272
              ],
              [
                104.981743,
                8.89513
              ],
              [
                104.981747,
                8.895013
              ],
              [
                104.981754,
                8.894898
              ],
              [
                104.981766,
                8.894772
              ],
              [
                104.981782,
                8.89464
              ],
              [
                104.9818,
                8.894508
              ],
              [
                104.981823,
                8.894388
              ],
              [
                104.981853,
                8.89428
              ],
              [
                104.981889,
                8.894172
              ],
              [
                104.98193,
                8.894056
              ],
              [
                104.981973,
                8.893927
              ],
              [
                104.982011,
                8.893796
              ],
              [
                104.982047,
                8.893676
              ],
              [
                104.98208,
                8.893558
              ],
              [
                104.982107,
                8.893448
              ],
              [
                104.982123,
                8.893342
              ],
              [
                104.982134,
                8.893236
              ],
              [
                104.982143,
                8.893132
              ],
              [
                104.982145,
                8.893122
              ],
              [
                104.982147,
                8.893102
              ],
              [
                104.982155,
                8.893044
              ],
              [
                104.982166,
                8.892974
              ],
              [
                104.982174,
                8.892912
              ],
              [
                104.982181,
                8.892848
              ],
              [
                104.982191,
                8.89277
              ],
              [
                104.9822,
                8.89268
              ],
              [
                104.982207,
                8.892591
              ],
              [
                104.982212,
                8.892502
              ],
              [
                104.982215,
                8.892413
              ],
              [
                104.98221,
                8.892335
              ],
              [
                104.9822,
                8.892267
              ],
              [
                104.982189,
                8.892201
              ],
              [
                104.982174,
                8.892135
              ],
              [
                104.982152,
                8.892069
              ],
              [
                104.982124,
                8.892003
              ],
              [
                104.982096,
                8.891937
              ],
              [
                104.982064,
                8.891871
              ],
              [
                104.982029,
                8.89181
              ],
              [
                104.981993,
                8.891754
              ],
              [
                104.981955,
                8.891699
              ],
              [
                104.981908,
                8.891644
              ],
              [
                104.981847,
                8.891585
              ],
              [
                104.98178,
                8.891525
              ],
              [
                104.98171,
                8.891464
              ],
              [
                104.98163,
                8.891401
              ],
              [
                104.981531,
                8.891334
              ],
              [
                104.981419,
                8.891265
              ],
              [
                104.981308,
                8.891197
              ],
              [
                104.98121,
                8.89114
              ],
              [
                104.981127,
                8.891096
              ],
              [
                104.981026,
                8.891046
              ],
              [
                104.980891,
                8.89098
              ],
              [
                104.98082,
                8.890946
              ],
              [
                104.980754,
                8.890915
              ],
              [
                104.980609,
                8.890845
              ],
              [
                104.980431,
                8.89076
              ],
              [
                104.98023,
                8.890663
              ],
              [
                104.980023,
                8.890562
              ],
              [
                104.979819,
                8.890462
              ],
              [
                104.979629,
                8.890365
              ],
              [
                104.979468,
                8.890276
              ],
              [
                104.979326,
                8.890196
              ],
              [
                104.979192,
                8.890121
              ],
              [
                104.979063,
                8.890049
              ],
              [
                104.97894,
                8.889978
              ],
              [
                104.978825,
                8.889909
              ],
              [
                104.978715,
                8.889841
              ],
              [
                104.978616,
                8.889776
              ],
              [
                104.978535,
                8.88972
              ],
              [
                104.978475,
                8.889674
              ],
              [
                104.978417,
                8.88963
              ],
              [
                104.97836,
                8.889586
              ],
              [
                104.978316,
                8.889548
              ],
              [
                104.978284,
                8.889517
              ],
              [
                104.978256,
                8.889489
              ],
              [
                104.97823,
                8.889462
              ],
              [
                104.978204,
                8.889437
              ],
              [
                104.978181,
                8.889415
              ],
              [
                104.978161,
                8.889395
              ],
              [
                104.978142,
                8.889374
              ],
              [
                104.978122,
                8.889347
              ],
              [
                104.978102,
                8.889313
              ],
              [
                104.97808,
                8.889273
              ],
              [
                104.978058,
                8.889225
              ],
              [
                104.978036,
                8.889171
              ],
              [
                104.978018,
                8.889118
              ],
              [
                104.978007,
                8.88907
              ],
              [
                104.978001,
                8.88902
              ],
              [
                104.978001,
                8.888961
              ],
              [
                104.978004,
                8.888896
              ],
              [
                104.978009,
                8.888831
              ],
              [
                104.978019,
                8.888766
              ],
              [
                104.978037,
                8.888705
              ],
              [
                104.97806,
                8.888645
              ],
              [
                104.978086,
                8.888583
              ],
              [
                104.978115,
                8.888519
              ],
              [
                104.978145,
                8.888453
              ],
              [
                104.978185,
                8.888381
              ],
              [
                104.9782,
                8.888357
              ],
              [
                104.978238,
                8.888299
              ],
              [
                104.978299,
                8.888214
              ],
              [
                104.978362,
                8.888128
              ],
              [
                104.97843,
                8.888047
              ],
              [
                104.978509,
                8.887968
              ],
              [
                104.978596,
                8.887891
              ],
              [
                104.978678,
                8.887822
              ],
              [
                104.978759,
                8.887757
              ],
              [
                104.978844,
                8.88769
              ],
              [
                104.978931,
                8.887625
              ],
              [
                104.979027,
                8.887556
              ],
              [
                104.979131,
                8.887481
              ],
              [
                104.979236,
                8.887406
              ],
              [
                104.979333,
                8.887332
              ],
              [
                104.979418,
                8.887262
              ],
              [
                104.979496,
                8.887194
              ],
              [
                104.979567,
                8.887126
              ],
              [
                104.979636,
                8.887057
              ],
              [
                104.979706,
                8.886987
              ],
              [
                104.979766,
                8.886918
              ],
              [
                104.97981,
                8.886857
              ],
              [
                104.979841,
                8.886808
              ],
              [
                104.979868,
                8.886758
              ],
              [
                104.979897,
                8.886697
              ],
              [
                104.97993,
                8.886629
              ],
              [
                104.979955,
                8.886564
              ],
              [
                104.97997,
                8.886505
              ],
              [
                104.979979,
                8.886449
              ],
              [
                104.979987,
                8.886394
              ],
              [
                104.979991,
                8.886334
              ],
              [
                104.97999,
                8.886259
              ],
              [
                104.979983,
                8.88617
              ],
              [
                104.979976,
                8.886099
              ],
              [
                104.979966,
                8.886044
              ],
              [
                104.979952,
                8.885975
              ],
              [
                104.97993,
                8.88588
              ],
              [
                104.979893,
                8.88577
              ],
              [
                104.979843,
                8.885653
              ],
              [
                104.979792,
                8.885537
              ],
              [
                104.979735,
                8.885408
              ],
              [
                104.979674,
                8.885262
              ],
              [
                104.979618,
                8.885121
              ],
              [
                104.97957,
                8.884995
              ],
              [
                104.979528,
                8.884878
              ],
              [
                104.979488,
                8.884767
              ],
              [
                104.979456,
                8.884673
              ],
              [
                104.979434,
                8.884597
              ],
              [
                104.979414,
                8.884513
              ],
              [
                104.979392,
                8.884412
              ],
              [
                104.979372,
                8.884312
              ],
              [
                104.979353,
                8.88421
              ],
              [
                104.979352,
                8.884207
              ],
              [
                104.979332,
                8.884093
              ],
              [
                104.979319,
                8.883977
              ],
              [
                104.979313,
                8.883871
              ],
              [
                104.97931,
                8.883769
              ],
              [
                104.979309,
                8.883673
              ],
              [
                104.979312,
                8.883582
              ],
              [
                104.979318,
                8.883515
              ],
              [
                104.979321,
                8.883487
              ],
              [
                104.979334,
                8.883399
              ],
              [
                104.979347,
                8.88334
              ],
              [
                104.979357,
                8.883294
              ],
              [
                104.979369,
                8.88323
              ],
              [
                104.979383,
                8.883147
              ],
              [
                104.979392,
                8.883072
              ],
              [
                104.979397,
                8.883005
              ],
              [
                104.979401,
                8.882936
              ],
              [
                104.979405,
                8.882866
              ],
              [
                104.979409,
                8.882799
              ],
              [
                104.979412,
                8.882737
              ],
              [
                104.979412,
                8.882659
              ],
              [
                104.979412,
                8.882659
              ],
              [
                104.979408,
                8.882558
              ],
              [
                104.979403,
                8.882455
              ],
              [
                104.979397,
                8.882349
              ],
              [
                104.979388,
                8.882226
              ],
              [
                104.979376,
                8.882096
              ],
              [
                104.979361,
                8.881962
              ],
              [
                104.979346,
                8.881831
              ],
              [
                104.97933,
                8.881695
              ],
              [
                104.979311,
                8.88155
              ],
              [
                104.979291,
                8.881406
              ],
              [
                104.97927,
                8.881262
              ],
              [
                104.979247,
                8.881117
              ],
              [
                104.979224,
                8.880969
              ],
              [
                104.979207,
                8.880814
              ],
              [
                104.979199,
                8.880669
              ],
              [
                104.979199,
                8.880563
              ],
              [
                104.979202,
                8.880462
              ],
              [
                104.979204,
                8.880322
              ],
              [
                104.979206,
                8.880152
              ],
              [
                104.979214,
                8.879984
              ],
              [
                104.979232,
                8.879825
              ],
              [
                104.979255,
                8.879669
              ],
              [
                104.979279,
                8.879516
              ],
              [
                104.979305,
                8.879376
              ],
              [
                104.979329,
                8.879268
              ],
              [
                104.979349,
                8.87919
              ],
              [
                104.979368,
                8.879119
              ],
              [
                104.979387,
                8.879046
              ],
              [
                104.979401,
                8.878988
              ],
              [
                104.979413,
                8.878941
              ],
              [
                104.979435,
                8.878887
              ],
              [
                104.979465,
                8.878825
              ],
              [
                104.9795,
                8.878761
              ],
              [
                104.979542,
                8.878692
              ],
              [
                104.97959,
                8.878621
              ],
              [
                104.979638,
                8.878558
              ],
              [
                104.97969,
                8.878504
              ],
              [
                104.979747,
                8.878456
              ],
              [
                104.9798,
                8.878415
              ],
              [
                104.979854,
                8.878377
              ],
              [
                104.979917,
                8.878335
              ],
              [
                104.979974,
                8.878303
              ],
              [
                104.980026,
                8.878284
              ],
              [
                104.980079,
                8.878272
              ],
              [
                104.980135,
                8.878268
              ],
              [
                104.980193,
                8.878269
              ],
              [
                104.980253,
                8.878272
              ],
              [
                104.980322,
                8.878284
              ],
              [
                104.980395,
                8.878302
              ],
              [
                104.980461,
                8.878319
              ],
              [
                104.980526,
                8.878337
              ],
              [
                104.980601,
                8.878366
              ],
              [
                104.980676,
                8.878402
              ],
              [
                104.980748,
                8.878441
              ],
              [
                104.980816,
                8.878479
              ],
              [
                104.980876,
                8.878513
              ],
              [
                104.980917,
                8.878538
              ],
              [
                104.980945,
                8.878558
              ],
              [
                104.98095,
                8.878563
              ],
              [
                104.980968,
                8.87858
              ],
              [
                104.980987,
                8.878604
              ],
              [
                104.981006,
                8.878634
              ],
              [
                104.981036,
                8.87868
              ],
              [
                104.981078,
                8.878741
              ],
              [
                104.981127,
                8.878807
              ],
              [
                104.981175,
                8.878862
              ],
              [
                104.981193,
                8.878883
              ],
              [
                104.981284,
                8.878973
              ],
              [
                104.981342,
                8.879031
              ],
              [
                104.981386,
                8.879075
              ],
              [
                104.98149,
                8.879177
              ],
              [
                104.981594,
                8.879282
              ],
              [
                104.981694,
                8.879386
              ],
              [
                104.981786,
                8.879477
              ],
              [
                104.9818,
                8.87949
              ],
              [
                104.981874,
                8.87956
              ],
              [
                104.98195,
                8.879626
              ],
              [
                104.982017,
                8.879673
              ],
              [
                104.982084,
                8.879712
              ],
              [
                104.982146,
                8.879744
              ],
              [
                104.98221,
                8.879773
              ],
              [
                104.982282,
                8.879802
              ],
              [
                104.982351,
                8.879823
              ],
              [
                104.982415,
                8.879833
              ],
              [
                104.982475,
                8.879839
              ],
              [
                104.982536,
                8.879843
              ],
              [
                104.982603,
                8.879845
              ],
              [
                104.982687,
                8.879842
              ],
              [
                104.982703,
                8.879842
              ],
              [
                104.982767,
                8.879838
              ],
              [
                104.982782,
                8.879837
              ],
              [
                104.982878,
                8.879831
              ],
              [
                104.98297,
                8.879825
              ],
              [
                104.983055,
                8.879819
              ],
              [
                104.983145,
                8.879809
              ],
              [
                104.983252,
                8.879789
              ],
              [
                104.983373,
                8.879765
              ],
              [
                104.983417,
                8.879755
              ],
              [
                104.983496,
                8.879738
              ],
              [
                104.983623,
                8.879713
              ],
              [
                104.983753,
                8.87969
              ],
              [
                104.983891,
                8.879669
              ],
              [
                104.983974,
                8.879659
              ],
              [
                104.984045,
                8.87965
              ],
              [
                104.984212,
                8.879634
              ],
              [
                104.984381,
                8.879619
              ],
              [
                104.984545,
                8.879607
              ],
              [
                104.9847,
                8.8796
              ],
              [
                104.984857,
                8.879597
              ],
              [
                104.985029,
                8.879598
              ],
              [
                104.985213,
                8.879603
              ],
              [
                104.985401,
                8.879609
              ],
              [
                104.985599,
                8.879617
              ],
              [
                104.985814,
                8.879628
              ],
              [
                104.985971,
                8.879636
              ],
              [
                104.98604,
                8.87964
              ],
              [
                104.986264,
                8.879652
              ],
              [
                104.98647,
                8.879666
              ],
              [
                104.986646,
                8.879681
              ],
              [
                104.986803,
                8.879696
              ],
              [
                104.986954,
                8.879711
              ],
              [
                104.987102,
                8.879727
              ],
              [
                104.98725,
                8.879744
              ],
              [
                104.987404,
                8.879764
              ],
              [
                104.987567,
                8.879788
              ],
              [
                104.987735,
                8.879816
              ],
              [
                104.987902,
                8.879844
              ],
              [
                104.98806,
                8.879869
              ],
              [
                104.988205,
                8.87989
              ],
              [
                104.988344,
                8.879907
              ],
              [
                104.988474,
                8.879921
              ],
              [
                104.98848,
                8.879922
              ],
              [
                104.988608,
                8.879934
              ],
              [
                104.988722,
                8.87994
              ],
              [
                104.988823,
                8.879942
              ],
              [
                104.98886,
                8.879943
              ],
              [
                104.988915,
                8.879943
              ],
              [
                104.988997,
                8.879943
              ],
              [
                104.989006,
                8.879943
              ],
              [
                104.989073,
                8.879941
              ],
              [
                104.989139,
                8.879937
              ],
              [
                104.989195,
                8.87993
              ],
              [
                104.989243,
                8.879921
              ],
              [
                104.989276,
                8.879915
              ],
              [
                104.989345,
                8.879902
              ],
              [
                104.989346,
                8.879902
              ],
              [
                104.989438,
                8.879856
              ],
              [
                104.989475,
                8.879837
              ],
              [
                104.98953,
                8.879809
              ],
              [
                104.989584,
                8.879777
              ],
              [
                104.989631,
                8.879742
              ],
              [
                104.989674,
                8.879703
              ],
              [
                104.98971,
                8.879661
              ],
              [
                104.989743,
                8.879618
              ],
              [
                104.989775,
                8.879573
              ],
              [
                104.989805,
                8.879524
              ],
              [
                104.989831,
                8.879471
              ],
              [
                104.989855,
                8.879418
              ],
              [
                104.989867,
                8.879388
              ],
              [
                104.989877,
                8.879363
              ],
              [
                104.989896,
                8.879304
              ],
              [
                104.989912,
                8.879241
              ],
              [
                104.989925,
                8.879176
              ],
              [
                104.989937,
                8.879109
              ],
              [
                104.989948,
                8.879024
              ],
              [
                104.989959,
                8.878915
              ],
              [
                104.989967,
                8.878811
              ],
              [
                104.989969,
                8.878786
              ],
              [
                104.98998,
                8.87865
              ],
              [
                104.989993,
                8.878498
              ],
              [
                104.990009,
                8.878329
              ],
              [
                104.990026,
                8.878154
              ],
              [
                104.990043,
                8.877982
              ],
              [
                104.990062,
                8.877828
              ],
              [
                104.990082,
                8.877705
              ],
              [
                104.990105,
                8.877603
              ],
              [
                104.990132,
                8.877505
              ],
              [
                104.990164,
                8.877405
              ],
              [
                104.990193,
                8.877315
              ],
              [
                104.990223,
                8.877227
              ],
              [
                104.990256,
                8.877135
              ],
              [
                104.99029,
                8.877054
              ],
              [
                104.990327,
                8.876989
              ],
              [
                104.990365,
                8.876936
              ],
              [
                104.990406,
                8.876886
              ],
              [
                104.990452,
                8.876834
              ],
              [
                104.990504,
                8.876789
              ],
              [
                104.990556,
                8.876759
              ],
              [
                104.9906,
                8.876741
              ],
              [
                104.990641,
                8.87673
              ],
              [
                104.990686,
                8.87672
              ],
              [
                104.990739,
                8.876717
              ],
              [
                104.990794,
                8.876725
              ],
              [
                104.990844,
                8.876737
              ],
              [
                104.990891,
                8.876751
              ],
              [
                104.990936,
                8.876766
              ],
              [
                104.990984,
                8.876783
              ],
              [
                104.991041,
                8.876801
              ],
              [
                104.99111,
                8.87683
              ],
              [
                104.991214,
                8.876884
              ],
              [
                104.991347,
                8.876957
              ],
              [
                104.991479,
                8.877028
              ],
              [
                104.991544,
                8.877062
              ],
              [
                104.991622,
                8.877103
              ],
              [
                104.991781,
                8.877188
              ],
              [
                104.991932,
                8.877271
              ],
              [
                104.992081,
                8.877356
              ],
              [
                104.992241,
                8.877449
              ],
              [
                104.99238,
                8.87753
              ],
              [
                104.992401,
                8.877542
              ],
              [
                104.992407,
                8.877546
              ],
              [
                104.992516,
                8.877607
              ],
              [
                104.992554,
                8.877629
              ],
              [
                104.992681,
                8.877697
              ],
              [
                104.992786,
                8.877748
              ],
              [
                104.992886,
                8.877795
              ],
              [
                104.99299,
                8.877836
              ],
              [
                104.993096,
                8.877867
              ],
              [
                104.993192,
                8.877891
              ],
              [
                104.993287,
                8.877914
              ],
              [
                104.993388,
                8.877936
              ],
              [
                104.993478,
                8.877952
              ],
              [
                104.993558,
                8.877961
              ],
              [
                104.99364,
                8.877964
              ],
              [
                104.993729,
                8.877964
              ],
              [
                104.99382,
                8.877963
              ],
              [
                104.993918,
                8.877957
              ],
              [
                104.994021,
                8.877946
              ],
              [
                104.994123,
                8.877931
              ],
              [
                104.994225,
                8.877915
              ],
              [
                104.994328,
                8.877896
              ],
              [
                104.994439,
                8.877869
              ],
              [
                104.994559,
                8.877835
              ],
              [
                104.994683,
                8.877798
              ],
              [
                104.994815,
                8.877754
              ],
              [
                104.994956,
                8.8777
              ],
              [
                104.995098,
                8.877642
              ],
              [
                104.995229,
                8.877589
              ],
              [
                104.995348,
                8.87754
              ],
              [
                104.995465,
                8.877492
              ],
              [
                104.995574,
                8.877447
              ],
              [
                104.995677,
                8.877407
              ],
              [
                104.995775,
                8.877372
              ],
              [
                104.995871,
                8.877337
              ],
              [
                104.995917,
                8.877321
              ],
              [
                104.995963,
                8.877304
              ],
              [
                104.996046,
                8.877277
              ],
              [
                104.996127,
                8.877254
              ],
              [
                104.996207,
                8.877233
              ],
              [
                104.996283,
                8.87722
              ],
              [
                104.996348,
                8.877219
              ],
              [
                104.996403,
                8.877227
              ],
              [
                104.996462,
                8.877248
              ],
              [
                104.996513,
                8.877273
              ],
              [
                104.996659,
                8.877356
              ],
              [
                104.996677,
                8.877424
              ],
              [
                104.996682,
                8.877441
              ],
              [
                104.996687,
                8.877461
              ],
              [
                104.996699,
                8.877513
              ],
              [
                104.996708,
                8.877565
              ],
              [
                104.996715,
                8.877618
              ],
              [
                104.996721,
                8.877676
              ],
              [
                104.996718,
                8.877743
              ],
              [
                104.996705,
                8.877815
              ],
              [
                104.996693,
                8.877871
              ],
              [
                104.996683,
                8.877915
              ],
              [
                104.99667,
                8.877975
              ],
              [
                104.996652,
                8.878051
              ],
              [
                104.99663,
                8.878135
              ],
              [
                104.996599,
                8.878237
              ],
              [
                104.996559,
                8.878358
              ],
              [
                104.996518,
                8.878485
              ],
              [
                104.996476,
                8.878617
              ],
              [
                104.996441,
                8.878742
              ],
              [
                104.996415,
                8.878846
              ],
              [
                104.99639,
                8.878948
              ],
              [
                104.996368,
                8.879065
              ],
              [
                104.996356,
                8.879182
              ],
              [
                104.996351,
                8.879294
              ],
              [
                104.99635,
                8.879409
              ],
              [
                104.996352,
                8.879525
              ],
              [
                104.996354,
                8.879629
              ],
              [
                104.996359,
                8.879722
              ],
              [
                104.996369,
                8.879815
              ],
              [
                104.996382,
                8.879892
              ],
              [
                104.996403,
                8.879954
              ],
              [
                104.996427,
                8.880011
              ],
              [
                104.996451,
                8.880062
              ],
              [
                104.996473,
                8.880107
              ],
              [
                104.996496,
                8.880149
              ],
              [
                104.996523,
                8.88019
              ],
              [
                104.996558,
                8.880229
              ],
              [
                104.996598,
                8.880268
              ],
              [
                104.996639,
                8.880307
              ],
              [
                104.996678,
                8.880341
              ],
              [
                104.996713,
                8.880368
              ],
              [
                104.996744,
                8.88039
              ],
              [
                104.996776,
                8.88041
              ],
              [
                104.996809,
                8.880429
              ],
              [
                104.996849,
                8.880446
              ],
              [
                104.996894,
                8.88046
              ],
              [
                104.996944,
                8.880467
              ],
              [
                104.996998,
                8.880471
              ],
              [
                104.997053,
                8.880473
              ],
              [
                104.997105,
                8.880473
              ],
              [
                104.99715,
                8.88047
              ],
              [
                104.997198,
                8.880461
              ],
              [
                104.997261,
                8.880443
              ],
              [
                104.997334,
                8.88042
              ],
              [
                104.997407,
                8.880399
              ],
              [
                104.99748,
                8.880378
              ],
              [
                104.997555,
                8.880355
              ],
              [
                104.997638,
                8.880328
              ],
              [
                104.997724,
                8.880298
              ],
              [
                104.997792,
                8.880272
              ],
              [
                104.997844,
                8.880245
              ],
              [
                104.997909,
                8.880209
              ],
              [
                104.998012,
                8.880159
              ],
              [
                104.998056,
                8.880136
              ],
              [
                104.998144,
                8.880093
              ],
              [
                104.998288,
                8.880019
              ],
              [
                104.998433,
                8.879944
              ],
              [
                104.998573,
                8.879873
              ],
              [
                104.998708,
                8.879809
              ],
              [
                104.998848,
                8.879743
              ],
              [
                104.998982,
                8.879681
              ],
              [
                104.999081,
                8.879635
              ],
              [
                104.999185,
                8.879587
              ],
              [
                104.999346,
                8.879515
              ],
              [
                104.999543,
                8.879431
              ],
              [
                104.999744,
                8.879346
              ],
              [
                104.999944,
                8.879263
              ],
              [
                104.999978,
                8.879249
              ],
              [
                105.000134,
                8.879184
              ],
              [
                105.000313,
                8.879108
              ],
              [
                105.000488,
                8.879033
              ],
              [
                105.00066,
                8.878959
              ],
              [
                105.000827,
                8.878887
              ],
              [
                105.000976,
                8.878821
              ],
              [
                105.00111,
                8.878761
              ],
              [
                105.001235,
                8.878703
              ],
              [
                105.001339,
                8.878656
              ],
              [
                105.001416,
                8.878619
              ],
              [
                105.001776,
                8.878396
              ],
              [
                105.002053,
                8.878153
              ],
              [
                105.002091,
                8.878115
              ],
              [
                105.002141,
                8.878068
              ],
              [
                105.002182,
                8.878027
              ],
              [
                105.002216,
                8.877985
              ],
              [
                105.002253,
                8.877937
              ],
              [
                105.002292,
                8.877887
              ],
              [
                105.002338,
                8.877828
              ],
              [
                105.002391,
                8.877757
              ],
              [
                105.002448,
                8.877677
              ],
              [
                105.002499,
                8.877596
              ],
              [
                105.002535,
                8.877535
              ],
              [
                105.002566,
                8.877483
              ],
              [
                105.002607,
                8.877413
              ],
              [
                105.002656,
                8.877327
              ],
              [
                105.002698,
                8.877253
              ],
              [
                105.002728,
                8.877195
              ],
              [
                105.002752,
                8.877141
              ],
              [
                105.002777,
                8.877073
              ],
              [
                105.002804,
                8.876993
              ],
              [
                105.002827,
                8.876924
              ],
              [
                105.002846,
                8.876865
              ],
              [
                105.00287,
                8.876793
              ],
              [
                105.002898,
                8.876711
              ],
              [
                105.002921,
                8.876642
              ],
              [
                105.002948,
                8.876566
              ],
              [
                105.002989,
                8.876462
              ],
              [
                105.003035,
                8.876355
              ],
              [
                105.003084,
                8.876243
              ],
              [
                105.003136,
                8.876117
              ],
              [
                105.003184,
                8.875998
              ],
              [
                105.003227,
                8.875897
              ],
              [
                105.003265,
                8.875805
              ],
              [
                105.003294,
                8.875738
              ],
              [
                105.003309,
                8.875699
              ],
              [
                105.003322,
                8.875666
              ],
              [
                105.003337,
                8.875629
              ],
              [
                105.003349,
                8.875598
              ],
              [
                105.003362,
                8.875571
              ],
              [
                105.00338,
                8.875534
              ],
              [
                105.003403,
                8.875488
              ],
              [
                105.003429,
                8.875445
              ],
              [
                105.003457,
                8.875407
              ],
              [
                105.003489,
                8.875368
              ],
              [
                105.003527,
                8.875324
              ],
              [
                105.003569,
                8.875278
              ],
              [
                105.003609,
                8.875236
              ],
              [
                105.003651,
                8.875199
              ],
              [
                105.003699,
                8.875161
              ],
              [
                105.003747,
                8.87513
              ],
              [
                105.003783,
                8.875108
              ],
              [
                105.003811,
                8.875092
              ],
              [
                105.003843,
                8.875076
              ],
              [
                105.003892,
                8.875059
              ],
              [
                105.003949,
                8.875044
              ],
              [
                105.003998,
                8.875031
              ],
              [
                105.004048,
                8.875021
              ],
              [
                105.004107,
                8.875015
              ],
              [
                105.004164,
                8.875017
              ],
              [
                105.004212,
                8.875023
              ],
              [
                105.004256,
                8.87503
              ],
              [
                105.004297,
                8.875037
              ],
              [
                105.004325,
                8.875043
              ],
              [
                105.004345,
                8.875048
              ],
              [
                105.00437,
                8.875056
              ],
              [
                105.004428,
                8.875074
              ],
              [
                105.00455,
                8.875109
              ],
              [
                105.004715,
                8.875154
              ],
              [
                105.004885,
                8.875199
              ],
              [
                105.005032,
                8.875237
              ],
              [
                105.005129,
                8.875263
              ],
              [
                105.005193,
                8.875282
              ],
              [
                105.005254,
                8.875301
              ],
              [
                105.005319,
                8.875323
              ],
              [
                105.005371,
                8.875339
              ],
              [
                105.005407,
                8.875351
              ],
              [
                105.005448,
                8.875364
              ],
              [
                105.005508,
                8.875382
              ],
              [
                105.005564,
                8.875398
              ],
              [
                105.005599,
                8.875409
              ],
              [
                105.005619,
                8.875417
              ],
              [
                105.005635,
                8.875425
              ],
              [
                105.00565,
                8.875433
              ],
              [
                105.005665,
                8.875441
              ],
              [
                105.00569,
                8.87545
              ],
              [
                105.005725,
                8.875459
              ],
              [
                105.005751,
                8.875465
              ],
              [
                105.005766,
                8.875469
              ],
              [
                105.00578,
                8.875473
              ],
              [
                105.0058,
                8.875476
              ],
              [
                105.005841,
                8.87548
              ],
              [
                105.005896,
                8.875484
              ],
              [
                105.005943,
                8.875487
              ],
              [
                105.005981,
                8.875489
              ],
              [
                105.006032,
                8.875491
              ],
              [
                105.006099,
                8.875493
              ],
              [
                105.00616,
                8.875494
              ],
              [
                105.006207,
                8.875495
              ],
              [
                105.006238,
                8.875494
              ],
              [
                105.006298,
                8.875496
              ],
              [
                105.006392,
                8.875477
              ],
              [
                105.00641,
                8.875472
              ],
              [
                105.006439,
                8.875464
              ],
              [
                105.006482,
                8.875453
              ],
              [
                105.006535,
                8.87544
              ],
              [
                105.006583,
                8.875427
              ],
              [
                105.006633,
                8.875413
              ],
              [
                105.006687,
                8.875398
              ],
              [
                105.006727,
                8.875387
              ],
              [
                105.006751,
                8.875381
              ],
              [
                105.00677,
                8.875378
              ],
              [
                105.006792,
                8.875375
              ],
              [
                105.006831,
                8.875367
              ],
              [
                105.006883,
                8.875352
              ],
              [
                105.00693,
                8.875333
              ],
              [
                105.006967,
                8.875314
              ],
              [
                105.007002,
                8.875294
              ],
              [
                105.007039,
                8.875271
              ],
              [
                105.007077,
                8.875244
              ],
              [
                105.007115,
                8.875217
              ],
              [
                105.007153,
                8.875189
              ],
              [
                105.007187,
                8.875162
              ],
              [
                105.007215,
                8.875135
              ],
              [
                105.007242,
                8.875106
              ],
              [
                105.007268,
                8.875077
              ],
              [
                105.007291,
                8.875052
              ],
              [
                105.007313,
                8.875026
              ],
              [
                105.007339,
                8.874997
              ],
              [
                105.007363,
                8.874971
              ],
              [
                105.007383,
                8.874948
              ],
              [
                105.007403,
                8.874925
              ],
              [
                105.007423,
                8.874897
              ],
              [
                105.007445,
                8.87486
              ],
              [
                105.00747,
                8.874817
              ],
              [
                105.007495,
                8.874773
              ],
              [
                105.00752,
                8.874728
              ],
              [
                105.007545,
                8.874683
              ],
              [
                105.007568,
                8.874638
              ],
              [
                105.007589,
                8.874594
              ],
              [
                105.007609,
                8.874553
              ],
              [
                105.007623,
                8.874521
              ],
              [
                105.007632,
                8.874501
              ],
              [
                105.00764,
                8.874483
              ],
              [
                105.007651,
                8.874455
              ],
              [
                105.007662,
                8.874422
              ],
              [
                105.007672,
                8.874388
              ],
              [
                105.007682,
                8.874354
              ],
              [
                105.007689,
                8.874326
              ],
              [
                105.007694,
                8.874307
              ],
              [
                105.007696,
                8.874295
              ],
              [
                105.007698,
                8.874289
              ],
              [
                105.007698,
                8.874284
              ],
              [
                105.007699,
                8.874278
              ],
              [
                105.0077,
                8.87427
              ],
              [
                105.007701,
                8.874262
              ],
              [
                105.007703,
                8.874244
              ],
              [
                105.007707,
                8.874213
              ],
              [
                105.00771,
                8.874188
              ],
              [
                105.00773,
                8.873988
              ],
              [
                105.00773,
                8.873988
              ],
              [
                105.007729,
                8.873971
              ],
              [
                105.00773,
                8.873961
              ],
              [
                105.007729,
                8.873946
              ],
              [
                105.007728,
                8.873931
              ],
              [
                105.007727,
                8.873916
              ],
              [
                105.007726,
                8.873898
              ],
              [
                105.007725,
                8.873878
              ],
              [
                105.007725,
                8.873861
              ],
              [
                105.007725,
                8.873845
              ],
              [
                105.007725,
                8.873816
              ],
              [
                105.007725,
                8.873776
              ],
              [
                105.007725,
                8.873745
              ],
              [
                105.007724,
                8.873728
              ],
              [
                105.007722,
                8.873715
              ],
              [
                105.00772,
                8.873696
              ],
              [
                105.007717,
                8.873663
              ],
              [
                105.007714,
                8.873615
              ],
              [
                105.007709,
                8.873571
              ],
              [
                105.007703,
                8.873539
              ],
              [
                105.007696,
                8.87351
              ],
              [
                105.007687,
                8.873473
              ],
              [
                105.007674,
                8.873425
              ],
              [
                105.007665,
                8.873389
              ],
              [
                105.007659,
                8.873366
              ],
              [
                105.007655,
                8.873347
              ],
              [
                105.007649,
                8.873325
              ],
              [
                105.00764,
                8.873291
              ],
              [
                105.007627,
                8.873246
              ],
              [
                105.007619,
                8.873216
              ],
              [
                105.007616,
                8.873205
              ],
              [
                105.007614,
                8.873198
              ],
              [
                105.007609,
                8.873185
              ],
              [
                105.007603,
                8.873167
              ],
              [
                105.007593,
                8.873141
              ],
              [
                105.007573,
                8.873096
              ],
              [
                105.007541,
                8.873029
              ],
              [
                105.007513,
                8.872961
              ],
              [
                105.007489,
                8.8729
              ],
              [
                105.007459,
                8.872834
              ],
              [
                105.007422,
                8.872762
              ],
              [
                105.007393,
                8.872708
              ],
              [
                105.007373,
                8.872678
              ],
              [
                105.007358,
                8.872659
              ],
              [
                105.00734,
                8.872638
              ],
              [
                105.007314,
                8.872601
              ],
              [
                105.00728,
                8.872549
              ],
              [
                105.007254,
                8.872507
              ],
              [
                105.007239,
                8.872483
              ],
              [
                105.007226,
                8.87246
              ],
              [
                105.007201,
                8.872418
              ],
              [
                105.007153,
                8.872337
              ],
              [
                105.00709,
                8.872236
              ],
              [
                105.007025,
                8.872135
              ],
              [
                105.006963,
                8.87204
              ],
              [
                105.006917,
                8.871971
              ],
              [
                105.006893,
                8.871938
              ],
              [
                105.006879,
                8.871921
              ],
              [
                105.006864,
                8.871904
              ],
              [
                105.006836,
                8.871875
              ],
              [
                105.006797,
                8.871831
              ],
              [
                105.00676,
                8.871784
              ],
              [
                105.006723,
                8.871736
              ],
              [
                105.006682,
                8.871687
              ],
              [
                105.006647,
                8.871645
              ],
              [
                105.006619,
                8.871607
              ],
              [
                105.006592,
                8.871569
              ],
              [
                105.006561,
                8.871523
              ],
              [
                105.006525,
                8.871464
              ],
              [
                105.006488,
                8.871399
              ],
              [
                105.006456,
                8.871343
              ],
              [
                105.006428,
                8.871295
              ],
              [
                105.006402,
                8.871248
              ],
              [
                105.006378,
                8.87121
              ],
              [
                105.006354,
                8.871179
              ],
              [
                105.006326,
                8.871143
              ],
              [
                105.006297,
                8.871105
              ],
              [
                105.006269,
                8.871071
              ],
              [
                105.006242,
                8.871038
              ],
              [
                105.006216,
                8.871004
              ],
              [
                105.006196,
                8.870978
              ],
              [
                105.006179,
                8.870954
              ],
              [
                105.00616,
                8.870924
              ],
              [
                105.006142,
                8.870896
              ],
              [
                105.006124,
                8.870868
              ],
              [
                105.006107,
                8.870837
              ],
              [
                105.006095,
                8.870811
              ],
              [
                105.006086,
                8.87079
              ],
              [
                105.006076,
                8.870769
              ],
              [
                105.006068,
                8.870751
              ],
              [
                105.006059,
                8.870732
              ],
              [
                105.006048,
                8.870709
              ],
              [
                105.006035,
                8.870683
              ],
              [
                105.006022,
                8.870654
              ],
              [
                105.006009,
                8.870624
              ],
              [
                105.005995,
                8.870593
              ],
              [
                105.00598,
                8.870563
              ],
              [
                105.005964,
                8.870533
              ],
              [
                105.005949,
                8.870503
              ],
              [
                105.005931,
                8.870471
              ],
              [
                105.005908,
                8.870429
              ],
              [
                105.005879,
                8.870368
              ],
              [
                105.005847,
                8.870292
              ],
              [
                105.005824,
                8.870231
              ],
              [
                105.005804,
                8.870176
              ],
              [
                105.005775,
                8.8701
              ],
              [
                105.005739,
                8.870009
              ],
              [
                105.00571,
                8.869934
              ],
              [
                105.005694,
                8.869886
              ],
              [
                105.005685,
                8.869849
              ],
              [
                105.005677,
                8.869805
              ],
              [
                105.005671,
                8.869754
              ],
              [
                105.005666,
                8.869715
              ],
              [
                105.005664,
                8.86969
              ],
              [
                105.005663,
                8.869665
              ],
              [
                105.005663,
                8.869628
              ],
              [
                105.005662,
                8.869576
              ],
              [
                105.005659,
                8.869516
              ],
              [
                105.005655,
                8.869462
              ],
              [
                105.005654,
                8.869414
              ],
              [
                105.005653,
                8.869368
              ],
              [
                105.005653,
                8.869325
              ],
              [
                105.005653,
                8.869289
              ],
              [
                105.005653,
                8.869257
              ],
              [
                105.005655,
                8.86922
              ],
              [
                105.005659,
                8.86918
              ],
              [
                105.005663,
                8.869139
              ],
              [
                105.005667,
                8.8691
              ],
              [
                105.005673,
                8.869065
              ],
              [
                105.005679,
                8.869034
              ],
              [
                105.005685,
                8.869004
              ],
              [
                105.005691,
                8.868973
              ],
              [
                105.005698,
                8.868946
              ],
              [
                105.005707,
                8.868922
              ],
              [
                105.005715,
                8.868898
              ],
              [
                105.005723,
                8.868877
              ],
              [
                105.00573,
                8.86886
              ],
              [
                105.005737,
                8.868845
              ],
              [
                105.005744,
                8.868827
              ],
              [
                105.005751,
                8.868809
              ],
              [
                105.005758,
                8.868789
              ],
              [
                105.005763,
                8.86876
              ],
              [
                105.005769,
                8.868728
              ],
              [
                105.005775,
                8.868702
              ],
              [
                105.005782,
                8.868681
              ],
              [
                105.005788,
                8.868664
              ],
              [
                105.005793,
                8.868647
              ],
              [
                105.0058,
                8.868629
              ],
              [
                105.005806,
                8.868611
              ],
              [
                105.005812,
                8.868596
              ],
              [
                105.005816,
                8.868587
              ],
              [
                105.005822,
                8.868575
              ],
              [
                105.005831,
                8.868553
              ],
              [
                105.005843,
                8.868523
              ],
              [
                105.005856,
                8.868493
              ],
              [
                105.005866,
                8.868465
              ],
              [
                105.005876,
                8.868442
              ],
              [
                105.005889,
                8.868414
              ],
              [
                105.005911,
                8.868376
              ],
              [
                105.00594,
                8.868332
              ],
              [
                105.005969,
                8.868286
              ],
              [
                105.006002,
                8.868244
              ],
              [
                105.006039,
                8.868205
              ],
              [
                105.006081,
                8.868166
              ],
              [
                105.00613,
                8.868124
              ],
              [
                105.006186,
                8.868082
              ],
              [
                105.006242,
                8.868042
              ],
              [
                105.006298,
                8.868005
              ],
              [
                105.006353,
                8.867971
              ],
              [
                105.006397,
                8.867945
              ],
              [
                105.006435,
                8.867924
              ],
              [
                105.006465,
                8.86791
              ],
              [
                105.006487,
                8.8679
              ],
              [
                105.006504,
                8.867893
              ],
              [
                105.006518,
                8.867888
              ],
              [
                105.006542,
                8.867879
              ],
              [
                105.006582,
                8.867863
              ],
              [
                105.006626,
                8.867846
              ],
              [
                105.006673,
                8.867827
              ],
              [
                105.006731,
                8.867805
              ],
              [
                105.006791,
                8.867782
              ],
              [
                105.006847,
                8.867763
              ],
              [
                105.006907,
                8.867744
              ],
              [
                105.006979,
                8.867729
              ],
              [
                105.007063,
                8.867717
              ],
              [
                105.007136,
                8.867707
              ],
              [
                105.007194,
                8.867699
              ],
              [
                105.007263,
                8.867693
              ],
              [
                105.007344,
                8.867687
              ],
              [
                105.00741,
                8.867683
              ],
              [
                105.007464,
                8.867682
              ],
              [
                105.007516,
                8.867683
              ],
              [
                105.007565,
                8.867683
              ],
              [
                105.007615,
                8.867685
              ],
              [
                105.00767,
                8.867687
              ],
              [
                105.007732,
                8.867691
              ],
              [
                105.007807,
                8.867696
              ],
              [
                105.00789,
                8.867701
              ],
              [
                105.007974,
                8.867707
              ],
              [
                105.008055,
                8.867712
              ],
              [
                105.008142,
                8.867718
              ],
              [
                105.008234,
                8.867725
              ],
              [
                105.008304,
                8.867729
              ],
              [
                105.00835,
                8.867732
              ],
              [
                105.008415,
                8.867737
              ],
              [
                105.008537,
                8.867748
              ],
              [
                105.008685,
                8.867761
              ],
              [
                105.008801,
                8.86777
              ],
              [
                105.008893,
                8.867775
              ],
              [
                105.009006,
                8.867782
              ],
              [
                105.00914,
                8.867791
              ],
              [
                105.009247,
                8.867796
              ],
              [
                105.009318,
                8.867795
              ],
              [
                105.009377,
                8.867792
              ],
              [
                105.009435,
                8.867789
              ],
              [
                105.009496,
                8.867785
              ],
              [
                105.009562,
                8.867779
              ],
              [
                105.009632,
                8.867772
              ],
              [
                105.0097,
                8.867765
              ],
              [
                105.009759,
                8.86776
              ],
              [
                105.0098,
                8.867758
              ],
              [
                105.009829,
                8.867755
              ],
              [
                105.00986,
                8.867751
              ],
              [
                105.009905,
                8.867743
              ],
              [
                105.009964,
                8.867733
              ],
              [
                105.01001,
                8.867727
              ],
              [
                105.010038,
                8.867725
              ],
              [
                105.01006,
                8.867723
              ],
              [
                105.010079,
                8.867721
              ],
              [
                105.010099,
                8.867718
              ],
              [
                105.01014,
                8.86771
              ],
              [
                105.010214,
                8.867694
              ],
              [
                105.010302,
                8.867669
              ],
              [
                105.010387,
                8.86764
              ],
              [
                105.01046,
                8.867612
              ],
              [
                105.010524,
                8.867584
              ],
              [
                105.010582,
                8.867558
              ],
              [
                105.010628,
                8.867536
              ],
              [
                105.010656,
                8.867521
              ],
              [
                105.010673,
                8.86751
              ],
              [
                105.010685,
                8.867502
              ],
              [
                105.010703,
                8.86749
              ],
              [
                105.010736,
                8.867466
              ],
              [
                105.010777,
                8.867434
              ],
              [
                105.010819,
                8.8674
              ],
              [
                105.010859,
                8.867364
              ],
              [
                105.010895,
                8.867327
              ],
              [
                105.01093,
                8.867291
              ],
              [
                105.010964,
                8.867255
              ],
              [
                105.010995,
                8.867222
              ],
              [
                105.011021,
                8.867191
              ],
              [
                105.011044,
                8.86716
              ],
              [
                105.011064,
                8.867128
              ],
              [
                105.011084,
                8.867096
              ],
              [
                105.011102,
                8.867063
              ],
              [
                105.011119,
                8.867033
              ],
              [
                105.01113,
                8.867007
              ],
              [
                105.011139,
                8.866984
              ],
              [
                105.011147,
                8.866962
              ],
              [
                105.011155,
                8.866942
              ],
              [
                105.011159,
                8.866927
              ],
              [
                105.011171,
                8.86689
              ],
              [
                105.011171,
                8.866847
              ],
              [
                105.01117,
                8.86683
              ],
              [
                105.01117,
                8.866804
              ],
              [
                105.011169,
                8.866776
              ],
              [
                105.011167,
                8.866747
              ],
              [
                105.011163,
                8.866718
              ],
              [
                105.011157,
                8.866686
              ],
              [
                105.011147,
                8.866652
              ],
              [
                105.011136,
                8.866621
              ],
              [
                105.011124,
                8.866586
              ],
              [
                105.01111,
                8.866547
              ],
              [
                105.011094,
                8.866507
              ],
              [
                105.011075,
                8.866468
              ],
              [
                105.011055,
                8.86643
              ],
              [
                105.011033,
                8.866391
              ],
              [
                105.011011,
                8.866353
              ],
              [
                105.010989,
                8.866316
              ],
              [
                105.010963,
                8.866278
              ],
              [
                105.010934,
                8.866244
              ],
              [
                105.010908,
                8.866214
              ],
              [
                105.010873,
                8.86618
              ],
              [
                105.010817,
                8.866134
              ],
              [
                105.01075,
                8.866079
              ],
              [
                105.010674,
                8.86602
              ],
              [
                105.010611,
                8.865971
              ],
              [
                105.010577,
                8.865945
              ],
              [
                105.010556,
                8.865927
              ],
              [
                105.010521,
                8.865899
              ],
              [
                105.010471,
                8.865859
              ],
              [
                105.010431,
                8.865829
              ],
              [
                105.010402,
                8.86581
              ],
              [
                105.010372,
                8.865792
              ],
              [
                105.010334,
                8.86577
              ],
              [
                105.01029,
                8.865744
              ],
              [
                105.010253,
                8.865721
              ],
              [
                105.010225,
                8.865704
              ],
              [
                105.010194,
                8.865685
              ],
              [
                105.010158,
                8.865663
              ],
              [
                105.010129,
                8.865644
              ],
              [
                105.010105,
                8.865625
              ],
              [
                105.01007,
                8.865596
              ],
              [
                105.010023,
                8.86556
              ],
              [
                105.009986,
                8.865531
              ],
              [
                105.009959,
                8.86551
              ],
              [
                105.009915,
                8.865476
              ],
              [
                105.009833,
                8.865416
              ],
              [
                105.009725,
                8.865337
              ],
              [
                105.00962,
                8.865258
              ],
              [
                105.009517,
                8.86518
              ],
              [
                105.00942,
                8.865106
              ],
              [
                105.009356,
                8.86505
              ],
              [
                105.009319,
                8.865013
              ],
              [
                105.00929,
                8.864982
              ],
              [
                105.009266,
                8.864958
              ],
              [
                105.009244,
                8.864939
              ],
              [
                105.009217,
                8.864915
              ],
              [
                105.009184,
                8.864883
              ],
              [
                105.009148,
                8.864846
              ],
              [
                105.009113,
                8.864808
              ],
              [
                105.009079,
                8.86477
              ],
              [
                105.009048,
                8.864731
              ],
              [
                105.009018,
                8.864688
              ],
              [
                105.008989,
                8.864645
              ],
              [
                105.008962,
                8.864602
              ],
              [
                105.00894,
                8.864564
              ],
              [
                105.008922,
                8.864531
              ],
              [
                105.008905,
                8.864498
              ],
              [
                105.008887,
                8.864463
              ],
              [
                105.008867,
                8.864424
              ],
              [
                105.008847,
                8.864384
              ],
              [
                105.008829,
                8.864345
              ],
              [
                105.008811,
                8.864305
              ],
              [
                105.008799,
                8.86427
              ],
              [
                105.00879,
                8.864241
              ],
              [
                105.008783,
                8.864212
              ],
              [
                105.008776,
                8.86418
              ],
              [
                105.00877,
                8.864147
              ],
              [
                105.008766,
                8.864114
              ],
              [
                105.008765,
                8.864088
              ],
              [
                105.008765,
                8.864061
              ],
              [
                105.008766,
                8.864031
              ],
              [
                105.008768,
                8.864
              ],
              [
                105.008771,
                8.863967
              ],
              [
                105.008775,
                8.863934
              ],
              [
                105.008783,
                8.863895
              ],
              [
                105.008795,
                8.863852
              ],
              [
                105.008812,
                8.863805
              ],
              [
                105.008831,
                8.863758
              ],
              [
                105.00885,
                8.863712
              ],
              [
                105.008869,
                8.863668
              ],
              [
                105.008889,
                8.863628
              ],
              [
                105.008911,
                8.86359
              ],
              [
                105.008935,
                8.863552
              ],
              [
                105.008963,
                8.863511
              ],
              [
                105.008994,
                8.863472
              ],
              [
                105.009024,
                8.863438
              ],
              [
                105.009055,
                8.863405
              ],
              [
                105.009089,
                8.863373
              ],
              [
                105.009138,
                8.86333
              ],
              [
                105.009199,
                8.863272
              ],
              [
                105.009259,
                8.863216
              ],
              [
                105.009321,
                8.863155
              ],
              [
                105.009388,
                8.863086
              ],
              [
                105.009455,
                8.863023
              ],
              [
                105.009527,
                8.862966
              ],
              [
                105.009607,
                8.86291
              ],
              [
                105.009677,
                8.862862
              ],
              [
                105.009742,
                8.862819
              ],
              [
                105.009811,
                8.862774
              ],
              [
                105.009876,
                8.862732
              ],
              [
                105.009952,
                8.862682
              ],
              [
                105.010042,
                8.862621
              ],
              [
                105.010121,
                8.862567
              ],
              [
                105.010188,
                8.862519
              ],
              [
                105.010267,
                8.862462
              ],
              [
                105.010355,
                8.8624
              ],
              [
                105.01043,
                8.862348
              ],
              [
                105.010492,
                8.862304
              ],
              [
                105.010548,
                8.862262
              ],
              [
                105.010583,
                8.862233
              ],
              [
                105.010602,
                8.862214
              ],
              [
                105.010618,
                8.862201
              ],
              [
                105.010634,
                8.862191
              ],
              [
                105.010654,
                8.86218
              ],
              [
                105.010688,
                8.86216
              ],
              [
                105.010737,
                8.862129
              ],
              [
                105.010781,
                8.862102
              ],
              [
                105.010816,
                8.862081
              ],
              [
                105.010853,
                8.862056
              ],
              [
                105.010894,
                8.862025
              ],
              [
                105.010934,
                8.861994
              ],
              [
                105.010974,
                8.86196
              ],
              [
                105.011013,
                8.861923
              ],
              [
                105.011046,
                8.86189
              ],
              [
                105.011073,
                8.861862
              ],
              [
                105.0111,
                8.861834
              ],
              [
                105.011128,
                8.861805
              ],
              [
                105.011163,
                8.86177
              ],
              [
                105.011203,
                8.861731
              ],
              [
                105.011245,
                8.861688
              ],
              [
                105.011286,
                8.861641
              ],
              [
                105.011327,
                8.861592
              ],
              [
                105.011368,
                8.861541
              ],
              [
                105.011408,
                8.861491
              ],
              [
                105.011448,
                8.861441
              ],
              [
                105.011485,
                8.861389
              ],
              [
                105.011519,
                8.861331
              ],
              [
                105.011554,
                8.861269
              ],
              [
                105.011589,
                8.861204
              ],
              [
                105.011622,
                8.86114
              ],
              [
                105.011647,
                8.861085
              ],
              [
                105.011662,
                8.861046
              ],
              [
                105.011675,
                8.861008
              ],
              [
                105.01169,
                8.860959
              ],
              [
                105.011702,
                8.860904
              ],
              [
                105.01171,
                8.860846
              ],
              [
                105.011717,
                8.860788
              ],
              [
                105.011723,
                8.86073
              ],
              [
                105.011724,
                8.860675
              ],
              [
                105.01172,
                8.860622
              ],
              [
                105.011715,
                8.860571
              ],
              [
                105.011708,
                8.86052
              ],
              [
                105.011701,
                8.860475
              ],
              [
                105.01169,
                8.860429
              ],
              [
                105.011672,
                8.860383
              ],
              [
                105.011655,
                8.860348
              ],
              [
                105.011643,
                8.860324
              ],
              [
                105.011634,
                8.860305
              ],
              [
                105.011627,
                8.860284
              ],
              [
                105.011615,
                8.860252
              ],
              [
                105.011598,
                8.860208
              ],
              [
                105.011577,
                8.860159
              ],
              [
                105.01155,
                8.860107
              ],
              [
                105.011524,
                8.86006
              ],
              [
                105.011496,
                8.860011
              ],
              [
                105.01146,
                8.859953
              ],
              [
                105.011423,
                8.859899
              ],
              [
                105.011392,
                8.859858
              ],
              [
                105.011362,
                8.859818
              ],
              [
                105.011329,
                8.859775
              ],
              [
                105.011299,
                8.859735
              ],
              [
                105.01127,
                8.859693
              ],
              [
                105.011237,
                8.859645
              ],
              [
                105.011204,
                8.859596
              ],
              [
                105.01117,
                8.859547
              ],
              [
                105.011136,
                8.859501
              ],
              [
                105.0111,
                8.859455
              ],
              [
                105.011063,
                8.859409
              ],
              [
                105.011026,
                8.859363
              ],
              [
                105.010996,
                8.859325
              ],
              [
                105.010976,
                8.8593
              ],
              [
                105.010962,
                8.859283
              ],
              [
                105.010946,
                8.859267
              ],
              [
                105.010925,
                8.859244
              ],
              [
                105.010897,
                8.859212
              ],
              [
                105.010866,
                8.859176
              ],
              [
                105.010833,
                8.859139
              ],
              [
                105.010801,
                8.859099
              ],
              [
                105.010769,
                8.859056
              ],
              [
                105.010742,
                8.859014
              ],
              [
                105.010716,
                8.858972
              ],
              [
                105.01069,
                8.858928
              ],
              [
                105.010672,
                8.85889
              ],
              [
                105.010657,
                8.858859
              ],
              [
                105.010637,
                8.858825
              ],
              [
                105.010612,
                8.858789
              ],
              [
                105.010588,
                8.858759
              ],
              [
                105.010566,
                8.858734
              ],
              [
                105.010539,
                8.858704
              ],
              [
                105.010511,
                8.858668
              ],
              [
                105.010488,
                8.858638
              ],
              [
                105.010467,
                8.85861
              ],
              [
                105.010445,
                8.858581
              ],
              [
                105.010422,
                8.858551
              ],
              [
                105.010399,
                8.858522
              ],
              [
                105.010378,
                8.85849
              ],
              [
                105.010357,
                8.858452
              ],
              [
                105.010332,
                8.858408
              ],
              [
                105.010306,
                8.85836
              ],
              [
                105.010277,
                8.858308
              ],
              [
                105.010245,
                8.858251
              ],
              [
                105.010214,
                8.858188
              ],
              [
                105.010188,
                8.858123
              ],
              [
                105.010167,
                8.858063
              ],
              [
                105.010147,
                8.858005
              ],
              [
                105.010128,
                8.857942
              ],
              [
                105.010113,
                8.857886
              ],
              [
                105.010104,
                8.857837
              ],
              [
                105.010098,
                8.857793
              ],
              [
                105.010094,
                8.857751
              ],
              [
                105.01009,
                8.85771
              ],
              [
                105.010087,
                8.857674
              ],
              [
                105.010085,
                8.857643
              ],
              [
                105.010087,
                8.857612
              ],
              [
                105.010092,
                8.857575
              ],
              [
                105.010099,
                8.857535
              ],
              [
                105.010104,
                8.857508
              ],
              [
                105.010113,
                8.857445
              ],
              [
                105.010138,
                8.857385
              ],
              [
                105.01015,
                8.857359
              ],
              [
                105.010169,
                8.85732
              ],
              [
                105.01019,
                8.857278
              ],
              [
                105.010213,
                8.857237
              ],
              [
                105.010239,
                8.857195
              ],
              [
                105.01027,
                8.85715
              ],
              [
                105.010303,
                8.857104
              ],
              [
                105.010336,
                8.857058
              ],
              [
                105.010365,
                8.857019
              ],
              [
                105.010387,
                8.856993
              ],
              [
                105.010407,
                8.856976
              ],
              [
                105.010428,
                8.856961
              ],
              [
                105.010454,
                8.856944
              ],
              [
                105.010489,
                8.856921
              ],
              [
                105.01053,
                8.856894
              ],
              [
                105.010574,
                8.856866
              ],
              [
                105.010624,
                8.856833
              ],
              [
                105.010682,
                8.856795
              ],
              [
                105.010741,
                8.856754
              ],
              [
                105.010798,
                8.856713
              ],
              [
                105.010848,
                8.856679
              ],
              [
                105.010888,
                8.856654
              ],
              [
                105.010924,
                8.856633
              ],
              [
                105.010959,
                8.856614
              ],
              [
                105.010999,
                8.856592
              ],
              [
                105.01105,
                8.856564
              ],
              [
                105.01111,
                8.856532
              ],
              [
                105.011161,
                8.856504
              ],
              [
                105.011204,
                8.856482
              ],
              [
                105.011252,
                8.856459
              ],
              [
                105.011308,
                8.856434
              ],
              [
                105.011357,
                8.856414
              ],
              [
                105.011404,
                8.856397
              ],
              [
                105.011456,
                8.856376
              ],
              [
                105.011506,
                8.856352
              ],
              [
                105.011558,
                8.856326
              ],
              [
                105.011624,
                8.856297
              ],
              [
                105.011692,
                8.856265
              ],
              [
                105.011743,
                8.856241
              ],
              [
                105.011784,
                8.856221
              ],
              [
                105.011835,
                8.856194
              ],
              [
                105.011895,
                8.856162
              ],
              [
                105.011942,
                8.856136
              ],
              [
                105.011972,
                8.856117
              ],
              [
                105.012002,
                8.856097
              ],
              [
                105.012049,
                8.856065
              ],
              [
                105.012112,
                8.856022
              ],
              [
                105.012183,
                8.855974
              ],
              [
                105.012273,
                8.855911
              ],
              [
                105.012378,
                8.85584
              ],
              [
                105.012475,
                8.855777
              ],
              [
                105.012568,
                8.855716
              ],
              [
                105.012655,
                8.855657
              ],
              [
                105.012708,
                8.855617
              ],
              [
                105.012737,
                8.855586
              ],
              [
                105.012762,
                8.855549
              ],
              [
                105.012788,
                8.855509
              ],
              [
                105.012814,
                8.855474
              ],
              [
                105.012838,
                8.855445
              ],
              [
                105.012859,
                8.855416
              ],
              [
                105.012876,
                8.855389
              ],
              [
                105.012888,
                8.855364
              ],
              [
                105.012899,
                8.855338
              ],
              [
                105.012911,
                8.855312
              ],
              [
                105.012926,
                8.855278
              ],
              [
                105.012941,
                8.855236
              ],
              [
                105.012954,
                8.855192
              ],
              [
                105.012966,
                8.855147
              ],
              [
                105.012974,
                8.8551
              ],
              [
                105.012977,
                8.855045
              ],
              [
                105.012977,
                8.854981
              ],
              [
                105.012977,
                8.854911
              ],
              [
                105.012978,
                8.854826
              ],
              [
                105.012977,
                8.854728
              ],
              [
                105.01297,
                8.854635
              ],
              [
                105.012963,
                8.854541
              ],
              [
                105.012961,
                8.854441
              ],
              [
                105.012958,
                8.854361
              ],
              [
                105.012955,
                8.854302
              ],
              [
                105.012959,
                8.854233
              ],
              [
                105.01299,
                8.853444
              ],
              [
                105.012891,
                8.853444
              ],
              [
                105.012881,
                8.853444
              ],
              [
                105.012798,
                8.853443
              ],
              [
                105.012731,
                8.853443
              ],
              [
                105.012695,
                8.853444
              ],
              [
                105.012672,
                8.853445
              ],
              [
                105.012616,
                8.853446
              ],
              [
                105.012564,
                8.853448
              ],
              [
                105.012531,
                8.853449
              ],
              [
                105.012515,
                8.853449
              ],
              [
                105.0125,
                8.85345
              ],
              [
                105.012477,
                8.85345
              ],
              [
                105.012442,
                8.85345
              ],
              [
                105.012377,
                8.853449
              ],
              [
                105.012274,
                8.853448
              ],
              [
                105.01216,
                8.853446
              ],
              [
                105.012045,
                8.853443
              ],
              [
                105.011933,
                8.85344
              ],
              [
                105.011844,
                8.853432
              ],
              [
                105.01177,
                8.853417
              ],
              [
                105.011693,
                8.853392
              ],
              [
                105.011598,
                8.853359
              ],
              [
                105.011488,
                8.853322
              ],
              [
                105.011389,
                8.853288
              ],
              [
                105.011287,
                8.853252
              ],
              [
                105.011168,
                8.853213
              ],
              [
                105.011053,
                8.853174
              ],
              [
                105.010953,
                8.853139
              ],
              [
                105.010859,
                8.853106
              ],
              [
                105.010772,
                8.853075
              ],
              [
                105.010687,
                8.853042
              ],
              [
                105.010597,
                8.853004
              ],
              [
                105.010511,
                8.852967
              ],
              [
                105.010421,
                8.852928
              ],
              [
                105.01032,
                8.852883
              ],
              [
                105.010206,
                8.852834
              ],
              [
                105.010084,
                8.852785
              ],
              [
                105.009972,
                8.852744
              ],
              [
                105.009861,
                8.852703
              ],
              [
                105.009742,
                8.852658
              ],
              [
                105.009642,
                8.852622
              ],
              [
                105.009564,
                8.852593
              ],
              [
                105.009492,
                8.852562
              ],
              [
                105.009416,
                8.852528
              ],
              [
                105.009348,
                8.852496
              ],
              [
                105.009279,
                8.852464
              ],
              [
                105.009201,
                8.852429
              ],
              [
                105.009127,
                8.852397
              ],
              [
                105.009053,
                8.852365
              ],
              [
                105.008975,
                8.852333
              ],
              [
                105.008898,
                8.8523
              ],
              [
                105.008829,
                8.85227
              ],
              [
                105.008777,
                8.852246
              ],
              [
                105.008736,
                8.852224
              ],
              [
                105.008696,
                8.852203
              ],
              [
                105.008657,
                8.852183
              ],
              [
                105.008617,
                8.852166
              ],
              [
                105.008577,
                8.852153
              ],
              [
                105.008539,
                8.852144
              ],
              [
                105.008501,
                8.852135
              ],
              [
                105.008464,
                8.852127
              ],
              [
                105.008426,
                8.852119
              ],
              [
                105.008384,
                8.852105
              ],
              [
                105.00833,
                8.852084
              ],
              [
                105.008269,
                8.852056
              ],
              [
                105.008215,
                8.852029
              ],
              [
                105.008158,
                8.852002
              ],
              [
                105.008087,
                8.851968
              ],
              [
                105.008013,
                8.851933
              ],
              [
                105.007957,
                8.851906
              ],
              [
                105.007927,
                8.851893
              ],
              [
                105.007904,
                8.851887
              ],
              [
                105.007863,
                8.851876
              ],
              [
                105.007808,
                8.851857
              ],
              [
                105.007755,
                8.851836
              ],
              [
                105.007713,
                8.851818
              ],
              [
                105.00767,
                8.851799
              ],
              [
                105.007597,
                8.851764
              ],
              [
                105.007496,
                8.851717
              ],
              [
                105.007425,
                8.851682
              ],
              [
                105.007385,
                8.851661
              ],
              [
                105.007347,
                8.851645
              ],
              [
                105.007307,
                8.851629
              ],
              [
                105.007266,
                8.851614
              ],
              [
                105.007214,
                8.851593
              ],
              [
                105.007125,
                8.851555
              ],
              [
                105.007,
                8.851501
              ],
              [
                105.006873,
                8.851448
              ],
              [
                105.006736,
                8.851395
              ],
              [
                105.006592,
                8.851338
              ],
              [
                105.006445,
                8.851281
              ],
              [
                105.006298,
                8.851225
              ],
              [
                105.006155,
                8.851169
              ],
              [
                105.006015,
                8.851115
              ],
              [
                105.005885,
                8.851063
              ],
              [
                105.005757,
                8.851012
              ],
              [
                105.005621,
                8.850959
              ],
              [
                105.005494,
                8.850908
              ],
              [
                105.005385,
                8.850865
              ],
              [
                105.005293,
                8.850832
              ],
              [
                105.005201,
                8.850798
              ],
              [
                105.005091,
                8.850754
              ],
              [
                105.004969,
                8.850704
              ],
              [
                105.004843,
                8.850653
              ],
              [
                105.004719,
                8.850605
              ],
              [
                105.004611,
                8.850564
              ],
              [
                105.004531,
                8.850535
              ],
              [
                105.004469,
                8.850514
              ],
              [
                105.004415,
                8.850496
              ],
              [
                105.004364,
                8.85048
              ],
              [
                105.004317,
                8.850466
              ],
              [
                105.004282,
                8.850456
              ],
              [
                105.00426,
                8.850449
              ],
              [
                105.004232,
                8.850442
              ],
              [
                105.004183,
                8.850428
              ],
              [
                105.004122,
                8.850411
              ],
              [
                105.004061,
                8.850393
              ],
              [
                105.004013,
                8.850378
              ],
              [
                105.003985,
                8.850369
              ],
              [
                105.003967,
                8.850365
              ],
              [
                105.00395,
                8.850361
              ],
              [
                105.003928,
                8.850356
              ],
              [
                105.003897,
                8.850348
              ],
              [
                105.003848,
                8.850335
              ],
              [
                105.003785,
                8.850316
              ],
              [
                105.003736,
                8.850299
              ],
              [
                105.003688,
                8.850282
              ],
              [
                105.003615,
                8.850259
              ],
              [
                105.003524,
                8.850233
              ],
              [
                105.003443,
                8.850213
              ],
              [
                105.003382,
                8.850201
              ],
              [
                105.003328,
                8.850191
              ],
              [
                105.003279,
                8.850182
              ],
              [
                105.003238,
                8.850173
              ],
              [
                105.003217,
                8.850168
              ],
              [
                105.003204,
                8.850165
              ],
              [
                105.003185,
                8.850161
              ],
              [
                105.003147,
                8.85015
              ],
              [
                105.003062,
                8.850125
              ],
              [
                105.001775,
                8.84981
              ],
              [
                105.000928,
                8.849569
              ],
              [
                105.000415,
                8.849433
              ],
              [
                104.999962,
                8.849321
              ],
              [
                104.999806,
                8.849283
              ],
              [
                104.999538,
                8.849217
              ],
              [
                104.999179,
                8.849128
              ],
              [
                104.99889,
                8.849056
              ],
              [
                104.998626,
                8.848987
              ],
              [
                104.998345,
                8.848912
              ],
              [
                104.998042,
                8.848827
              ],
              [
                104.997729,
                8.848733
              ],
              [
                104.997411,
                8.848631
              ],
              [
                104.99709,
                8.848521
              ],
              [
                104.996775,
                8.848409
              ],
              [
                104.996478,
                8.848296
              ],
              [
                104.99621,
                8.848188
              ],
              [
                104.995983,
                8.848087
              ],
              [
                104.995793,
                8.847992
              ],
              [
                104.995625,
                8.847898
              ],
              [
                104.995459,
                8.847797
              ],
              [
                104.99529,
                8.847689
              ],
              [
                104.995119,
                8.847576
              ],
              [
                104.994953,
                8.847463
              ],
              [
                104.99479,
                8.847346
              ],
              [
                104.994622,
                8.847215
              ],
              [
                104.994441,
                8.847062
              ],
              [
                104.994249,
                8.84689
              ],
              [
                104.994054,
                8.84671
              ],
              [
                104.993869,
                8.846532
              ],
              [
                104.993699,
                8.846359
              ],
              [
                104.993545,
                8.846191
              ],
              [
                104.993407,
                8.846031
              ],
              [
                104.993287,
                8.845885
              ],
              [
                104.993186,
                8.845755
              ],
              [
                104.993096,
                8.845632
              ],
              [
                104.993005,
                8.845506
              ],
              [
                104.992907,
                8.845368
              ],
              [
                104.992803,
                8.845218
              ],
              [
                104.992701,
                8.845066
              ],
              [
                104.992606,
                8.844923
              ],
              [
                104.992527,
                8.844798
              ],
              [
                104.992466,
                8.844696
              ],
              [
                104.992419,
                8.844611
              ],
              [
                104.992379,
                8.844536
              ],
              [
                104.992342,
                8.844465
              ],
              [
                104.99231,
                8.844402
              ],
              [
                104.992306,
                8.844395
              ],
              [
                104.992271,
                8.844326
              ],
              [
                104.99224,
                8.844264
              ],
              [
                104.992217,
                8.84422
              ],
              [
                104.992213,
                8.844212
              ],
              [
                104.992184,
                8.844163
              ],
              [
                104.99215,
                8.84411
              ],
              [
                104.992113,
                8.844054
              ],
              [
                104.992077,
                8.844002
              ],
              [
                104.992045,
                8.843956
              ],
              [
                104.992014,
                8.843907
              ],
              [
                104.991976,
                8.843842
              ],
              [
                104.991925,
                8.843752
              ],
              [
                104.991863,
                8.84364
              ],
              [
                104.991797,
                8.843521
              ],
              [
                104.991735,
                8.843408
              ],
              [
                104.991684,
                8.843317
              ],
              [
                104.991642,
                8.843242
              ],
              [
                104.991594,
                8.843157
              ],
              [
                104.991526,
                8.843036
              ],
              [
                104.991443,
                8.842888
              ],
              [
                104.991361,
                8.842741
              ],
              [
                104.991283,
                8.842604
              ],
              [
                104.991205,
                8.842465
              ],
              [
                104.991129,
                8.842329
              ],
              [
                104.991069,
                8.842222
              ],
              [
                104.991029,
                8.842151
              ],
              [
                104.990999,
                8.842101
              ],
              [
                104.99097,
                8.842053
              ],
              [
                104.99094,
                8.842003
              ],
              [
                104.990904,
                8.841946
              ],
              [
                104.990885,
                8.841914
              ],
              [
                104.990863,
                8.841878
              ],
              [
                104.99082,
                8.841808
              ],
              [
                104.990784,
                8.841748
              ],
              [
                104.990756,
                8.841702
              ],
              [
                104.99073,
                8.841662
              ],
              [
                104.990701,
                8.84162
              ],
              [
                104.990665,
                8.841569
              ],
              [
                104.99062,
                8.84151
              ],
              [
                104.990569,
                8.841448
              ],
              [
                104.990505,
                8.841376
              ],
              [
                104.990423,
                8.841282
              ],
              [
                104.990324,
                8.841168
              ],
              [
                104.990216,
                8.841042
              ],
              [
                104.990107,
                8.840916
              ],
              [
                104.990006,
                8.840801
              ],
              [
                104.989928,
                8.840714
              ],
              [
                104.989873,
                8.840656
              ],
              [
                104.989822,
                8.840608
              ],
              [
                104.98976,
                8.840551
              ],
              [
                104.989694,
                8.840492
              ],
              [
                104.989635,
                8.840439
              ],
              [
                104.989577,
                8.840386
              ],
              [
                104.989501,
                8.840318
              ],
              [
                104.989403,
                8.840234
              ],
              [
                104.989286,
                8.840139
              ],
              [
                104.98915,
                8.840037
              ],
              [
                104.989003,
                8.839933
              ],
              [
                104.988859,
                8.839833
              ],
              [
                104.988731,
                8.839745
              ],
              [
                104.988607,
                8.839664
              ],
              [
                104.988439,
                8.839559
              ],
              [
                104.988194,
                8.839408
              ],
              [
                104.98791,
                8.839235
              ],
              [
                104.98782,
                8.839179
              ],
              [
                104.987671,
                8.839089
              ],
              [
                104.987518,
                8.838996
              ],
              [
                104.987415,
                8.838935
              ],
              [
                104.9873,
                8.838864
              ],
              [
                104.987139,
                8.838763
              ],
              [
                104.986962,
                8.83865
              ],
              [
                104.986829,
                8.838563
              ],
              [
                104.986753,
                8.838511
              ],
              [
                104.986705,
                8.838474
              ],
              [
                104.986653,
                8.838434
              ],
              [
                104.986587,
                8.838385
              ],
              [
                104.986515,
                8.838335
              ],
              [
                104.986451,
                8.838292
              ],
              [
                104.986398,
                8.838258
              ],
              [
                104.986336,
                8.838221
              ],
              [
                104.986244,
                8.838166
              ],
              [
                104.986119,
                8.838093
              ],
              [
                104.985977,
                8.838011
              ],
              [
                104.985842,
                8.837933
              ],
              [
                104.985733,
                8.83787
              ],
              [
                104.985655,
                8.837827
              ],
              [
                104.985601,
                8.837797
              ],
              [
                104.985555,
                8.837773
              ],
              [
                104.985504,
                8.837747
              ],
              [
                104.985439,
                8.837713
              ],
              [
                104.985362,
                8.837671
              ],
              [
                104.985284,
                8.837625
              ],
              [
                104.985212,
                8.83758
              ],
              [
                104.985146,
                8.83754
              ],
              [
                104.98508,
                8.837507
              ],
              [
                104.985002,
                8.837474
              ],
              [
                104.984911,
                8.837436
              ],
              [
                104.984823,
                8.8374
              ],
              [
                104.984746,
                8.837369
              ],
              [
                104.984672,
                8.837342
              ],
              [
                104.984587,
                8.837311
              ],
              [
                104.984483,
                8.837273
              ],
              [
                104.984363,
                8.83723
              ],
              [
                104.984247,
                8.837188
              ],
              [
                104.984171,
                8.83716
              ],
              [
                104.984151,
                8.837153
              ],
              [
                104.984085,
                8.83713
              ],
              [
                104.984041,
                8.837114
              ],
              [
                104.984003,
                8.837102
              ],
              [
                104.983946,
                8.837086
              ],
              [
                104.983853,
                8.837062
              ],
              [
                104.983729,
                8.83703
              ],
              [
                104.983604,
                8.836998
              ],
              [
                104.983494,
                8.836969
              ],
              [
                104.983386,
                8.836941
              ],
              [
                104.983257,
                8.83691
              ],
              [
                104.983115,
                8.836876
              ],
              [
                104.982992,
                8.836849
              ],
              [
                104.982904,
                8.83683
              ],
              [
                104.982833,
                8.836815
              ],
              [
                104.982757,
                8.8368
              ],
              [
                104.982684,
                8.836786
              ],
              [
                104.982623,
                8.836774
              ],
              [
                104.982565,
                8.836763
              ],
              [
                104.982493,
                8.836752
              ],
              [
                104.982405,
                8.836738
              ],
              [
                104.982312,
                8.836724
              ],
              [
                104.982216,
                8.83671
              ],
              [
                104.982115,
                8.836694
              ],
              [
                104.981998,
                8.836678
              ],
              [
                104.981854,
                8.836659
              ],
              [
                104.981664,
                8.836638
              ],
              [
                104.981396,
                8.836612
              ],
              [
                104.981042,
                8.836582
              ],
              [
                104.980644,
                8.83655
              ],
              [
                104.980269,
                8.836521
              ],
              [
                104.979985,
                8.836498
              ],
              [
                104.979815,
                8.836484
              ],
              [
                104.979717,
                8.836476
              ],
              [
                104.979634,
                8.836468
              ],
              [
                104.979542,
                8.836459
              ],
              [
                104.979446,
                8.83645
              ],
              [
                104.979348,
                8.836441
              ],
              [
                104.979248,
                8.836433
              ],
              [
                104.979148,
                8.836425
              ],
              [
                104.979047,
                8.836418
              ],
              [
                104.978948,
                8.836413
              ],
              [
                104.978861,
                8.836409
              ],
              [
                104.978786,
                8.836408
              ],
              [
                104.978713,
                8.836407
              ],
              [
                104.978639,
                8.836406
              ],
              [
                104.978572,
                8.836407
              ],
              [
                104.978518,
                8.836407
              ],
              [
                104.978509,
                8.836407
              ],
              [
                104.978433,
                8.836406
              ],
              [
                104.978339,
                8.836401
              ],
              [
                104.978231,
                8.836388
              ],
              [
                104.97811,
                8.836365
              ],
              [
                104.97809,
                8.83636
              ],
              [
                104.977977,
                8.836334
              ],
              [
                104.977845,
                8.836304
              ],
              [
                104.977721,
                8.836279
              ],
              [
                104.977599,
                8.836257
              ],
              [
                104.977467,
                8.836235
              ],
              [
                104.97733,
                8.836212
              ],
              [
                104.977196,
                8.836189
              ],
              [
                104.977063,
                8.836166
              ],
              [
                104.976926,
                8.836142
              ],
              [
                104.976776,
                8.836114
              ],
              [
                104.97661,
                8.836083
              ],
              [
                104.976419,
                8.836047
              ],
              [
                104.976195,
                8.836003
              ],
              [
                104.975937,
                8.835953
              ],
              [
                104.975664,
                8.8359
              ],
              [
                104.975406,
                8.835849
              ],
              [
                104.975197,
                8.835808
              ],
              [
                104.975051,
                8.83578
              ],
              [
                104.974952,
                8.83576
              ],
              [
                104.974878,
                8.835745
              ],
              [
                104.974818,
                8.835733
              ],
              [
                104.974769,
                8.835724
              ],
              [
                104.974728,
                8.835715
              ],
              [
                104.974673,
                8.835704
              ],
              [
                104.974582,
                8.835686
              ],
              [
                104.974453,
                8.835659
              ],
              [
                104.974302,
                8.835627
              ],
              [
                104.974141,
                8.835594
              ],
              [
                104.973981,
                8.835561
              ],
              [
                104.973828,
                8.83553
              ],
              [
                104.973695,
                8.835503
              ],
              [
                104.973594,
                8.835482
              ],
              [
                104.973514,
                8.835466
              ],
              [
                104.973425,
                8.835449
              ],
              [
                104.973301,
                8.835427
              ],
              [
                104.973147,
                8.835401
              ],
              [
                104.972983,
                8.835375
              ],
              [
                104.972823,
                8.835351
              ],
              [
                104.97267,
                8.835329
              ],
              [
                104.972638,
                8.835324
              ],
              [
                104.972522,
                8.835307
              ],
              [
                104.972374,
                8.835286
              ],
              [
                104.972223,
                8.835265
              ],
              [
                104.972072,
                8.835246
              ],
              [
                104.971927,
                8.835231
              ],
              [
                104.971792,
                8.835218
              ],
              [
                104.971669,
                8.835207
              ],
              [
                104.971564,
                8.835199
              ],
              [
                104.971482,
                8.835194
              ],
              [
                104.971417,
                8.835193
              ],
              [
                104.971351,
                8.835191
              ],
              [
                104.971271,
                8.835187
              ],
              [
                104.971176,
                8.835179
              ],
              [
                104.971077,
                8.835167
              ],
              [
                104.970984,
                8.835154
              ],
              [
                104.9709,
                8.835139
              ],
              [
                104.970822,
                8.835123
              ],
              [
                104.97075,
                8.835108
              ],
              [
                104.970525,
                8.835096
              ],
              [
                104.970114,
                8.835101
              ],
              [
                104.969981,
                8.83511
              ],
              [
                104.969782,
                8.835128
              ],
              [
                104.969556,
                8.835152
              ],
              [
                104.969325,
                8.835179
              ],
              [
                104.9691,
                8.83521
              ],
              [
                104.968881,
                8.835246
              ],
              [
                104.968778,
                8.835267
              ],
              [
                104.968673,
                8.835287
              ],
              [
                104.968473,
                8.835332
              ],
              [
                104.968282,
                8.835378
              ],
              [
                104.968106,
                8.835422
              ],
              [
                104.96796,
                8.835459
              ],
              [
                104.967839,
                8.835491
              ],
              [
                104.967705,
                8.835528
              ],
              [
                104.967524,
                8.835581
              ],
              [
                104.967299,
                8.83565
              ],
              [
                104.967059,
                8.835724
              ],
              [
                104.966838,
                8.835795
              ],
              [
                104.966654,
                8.835857
              ],
              [
                104.966504,
                8.83591
              ],
              [
                104.966378,
                8.835955
              ],
              [
                104.966268,
                8.835995
              ],
              [
                104.966169,
                8.836031
              ],
              [
                104.966068,
                8.836068
              ],
              [
                104.965949,
                8.836112
              ],
              [
                104.965794,
                8.836168
              ],
              [
                104.965594,
                8.836236
              ],
              [
                104.965542,
                8.836253
              ],
              [
                104.965358,
                8.836314
              ],
              [
                104.965103,
                8.836394
              ],
              [
                104.964836,
                8.836472
              ],
              [
                104.964567,
                8.836547
              ],
              [
                104.964312,
                8.836613
              ],
              [
                104.964082,
                8.836666
              ],
              [
                104.963873,
                8.836705
              ],
              [
                104.963679,
                8.836732
              ],
              [
                104.963495,
                8.83675
              ],
              [
                104.963317,
                8.836761
              ],
              [
                104.963141,
                8.836767
              ],
              [
                104.962963,
                8.836768
              ],
              [
                104.962784,
                8.836765
              ],
              [
                104.962614,
                8.836758
              ],
              [
                104.962461,
                8.836746
              ],
              [
                104.962329,
                8.836726
              ],
              [
                104.962212,
                8.836701
              ],
              [
                104.962103,
                8.836673
              ],
              [
                104.961993,
                8.836641
              ],
              [
                104.961875,
                8.836601
              ],
              [
                104.961744,
                8.83655
              ],
              [
                104.961603,
                8.836491
              ],
              [
                104.96145,
                8.836423
              ],
              [
                104.961293,
                8.836351
              ],
              [
                104.961157,
                8.836287
              ],
              [
                104.961057,
                8.836239
              ],
              [
                104.960987,
                8.836202
              ],
              [
                104.960937,
                8.836172
              ],
              [
                104.960899,
                8.836152
              ],
              [
                104.960868,
                8.836139
              ],
              [
                104.960834,
                8.836122
              ],
              [
                104.960791,
                8.836094
              ],
              [
                104.96074,
                8.83605
              ],
              [
                104.960681,
                8.835993
              ],
              [
                104.960643,
                8.835953
              ],
              [
                104.960619,
                8.835928
              ],
              [
                104.960558,
                8.835862
              ],
              [
                104.960506,
                8.835801
              ],
              [
                104.960465,
                8.835746
              ],
              [
                104.960433,
                8.835694
              ],
              [
                104.960406,
                8.835642
              ],
              [
                104.960379,
                8.835588
              ],
              [
                104.960355,
                8.835529
              ],
              [
                104.96033,
                8.835454
              ],
              [
                104.960297,
                8.835354
              ],
              [
                104.960254,
                8.835224
              ],
              [
                104.960201,
                8.835062
              ],
              [
                104.960138,
                8.83486
              ],
              [
                104.960067,
                8.834619
              ],
              [
                104.959992,
                8.834362
              ],
              [
                104.959923,
                8.834123
              ],
              [
                104.959866,
                8.833934
              ],
              [
                104.959819,
                8.833789
              ],
              [
                104.959766,
                8.833635
              ],
              [
                104.959694,
                8.833426
              ],
              [
                104.959604,
                8.833165
              ],
              [
                104.959508,
                8.832885
              ],
              [
                104.959485,
                8.832821
              ],
              [
                104.959411,
                8.832616
              ],
              [
                104.959313,
                8.832365
              ],
              [
                104.959211,
                8.832125
              ],
              [
                104.9591,
                8.831889
              ],
              [
                104.958974,
                8.831656
              ],
              [
                104.958841,
                8.831443
              ],
              [
                104.958711,
                8.831259
              ],
              [
                104.95858,
                8.831089
              ],
              [
                104.958436,
                8.830913
              ],
              [
                104.958276,
                8.830726
              ],
              [
                104.958105,
                8.830542
              ],
              [
                104.957927,
                8.830368
              ],
              [
                104.957742,
                8.8302
              ],
              [
                104.957559,
                8.830038
              ],
              [
                104.957383,
                8.829885
              ],
              [
                104.957229,
                8.829752
              ],
              [
                104.95722,
                8.829744
              ],
              [
                104.957062,
                8.829611
              ],
              [
                104.956902,
                8.829477
              ],
              [
                104.956734,
                8.829337
              ],
              [
                104.956564,
                8.829197
              ],
              [
                104.956401,
                8.829063
              ],
              [
                104.956246,
                8.828937
              ],
              [
                104.956105,
                8.828821
              ],
              [
                104.955992,
                8.828731
              ],
              [
                104.955916,
                8.828672
              ],
              [
                104.95586,
                8.828634
              ],
              [
                104.955788,
                8.828593
              ],
              [
                104.955674,
                8.828532
              ],
              [
                104.955535,
                8.828459
              ],
              [
                104.955408,
                8.828396
              ],
              [
                104.955303,
                8.828348
              ],
              [
                104.955179,
                8.828294
              ],
              [
                104.955,
                8.828213
              ],
              [
                104.954767,
                8.828111
              ],
              [
                104.954501,
                8.828004
              ],
              [
                104.954222,
                8.827904
              ],
              [
                104.953947,
                8.827815
              ],
              [
                104.953695,
                8.827736
              ],
              [
                104.953497,
                8.827675
              ],
              [
                104.953367,
                8.827635
              ],
              [
                104.953286,
                8.82761
              ],
              [
                104.953212,
                8.827587
              ],
              [
                104.953113,
                8.827557
              ],
              [
                104.952974,
                8.827516
              ],
              [
                104.952817,
                8.827468
              ],
              [
                104.952801,
                8.827464
              ],
              [
                104.95261,
                8.827406
              ],
              [
                104.952395,
                8.827341
              ],
              [
                104.952137,
                8.827264
              ],
              [
                104.951844,
                8.827178
              ],
              [
                104.951551,
                8.827093
              ],
              [
                104.95128,
                8.827016
              ],
              [
                104.951013,
                8.826942
              ],
              [
                104.950729,
                8.826865
              ],
              [
                104.950437,
                8.826789
              ],
              [
                104.950162,
                8.826719
              ],
              [
                104.949923,
                8.826658
              ],
              [
                104.949717,
                8.826606
              ],
              [
                104.949704,
                8.826603
              ],
              [
                104.949513,
                8.826557
              ],
              [
                104.949269,
                8.826504
              ],
              [
                104.948949,
                8.826441
              ],
              [
                104.948768,
                8.826406
              ],
              [
                104.948575,
                8.826369
              ],
              [
                104.948206,
                8.826299
              ],
              [
                104.947865,
                8.826234
              ],
              [
                104.947538,
                8.826173
              ],
              [
                104.947244,
                8.826118
              ],
              [
                104.94701,
                8.826077
              ],
              [
                104.946813,
                8.826043
              ],
              [
                104.94661,
                8.826011
              ],
              [
                104.946389,
                8.825975
              ],
              [
                104.946272,
                8.825956
              ],
              [
                104.946145,
                8.825935
              ],
              [
                104.945883,
                8.825892
              ],
              [
                104.945651,
                8.825853
              ],
              [
                104.945481,
                8.825823
              ],
              [
                104.94534,
                8.825798
              ],
              [
                104.945176,
                8.825768
              ],
              [
                104.944989,
                8.825734
              ],
              [
                104.944822,
                8.825704
              ],
              [
                104.94468,
                8.82568
              ],
              [
                104.944518,
                8.825655
              ],
              [
                104.944298,
                8.825623
              ],
              [
                104.944029,
                8.825585
              ],
              [
                104.943751,
                8.825547
              ],
              [
                104.943503,
                8.825514
              ],
              [
                104.943298,
                8.825489
              ],
              [
                104.943126,
                8.82547
              ],
              [
                104.942971,
                8.825456
              ],
              [
                104.94283,
                8.825446
              ],
              [
                104.942704,
                8.825441
              ],
              [
                104.942592,
                8.82544
              ],
              [
                104.942493,
                8.825443
              ],
              [
                104.942403,
                8.825449
              ],
              [
                104.942315,
                8.825458
              ],
              [
                104.942211,
                8.825465
              ],
              [
                104.942081,
                8.825464
              ],
              [
                104.941941,
                8.825456
              ],
              [
                104.941826,
                8.825448
              ],
              [
                104.941756,
                8.825441
              ],
              [
                104.941715,
                8.825435
              ],
              [
                104.941675,
                8.825427
              ],
              [
                104.941613,
                8.825417
              ],
              [
                104.941537,
                8.825406
              ],
              [
                104.941471,
                8.825394
              ],
              [
                104.941426,
                8.825384
              ],
              [
                104.941388,
                8.825376
              ],
              [
                104.941327,
                8.825364
              ],
              [
                104.94122,
                8.825345
              ],
              [
                104.941072,
                8.825318
              ],
              [
                104.940904,
                8.825287
              ],
              [
                104.940724,
                8.825254
              ],
              [
                104.940542,
                8.825222
              ],
              [
                104.940379,
                8.825193
              ],
              [
                104.940242,
                8.825169
              ],
              [
                104.940121,
                8.825149
              ],
              [
                104.940004,
                8.825129
              ],
              [
                104.939876,
                8.825109
              ],
              [
                104.939728,
                8.825084
              ],
              [
                104.939556,
                8.825056
              ],
              [
                104.939431,
                8.825036
              ],
              [
                104.939366,
                8.825025
              ],
              [
                104.93917,
                8.824994
              ],
              [
                104.938998,
                8.824966
              ],
              [
                104.93887,
                8.824946
              ],
              [
                104.938763,
                8.824928
              ],
              [
                104.93864,
                8.824909
              ],
              [
                104.938495,
                8.824887
              ],
              [
                104.938349,
                8.824865
              ],
              [
                104.93821,
                8.824844
              ],
              [
                104.938081,
                8.824825
              ],
              [
                104.937967,
                8.824808
              ],
              [
                104.937862,
                8.824791
              ],
              [
                104.937743,
                8.824772
              ],
              [
                104.937609,
                8.82475
              ],
              [
                104.937489,
                8.824729
              ],
              [
                104.937398,
                8.824711
              ],
              [
                104.937317,
                8.824695
              ],
              [
                104.937213,
                8.824674
              ],
              [
                104.937076,
                8.824647
              ],
              [
                104.936913,
                8.824614
              ],
              [
                104.936733,
                8.824579
              ],
              [
                104.936532,
                8.82454
              ],
              [
                104.936322,
                8.824499
              ],
              [
                104.936133,
                8.824461
              ],
              [
                104.935986,
                8.824431
              ],
              [
                104.935875,
                8.824406
              ],
              [
                104.93578,
                8.824385
              ],
              [
                104.935693,
                8.824364
              ],
              [
                104.935614,
                8.824344
              ],
              [
                104.93554,
                8.824326
              ],
              [
                104.935467,
                8.824308
              ],
              [
                104.935383,
                8.824288
              ],
              [
                104.935267,
                8.824262
              ],
              [
                104.935092,
                8.824225
              ],
              [
                104.934848,
                8.824174
              ],
              [
                104.934783,
                8.824161
              ],
              [
                104.934783,
                8.824161
              ],
              [
                104.934783,
                8.824161
              ],
              [
                104.934555,
                8.824115
              ],
              [
                104.934259,
                8.824057
              ],
              [
                104.934004,
                8.82401
              ],
              [
                104.933885,
                8.823989
              ],
              [
                104.933816,
                8.823978
              ],
              [
                104.933686,
                8.823957
              ],
              [
                104.93359,
                8.823943
              ],
              [
                104.933513,
                8.82393
              ],
              [
                104.933456,
                8.823919
              ],
              [
                104.933414,
                8.82391
              ],
              [
                104.933373,
                8.823898
              ],
              [
                104.933326,
                8.823882
              ],
              [
                104.93327,
                8.823857
              ],
              [
                104.933204,
                8.823825
              ],
              [
                104.933134,
                8.823792
              ],
              [
                104.933069,
                8.823768
              ],
              [
                104.933015,
                8.823757
              ],
              [
                104.932972,
                8.823754
              ],
              [
                104.932928,
                8.823754
              ],
              [
                104.932867,
                8.823755
              ],
              [
                104.932779,
                8.823756
              ],
              [
                104.932672,
                8.823759
              ],
              [
                104.932562,
                8.823758
              ],
              [
                104.932463,
                8.823746
              ],
              [
                104.932368,
                8.823723
              ],
              [
                104.932271,
                8.823696
              ],
              [
                104.932173,
                8.823673
              ],
              [
                104.932141,
                8.823669
              ],
              [
                104.932086,
                8.82366
              ],
              [
                104.932006,
                8.823651
              ],
              [
                104.931913,
                8.823633
              ],
              [
                104.931788,
                8.8236
              ],
              [
                104.931638,
                8.823556
              ],
              [
                104.931479,
                8.823505
              ],
              [
                104.93132,
                8.823451
              ],
              [
                104.931162,
                8.823396
              ],
              [
                104.93106,
                8.823361
              ],
              [
                104.931003,
                8.823341
              ],
              [
                104.930838,
                8.823286
              ],
              [
                104.930658,
                8.823227
              ],
              [
                104.930458,
                8.823162
              ],
              [
                104.930245,
                8.823091
              ],
              [
                104.930032,
                8.823017
              ],
              [
                104.929816,
                8.822939
              ],
              [
                104.929595,
                8.822853
              ],
              [
                104.929379,
                8.822765
              ],
              [
                104.929189,
                8.822682
              ],
              [
                104.929043,
                8.822613
              ],
              [
                104.928933,
                8.822556
              ],
              [
                104.928826,
                8.8225
              ],
              [
                104.92871,
                8.822433
              ],
              [
                104.928597,
                8.822359
              ],
              [
                104.928498,
                8.822286
              ],
              [
                104.9284,
                8.822222
              ],
              [
                104.928292,
                8.822167
              ],
              [
                104.928179,
                8.822118
              ],
              [
                104.928061,
                8.822072
              ],
              [
                104.927915,
                8.822014
              ],
              [
                104.927716,
                8.821934
              ],
              [
                104.927471,
                8.821833
              ],
              [
                104.92737,
                8.821791
              ],
              [
                104.927237,
                8.821736
              ],
              [
                104.927212,
                8.821725
              ],
              [
                104.926947,
                8.821614
              ],
              [
                104.926679,
                8.8215
              ],
              [
                104.926425,
                8.821392
              ],
              [
                104.926199,
                8.821294
              ],
              [
                104.926136,
                8.821266
              ],
              [
                104.925998,
                8.821205
              ],
              [
                104.925816,
                8.821123
              ],
              [
                104.925804,
                8.821118
              ],
              [
                104.925656,
                8.821051
              ],
              [
                104.925525,
                8.820992
              ],
              [
                104.925425,
                8.820946
              ],
              [
                104.925338,
                8.820905
              ],
              [
                104.925232,
                8.820855
              ],
              [
                104.92508,
                8.820782
              ],
              [
                104.924875,
                8.820682
              ],
              [
                104.924636,
                8.820563
              ],
              [
                104.924385,
                8.820437
              ],
              [
                104.924129,
                8.820308
              ],
              [
                104.923926,
                8.820205
              ],
              [
                104.923865,
                8.820174
              ],
              [
                104.923581,
                8.820029
              ],
              [
                104.923289,
                8.819878
              ],
              [
                104.923281,
                8.819874
              ],
              [
                104.923013,
                8.819734
              ],
              [
                104.922746,
                8.819595
              ],
              [
                104.922458,
                8.819444
              ],
              [
                104.922157,
                8.819286
              ],
              [
                104.921889,
                8.819142
              ],
              [
                104.921677,
                8.819023
              ],
              [
                104.921505,
                8.818923
              ],
              [
                104.921355,
                8.818834
              ],
              [
                104.921228,
                8.818756
              ],
              [
                104.921119,
                8.818686
              ],
              [
                104.921094,
                8.81867
              ],
              [
                104.921009,
                8.818613
              ],
              [
                104.920876,
                8.818515
              ],
              [
                104.920717,
                8.818382
              ],
              [
                104.920537,
                8.818233
              ],
              [
                104.920349,
                8.818103
              ],
              [
                104.920159,
                8.818
              ],
              [
                104.919954,
                8.817895
              ],
              [
                104.91971,
                8.817766
              ],
              [
                104.91945,
                8.817626
              ],
              [
                104.919238,
                8.81751
              ],
              [
                104.919099,
                8.817434
              ],
              [
                104.919,
                8.817381
              ],
              [
                104.918902,
                8.817328
              ],
              [
                104.91879,
                8.817269
              ],
              [
                104.918672,
                8.817204
              ],
              [
                104.918557,
                8.817135
              ],
              [
                104.918456,
                8.817067
              ],
              [
                104.91837,
                8.81701
              ],
              [
                104.918297,
                8.816969
              ],
              [
                104.91823,
                8.81694
              ],
              [
                104.918225,
                8.816937
              ],
              [
                104.918157,
                8.81691
              ],
              [
                104.918079,
                8.816878
              ],
              [
                104.918005,
                8.816848
              ],
              [
                104.91793,
                8.816816
              ],
              [
                104.917828,
                8.816773
              ],
              [
                104.917678,
                8.816709
              ],
              [
                104.917491,
                8.816632
              ],
              [
                104.917473,
                8.816626
              ],
              [
                104.916536,
                8.816217
              ],
              [
                104.914687,
                8.815559
              ],
              [
                104.914434,
                8.815497
              ],
              [
                104.913447,
                8.815256
              ],
              [
                104.91246,
                8.815014
              ],
              [
                104.909968,
                8.814824
              ],
              [
                104.909566,
                8.814789
              ],
              [
                104.908025,
                8.814655
              ],
              [
                104.90792,
                8.814627
              ],
              [
                104.906932,
                8.814356
              ],
              [
                104.906529,
                8.814194
              ],
              [
                104.906185,
                8.814056
              ],
              [
                104.904754,
                8.813168
              ],
              [
                104.904349,
                8.812901
              ],
              [
                104.904074,
                8.81272
              ],
              [
                104.903768,
                8.812519
              ],
              [
                104.903409,
                8.812206
              ],
              [
                104.903333,
                8.812118
              ],
              [
                104.903331,
                8.812115
              ],
              [
                104.903293,
                8.812071
              ],
              [
                104.903287,
                8.812064
              ],
              [
                104.903273,
                8.812074
              ],
              [
                104.902892,
                8.812386
              ],
              [
                104.902387,
                8.812799
              ],
              [
                104.902112,
                8.813023
              ],
              [
                104.901786,
                8.813312
              ],
              [
                104.901701,
                8.813384
              ],
              [
                104.901557,
                8.813509
              ],
              [
                104.901402,
                8.813644
              ],
              [
                104.901234,
                8.813795
              ],
              [
                104.90108,
                8.81394
              ],
              [
                104.901062,
                8.813957
              ],
              [
                104.900892,
                8.814117
              ],
              [
                104.90073,
                8.814263
              ],
              [
                104.900592,
                8.814385
              ],
              [
                104.900466,
                8.814496
              ],
              [
                104.900386,
                8.814568
              ],
              [
                104.900342,
                8.814606
              ],
              [
                104.900207,
                8.814728
              ],
              [
                104.90006,
                8.814862
              ],
              [
                104.899905,
                8.815002
              ],
              [
                104.899736,
                8.815154
              ],
              [
                104.899554,
                8.815316
              ],
              [
                104.899377,
                8.815473
              ],
              [
                104.8992,
                8.81563
              ],
              [
                104.899016,
                8.815794
              ],
              [
                104.898836,
                8.815952
              ],
              [
                104.898657,
                8.816106
              ],
              [
                104.898474,
                8.816261
              ],
              [
                104.898285,
                8.81642
              ],
              [
                104.898082,
                8.816589
              ],
              [
                104.897886,
                8.816759
              ],
              [
                104.897735,
                8.816899
              ],
              [
                104.897612,
                8.817019
              ],
              [
                104.897469,
                8.817152
              ],
              [
                104.8973,
                8.8173
              ],
              [
                104.897155,
                8.817429
              ],
              [
                104.897033,
                8.817541
              ],
              [
                104.896912,
                8.817652
              ],
              [
                104.896792,
                8.817763
              ],
              [
                104.896676,
                8.817869
              ],
              [
                104.896569,
                8.817963
              ],
              [
                104.896458,
                8.818062
              ],
              [
                104.89633,
                8.818178
              ],
              [
                104.896195,
                8.818299
              ],
              [
                104.896064,
                8.818416
              ],
              [
                104.895962,
                8.818506
              ],
              [
                104.895897,
                8.818564
              ],
              [
                104.89585,
                8.81861
              ],
              [
                104.895804,
                8.818658
              ],
              [
                104.895745,
                8.818718
              ],
              [
                104.895681,
                8.818782
              ],
              [
                104.895634,
                8.818828
              ],
              [
                104.895593,
                8.818868
              ],
              [
                104.895533,
                8.818925
              ],
              [
                104.895457,
                8.818998
              ],
              [
                104.895383,
                8.819064
              ],
              [
                104.895307,
                8.819121
              ],
              [
                104.895218,
                8.819187
              ],
              [
                104.895109,
                8.819273
              ],
              [
                104.894987,
                8.819371
              ],
              [
                104.894848,
                8.819484
              ],
              [
                104.894642,
                8.81965
              ],
              [
                104.894331,
                8.8199
              ],
              [
                104.893961,
                8.820195
              ],
              [
                104.893589,
                8.820491
              ],
              [
                104.893271,
                8.820743
              ],
              [
                104.893039,
                8.820925
              ],
              [
                104.892863,
                8.821068
              ],
              [
                104.892697,
                8.821203
              ],
              [
                104.892527,
                8.821342
              ],
              [
                104.89235,
                8.821489
              ],
              [
                104.892168,
                8.821644
              ],
              [
                104.891985,
                8.821801
              ],
              [
                104.891799,
                8.821956
              ],
              [
                104.891616,
                8.822106
              ],
              [
                104.891436,
                8.822251
              ],
              [
                104.891257,
                8.822395
              ],
              [
                104.89108,
                8.822539
              ],
              [
                104.890916,
                8.822674
              ],
              [
                104.890771,
                8.822795
              ],
              [
                104.890637,
                8.822908
              ],
              [
                104.89054,
                8.822992
              ],
              [
                104.890481,
                8.823043
              ],
              [
                104.890404,
                8.823105
              ],
              [
                104.890267,
                8.823218
              ],
              [
                104.890091,
                8.823365
              ],
              [
                104.889908,
                8.823518
              ],
              [
                104.889729,
                8.823669
              ],
              [
                104.889532,
                8.823838
              ],
              [
                104.889312,
                8.824027
              ],
              [
                104.889136,
                8.824175
              ],
              [
                104.889005,
                8.824281
              ],
              [
                104.888868,
                8.82439
              ],
              [
                104.888677,
                8.824545
              ],
              [
                104.888441,
                8.82474
              ],
              [
                104.888221,
                8.82492
              ],
              [
                104.887999,
                8.825104
              ],
              [
                104.887747,
                8.825318
              ],
              [
                104.887485,
                8.825544
              ],
              [
                104.887212,
                8.825783
              ],
              [
                104.886971,
                8.825994
              ],
              [
                104.886799,
                8.826143
              ],
              [
                104.886639,
                8.826281
              ],
              [
                104.886464,
                8.826436
              ],
              [
                104.886334,
                8.826554
              ],
              [
                104.886322,
                8.826565
              ],
              [
                104.886314,
                8.826572
              ],
              [
                104.886254,
                8.826629
              ],
              [
                104.88619,
                8.826689
              ],
              [
                104.886151,
                8.826726
              ],
              [
                104.886071,
                8.826821
              ],
              [
                104.886002,
                8.826959
              ],
              [
                104.885966,
                8.82702
              ],
              [
                104.885911,
                8.827131
              ],
              [
                104.885844,
                8.827277
              ],
              [
                104.885772,
                8.827437
              ],
              [
                104.885696,
                8.827603
              ],
              [
                104.885622,
                8.827764
              ],
              [
                104.885615,
                8.827779
              ],
              [
                104.885525,
                8.827972
              ],
              [
                104.885427,
                8.828174
              ],
              [
                104.885328,
                8.828375
              ],
              [
                104.885235,
                8.828567
              ],
              [
                104.885151,
                8.828735
              ],
              [
                104.885116,
                8.828808
              ],
              [
                104.885078,
                8.828885
              ],
              [
                104.885005,
                8.829031
              ],
              [
                104.884932,
                8.829182
              ],
              [
                104.884864,
                8.829335
              ],
              [
                104.884805,
                8.829483
              ],
              [
                104.884747,
                8.82963
              ],
              [
                104.884686,
                8.829771
              ],
              [
                104.884626,
                8.829891
              ],
              [
                104.884569,
                8.829994
              ],
              [
                104.88451,
                8.830095
              ],
              [
                104.884439,
                8.830205
              ],
              [
                104.884345,
                8.830337
              ],
              [
                104.884234,
                8.830489
              ],
              [
                104.884117,
                8.830646
              ],
              [
                104.884044,
                8.830739
              ],
              [
                104.883987,
                8.830811
              ],
              [
                104.883847,
                8.830978
              ],
              [
                104.883707,
                8.831137
              ],
              [
                104.883572,
                8.831289
              ],
              [
                104.88346,
                8.831413
              ],
              [
                104.883454,
                8.83142
              ],
              [
                104.883375,
                8.831504
              ],
              [
                104.883331,
                8.831547
              ],
              [
                104.883301,
                8.831573
              ],
              [
                104.883256,
                8.831616
              ],
              [
                104.883192,
                8.831682
              ],
              [
                104.883141,
                8.831734
              ],
              [
                104.883094,
                8.831783
              ],
              [
                104.883015,
                8.831865
              ],
              [
                104.882911,
                8.831979
              ],
              [
                104.882789,
                8.832118
              ],
              [
                104.882618,
                8.832326
              ],
              [
                104.882403,
                8.832593
              ],
              [
                104.88221,
                8.832831
              ],
              [
                104.882033,
                8.833046
              ],
              [
                104.881827,
                8.833297
              ],
              [
                104.881602,
                8.833572
              ],
              [
                104.881419,
                8.833789
              ],
              [
                104.881277,
                8.833953
              ],
              [
                104.881138,
                8.834114
              ],
              [
                104.88099,
                8.834292
              ],
              [
                104.880832,
                8.834489
              ],
              [
                104.880672,
                8.834693
              ],
              [
                104.880511,
                8.834898
              ],
              [
                104.880352,
                8.835101
              ],
              [
                104.880193,
                8.835304
              ],
              [
                104.880034,
                8.835508
              ],
              [
                104.87988,
                8.835706
              ],
              [
                104.879749,
                8.835873
              ],
              [
                104.879655,
                8.835988
              ],
              [
                104.879584,
                8.83607
              ],
              [
                104.879519,
                8.836143
              ],
              [
                104.879478,
                8.836188
              ],
              [
                104.879399,
                8.83626
              ],
              [
                104.879152,
                8.836455
              ],
              [
                104.879093,
                8.836493
              ],
              [
                104.879102,
                8.836547
              ],
              [
                104.879115,
                8.836628
              ],
              [
                104.879119,
                8.836647
              ],
              [
                104.879131,
                8.836717
              ],
              [
                104.879012,
                8.8368
              ],
              [
                104.878892,
                8.836902
              ],
              [
                104.878872,
                8.836918
              ],
              [
                104.878774,
                8.83702
              ],
              [
                104.878747,
                8.83705
              ],
              [
                104.878676,
                8.837125
              ],
              [
                104.878603,
                8.837204
              ],
              [
                104.878543,
                8.837268
              ],
              [
                104.878497,
                8.837318
              ],
              [
                104.878457,
                8.837364
              ],
              [
                104.878432,
                8.837393
              ],
              [
                104.878416,
                8.837411
              ],
              [
                104.878374,
                8.837458
              ],
              [
                104.878261,
                8.837585
              ],
              [
                104.878093,
                8.837777
              ],
              [
                104.877924,
                8.837968
              ],
              [
                104.877737,
                8.83818
              ],
              [
                104.877526,
                8.838423
              ],
              [
                104.877341,
                8.838633
              ],
              [
                104.877193,
                8.838796
              ],
              [
                104.877066,
                8.838942
              ],
              [
                104.876976,
                8.839068
              ],
              [
                104.876963,
                8.839099
              ],
              [
                104.876941,
                8.83915
              ],
              [
                104.876776,
                8.839304
              ],
              [
                104.876776,
                8.839304
              ],
              [
                104.876238,
                8.839841
              ],
              [
                104.876092,
                8.840007
              ],
              [
                104.875969,
                8.840147
              ],
              [
                104.875875,
                8.840252
              ],
              [
                104.875772,
                8.840369
              ],
              [
                104.875643,
                8.840515
              ],
              [
                104.87557,
                8.8406
              ],
              [
                104.875525,
                8.840652
              ],
              [
                104.875427,
                8.840769
              ],
              [
                104.875334,
                8.840879
              ],
              [
                104.875245,
                8.840984
              ],
              [
                104.875156,
                8.841084
              ],
              [
                104.875068,
                8.841183
              ],
              [
                104.874987,
                8.841273
              ],
              [
                104.874912,
                8.841356
              ],
              [
                104.874838,
                8.841439
              ],
              [
                104.874777,
                8.841507
              ],
              [
                104.874724,
                8.841567
              ],
              [
                104.874666,
                8.841632
              ],
              [
                104.874601,
                8.841708
              ],
              [
                104.874518,
                8.841805
              ],
              [
                104.874419,
                8.841921
              ],
              [
                104.874305,
                8.842053
              ],
              [
                104.874174,
                8.8422
              ],
              [
                104.874035,
                8.842354
              ],
              [
                104.873893,
                8.842513
              ],
              [
                104.873744,
                8.842679
              ],
              [
                104.873589,
                8.842854
              ],
              [
                104.873434,
                8.843027
              ],
              [
                104.873282,
                8.843197
              ],
              [
                104.873149,
                8.843348
              ],
              [
                104.87304,
                8.843475
              ],
              [
                104.872945,
                8.843587
              ],
              [
                104.872853,
                8.843696
              ],
              [
                104.872757,
                8.843811
              ],
              [
                104.872656,
                8.843933
              ],
              [
                104.872548,
                8.844062
              ],
              [
                104.872442,
                8.84419
              ],
              [
                104.872344,
                8.844306
              ],
              [
                104.872264,
                8.844398
              ],
              [
                104.872189,
                8.844483
              ],
              [
                104.872109,
                8.844569
              ],
              [
                104.87204,
                8.844644
              ],
              [
                104.872012,
                8.844672
              ],
              [
                104.871968,
                8.84472
              ],
              [
                104.87188,
                8.844816
              ],
              [
                104.871787,
                8.84492
              ],
              [
                104.871694,
                8.845023
              ],
              [
                104.871607,
                8.845118
              ],
              [
                104.871534,
                8.845194
              ],
              [
                104.87146,
                8.845272
              ],
              [
                104.871364,
                8.845376
              ],
              [
                104.871249,
                8.845503
              ],
              [
                104.87113,
                8.845638
              ],
              [
                104.871022,
                8.845758
              ],
              [
                104.870926,
                8.845868
              ],
              [
                104.870831,
                8.845977
              ],
              [
                104.870754,
                8.846067
              ],
              [
                104.870689,
                8.846142
              ],
              [
                104.870618,
                8.846223
              ],
              [
                104.87054,
                8.846313
              ],
              [
                104.870449,
                8.846418
              ],
              [
                104.870363,
                8.846518
              ],
              [
                104.870295,
                8.846595
              ],
              [
                104.870225,
                8.846676
              ],
              [
                104.870127,
                8.846788
              ],
              [
                104.870012,
                8.846918
              ],
              [
                104.869896,
                8.84705
              ],
              [
                104.869785,
                8.847173
              ],
              [
                104.86978,
                8.847179
              ],
              [
                104.869665,
                8.847307
              ],
              [
                104.869537,
                8.847451
              ],
              [
                104.869394,
                8.847609
              ],
              [
                104.869273,
                8.847741
              ],
              [
                104.869172,
                8.847846
              ],
              [
                104.869055,
                8.847971
              ],
              [
                104.868926,
                8.848114
              ],
              [
                104.868834,
                8.84822
              ],
              [
                104.868781,
                8.848284
              ],
              [
                104.868738,
                8.848336
              ],
              [
                104.868698,
                8.848386
              ],
              [
                104.868651,
                8.848442
              ],
              [
                104.868595,
                8.848506
              ],
              [
                104.868542,
                8.848566
              ],
              [
                104.868488,
                8.848622
              ],
              [
                104.86843,
                8.848681
              ],
              [
                104.868368,
                8.848748
              ],
              [
                104.868286,
                8.848841
              ],
              [
                104.868186,
                8.848958
              ],
              [
                104.868092,
                8.849071
              ],
              [
                104.867994,
                8.849188
              ],
              [
                104.867887,
                8.849317
              ],
              [
                104.867788,
                8.849435
              ],
              [
                104.8677,
                8.849539
              ],
              [
                104.867615,
                8.849638
              ],
              [
                104.867528,
                8.849738
              ],
              [
                104.867432,
                8.849846
              ],
              [
                104.86732,
                8.849968
              ],
              [
                104.867198,
                8.8501
              ],
              [
                104.867075,
                8.850232
              ],
              [
                104.866954,
                8.850361
              ],
              [
                104.866831,
                8.850492
              ],
              [
                104.866704,
                8.850628
              ],
              [
                104.866587,
                8.850753
              ],
              [
                104.866468,
                8.85088
              ],
              [
                104.86634,
                8.851019
              ],
              [
                104.866223,
                8.851147
              ],
              [
                104.866116,
                8.851267
              ],
              [
                104.866006,
                8.851392
              ],
              [
                104.865897,
                8.851516
              ],
              [
                104.865796,
                8.851631
              ],
              [
                104.865719,
                8.851721
              ],
              [
                104.865664,
                8.851787
              ],
              [
                104.865613,
                8.851849
              ],
              [
                104.865559,
                8.851915
              ],
              [
                104.86549,
                8.852004
              ],
              [
                104.865404,
                8.852112
              ],
              [
                104.865314,
                8.852226
              ],
              [
                104.865221,
                8.852341
              ],
              [
                104.86513,
                8.852453
              ],
              [
                104.865041,
                8.852558
              ],
              [
                104.864954,
                8.85266
              ],
              [
                104.864875,
                8.852752
              ],
              [
                104.864809,
                8.852827
              ],
              [
                104.86475,
                8.852893
              ],
              [
                104.86469,
                8.852961
              ],
              [
                104.864671,
                8.852984
              ],
              [
                104.864629,
                8.853032
              ],
              [
                104.864567,
                8.853101
              ],
              [
                104.86451,
                8.853166
              ],
              [
                104.864456,
                8.853227
              ],
              [
                104.864414,
                8.853276
              ],
              [
                104.864385,
                8.85331
              ],
              [
                104.864362,
                8.853338
              ],
              [
                104.864346,
                8.853358
              ],
              [
                104.864337,
                8.853369
              ],
              [
                104.864301,
                8.853415
              ],
              [
                104.86425,
                8.853483
              ],
              [
                104.86419,
                8.853564
              ],
              [
                104.864127,
                8.853647
              ],
              [
                104.864057,
                8.853733
              ],
              [
                104.863975,
                8.853823
              ],
              [
                104.863881,
                8.853918
              ],
              [
                104.863783,
                8.854017
              ],
              [
                104.863673,
                8.854132
              ],
              [
                104.863557,
                8.854261
              ],
              [
                104.863443,
                8.85439
              ],
              [
                104.86333,
                8.854519
              ],
              [
                104.863219,
                8.854643
              ],
              [
                104.863099,
                8.854771
              ],
              [
                104.86297,
                8.854908
              ],
              [
                104.862953,
                8.854926
              ],
              [
                104.862838,
                8.855047
              ],
              [
                104.862707,
                8.855189
              ],
              [
                104.862571,
                8.855339
              ],
              [
                104.862432,
                8.855496
              ],
              [
                104.862304,
                8.855643
              ],
              [
                104.862179,
                8.855791
              ],
              [
                104.862161,
                8.855812
              ],
              [
                104.862047,
                8.855948
              ],
              [
                104.861925,
                8.856094
              ],
              [
                104.861816,
                8.856222
              ],
              [
                104.861716,
                8.856334
              ],
              [
                104.861617,
                8.856444
              ],
              [
                104.861514,
                8.856561
              ],
              [
                104.861416,
                8.856671
              ],
              [
                104.861326,
                8.856773
              ],
              [
                104.861237,
                8.856874
              ],
              [
                104.86114,
                8.856982
              ],
              [
                104.861039,
                8.857095
              ],
              [
                104.860945,
                8.857201
              ],
              [
                104.860845,
                8.857313
              ],
              [
                104.860715,
                8.857457
              ],
              [
                104.860565,
                8.857622
              ],
              [
                104.860421,
                8.857778
              ],
              [
                104.860284,
                8.857928
              ],
              [
                104.860168,
                8.858055
              ],
              [
                104.860105,
                8.858125
              ],
              [
                104.860059,
                8.858176
              ],
              [
                104.859978,
                8.858266
              ],
              [
                104.859866,
                8.85839
              ],
              [
                104.859755,
                8.858515
              ],
              [
                104.859642,
                8.858645
              ],
              [
                104.859521,
                8.858782
              ],
              [
                104.859405,
                8.858913
              ],
              [
                104.859295,
                8.859034
              ],
              [
                104.859186,
                8.859152
              ],
              [
                104.85908,
                8.859267
              ],
              [
                104.858992,
                8.859362
              ],
              [
                104.85893,
                8.85943
              ],
              [
                104.858887,
                8.859476
              ],
              [
                104.858875,
                8.859488
              ],
              [
                104.858807,
                8.859562
              ],
              [
                104.858723,
                8.859658
              ],
              [
                104.858677,
                8.859711
              ],
              [
                104.85863,
                8.859766
              ],
              [
                104.858546,
                8.859862
              ],
              [
                104.858461,
                8.859959
              ],
              [
                104.858363,
                8.860075
              ],
              [
                104.85826,
                8.860199
              ],
              [
                104.858155,
                8.860324
              ],
              [
                104.858055,
                8.860444
              ],
              [
                104.857953,
                8.860566
              ],
              [
                104.857844,
                8.860696
              ],
              [
                104.85774,
                8.860819
              ],
              [
                104.85764,
                8.860934
              ],
              [
                104.857538,
                8.861046
              ],
              [
                104.857444,
                8.861151
              ],
              [
                104.857355,
                8.861251
              ],
              [
                104.857263,
                8.861351
              ],
              [
                104.857169,
                8.861452
              ],
              [
                104.857063,
                8.861566
              ],
              [
                104.857047,
                8.861583
              ],
              [
                104.856946,
                8.861692
              ],
              [
                104.856838,
                8.861808
              ],
              [
                104.856738,
                8.86192
              ],
              [
                104.856636,
                8.862036
              ],
              [
                104.856544,
                8.862142
              ],
              [
                104.856452,
                8.862244
              ],
              [
                104.856353,
                8.862354
              ],
              [
                104.856256,
                8.862462
              ],
              [
                104.856157,
                8.862576
              ],
              [
                104.85605,
                8.862698
              ],
              [
                104.855949,
                8.862813
              ],
              [
                104.855862,
                8.862913
              ],
              [
                104.855784,
                8.863004
              ],
              [
                104.855725,
                8.863071
              ],
              [
                104.855707,
                8.863091
              ],
              [
                104.855632,
                8.863176
              ],
              [
                104.855539,
                8.86328
              ],
              [
                104.855425,
                8.863407
              ],
              [
                104.855311,
                8.863533
              ],
              [
                104.855185,
                8.863675
              ],
              [
                104.855041,
                8.863837
              ],
              [
                104.854902,
                8.863991
              ],
              [
                104.854771,
                8.864133
              ],
              [
                104.854638,
                8.864274
              ],
              [
                104.854503,
                8.864418
              ],
              [
                104.854359,
                8.864573
              ],
              [
                104.85421,
                8.864735
              ],
              [
                104.854068,
                8.864894
              ],
              [
                104.853932,
                8.865044
              ],
              [
                104.853823,
                8.865165
              ],
              [
                104.853768,
                8.865223
              ],
              [
                104.853751,
                8.865241
              ],
              [
                104.85374,
                8.865252
              ],
              [
                104.853712,
                8.865279
              ],
              [
                104.853657,
                8.86533
              ],
              [
                104.853652,
                8.865335
              ],
              [
                104.853576,
                8.865407
              ],
              [
                104.853496,
                8.865483
              ],
              [
                104.853413,
                8.865564
              ],
              [
                104.853318,
                8.86566
              ],
              [
                104.853214,
                8.865769
              ],
              [
                104.853131,
                8.865858
              ],
              [
                104.853076,
                8.865923
              ],
              [
                104.853029,
                8.865983
              ],
              [
                104.853004,
                8.866012
              ],
              [
                104.852999,
                8.866018
              ],
              [
                104.852963,
                8.866059
              ],
              [
                104.852879,
                8.866152
              ],
              [
                104.85281,
                8.86623
              ],
              [
                104.852753,
                8.866296
              ],
              [
                104.852695,
                8.866364
              ],
              [
                104.852634,
                8.866435
              ],
              [
                104.852565,
                8.866513
              ],
              [
                104.852481,
                8.866605
              ],
              [
                104.85237,
                8.866726
              ],
              [
                104.852303,
                8.866799
              ],
              [
                104.852267,
                8.866838
              ],
              [
                104.852227,
                8.866881
              ],
              [
                104.852134,
                8.866982
              ],
              [
                104.85207,
                8.867052
              ],
              [
                104.851912,
                8.867222
              ],
              [
                104.851772,
                8.86737
              ],
              [
                104.851663,
                8.867482
              ],
              [
                104.851583,
                8.867571
              ],
              [
                104.851507,
                8.867653
              ],
              [
                104.851431,
                8.867731
              ],
              [
                104.851374,
                8.867792
              ],
              [
                104.851338,
                8.867833
              ],
              [
                104.851317,
                8.867861
              ],
              [
                104.851301,
                8.867884
              ],
              [
                104.851286,
                8.867903
              ],
              [
                104.851275,
                8.867917
              ],
              [
                104.851261,
                8.867934
              ],
              [
                104.85123,
                8.867972
              ],
              [
                104.851184,
                8.868029
              ],
              [
                104.85114,
                8.868079
              ],
              [
                104.851105,
                8.86812
              ],
              [
                104.851115,
                8.868127
              ],
              [
                104.851381,
                8.868331
              ],
              [
                104.85141,
                8.868352
              ],
              [
                104.851413,
                8.868354
              ],
              [
                104.851478,
                8.868404
              ],
              [
                104.851581,
                8.86849
              ],
              [
                104.851676,
                8.868572
              ],
              [
                104.851727,
                8.868615
              ],
              [
                104.851893,
                8.868759
              ],
              [
                104.852058,
                8.868903
              ],
              [
                104.852201,
                8.869027
              ],
              [
                104.852319,
                8.86913
              ],
              [
                104.852425,
                8.869221
              ],
              [
                104.852509,
                8.869293
              ],
              [
                104.852579,
                8.869353
              ],
              [
                104.852659,
                8.869424
              ],
              [
                104.852764,
                8.869519
              ],
              [
                104.852923,
                8.869664
              ],
              [
                104.853121,
                8.869844
              ],
              [
                104.853326,
                8.870031
              ],
              [
                104.85352,
                8.870207
              ],
              [
                104.853696,
                8.870368
              ],
              [
                104.853864,
                8.870522
              ],
              [
                104.854028,
                8.870674
              ],
              [
                104.854031,
                8.870676
              ],
              [
                104.854201,
                8.870833
              ],
              [
                104.854374,
                8.870991
              ],
              [
                104.854547,
                8.871149
              ],
              [
                104.854719,
                8.871305
              ],
              [
                104.854887,
                8.871456
              ],
              [
                104.85505,
                8.871598
              ],
              [
                104.855213,
                8.871735
              ],
              [
                104.855375,
                8.871871
              ],
              [
                104.855534,
                8.872006
              ],
              [
                104.855664,
                8.87212
              ],
              [
                104.855679,
                8.872133
              ],
              [
                104.855684,
                8.872138
              ],
              [
                104.855805,
                8.872249
              ],
              [
                104.855927,
                8.872361
              ],
              [
                104.856052,
                8.872469
              ],
              [
                104.856135,
                8.872533
              ],
              [
                104.856164,
                8.872555
              ],
              [
                104.856261,
                8.872621
              ],
              [
                104.856353,
                8.872681
              ],
              [
                104.856437,
                8.87273
              ],
              [
                104.856501,
                8.87276
              ],
              [
                104.856544,
                8.872779
              ],
              [
                104.856554,
                8.872782
              ],
              [
                104.856587,
                8.872795
              ],
              [
                104.856652,
                8.872816
              ],
              [
                104.85674,
                8.872839
              ],
              [
                104.856841,
                8.872865
              ],
              [
                104.856946,
                8.87289
              ],
              [
                104.85706,
                8.872917
              ],
              [
                104.857186,
                8.872945
              ],
              [
                104.85733,
                8.872974
              ],
              [
                104.857469,
                8.873
              ],
              [
                104.8575,
                8.873007
              ],
              [
                104.857709,
                8.873047
              ],
              [
                104.857964,
                8.8731
              ],
              [
                104.858235,
                8.873157
              ],
              [
                104.858428,
                8.873197
              ],
              [
                104.858453,
                8.873202
              ],
              [
                104.858587,
                8.873231
              ],
              [
                104.858717,
                8.873258
              ],
              [
                104.858891,
                8.873294
              ],
              [
                104.859047,
                8.873325
              ],
              [
                104.859159,
                8.873347
              ],
              [
                104.859259,
                8.873367
              ],
              [
                104.859423,
                8.873399
              ],
              [
                104.859729,
                8.873461
              ],
              [
                104.859862,
                8.873487
              ],
              [
                104.860124,
                8.873539
              ],
              [
                104.860486,
                8.873612
              ],
              [
                104.860816,
                8.873678
              ],
              [
                104.861149,
                8.873743
              ],
              [
                104.861401,
                8.873793
              ],
              [
                104.86154,
                8.873822
              ],
              [
                104.861607,
                8.873836
              ],
              [
                104.861664,
                8.873848
              ],
              [
                104.861747,
                8.873865
              ],
              [
                104.861858,
                8.873888
              ],
              [
                104.861925,
                8.873901
              ],
              [
                104.862342,
                8.87399
              ],
              [
                104.863004,
                8.874124
              ],
              [
                104.863062,
                8.874136
              ],
              [
                104.863249,
                8.874174
              ],
              [
                104.863655,
                8.874257
              ],
              [
                104.864186,
                8.874365
              ],
              [
                104.864687,
                8.874468
              ],
              [
                104.86505,
                8.874544
              ],
              [
                104.865271,
                8.87459
              ],
              [
                104.865468,
                8.874632
              ],
              [
                104.865701,
                8.87468
              ],
              [
                104.865888,
                8.874719
              ],
              [
                104.865999,
                8.874743
              ],
              [
                104.866054,
                8.874758
              ],
              [
                104.866086,
                8.874769
              ],
              [
                104.866117,
                8.874778
              ],
              [
                104.866151,
                8.874786
              ],
              [
                104.866186,
                8.874794
              ],
              [
                104.866226,
                8.874803
              ],
              [
                104.86628,
                8.874814
              ],
              [
                104.866346,
                8.874825
              ],
              [
                104.866413,
                8.874837
              ],
              [
                104.866488,
                8.874851
              ],
              [
                104.86658,
                8.874866
              ],
              [
                104.8667,
                8.874887
              ],
              [
                104.86685,
                8.874913
              ],
              [
                104.866999,
                8.874941
              ],
              [
                104.867152,
                8.874969
              ],
              [
                104.867323,
                8.875
              ],
              [
                104.86749,
                8.875031
              ],
              [
                104.867653,
                8.875062
              ],
              [
                104.867825,
                8.875096
              ],
              [
                104.868002,
                8.875131
              ],
              [
                104.86818,
                8.875167
              ],
              [
                104.868367,
                8.875206
              ],
              [
                104.868597,
                8.875254
              ],
              [
                104.868861,
                8.87531
              ],
              [
                104.869074,
                8.875354
              ],
              [
                104.869233,
                8.875387
              ],
              [
                104.869425,
                8.875426
              ],
              [
                104.869668,
                8.875476
              ],
              [
                104.869865,
                8.875516
              ],
              [
                104.869998,
                8.875543
              ],
              [
                104.870112,
                8.875566
              ],
              [
                104.870204,
                8.875585
              ],
              [
                104.870281,
                8.875603
              ],
              [
                104.870376,
                8.875629
              ],
              [
                104.87049,
                8.875662
              ],
              [
                104.870578,
                8.875688
              ],
              [
                104.870656,
                8.875711
              ],
              [
                104.870769,
                8.875746
              ],
              [
                104.87091,
                8.875791
              ],
              [
                104.871031,
                8.87583
              ],
              [
                104.871131,
                8.875865
              ],
              [
                104.871265,
                8.875913
              ],
              [
                104.871465,
                8.875984
              ],
              [
                104.871696,
                8.876065
              ],
              [
                104.871934,
                8.876149
              ],
              [
                104.872168,
                8.876232
              ],
              [
                104.872422,
                8.876324
              ],
              [
                104.872705,
                8.876427
              ],
              [
                104.872984,
                8.87653
              ],
              [
                104.873224,
                8.876619
              ],
              [
                104.873328,
                8.876659
              ],
              [
                104.873379,
                8.876678
              ],
              [
                104.87347,
                8.876713
              ],
              [
                104.873541,
                8.87674
              ],
              [
                104.873606,
                8.876763
              ],
              [
                104.873662,
                8.876782
              ],
              [
                104.87371,
                8.876799
              ],
              [
                104.873759,
                8.876815
              ],
              [
                104.873797,
                8.876827
              ],
              [
                104.873812,
                8.87683
              ],
              [
                104.873828,
                8.876833
              ],
              [
                104.873858,
                8.876837
              ],
              [
                104.873884,
                8.876839
              ],
              [
                104.873908,
                8.876841
              ],
              [
                104.873936,
                8.876843
              ],
              [
                104.873937,
                8.876843
              ],
              [
                104.873964,
                8.876848
              ],
              [
                104.87398,
                8.876854
              ],
              [
                104.874007,
                8.876865
              ],
              [
                104.874028,
                8.876874
              ],
              [
                104.874056,
                8.876887
              ],
              [
                104.874074,
                8.876898
              ],
              [
                104.874091,
                8.876908
              ],
              [
                104.874118,
                8.87692
              ],
              [
                104.874149,
                8.876934
              ],
              [
                104.874181,
                8.876948
              ],
              [
                104.874214,
                8.876962
              ],
              [
                104.874252,
                8.876979
              ],
              [
                104.874309,
                8.877001
              ],
              [
                104.874386,
                8.87703
              ],
              [
                104.874474,
                8.877063
              ],
              [
                104.874595,
                8.877107
              ],
              [
                104.874754,
                8.877164
              ],
              [
                104.874822,
                8.877188
              ],
              [
                104.874927,
                8.877226
              ],
              [
                104.874972,
                8.877242
              ],
              [
                104.875106,
                8.877291
              ],
              [
                104.875294,
                8.877359
              ],
              [
                104.8755,
                8.877435
              ],
              [
                104.875718,
                8.877514
              ],
              [
                104.875936,
                8.877593
              ],
              [
                104.876136,
                8.877665
              ],
              [
                104.876309,
                8.877726
              ],
              [
                104.876776,
                8.87789
              ],
              [
                104.876934,
                8.877944
              ],
              [
                104.878306,
                8.87842
              ],
              [
                104.878906,
                8.878631
              ],
              [
                104.879441,
                8.878822
              ],
              [
                104.879972,
                8.879015
              ],
              [
                104.880332,
                8.879148
              ],
              [
                104.880481,
                8.879206
              ],
              [
                104.880536,
                8.879232
              ],
              [
                104.880538,
                8.879233
              ],
              [
                104.880645,
                8.879298
              ],
              [
                104.881273,
                8.879479
              ],
              [
                104.881742,
                8.87966
              ],
              [
                104.881886,
                8.879747
              ],
              [
                104.882047,
                8.879915
              ],
              [
                104.882197,
                8.88011
              ],
              [
                104.882474,
                8.880629
              ],
              [
                104.882708,
                8.8811
              ],
              [
                104.882967,
                8.881528
              ],
              [
                104.883153,
                8.881891
              ],
              [
                104.883412,
                8.882211
              ],
              [
                104.883647,
                8.88256
              ],
              [
                104.883566,
                8.882617
              ],
              [
                104.883413,
                8.882725
              ],
              [
                104.883211,
                8.882871
              ],
              [
                104.882956,
                8.883055
              ],
              [
                104.882736,
                8.883215
              ],
              [
                104.882579,
                8.88333
              ],
              [
                104.882475,
                8.883406
              ],
              [
                104.882364,
                8.883486
              ],
              [
                104.882187,
                8.883615
              ],
              [
                104.881956,
                8.883783
              ],
              [
                104.881715,
                8.883957
              ],
              [
                104.881486,
                8.884123
              ],
              [
                104.881318,
                8.884245
              ],
              [
                104.88123,
                8.884308
              ],
              [
                104.881142,
                8.884367
              ],
              [
                104.880958,
                8.88449
              ],
              [
                104.880688,
                8.884672
              ],
              [
                104.880385,
                8.884878
              ],
              [
                104.880017,
                8.885131
              ],
              [
                104.879604,
                8.885418
              ],
              [
                104.879204,
                8.885699
              ],
              [
                104.878825,
                8.885965
              ],
              [
                104.878533,
                8.886172
              ],
              [
                104.878368,
                8.88629
              ],
              [
                104.878301,
                8.88634
              ],
              [
                104.878277,
                8.88636
              ],
              [
                104.878259,
                8.886373
              ],
              [
                104.878206,
                8.886412
              ],
              [
                104.878086,
                8.886499
              ],
              [
                104.877952,
                8.886601
              ],
              [
                104.877875,
                8.886668
              ],
              [
                104.877835,
                8.886707
              ],
              [
                104.877798,
                8.88674
              ],
              [
                104.877835,
                8.886814
              ],
              [
                104.877835,
                8.886814
              ],
              [
                104.877938,
                8.887061
              ],
              [
                104.877974,
                8.887152
              ],
              [
                104.878019,
                8.887252
              ],
              [
                104.878074,
                8.887376
              ],
              [
                104.878144,
                8.887531
              ],
              [
                104.878223,
                8.887704
              ],
              [
                104.878312,
                8.887899
              ],
              [
                104.878439,
                8.88818
              ],
              [
                104.878633,
                8.888613
              ],
              [
                104.878871,
                8.889149
              ],
              [
                104.879121,
                8.88971
              ],
              [
                104.879379,
                8.890289
              ],
              [
                104.879639,
                8.890864
              ],
              [
                104.879893,
                8.891422
              ],
              [
                104.880145,
                8.891975
              ],
              [
                104.880394,
                8.89252
              ],
              [
                104.880633,
                8.893051
              ],
              [
                104.880861,
                8.893564
              ],
              [
                104.881076,
                8.894048
              ],
              [
                104.881237,
                8.894418
              ],
              [
                104.881323,
                8.894628
              ],
              [
                104.881368,
                8.894756
              ],
              [
                104.881405,
                8.894873
              ],
              [
                104.881442,
                8.895025
              ],
              [
                104.881479,
                8.895233
              ],
              [
                104.881521,
                8.895496
              ],
              [
                104.881568,
                8.895771
              ],
              [
                104.881595,
                8.895921
              ],
              [
                104.881609,
                8.895996
              ],
              [
                104.881651,
                8.896231
              ],
              [
                104.881701,
                8.896519
              ],
              [
                104.881709,
                8.896568
              ],
              [
                104.881782,
                8.896999
              ],
              [
                104.881863,
                8.897471
              ],
              [
                104.881941,
                8.897942
              ],
              [
                104.882023,
                8.89843
              ],
              [
                104.88211,
                8.89895
              ],
              [
                104.882198,
                8.899489
              ],
              [
                104.882285,
                8.900035
              ],
              [
                104.88229,
                8.900065
              ],
              [
                104.882368,
                8.900569
              ],
              [
                104.882447,
                8.901075
              ],
              [
                104.882507,
                8.901461
              ],
              [
                104.882543,
                8.901683
              ],
              [
                104.882568,
                8.901821
              ],
              [
                104.88259,
                8.901933
              ],
              [
                104.882615,
                8.902033
              ],
              [
                104.882628,
                8.902075
              ],
              [
                104.882642,
                8.902116
              ],
              [
                104.882667,
                8.902305
              ],
              [
                104.882668,
                8.902362
              ],
              [
                104.8827,
                8.902372
              ],
              [
                104.882724,
                8.902382
              ],
              [
                104.882746,
                8.902392
              ],
              [
                104.882769,
                8.902402
              ],
              [
                104.882789,
                8.902411
              ],
              [
                104.882806,
                8.902421
              ],
              [
                104.88283,
                8.902434
              ],
              [
                104.88286,
                8.902448
              ],
              [
                104.882882,
                8.902458
              ],
              [
                104.882893,
                8.902463
              ],
              [
                104.882903,
                8.902466
              ],
              [
                104.882922,
                8.902473
              ],
              [
                104.88295,
                8.902484
              ],
              [
                104.882976,
                8.902492
              ],
              [
                104.883001,
                8.902496
              ],
              [
                104.883029,
                8.902498
              ],
              [
                104.883056,
                8.9025
              ],
              [
                104.883082,
                8.902498
              ],
              [
                104.883107,
                8.902493
              ],
              [
                104.883129,
                8.902486
              ],
              [
                104.883147,
                8.902475
              ],
              [
                104.883164,
                8.902462
              ],
              [
                104.883178,
                8.902447
              ],
              [
                104.883192,
                8.902432
              ],
              [
                104.883205,
                8.902417
              ],
              [
                104.883214,
                8.902405
              ],
              [
                104.883224,
                8.902391
              ],
              [
                104.883226,
                8.902388
              ],
              [
                104.883237,
                8.902367
              ],
              [
                104.883252,
                8.902331
              ],
              [
                104.883267,
                8.902288
              ],
              [
                104.883281,
                8.902243
              ],
              [
                104.883293,
                8.902196
              ],
              [
                104.883305,
                8.902148
              ],
              [
                104.883316,
                8.902101
              ],
              [
                104.883327,
                8.902054
              ],
              [
                104.883337,
                8.902014
              ],
              [
                104.883349,
                8.901982
              ],
              [
                104.88336,
                8.901955
              ],
              [
                104.883367,
                8.901937
              ],
              [
                104.883372,
                8.901927
              ],
              [
                104.883385,
                8.901893
              ],
              [
                104.883414,
                8.901866
              ],
              [
                104.883429,
                8.901854
              ],
              [
                104.883456,
                8.901837
              ],
              [
                104.883479,
                8.901824
              ],
              [
                104.883492,
                8.901818
              ],
              [
                104.883531,
                8.901798
              ],
              [
                104.883574,
                8.901779
              ],
              [
                104.88362,
                8.901762
              ],
              [
                104.883621,
                8.901762
              ],
              [
                104.88366,
                8.90175
              ],
              [
                104.883665,
                8.901748
              ],
              [
                104.883709,
                8.901736
              ],
              [
                104.883749,
                8.901727
              ],
              [
                104.883784,
                8.901725
              ],
              [
                104.883815,
                8.901725
              ],
              [
                104.883845,
                8.901727
              ],
              [
                104.883873,
                8.901729
              ],
              [
                104.883899,
                8.901734
              ],
              [
                104.883925,
                8.901742
              ],
              [
                104.883951,
                8.901754
              ],
              [
                104.883977,
                8.90177
              ],
              [
                104.884,
                8.901785
              ],
              [
                104.884023,
                8.901801
              ],
              [
                104.884044,
                8.901819
              ],
              [
                104.884061,
                8.901836
              ],
              [
                104.884077,
                8.901854
              ],
              [
                104.884085,
                8.901862
              ],
              [
                104.884096,
                8.901873
              ],
              [
                104.884117,
                8.901892
              ],
              [
                104.884146,
                8.901908
              ],
              [
                104.884185,
                8.901922
              ],
              [
                104.884211,
                8.901928
              ],
              [
                104.884229,
                8.901932
              ],
              [
                104.884273,
                8.901942
              ],
              [
                104.884317,
                8.901951
              ],
              [
                104.884362,
                8.901957
              ],
              [
                104.884407,
                8.901959
              ],
              [
                104.884451,
                8.901961
              ],
              [
                104.884496,
                8.901964
              ],
              [
                104.884534,
                8.901964
              ],
              [
                104.884566,
                8.901961
              ],
              [
                104.884597,
                8.901955
              ],
              [
                104.884632,
                8.901947
              ],
              [
                104.884666,
                8.90193
              ],
              [
                104.884693,
                8.901908
              ],
              [
                104.884706,
                8.901893
              ],
              [
                104.884714,
                8.901884
              ],
              [
                104.884728,
                8.901861
              ],
              [
                104.884729,
                8.901859
              ],
              [
                104.884738,
                8.901838
              ],
              [
                104.884747,
                8.901812
              ],
              [
                104.884753,
                8.901782
              ],
              [
                104.884759,
                8.901749
              ],
              [
                104.884767,
                8.901716
              ],
              [
                104.884776,
                8.901682
              ],
              [
                104.884787,
                8.901645
              ],
              [
                104.884801,
                8.901606
              ],
              [
                104.884816,
                8.901568
              ],
              [
                104.884836,
                8.901534
              ],
              [
                104.884862,
                8.901511
              ],
              [
                104.884892,
                8.901494
              ],
              [
                104.884923,
                8.901479
              ],
              [
                104.884955,
                8.901466
              ],
              [
                104.884988,
                8.901456
              ],
              [
                104.885019,
                8.901448
              ],
              [
                104.885047,
                8.901445
              ],
              [
                104.885073,
                8.901445
              ],
              [
                104.885098,
                8.901446
              ],
              [
                104.885124,
                8.901449
              ],
              [
                104.88515,
                8.901454
              ],
              [
                104.885176,
                8.90146
              ],
              [
                104.885201,
                8.901467
              ],
              [
                104.885226,
                8.901476
              ],
              [
                104.885251,
                8.901484
              ],
              [
                104.885275,
                8.901493
              ],
              [
                104.885301,
                8.901501
              ],
              [
                104.885328,
                8.901509
              ],
              [
                104.885357,
                8.901516
              ],
              [
                104.885388,
                8.90152
              ],
              [
                104.885422,
                8.90152
              ],
              [
                104.885455,
                8.901516
              ],
              [
                104.885477,
                8.901514
              ],
              [
                104.885533,
                8.901506
              ],
              [
                104.88559,
                8.901478
              ],
              [
                104.885622,
                8.901462
              ],
              [
                104.885667,
                8.901441
              ],
              [
                104.885715,
                8.901416
              ],
              [
                104.885761,
                8.90139
              ],
              [
                104.885803,
                8.901364
              ],
              [
                104.885844,
                8.901339
              ],
              [
                104.88588,
                8.901315
              ],
              [
                104.88591,
                8.901293
              ],
              [
                104.885937,
                8.901271
              ],
              [
                104.885962,
                8.901248
              ],
              [
                104.885986,
                8.901221
              ],
              [
                104.886012,
                8.901177
              ],
              [
                104.886041,
                8.90112
              ],
              [
                104.886064,
                8.901069
              ],
              [
                104.886082,
                8.901022
              ],
              [
                104.886104,
                8.900965
              ],
              [
                104.88613,
                8.900902
              ],
              [
                104.886151,
                8.900855
              ],
              [
                104.886168,
                8.900822
              ],
              [
                104.886187,
                8.900792
              ],
              [
                104.886204,
                8.900763
              ],
              [
                104.886224,
                8.900734
              ],
              [
                104.886253,
                8.900706
              ],
              [
                104.886291,
                8.900682
              ],
              [
                104.886333,
                8.90066
              ],
              [
                104.886375,
                8.900639
              ],
              [
                104.886413,
                8.900619
              ],
              [
                104.88645,
                8.900603
              ],
              [
                104.886488,
                8.900587
              ],
              [
                104.886526,
                8.900572
              ],
              [
                104.886553,
                8.90056
              ],
              [
                104.886574,
                8.900551
              ],
              [
                104.886601,
                8.90054
              ],
              [
                104.886633,
                8.900528
              ],
              [
                104.886657,
                8.90052
              ],
              [
                104.886671,
                8.900516
              ],
              [
                104.886685,
                8.900513
              ],
              [
                104.886691,
                8.900512
              ],
              [
                104.886705,
                8.90051
              ],
              [
                104.88673,
                8.900506
              ],
              [
                104.886755,
                8.900503
              ],
              [
                104.886779,
                8.900502
              ],
              [
                104.886802,
                8.900501
              ],
              [
                104.886821,
                8.900502
              ],
              [
                104.886834,
                8.900504
              ],
              [
                104.886846,
                8.900508
              ],
              [
                104.886867,
                8.900514
              ],
              [
                104.886894,
                8.900522
              ],
              [
                104.886923,
                8.900531
              ],
              [
                104.886955,
                8.900542
              ],
              [
                104.886992,
                8.900554
              ],
              [
                104.887025,
                8.900567
              ],
              [
                104.887031,
                8.90057
              ],
              [
                104.887071,
                8.90059
              ],
              [
                104.887111,
                8.900612
              ],
              [
                104.887154,
                8.900637
              ],
              [
                104.88721,
                8.900674
              ],
              [
                104.887291,
                8.900733
              ],
              [
                104.88739,
                8.900809
              ],
              [
                104.887492,
                8.900887
              ],
              [
                104.887587,
                8.90096
              ],
              [
                104.887663,
                8.901018
              ],
              [
                104.887725,
                8.901061
              ],
              [
                104.887777,
                8.901095
              ],
              [
                104.887821,
                8.901123
              ],
              [
                104.887863,
                8.901149
              ],
              [
                104.887899,
                8.901175
              ],
              [
                104.887928,
                8.9012
              ],
              [
                104.887953,
                8.901225
              ],
              [
                104.887975,
                8.901248
              ],
              [
                104.887982,
                8.901258
              ],
              [
                104.887991,
                8.90127
              ],
              [
                104.888001,
                8.901291
              ],
              [
                104.888011,
                8.901312
              ],
              [
                104.888021,
                8.901341
              ],
              [
                104.888033,
                8.901375
              ],
              [
                104.888044,
                8.901408
              ],
              [
                104.888054,
                8.901443
              ],
              [
                104.888064,
                8.901481
              ],
              [
                104.888076,
                8.901515
              ],
              [
                104.88809,
                8.90154
              ],
              [
                104.888106,
                8.90156
              ],
              [
                104.888123,
                8.901577
              ],
              [
                104.888126,
                8.90158
              ],
              [
                104.888149,
                8.901596
              ],
              [
                104.888173,
                8.901609
              ],
              [
                104.888201,
                8.901617
              ],
              [
                104.888237,
                8.90162
              ],
              [
                104.888277,
                8.901618
              ],
              [
                104.888319,
                8.901616
              ],
              [
                104.888369,
                8.901611
              ],
              [
                104.888429,
                8.901602
              ],
              [
                104.888494,
                8.90159
              ],
              [
                104.88856,
                8.901578
              ],
              [
                104.888628,
                8.901567
              ],
              [
                104.888703,
                8.901557
              ],
              [
                104.888784,
                8.901548
              ],
              [
                104.888864,
                8.901537
              ],
              [
                104.888946,
                8.901526
              ],
              [
                104.889032,
                8.901515
              ],
              [
                104.889116,
                8.901503
              ],
              [
                104.889188,
                8.901491
              ],
              [
                104.889225,
                8.901486
              ],
              [
                104.889245,
                8.901482
              ],
              [
                104.8893,
                8.901474
              ],
              [
                104.889357,
                8.901465
              ],
              [
                104.889406,
                8.90146
              ],
              [
                104.889445,
                8.901458
              ],
              [
                104.88947,
                8.901457
              ],
              [
                104.889483,
                8.901457
              ],
              [
                104.88952,
                8.901457
              ],
              [
                104.88956,
                8.901461
              ],
              [
                104.889603,
                8.901466
              ],
              [
                104.889645,
                8.901472
              ],
              [
                104.889688,
                8.90148
              ],
              [
                104.889735,
                8.901496
              ],
              [
                104.889786,
                8.901516
              ],
              [
                104.889831,
                8.901535
              ],
              [
                104.889873,
                8.901551
              ],
              [
                104.889909,
                8.901565
              ],
              [
                104.889967,
                8.901587
              ],
              [
                104.89002,
                8.90159
              ],
              [
                104.890044,
                8.901592
              ],
              [
                104.89008,
                8.901595
              ],
              [
                104.890119,
                8.901597
              ],
              [
                104.890161,
                8.901597
              ],
              [
                104.890204,
                8.901596
              ],
              [
                104.890246,
                8.901596
              ],
              [
                104.890285,
                8.901598
              ],
              [
                104.890319,
                8.901606
              ],
              [
                104.89032,
                8.901606
              ],
              [
                104.890348,
                8.901617
              ],
              [
                104.890368,
                8.901633
              ],
              [
                104.890387,
                8.901661
              ],
              [
                104.890406,
                8.901703
              ],
              [
                104.890423,
                8.901742
              ],
              [
                104.89044,
                8.901786
              ],
              [
                104.890459,
                8.901849
              ],
              [
                104.890475,
                8.901924
              ],
              [
                104.890485,
                8.902
              ],
              [
                104.890494,
                8.902072
              ],
              [
                104.890502,
                8.902128
              ],
              [
                104.890508,
                8.902165
              ],
              [
                104.890515,
                8.902191
              ],
              [
                104.89052,
                8.902203
              ],
              [
                104.890524,
                8.902214
              ],
              [
                104.890538,
                8.902236
              ],
              [
                104.890553,
                8.902253
              ],
              [
                104.890556,
                8.902256
              ],
              [
                104.890557,
                8.902257
              ],
              [
                104.890577,
                8.902271
              ],
              [
                104.890602,
                8.902284
              ],
              [
                104.890623,
                8.902292
              ],
              [
                104.890635,
                8.902297
              ],
              [
                104.890678,
                8.902309
              ],
              [
                104.890726,
                8.90232
              ],
              [
                104.890774,
                8.90233
              ],
              [
                104.890823,
                8.902339
              ],
              [
                104.890881,
                8.902345
              ],
              [
                104.890948,
                8.902349
              ],
              [
                104.891017,
                8.90235
              ],
              [
                104.891091,
                8.902349
              ],
              [
                104.891172,
                8.902345
              ],
              [
                104.891224,
                8.902343
              ],
              [
                104.891254,
                8.902342
              ],
              [
                104.891326,
                8.90234
              ],
              [
                104.891379,
                8.902339
              ],
              [
                104.891437,
                8.902338
              ],
              [
                104.891525,
                8.902332
              ],
              [
                104.891624,
                8.90232
              ],
              [
                104.891694,
                8.90231
              ],
              [
                104.891738,
                8.902303
              ],
              [
                104.89178,
                8.902295
              ],
              [
                104.891843,
                8.902283
              ],
              [
                104.891929,
                8.902268
              ],
              [
                104.892,
                8.902255
              ],
              [
                104.892051,
                8.902246
              ],
              [
                104.892082,
                8.902241
              ],
              [
                104.892096,
                8.902239
              ],
              [
                104.892138,
                8.902234
              ],
              [
                104.89218,
                8.90223
              ],
              [
                104.89222,
                8.902228
              ],
              [
                104.892259,
                8.902231
              ],
              [
                104.892305,
                8.902235
              ],
              [
                104.892356,
                8.902238
              ],
              [
                104.892363,
                8.902238
              ],
              [
                104.8924,
                8.902238
              ],
              [
                104.892446,
                8.902237
              ],
              [
                104.892503,
                8.902235
              ],
              [
                104.892568,
                8.902228
              ],
              [
                104.892637,
                8.902218
              ],
              [
                104.892699,
                8.902207
              ],
              [
                104.892763,
                8.902196
              ],
              [
                104.892836,
                8.902185
              ],
              [
                104.892911,
                8.902174
              ],
              [
                104.892987,
                8.902166
              ],
              [
                104.893059,
                8.90216
              ],
              [
                104.89313,
                8.902154
              ],
              [
                104.893199,
                8.902147
              ],
              [
                104.893252,
                8.902138
              ],
              [
                104.893295,
                8.902129
              ],
              [
                104.893339,
                8.90212
              ],
              [
                104.893384,
                8.902109
              ],
              [
                104.89343,
                8.902097
              ],
              [
                104.893474,
                8.902082
              ],
              [
                104.893514,
                8.902063
              ],
              [
                104.893546,
                8.902044
              ],
              [
                104.893578,
                8.902024
              ],
              [
                104.893612,
                8.902001
              ],
              [
                104.893643,
                8.901977
              ],
              [
                104.893675,
                8.901956
              ],
              [
                104.893712,
                8.90194
              ],
              [
                104.893748,
                8.901929
              ],
              [
                104.893785,
                8.901919
              ],
              [
                104.893828,
                8.901911
              ],
              [
                104.893874,
                8.901908
              ],
              [
                104.893922,
                8.901906
              ],
              [
                104.89397,
                8.901904
              ],
              [
                104.894017,
                8.9019
              ],
              [
                104.894064,
                8.901896
              ],
              [
                104.894108,
                8.901893
              ],
              [
                104.894153,
                8.901891
              ],
              [
                104.894202,
                8.901891
              ],
              [
                104.894245,
                8.901893
              ],
              [
                104.894286,
                8.901897
              ],
              [
                104.894329,
                8.901903
              ],
              [
                104.894366,
                8.901909
              ],
              [
                104.894399,
                8.901917
              ],
              [
                104.894432,
                8.901926
              ],
              [
                104.894465,
                8.901936
              ],
              [
                104.894497,
                8.901949
              ],
              [
                104.89453,
                8.901963
              ],
              [
                104.89456,
                8.90198
              ],
              [
                104.894587,
                8.902002
              ],
              [
                104.894613,
                8.902026
              ],
              [
                104.894627,
                8.902039
              ],
              [
                104.894638,
                8.902049
              ],
              [
                104.894662,
                8.902072
              ],
              [
                104.894683,
                8.902089
              ],
              [
                104.8947,
                8.902102
              ],
              [
                104.894717,
                8.902115
              ],
              [
                104.894741,
                8.902139
              ],
              [
                104.894769,
                8.902174
              ],
              [
                104.894797,
                8.902212
              ],
              [
                104.894825,
                8.902249
              ],
              [
                104.894848,
                8.902282
              ],
              [
                104.894867,
                8.902313
              ],
              [
                104.894885,
                8.902346
              ],
              [
                104.894903,
                8.902379
              ],
              [
                104.894923,
                8.902409
              ],
              [
                104.894944,
                8.902434
              ],
              [
                104.894967,
                8.902455
              ],
              [
                104.89499,
                8.902475
              ],
              [
                104.894992,
                8.902477
              ],
              [
                104.894996,
                8.90248
              ],
              [
                104.895002,
                8.902483
              ],
              [
                104.895016,
                8.902492
              ],
              [
                104.895046,
                8.902504
              ],
              [
                104.895079,
                8.902511
              ],
              [
                104.895112,
                8.902516
              ],
              [
                104.895145,
                8.902519
              ],
              [
                104.895181,
                8.902523
              ],
              [
                104.895219,
                8.902528
              ],
              [
                104.895259,
                8.902536
              ],
              [
                104.895301,
                8.902545
              ],
              [
                104.895343,
                8.902555
              ],
              [
                104.895378,
                8.902564
              ],
              [
                104.895404,
                8.902574
              ],
              [
                104.895425,
                8.902585
              ],
              [
                104.895444,
                8.902597
              ],
              [
                104.89546,
                8.902606
              ],
              [
                104.895464,
                8.902609
              ],
              [
                104.895474,
                8.902616
              ],
              [
                104.895486,
                8.902628
              ],
              [
                104.8955,
                8.902645
              ],
              [
                104.895516,
                8.902667
              ],
              [
                104.895531,
                8.90269
              ],
              [
                104.895544,
                8.902715
              ],
              [
                104.895555,
                8.902741
              ],
              [
                104.895565,
                8.902771
              ],
              [
                104.895575,
                8.902806
              ],
              [
                104.895575,
                8.902807
              ],
              [
                104.895586,
                8.902846
              ],
              [
                104.895596,
                8.902886
              ],
              [
                104.895608,
                8.902924
              ],
              [
                104.895608,
                8.902925
              ],
              [
                104.895621,
                8.902959
              ],
              [
                104.895621,
                8.902961
              ],
              [
                104.895637,
                8.902998
              ],
              [
                104.895654,
                8.903035
              ],
              [
                104.895671,
                8.903069
              ],
              [
                104.895688,
                8.903102
              ],
              [
                104.895711,
                8.903139
              ],
              [
                104.895739,
                8.903182
              ],
              [
                104.895767,
                8.90322
              ],
              [
                104.895796,
                8.903261
              ],
              [
                104.895833,
                8.90332
              ],
              [
                104.895855,
                8.903356
              ],
              [
                104.895876,
                8.903392
              ],
              [
                104.895919,
                8.903465
              ],
              [
                104.895962,
                8.903536
              ],
              [
                104.895996,
                8.903601
              ],
              [
                104.89602,
                8.903659
              ],
              [
                104.896038,
                8.903713
              ],
              [
                104.896053,
                8.903766
              ],
              [
                104.896061,
                8.903796
              ],
              [
                104.896066,
                8.903815
              ],
              [
                104.896075,
                8.903855
              ],
              [
                104.896079,
                8.903891
              ],
              [
                104.89608,
                8.903927
              ],
              [
                104.896079,
                8.903962
              ],
              [
                104.896078,
                8.903997
              ],
              [
                104.896076,
                8.904013
              ],
              [
                104.896074,
                8.90403
              ],
              [
                104.896067,
                8.904054
              ],
              [
                104.896065,
                8.904058
              ],
              [
                104.896064,
                8.904062
              ],
              [
                104.896057,
                8.90408
              ],
              [
                104.896051,
                8.904095
              ],
              [
                104.896036,
                8.904127
              ],
              [
                104.89602,
                8.904158
              ],
              [
                104.896,
                8.904185
              ],
              [
                104.895977,
                8.904209
              ],
              [
                104.895953,
                8.904231
              ],
              [
                104.895927,
                8.904252
              ],
              [
                104.8959,
                8.90427
              ],
              [
                104.895861,
                8.904289
              ],
              [
                104.895809,
                8.904311
              ],
              [
                104.895754,
                8.904333
              ],
              [
                104.895697,
                8.904354
              ],
              [
                104.895635,
                8.904375
              ],
              [
                104.895574,
                8.904393
              ],
              [
                104.895502,
                8.904412
              ],
              [
                104.895412,
                8.904436
              ],
              [
                104.895315,
                8.904462
              ],
              [
                104.895218,
                8.904489
              ],
              [
                104.895135,
                8.904517
              ],
              [
                104.895063,
                8.904552
              ],
              [
                104.894994,
                8.904591
              ],
              [
                104.894928,
                8.904629
              ],
              [
                104.894863,
                8.904666
              ],
              [
                104.894795,
                8.904703
              ],
              [
                104.894741,
                8.904735
              ],
              [
                104.894707,
                8.904758
              ],
              [
                104.894685,
                8.904779
              ],
              [
                104.894665,
                8.9048
              ],
              [
                104.894648,
                8.904821
              ],
              [
                104.894635,
                8.904844
              ],
              [
                104.894624,
                8.904874
              ],
              [
                104.894611,
                8.904923
              ],
              [
                104.894597,
                8.904988
              ],
              [
                104.894593,
                8.905005
              ],
              [
                104.894584,
                8.90505
              ],
              [
                104.894579,
                8.905074
              ],
              [
                104.89457,
                8.905117
              ],
              [
                104.894554,
                8.905201
              ],
              [
                104.894539,
                8.9053
              ],
              [
                104.894523,
                8.905428
              ],
              [
                104.894506,
                8.905579
              ],
              [
                104.894491,
                8.905733
              ],
              [
                104.894479,
                8.905879
              ],
              [
                104.894473,
                8.906008
              ],
              [
                104.894471,
                8.906121
              ],
              [
                104.894471,
                8.906226
              ],
              [
                104.894473,
                8.90631
              ],
              [
                104.89448,
                8.906363
              ],
              [
                104.894491,
                8.906396
              ],
              [
                104.894505,
                8.906422
              ],
              [
                104.89452,
                8.906445
              ],
              [
                104.894537,
                8.906467
              ],
              [
                104.894556,
                8.906491
              ],
              [
                104.894575,
                8.906516
              ],
              [
                104.894595,
                8.906542
              ],
              [
                104.894614,
                8.906568
              ],
              [
                104.894631,
                8.906593
              ],
              [
                104.894644,
                8.906616
              ],
              [
                104.894657,
                8.90664
              ],
              [
                104.894671,
                8.906671
              ],
              [
                104.894676,
                8.906684
              ],
              [
                104.894684,
                8.906708
              ],
              [
                104.894692,
                8.906749
              ],
              [
                104.894693,
                8.906753
              ],
              [
                104.894697,
                8.906786
              ],
              [
                104.894701,
                8.906824
              ],
              [
                104.894703,
                8.906867
              ],
              [
                104.894702,
                8.906912
              ],
              [
                104.894698,
                8.906956
              ],
              [
                104.894693,
                8.907
              ],
              [
                104.894685,
                8.907049
              ],
              [
                104.894672,
                8.907102
              ],
              [
                104.894656,
                8.907157
              ],
              [
                104.89464,
                8.907211
              ],
              [
                104.894624,
                8.90726
              ],
              [
                104.894607,
                8.907302
              ],
              [
                104.894589,
                8.907339
              ],
              [
                104.894571,
                8.907375
              ],
              [
                104.89455,
                8.90741
              ],
              [
                104.894526,
                8.907442
              ],
              [
                104.8945,
                8.907472
              ],
              [
                104.894497,
                8.907476
              ],
              [
                104.894474,
                8.9075
              ],
              [
                104.894452,
                8.907524
              ],
              [
                104.894434,
                8.907545
              ],
              [
                104.894433,
                8.907546
              ],
              [
                104.894416,
                8.907571
              ],
              [
                104.894401,
                8.907599
              ],
              [
                104.894388,
                8.907633
              ],
              [
                104.894376,
                8.907671
              ],
              [
                104.894367,
                8.907713
              ],
              [
                104.894364,
                8.907753
              ],
              [
                104.894363,
                8.907785
              ],
              [
                104.894363,
                8.907791
              ],
              [
                104.894363,
                8.907804
              ],
              [
                104.894362,
                8.907848
              ],
              [
                104.894362,
                8.907864
              ],
              [
                104.894374,
                8.907889
              ],
              [
                104.89438,
                8.9079
              ],
              [
                104.894389,
                8.907916
              ],
              [
                104.8944,
                8.907932
              ],
              [
                104.894412,
                8.907948
              ],
              [
                104.894425,
                8.907965
              ],
              [
                104.894439,
                8.907984
              ],
              [
                104.894441,
                8.907988
              ],
              [
                104.894452,
                8.908006
              ],
              [
                104.894457,
                8.908022
              ],
              [
                104.89446,
                8.90803
              ],
              [
                104.894465,
                8.908055
              ],
              [
                104.894468,
                8.908072
              ],
              [
                104.894474,
                8.908112
              ],
              [
                104.894464,
                8.908171
              ],
              [
                104.894464,
                8.908175
              ],
              [
                104.894463,
                8.908188
              ],
              [
                104.894462,
                8.908204
              ],
              [
                104.894461,
                8.908218
              ],
              [
                104.894456,
                8.908261
              ],
              [
                104.894448,
                8.908307
              ],
              [
                104.894434,
                8.908365
              ],
              [
                104.894414,
                8.908433
              ],
              [
                104.894393,
                8.908505
              ],
              [
                104.894372,
                8.908586
              ],
              [
                104.894354,
                8.908672
              ],
              [
                104.894341,
                8.908756
              ],
              [
                104.894329,
                8.908835
              ],
              [
                104.89432,
                8.908902
              ],
              [
                104.894316,
                8.908956
              ],
              [
                104.894314,
                8.909009
              ],
              [
                104.894314,
                8.909061
              ],
              [
                104.894313,
                8.909114
              ],
              [
                104.894313,
                8.909165
              ],
              [
                104.894314,
                8.909212
              ],
              [
                104.894317,
                8.909257
              ],
              [
                104.894321,
                8.909301
              ],
              [
                104.894324,
                8.909341
              ],
              [
                104.894327,
                8.909374
              ],
              [
                104.894328,
                8.909408
              ],
              [
                104.894329,
                8.90944
              ],
              [
                104.894327,
                8.909469
              ],
              [
                104.894327,
                8.909469
              ],
              [
                104.894321,
                8.909498
              ],
              [
                104.894312,
                8.909525
              ],
              [
                104.894312,
                8.909526
              ],
              [
                104.894304,
                8.909551
              ],
              [
                104.894295,
                8.909577
              ],
              [
                104.894286,
                8.909602
              ],
              [
                104.894286,
                8.909603
              ],
              [
                104.894275,
                8.909625
              ],
              [
                104.894274,
                8.909628
              ],
              [
                104.894263,
                8.909645
              ],
              [
                104.89425,
                8.909664
              ],
              [
                104.894235,
                8.909689
              ],
              [
                104.894218,
                8.909722
              ],
              [
                104.894217,
                8.909723
              ],
              [
                104.894197,
                8.90976
              ],
              [
                104.894177,
                8.909798
              ],
              [
                104.894159,
                8.909834
              ],
              [
                104.894146,
                8.909868
              ],
              [
                104.894136,
                8.909902
              ],
              [
                104.894127,
                8.909938
              ],
              [
                104.894117,
                8.909975
              ],
              [
                104.894106,
                8.910012
              ],
              [
                104.894096,
                8.910045
              ],
              [
                104.894086,
                8.910071
              ],
              [
                104.894085,
                8.910075
              ],
              [
                104.894071,
                8.910101
              ],
              [
                104.894054,
                8.910123
              ],
              [
                104.894036,
                8.910141
              ],
              [
                104.894014,
                8.910159
              ],
              [
                104.893985,
                8.910176
              ],
              [
                104.893947,
                8.910189
              ],
              [
                104.893913,
                8.910198
              ],
              [
                104.893882,
                8.910206
              ],
              [
                104.893845,
                8.910216
              ],
              [
                104.893798,
                8.910229
              ],
              [
                104.893745,
                8.910244
              ],
              [
                104.893682,
                8.910262
              ],
              [
                104.893611,
                8.910284
              ],
              [
                104.893539,
                8.910306
              ],
              [
                104.893466,
                8.910328
              ],
              [
                104.893393,
                8.910348
              ],
              [
                104.893319,
                8.910367
              ],
              [
                104.893246,
                8.910387
              ],
              [
                104.893175,
                8.910405
              ],
              [
                104.89311,
                8.910419
              ],
              [
                104.89305,
                8.910429
              ],
              [
                104.892994,
                8.910439
              ],
              [
                104.892946,
                8.910448
              ],
              [
                104.892914,
                8.910459
              ],
              [
                104.892892,
                8.910471
              ],
              [
                104.892871,
                8.910484
              ],
              [
                104.892852,
                8.910498
              ],
              [
                104.892837,
                8.910514
              ],
              [
                104.892822,
                8.910534
              ],
              [
                104.892809,
                8.910559
              ],
              [
                104.892796,
                8.91059
              ],
              [
                104.892795,
                8.910593
              ],
              [
                104.892783,
                8.910621
              ],
              [
                104.89277,
                8.910654
              ],
              [
                104.892765,
                8.910665
              ],
              [
                104.892755,
                8.910687
              ],
              [
                104.89274,
                8.910719
              ],
              [
                104.892724,
                8.91075
              ],
              [
                104.892706,
                8.91078
              ],
              [
                104.892685,
                8.910809
              ],
              [
                104.892663,
                8.910837
              ],
              [
                104.89264,
                8.910865
              ],
              [
                104.892611,
                8.910894
              ],
              [
                104.892577,
                8.910924
              ],
              [
                104.892542,
                8.910953
              ],
              [
                104.892506,
                8.910981
              ],
              [
                104.892467,
                8.911005
              ],
              [
                104.892431,
                8.91102
              ],
              [
                104.892401,
                8.911029
              ],
              [
                104.892389,
                8.911032
              ],
              [
                104.892373,
                8.911036
              ],
              [
                104.892343,
                8.911041
              ],
              [
                104.892315,
                8.911042
              ],
              [
                104.892289,
                8.91104
              ],
              [
                104.892262,
                8.911036
              ],
              [
                104.892229,
                8.911029
              ],
              [
                104.892191,
                8.911018
              ],
              [
                104.892151,
                8.911005
              ],
              [
                104.89211,
                8.910991
              ],
              [
                104.892061,
                8.910974
              ],
              [
                104.892003,
                8.910955
              ],
              [
                104.891987,
                8.91095
              ],
              [
                104.89194,
                8.910935
              ],
              [
                104.891877,
                8.910915
              ],
              [
                104.891817,
                8.910898
              ],
              [
                104.891766,
                8.910888
              ],
              [
                104.891737,
                8.910886
              ],
              [
                104.891723,
                8.910885
              ],
              [
                104.891681,
                8.910883
              ],
              [
                104.891638,
                8.910884
              ],
              [
                104.891621,
                8.910885
              ],
              [
                104.891595,
                8.910887
              ],
              [
                104.891555,
                8.910892
              ],
              [
                104.891522,
                8.9109
              ],
              [
                104.891493,
                8.91091
              ],
              [
                104.891464,
                8.91092
              ],
              [
                104.89144,
                8.910931
              ],
              [
                104.89142,
                8.910945
              ],
              [
                104.8914,
                8.910967
              ],
              [
                104.891378,
                8.911001
              ],
              [
                104.891376,
                8.911003
              ],
              [
                104.891371,
                8.911011
              ],
              [
                104.891349,
                8.91105
              ],
              [
                104.891321,
                8.9111
              ],
              [
                104.891297,
                8.911152
              ],
              [
                104.891296,
                8.911153
              ],
              [
                104.891274,
                8.911207
              ],
              [
                104.891252,
                8.911263
              ],
              [
                104.891236,
                8.911304
              ],
              [
                104.89123,
                8.911318
              ],
              [
                104.89121,
                8.91137
              ],
              [
                104.891195,
                8.911412
              ],
              [
                104.891185,
                8.911433
              ],
              [
                104.891165,
                8.91149
              ],
              [
                104.891151,
                8.911511
              ],
              [
                104.891142,
                8.911522
              ],
              [
                104.89113,
                8.911534
              ],
              [
                104.891115,
                8.911545
              ],
              [
                104.8911,
                8.911556
              ],
              [
                104.891084,
                8.911572
              ],
              [
                104.891069,
                8.911589
              ],
              [
                104.891059,
                8.911602
              ],
              [
                104.891056,
                8.911606
              ],
              [
                104.891044,
                8.911625
              ],
              [
                104.891031,
                8.91165
              ],
              [
                104.89101,
                8.911695
              ],
              [
                104.890976,
                8.911771
              ],
              [
                104.890934,
                8.911861
              ],
              [
                104.890891,
                8.911954
              ],
              [
                104.890848,
                8.912048
              ],
              [
                104.890807,
                8.91214
              ],
              [
                104.890765,
                8.91223
              ],
              [
                104.890724,
                8.91232
              ],
              [
                104.890683,
                8.912409
              ],
              [
                104.890643,
                8.912496
              ],
              [
                104.890604,
                8.91258
              ],
              [
                104.89057,
                8.912657
              ],
              [
                104.890538,
                8.912727
              ],
              [
                104.890508,
                8.912795
              ],
              [
                104.890486,
                8.912847
              ],
              [
                104.890475,
                8.912879
              ],
              [
                104.89047,
                8.912901
              ],
              [
                104.890465,
                8.912921
              ],
              [
                104.890462,
                8.912942
              ],
              [
                104.890459,
                8.912968
              ],
              [
                104.890458,
                8.912998
              ],
              [
                104.890458,
                8.913029
              ],
              [
                104.89046,
                8.913061
              ],
              [
                104.890463,
                8.913096
              ],
              [
                104.890465,
                8.913133
              ],
              [
                104.890465,
                8.913147
              ],
              [
                104.890465,
                8.913172
              ],
              [
                104.890463,
                8.913211
              ],
              [
                104.890461,
                8.91325
              ],
              [
                104.890459,
                8.913287
              ],
              [
                104.890454,
                8.913325
              ],
              [
                104.890447,
                8.913364
              ],
              [
                104.890439,
                8.913402
              ],
              [
                104.890432,
                8.913435
              ],
              [
                104.890431,
                8.91344
              ],
              [
                104.890421,
                8.913478
              ],
              [
                104.89041,
                8.913511
              ],
              [
                104.890398,
                8.913542
              ],
              [
                104.890385,
                8.913572
              ],
              [
                104.890371,
                8.913602
              ],
              [
                104.890366,
                8.913614
              ],
              [
                104.890356,
                8.913634
              ],
              [
                104.89034,
                8.913664
              ],
              [
                104.890325,
                8.913691
              ],
              [
                104.890309,
                8.913717
              ],
              [
                104.890293,
                8.913742
              ],
              [
                104.890277,
                8.913768
              ],
              [
                104.890261,
                8.913795
              ],
              [
                104.890242,
                8.913822
              ],
              [
                104.890178,
                8.913906
              ],
              [
                104.890157,
                8.913948
              ],
              [
                104.890145,
                8.913972
              ],
              [
                104.890136,
                8.914014
              ],
              [
                104.890143,
                8.914198
              ],
              [
                104.890163,
                8.914198
              ],
              [
                104.890236,
                8.914208
              ],
              [
                104.890308,
                8.914221
              ],
              [
                104.890377,
                8.914236
              ],
              [
                104.890435,
                8.914256
              ],
              [
                104.890483,
                8.91428
              ],
              [
                104.890529,
                8.914304
              ],
              [
                104.890569,
                8.914326
              ],
              [
                104.890595,
                8.914342
              ],
              [
                104.890654,
                8.914386
              ],
              [
                104.8907,
                8.914441
              ],
              [
                104.89072,
                8.91446
              ],
              [
                104.890749,
                8.914491
              ],
              [
                104.890777,
                8.914523
              ],
              [
                104.890802,
                8.914558
              ],
              [
                104.890824,
                8.914596
              ],
              [
                104.890826,
                8.914598
              ],
              [
                104.890849,
                8.91464
              ],
              [
                104.890871,
                8.914681
              ],
              [
                104.890892,
                8.914721
              ],
              [
                104.89091,
                8.914754
              ],
              [
                104.890921,
                8.914774
              ],
              [
                104.890942,
                8.914812
              ],
              [
                104.891003,
                8.914859
              ],
              [
                104.891026,
                8.914874
              ],
              [
                104.891061,
                8.914899
              ],
              [
                104.891078,
                8.914911
              ],
              [
                104.891098,
                8.914924
              ],
              [
                104.891136,
                8.914947
              ],
              [
                104.891175,
                8.914966
              ],
              [
                104.891212,
                8.91498
              ],
              [
                104.891251,
                8.914991
              ],
              [
                104.891289,
                8.915001
              ],
              [
                104.891329,
                8.915011
              ],
              [
                104.891369,
                8.915017
              ],
              [
                104.891407,
                8.915019
              ],
              [
                104.891445,
                8.91502
              ],
              [
                104.891483,
                8.915019
              ],
              [
                104.89152,
                8.915017
              ],
              [
                104.891558,
                8.915012
              ],
              [
                104.891602,
                8.915004
              ],
              [
                104.891654,
                8.914994
              ],
              [
                104.891707,
                8.914983
              ],
              [
                104.891758,
                8.914971
              ],
              [
                104.891798,
                8.914958
              ],
              [
                104.891831,
                8.914947
              ],
              [
                104.891862,
                8.914939
              ],
              [
                104.891901,
                8.914934
              ],
              [
                104.891952,
                8.914934
              ],
              [
                104.89201,
                8.914937
              ],
              [
                104.892069,
                8.91494
              ],
              [
                104.892128,
                8.914946
              ],
              [
                104.892188,
                8.91496
              ],
              [
                104.892248,
                8.914984
              ],
              [
                104.892305,
                8.915014
              ],
              [
                104.892345,
                8.915037
              ],
              [
                104.892355,
                8.915043
              ],
              [
                104.892407,
                8.915076
              ],
              [
                104.892475,
                8.915132
              ],
              [
                104.892567,
                8.915219
              ],
              [
                104.892675,
                8.915326
              ],
              [
                104.892788,
                8.915437
              ],
              [
                104.892912,
                8.915554
              ],
              [
                104.893045,
                8.915675
              ],
              [
                104.893181,
                8.915795
              ],
              [
                104.893249,
                8.915854
              ],
              [
                104.893264,
                8.915867
              ],
              [
                104.893315,
                8.915911
              ],
              [
                104.893432,
                8.916009
              ],
              [
                104.893506,
                8.916069
              ],
              [
                104.893517,
                8.916077
              ],
              [
                104.893579,
                8.916125
              ],
              [
                104.893635,
                8.916165
              ],
              [
                104.893638,
                8.916167
              ],
              [
                104.893698,
                8.916202
              ],
              [
                104.893748,
                8.916222
              ],
              [
                104.893773,
                8.91623
              ],
              [
                104.893843,
                8.916252
              ],
              [
                104.893838,
                8.916261
              ],
              [
                104.893626,
                8.91663
              ],
              [
                104.893591,
                8.916664
              ],
              [
                104.893552,
                8.916709
              ],
              [
                104.893505,
                8.916764
              ],
              [
                104.893454,
                8.916824
              ],
              [
                104.893411,
                8.916874
              ],
              [
                104.8934,
                8.916887
              ],
              [
                104.893335,
                8.916961
              ],
              [
                104.893248,
                8.917057
              ],
              [
                104.893147,
                8.917167
              ],
              [
                104.893043,
                8.917279
              ],
              [
                104.892942,
                8.917382
              ],
              [
                104.892853,
                8.917468
              ],
              [
                104.892827,
                8.917491
              ],
              [
                104.892773,
                8.91754
              ],
              [
                104.89272,
                8.917587
              ],
              [
                104.892696,
                8.917607
              ],
              [
                104.892624,
                8.917666
              ],
              [
                104.892566,
                8.917707
              ],
              [
                104.892526,
                8.917731
              ],
              [
                104.892503,
                8.917744
              ],
              [
                104.89249,
                8.917751
              ],
              [
                104.892441,
                8.917778
              ],
              [
                104.892382,
                8.917811
              ],
              [
                104.892318,
                8.917844
              ],
              [
                104.892242,
                8.917879
              ],
              [
                104.892178,
                8.917908
              ],
              [
                104.892155,
                8.917918
              ],
              [
                104.892064,
                8.917962
              ],
              [
                104.891966,
                8.918014
              ],
              [
                104.891862,
                8.91807
              ],
              [
                104.891771,
                8.918121
              ],
              [
                104.8917,
                8.918164
              ],
              [
                104.891638,
                8.918204
              ],
              [
                104.891574,
                8.918251
              ],
              [
                104.891508,
                8.918301
              ],
              [
                104.891444,
                8.918352
              ],
              [
                104.891383,
                8.918407
              ],
              [
                104.891326,
                8.918469
              ],
              [
                104.891298,
                8.918505
              ],
              [
                104.89127,
                8.91854
              ],
              [
                104.891212,
                8.918615
              ],
              [
                104.891147,
                8.918698
              ],
              [
                104.89108,
                8.918785
              ],
              [
                104.891022,
                8.918863
              ],
              [
                104.890962,
                8.918941
              ],
              [
                104.890888,
                8.919031
              ],
              [
                104.890805,
                8.919122
              ],
              [
                104.890721,
                8.919208
              ],
              [
                104.890637,
                8.919292
              ],
              [
                104.890552,
                8.919369
              ],
              [
                104.890467,
                8.919438
              ],
              [
                104.890384,
                8.919502
              ],
              [
                104.890302,
                8.919565
              ],
              [
                104.890228,
                8.919629
              ],
              [
                104.890164,
                8.919693
              ],
              [
                104.890103,
                8.91976
              ],
              [
                104.890043,
                8.919826
              ],
              [
                104.889981,
                8.919887
              ],
              [
                104.889949,
                8.919913
              ],
              [
                104.889921,
                8.919936
              ],
              [
                104.889877,
                8.919966
              ],
              [
                104.889861,
                8.919977
              ],
              [
                104.889803,
                8.920016
              ],
              [
                104.889743,
                8.920053
              ],
              [
                104.88968,
                8.920089
              ],
              [
                104.88961,
                8.920125
              ],
              [
                104.889536,
                8.920158
              ],
              [
                104.889467,
                8.920187
              ],
              [
                104.889399,
                8.920215
              ],
              [
                104.889335,
                8.92024
              ],
              [
                104.889285,
                8.920257
              ],
              [
                104.889236,
                8.920275
              ],
              [
                104.889172,
                8.920297
              ],
              [
                104.889106,
                8.920318
              ],
              [
                104.889036,
                8.920339
              ],
              [
                104.888952,
                8.920364
              ],
              [
                104.888857,
                8.920388
              ],
              [
                104.888759,
                8.920412
              ],
              [
                104.88866,
                8.920437
              ],
              [
                104.888558,
                8.92047
              ],
              [
                104.88845,
                8.920519
              ],
              [
                104.888337,
                8.920579
              ],
              [
                104.888222,
                8.920645
              ],
              [
                104.888099,
                8.920729
              ],
              [
                104.887961,
                8.920837
              ],
              [
                104.887815,
                8.92096
              ],
              [
                104.887671,
                8.921082
              ],
              [
                104.88755,
                8.921186
              ],
              [
                104.887469,
                8.92126
              ],
              [
                104.887419,
                8.92131
              ],
              [
                104.887384,
                8.921349
              ],
              [
                104.887361,
                8.92138
              ],
              [
                104.887346,
                8.921407
              ],
              [
                104.887335,
                8.92143
              ],
              [
                104.887329,
                8.921446
              ],
              [
                104.887313,
                8.921482
              ],
              [
                104.887309,
                8.921537
              ],
              [
                104.887309,
                8.921559
              ],
              [
                104.887309,
                8.921594
              ],
              [
                104.887317,
                8.921637
              ],
              [
                104.88732,
                8.921645
              ],
              [
                104.887332,
                8.92168
              ],
              [
                104.887334,
                8.921686
              ],
              [
                104.887356,
                8.921737
              ],
              [
                104.887378,
                8.921786
              ],
              [
                104.887396,
                8.921827
              ],
              [
                104.887413,
                8.921862
              ],
              [
                104.887441,
                8.921913
              ],
              [
                104.887488,
                8.921994
              ],
              [
                104.887547,
                8.922092
              ],
              [
                104.887606,
                8.922192
              ],
              [
                104.887661,
                8.922283
              ],
              [
                104.887709,
                8.922361
              ],
              [
                104.887755,
                8.922433
              ],
              [
                104.887804,
                8.922505
              ],
              [
                104.887866,
                8.922586
              ],
              [
                104.887869,
                8.922589
              ],
              [
                104.887946,
                8.922673
              ],
              [
                104.888029,
                8.922757
              ],
              [
                104.888112,
                8.922839
              ],
              [
                104.888193,
                8.922921
              ],
              [
                104.888258,
                8.92299
              ],
              [
                104.88831,
                8.923052
              ],
              [
                104.888356,
                8.923113
              ],
              [
                104.888397,
                8.923173
              ],
              [
                104.888435,
                8.92323
              ],
              [
                104.888465,
                8.923279
              ],
              [
                104.888483,
                8.923318
              ],
              [
                104.888494,
                8.923351
              ],
              [
                104.888497,
                8.923371
              ],
              [
                104.888498,
                8.92338
              ],
              [
                104.8885,
                8.923408
              ],
              [
                104.888502,
                8.923435
              ],
              [
                104.888501,
                8.923465
              ],
              [
                104.888496,
                8.923499
              ],
              [
                104.888485,
                8.92354
              ],
              [
                104.888463,
                8.923589
              ],
              [
                104.888432,
                8.923645
              ],
              [
                104.888399,
                8.923701
              ],
              [
                104.888365,
                8.923751
              ],
              [
                104.888346,
                8.923775
              ],
              [
                104.888337,
                8.923786
              ],
              [
                104.888312,
                8.923814
              ],
              [
                104.888285,
                8.923842
              ],
              [
                104.888256,
                8.923873
              ],
              [
                104.888227,
                8.923903
              ],
              [
                104.888075,
                8.924042
              ],
              [
                104.887888,
                8.924244
              ],
              [
                104.887937,
                8.924258
              ],
              [
                104.887954,
                8.924262
              ],
              [
                104.88801,
                8.924278
              ],
              [
                104.88806,
                8.924298
              ],
              [
                104.888107,
                8.924324
              ],
              [
                104.888163,
                8.92436
              ],
              [
                104.888273,
                8.924423
              ],
              [
                104.888437,
                8.924512
              ],
              [
                104.888612,
                8.924604
              ],
              [
                104.88882,
                8.92471
              ],
              [
                104.889064,
                8.924835
              ],
              [
                104.889312,
                8.92496
              ],
              [
                104.889584,
                8.925096
              ],
              [
                104.889881,
                8.925246
              ],
              [
                104.890145,
                8.925379
              ],
              [
                104.890402,
                8.92551
              ],
              [
                104.890683,
                8.925653
              ],
              [
                104.890936,
                8.925783
              ],
              [
                104.891177,
                8.925908
              ],
              [
                104.891435,
                8.926041
              ],
              [
                104.891702,
                8.926179
              ],
              [
                104.891995,
                8.926329
              ],
              [
                104.892337,
                8.926505
              ],
              [
                104.892707,
                8.926697
              ],
              [
                104.893041,
                8.92687
              ],
              [
                104.893355,
                8.927032
              ],
              [
                104.89367,
                8.927196
              ],
              [
                104.893894,
                8.927311
              ],
              [
                104.893998,
                8.927361
              ],
              [
                104.894053,
                8.927384
              ],
              [
                104.894115,
                8.927413
              ],
              [
                104.894205,
                8.92746
              ],
              [
                104.894354,
                8.927541
              ],
              [
                104.894559,
                8.92765
              ],
              [
                104.894759,
                8.927755
              ],
              [
                104.894964,
                8.927862
              ],
              [
                104.895203,
                8.927983
              ],
              [
                104.895442,
                8.928104
              ],
              [
                104.895666,
                8.928219
              ],
              [
                104.895876,
                8.928328
              ],
              [
                104.896082,
                8.928437
              ],
              [
                104.896294,
                8.92855
              ],
              [
                104.896506,
                8.928662
              ],
              [
                104.896723,
                8.928774
              ],
              [
                104.896942,
                8.928889
              ],
              [
                104.897162,
                8.929004
              ],
              [
                104.897375,
                8.929118
              ],
              [
                104.897557,
                8.929221
              ],
              [
                104.897559,
                8.929222
              ],
              [
                104.897698,
                8.929308
              ],
              [
                104.897837,
                8.929391
              ],
              [
                104.898011,
                8.929474
              ],
              [
                104.898195,
                8.92954
              ],
              [
                104.898372,
                8.929592
              ],
              [
                104.898547,
                8.92964
              ],
              [
                104.898634,
                8.929663
              ],
              [
                104.898722,
                8.929686
              ],
              [
                104.898911,
                8.929729
              ],
              [
                104.899117,
                8.929772
              ],
              [
                104.899333,
                8.929815
              ],
              [
                104.899579,
                8.92986
              ],
              [
                104.899864,
                8.929907
              ],
              [
                104.900161,
                8.929953
              ],
              [
                104.900433,
                8.929992
              ],
              [
                104.900539,
                8.930007
              ],
              [
                104.900675,
                8.930025
              ],
              [
                104.900904,
                8.930056
              ],
              [
                104.90097,
                8.930064
              ],
              [
                104.901085,
                8.930079
              ],
              [
                104.901212,
                8.930095
              ],
              [
                104.901322,
                8.930111
              ],
              [
                104.901408,
                8.930122
              ],
              [
                104.901431,
                8.930126
              ],
              [
                104.901518,
                8.930138
              ],
              [
                104.901557,
                8.930143
              ],
              [
                104.901721,
                8.930166
              ],
              [
                104.901769,
                8.930172
              ],
              [
                104.90183,
                8.930181
              ],
              [
                104.905612,
                8.930724
              ],
              [
                104.908026,
                8.931062
              ],
              [
                104.908812,
                8.931172
              ],
              [
                104.910653,
                8.931453
              ],
              [
                104.912918,
                8.931816
              ],
              [
                104.912935,
                8.93182
              ],
              [
                104.91302,
                8.931834
              ],
              [
                104.91302,
                8.931834
              ],
              [
                104.913204,
                8.931866
              ],
              [
                104.913497,
                8.931914
              ],
              [
                104.913812,
                8.931965
              ],
              [
                104.914047,
                8.932003
              ],
              [
                104.914177,
                8.932021
              ],
              [
                104.914284,
                8.932037
              ],
              [
                104.914467,
                8.932067
              ],
              [
                104.914557,
                8.932083
              ],
              [
                104.914593,
                8.932089
              ],
              [
                104.914606,
                8.931918
              ],
              [
                104.914611,
                8.931851
              ],
              [
                104.914622,
                8.931715
              ],
              [
                104.914627,
                8.931646
              ],
              [
                104.914627,
                8.931612
              ],
              [
                104.914639,
                8.931529
              ],
              [
                104.914646,
                8.931494
              ],
              [
                104.914644,
                8.931463
              ],
              [
                104.914644,
                8.931438
              ],
              [
                104.91465,
                8.93141
              ],
              [
                104.91467,
                8.931376
              ],
              [
                104.914674,
                8.931369
              ],
              [
                104.914696,
                8.931283
              ],
              [
                104.914724,
                8.931179
              ],
              [
                104.914751,
                8.931078
              ],
              [
                104.914774,
                8.930982
              ],
              [
                104.914792,
                8.930887
              ],
              [
                104.914801,
                8.930837
              ],
              [
                104.914808,
                8.930793
              ],
              [
                104.914822,
                8.930711
              ],
              [
                104.914836,
                8.930648
              ],
              [
                104.914852,
                8.930598
              ],
              [
                104.914868,
                8.930551
              ],
              [
                104.91489,
                8.930508
              ],
              [
                104.914917,
                8.930468
              ],
              [
                104.914948,
                8.93043
              ],
              [
                104.914981,
                8.93039
              ],
              [
                104.91502,
                8.930345
              ],
              [
                104.915032,
                8.930332
              ],
              [
                104.915069,
                8.930292
              ],
              [
                104.91512,
                8.930239
              ],
              [
                104.915173,
                8.930185
              ],
              [
                104.915236,
                8.93012
              ],
              [
                104.915307,
                8.93005
              ],
              [
                104.915381,
                8.929981
              ],
              [
                104.915456,
                8.929913
              ],
              [
                104.915535,
                8.92985
              ],
              [
                104.915626,
                8.929791
              ],
              [
                104.915727,
                8.929732
              ],
              [
                104.915827,
                8.929674
              ],
              [
                104.915916,
                8.929619
              ],
              [
                104.91598,
                8.929573
              ],
              [
                104.916023,
                8.929538
              ],
              [
                104.916047,
                8.929518
              ],
              [
                104.916091,
                8.929482
              ],
              [
                104.916103,
                8.929447
              ],
              [
                104.916108,
                8.929431
              ],
              [
                104.916114,
                8.929407
              ],
              [
                104.916118,
                8.929377
              ],
              [
                104.916118,
                8.929339
              ],
              [
                104.916114,
                8.929295
              ],
              [
                104.916107,
                8.929247
              ],
              [
                104.916097,
                8.929194
              ],
              [
                104.916084,
                8.929138
              ],
              [
                104.916075,
                8.929103
              ],
              [
                104.916066,
                8.929068
              ],
              [
                104.916036,
                8.928974
              ],
              [
                104.916,
                8.928869
              ],
              [
                104.915966,
                8.928775
              ],
              [
                104.915934,
                8.928701
              ],
              [
                104.915931,
                8.928694
              ],
              [
                104.915895,
                8.928617
              ],
              [
                104.915861,
                8.92856
              ],
              [
                104.915833,
                8.928527
              ],
              [
                104.915806,
                8.928505
              ],
              [
                104.91578,
                8.928484
              ],
              [
                104.915779,
                8.928484
              ],
              [
                104.915748,
                8.928461
              ],
              [
                104.915706,
                8.92843
              ],
              [
                104.915655,
                8.92839
              ],
              [
                104.915602,
                8.928347
              ],
              [
                104.91555,
                8.928299
              ],
              [
                104.915505,
                8.92825
              ],
              [
                104.915468,
                8.928203
              ],
              [
                104.915433,
                8.928157
              ],
              [
                104.915402,
                8.928111
              ],
              [
                104.915377,
                8.928067
              ],
              [
                104.915359,
                8.928026
              ],
              [
                104.915341,
                8.927986
              ],
              [
                104.915326,
                8.927951
              ],
              [
                104.915323,
                8.927944
              ],
              [
                104.915313,
                8.927907
              ],
              [
                104.915311,
                8.927877
              ],
              [
                104.915313,
                8.927847
              ],
              [
                104.915317,
                8.927817
              ],
              [
                104.915324,
                8.927786
              ],
              [
                104.915334,
                8.927752
              ],
              [
                104.915348,
                8.927722
              ],
              [
                104.915351,
                8.927714
              ],
              [
                104.91537,
                8.927671
              ],
              [
                104.915385,
                8.927626
              ],
              [
                104.915395,
                8.927583
              ],
              [
                104.915401,
                8.927545
              ],
              [
                104.915402,
                8.927502
              ],
              [
                104.915397,
                8.927439
              ],
              [
                104.915387,
                8.927359
              ],
              [
                104.915376,
                8.927279
              ],
              [
                104.915375,
                8.927269
              ],
              [
                104.915358,
                8.927152
              ],
              [
                104.915339,
                8.927002
              ],
              [
                104.915321,
                8.92684
              ],
              [
                104.915303,
                8.926678
              ],
              [
                104.915286,
                8.926531
              ],
              [
                104.915283,
                8.926501
              ],
              [
                104.915269,
                8.926395
              ],
              [
                104.915251,
                8.926268
              ],
              [
                104.915245,
                8.926225
              ],
              [
                104.915287,
                8.926219
              ],
              [
                104.9154,
                8.926201
              ],
              [
                104.915538,
                8.926173
              ],
              [
                104.915918,
                8.926054
              ],
              [
                104.916961,
                8.925689
              ],
              [
                104.917708,
                8.925421
              ],
              [
                104.918116,
                8.925259
              ],
              [
                104.918123,
                8.925204
              ],
              [
                104.918076,
                8.925122
              ],
              [
                104.918072,
                8.925117
              ],
              [
                104.917679,
                8.924671
              ],
              [
                104.917638,
                8.924625
              ],
              [
                104.917582,
                8.924561
              ],
              [
                104.917504,
                8.924442
              ],
              [
                104.91731,
                8.924145
              ],
              [
                104.917256,
                8.923996
              ],
              [
                104.917267,
                8.923935
              ],
              [
                104.917299,
                8.92376
              ],
              [
                104.917307,
                8.923714
              ],
              [
                104.917369,
                8.923476
              ],
              [
                104.917428,
                8.923353
              ],
              [
                104.917563,
                8.923228
              ],
              [
                104.917572,
                8.923218
              ],
              [
                104.917656,
                8.923135
              ],
              [
                104.917729,
                8.923031
              ],
              [
                104.917757,
                8.922992
              ],
              [
                104.91776,
                8.922987
              ],
              [
                104.917946,
                8.92269
              ],
              [
                104.917988,
                8.922624
              ],
              [
                104.918013,
                8.922576
              ],
              [
                104.918079,
                8.922452
              ],
              [
                104.918157,
                8.922304
              ],
              [
                104.918162,
                8.922294
              ],
              [
                104.918283,
                8.922177
              ],
              [
                104.91844,
                8.922026
              ],
              [
                104.918525,
                8.921964
              ],
              [
                104.918691,
                8.921844
              ],
              [
                104.918722,
                8.92183
              ],
              [
                104.918808,
                8.921791
              ],
              [
                104.91894,
                8.921731
              ],
              [
                104.918969,
                8.921718
              ],
              [
                104.919209,
                8.921643
              ],
              [
                104.919296,
                8.921615
              ],
              [
                104.919438,
                8.92157
              ],
              [
                104.919826,
                8.921472
              ],
              [
                104.919958,
                8.921445
              ],
              [
                104.920269,
                8.92138
              ],
              [
                104.920298,
                8.921374
              ],
              [
                104.920347,
                8.921363
              ],
              [
                104.920383,
                8.921327
              ],
              [
                104.920392,
                8.921296
              ],
              [
                104.920401,
                8.921262
              ],
              [
                104.920406,
                8.921246
              ],
              [
                104.920386,
                8.921168
              ],
              [
                104.92035,
                8.921045
              ],
              [
                104.920324,
                8.920958
              ],
              [
                104.920269,
                8.92078
              ],
              [
                104.920252,
                8.920726
              ],
              [
                104.920209,
                8.920586
              ],
              [
                104.920208,
                8.920552
              ],
              [
                104.920206,
                8.920474
              ],
              [
                104.920216,
                8.920425
              ],
              [
                104.920217,
                8.920417
              ],
              [
                104.920237,
                8.920312
              ],
              [
                104.920234,
                8.920242
              ],
              [
                104.920227,
                8.920211
              ],
              [
                104.920224,
                8.920194
              ],
              [
                104.920199,
                8.920086
              ],
              [
                104.92024,
                8.920033
              ],
              [
                104.920282,
                8.920022
              ],
              [
                104.920426,
                8.919987
              ],
              [
                104.920525,
                8.919983
              ],
              [
                104.920587,
                8.91998
              ],
              [
                104.920678,
                8.919942
              ],
              [
                104.920786,
                8.919877
              ],
              [
                104.920805,
                8.919874
              ],
              [
                104.920908,
                8.919858
              ],
              [
                104.920908,
                8.919858
              ]
            ]
          ]
        ]
      },
      "properties": {
        "code": "32227",
        "name": "Nguyễn Việt Khái",
        "nameEn": "Nguyen Viet Khai",
        "fullName": "Xã Nguyễn Việt Khái",
        "fullNameEn": "Nguyen Viet Khai Commune",
        "codeName": "nguyen_viet_khai",
        "postalCode": "98515",
        "postalCodePrefix": "",
        "gisServerId": "diaphanhanhchinhcapxa_2025.197",
        "areaKm2": 129.9
      }
    }
  ]
}