{
  "type": "FeatureCollection",
  "bbox": [
    106.960907,
    11.773418,
    107.077259,
    11.86938
  ],
  "features": [
    {
      "type": "Feature",
      "id": "25217",
      "bbox": [
        106.960907,
        11.773418,
        107.077259,
        11.86938
      ],
      "geometry": {
        "type": "MultiPolygon",
        "coordinates": [
          [
            [
              [
                107.010529,
                11.867496
              ],
              [
                107.010667,
                11.867432
              ],
              [
                107.010761,
                11.867388
              ],
              [
                107.01093,
                11.86727
              ],
              [
                107.011068,
                11.867131
              ],
              [
                107.011152,
                11.867048
              ],
              [
                107.01131,
                11.866939
              ],
              [
                107.011491,
                11.866874
              ],
              [
                107.011556,
                11.866846
              ],
              [
                107.01156,
                11.866845
              ],
              [
                107.011625,
                11.86683
              ],
              [
                107.011837,
                11.866782
              ],
              [
                107.011996,
                11.866746
              ],
              [
                107.012207,
                11.866724
              ],
              [
                107.012394,
                11.866705
              ],
              [
                107.012578,
                11.866636
              ],
              [
                107.012697,
                11.866593
              ],
              [
                107.012723,
                11.866574
              ],
              [
                107.012765,
                11.866539
              ],
              [
                107.012889,
                11.866435
              ],
              [
                107.013106,
                11.8662
              ],
              [
                107.013317,
                11.865965
              ],
              [
                107.013338,
                11.86593
              ],
              [
                107.013433,
                11.865771
              ],
              [
                107.013534,
                11.865569
              ],
              [
                107.013593,
                11.865383
              ],
              [
                107.013678,
                11.865052
              ],
              [
                107.013721,
                11.86485
              ],
              [
                107.013774,
                11.86471
              ],
              [
                107.013806,
                11.864612
              ],
              [
                107.01388,
                11.86453
              ],
              [
                107.013894,
                11.864515
              ],
              [
                107.013987,
                11.86442
              ],
              [
                107.014006,
                11.8644
              ],
              [
                107.014077,
                11.864345
              ],
              [
                107.014328,
                11.864148
              ],
              [
                107.01457,
                11.863988
              ],
              [
                107.014667,
                11.863921
              ],
              [
                107.01483,
                11.86381
              ],
              [
                107.015514,
                11.863339
              ],
              [
                107.015543,
                11.863319
              ],
              [
                107.016215,
                11.86287
              ],
              [
                107.016215,
                11.86287
              ],
              [
                107.01666,
                11.862571
              ],
              [
                107.017094,
                11.862279
              ],
              [
                107.017196,
                11.86221
              ],
              [
                107.017233,
                11.862181
              ],
              [
                107.017321,
                11.862113
              ],
              [
                107.017438,
                11.862037
              ],
              [
                107.017547,
                11.861917
              ],
              [
                107.017648,
                11.861764
              ],
              [
                107.017962,
                11.860891
              ],
              [
                107.018096,
                11.860575
              ],
              [
                107.018204,
                11.860375
              ],
              [
                107.018248,
                11.860295
              ],
              [
                107.018313,
                11.860176
              ],
              [
                107.018318,
                11.860167
              ],
              [
                107.018347,
                11.860114
              ],
              [
                107.018401,
                11.860016
              ],
              [
                107.018425,
                11.859981
              ],
              [
                107.018456,
                11.859938
              ],
              [
                107.018489,
                11.859891
              ],
              [
                107.018548,
                11.859809
              ],
              [
                107.01857,
                11.859778
              ],
              [
                107.018578,
                11.859766
              ],
              [
                107.018598,
                11.859738
              ],
              [
                107.018606,
                11.859727
              ],
              [
                107.018709,
                11.859582
              ],
              [
                107.01873,
                11.859552
              ],
              [
                107.018755,
                11.859517
              ],
              [
                107.018798,
                11.859435
              ],
              [
                107.01884,
                11.859354
              ],
              [
                107.019349,
                11.859078
              ],
              [
                107.019298,
                11.858899
              ],
              [
                107.019214,
                11.858584
              ],
              [
                107.019032,
                11.857838
              ],
              [
                107.019163,
                11.857801
              ],
              [
                107.019799,
                11.85762
              ],
              [
                107.020872,
                11.857315
              ],
              [
                107.022812,
                11.856705
              ],
              [
                107.023358,
                11.856506
              ],
              [
                107.023475,
                11.856428
              ],
              [
                107.025475,
                11.85512
              ],
              [
                107.025743,
                11.855005
              ],
              [
                107.02812,
                11.853988
              ],
              [
                107.02853,
                11.853888
              ],
              [
                107.028769,
                11.853554
              ],
              [
                107.028736,
                11.852027
              ],
              [
                107.028711,
                11.850834
              ],
              [
                107.028751,
                11.849022
              ],
              [
                107.029747,
                11.846877
              ],
              [
                107.031732,
                11.844568
              ],
              [
                107.033202,
                11.84313
              ],
              [
                107.033239,
                11.843114
              ],
              [
                107.033816,
                11.842863
              ],
              [
                107.034498,
                11.842731
              ],
              [
                107.03627,
                11.842871
              ],
              [
                107.03824,
                11.844556
              ],
              [
                107.043346,
                11.846386
              ],
              [
                107.046412,
                11.846464
              ],
              [
                107.050436,
                11.846028
              ],
              [
                107.053026,
                11.845748
              ],
              [
                107.053573,
                11.845525
              ],
              [
                107.055483,
                11.844749
              ],
              [
                107.057329,
                11.843077
              ],
              [
                107.059931,
                11.839326
              ],
              [
                107.060755,
                11.837717
              ],
              [
                107.061512,
                11.835571
              ],
              [
                107.061582,
                11.835233
              ],
              [
                107.061591,
                11.835188
              ],
              [
                107.061639,
                11.834956
              ],
              [
                107.06165,
                11.834901
              ],
              [
                107.061593,
                11.834893
              ],
              [
                107.061355,
                11.834862
              ],
              [
                107.061309,
                11.834856
              ],
              [
                107.060083,
                11.834694
              ],
              [
                107.059227,
                11.834421
              ],
              [
                107.058381,
                11.834151
              ],
              [
                107.056682,
                11.832937
              ],
              [
                107.055119,
                11.831455
              ],
              [
                107.055096,
                11.831393
              ],
              [
                107.055022,
                11.83133
              ],
              [
                107.054581,
                11.830804
              ],
              [
                107.054835,
                11.830111
              ],
              [
                107.054854,
                11.83007
              ],
              [
                107.056225,
                11.827028
              ],
              [
                107.058005,
                11.824617
              ],
              [
                107.058694,
                11.822404
              ],
              [
                107.058566,
                11.819987
              ],
              [
                107.058642,
                11.817839
              ],
              [
                107.058575,
                11.817369
              ],
              [
                107.059054,
                11.816766
              ],
              [
                107.059872,
                11.816634
              ],
              [
                107.061099,
                11.816638
              ],
              [
                107.062185,
                11.817918
              ],
              [
                107.063226,
                11.819685
              ],
              [
                107.063835,
                11.820898
              ],
              [
                107.064287,
                11.821205
              ],
              [
                107.064494,
                11.821346
              ],
              [
                107.064958,
                11.82155
              ],
              [
                107.065191,
                11.821582
              ],
              [
                107.065508,
                11.821532
              ],
              [
                107.065908,
                11.821366
              ],
              [
                107.066241,
                11.820889
              ],
              [
                107.066639,
                11.820164
              ],
              [
                107.067055,
                11.819587
              ],
              [
                107.067387,
                11.819225
              ],
              [
                107.067803,
                11.818862
              ],
              [
                107.068136,
                11.81845
              ],
              [
                107.068218,
                11.818039
              ],
              [
                107.068217,
                11.817661
              ],
              [
                107.068049,
                11.817151
              ],
              [
                107.067872,
                11.816815
              ],
              [
                107.067546,
                11.816372
              ],
              [
                107.067311,
                11.815986
              ],
              [
                107.067176,
                11.815691
              ],
              [
                107.067117,
                11.815469
              ],
              [
                107.067092,
                11.815231
              ],
              [
                107.067141,
                11.814959
              ],
              [
                107.067248,
                11.814647
              ],
              [
                107.067373,
                11.814449
              ],
              [
                107.06759,
                11.814284
              ],
              [
                107.067806,
                11.814176
              ],
              [
                107.068031,
                11.814093
              ],
              [
                107.06829,
                11.814085
              ],
              [
                107.068699,
                11.814083
              ],
              [
                107.069175,
                11.814181
              ],
              [
                107.069475,
                11.814278
              ],
              [
                107.070001,
                11.814408
              ],
              [
                107.070386,
                11.814531
              ],
              [
                107.071288,
                11.81489
              ],
              [
                107.071806,
                11.815003
              ],
              [
                107.07229,
                11.815018
              ],
              [
                107.072623,
                11.814935
              ],
              [
                107.073223,
                11.814621
              ],
              [
                107.073639,
                11.814324
              ],
              [
                107.074006,
                11.81401
              ],
              [
                107.074238,
                11.813681
              ],
              [
                107.074404,
                11.813385
              ],
              [
                107.07442,
                11.813072
              ],
              [
                107.074352,
                11.812776
              ],
              [
                107.074218,
                11.812514
              ],
              [
                107.073883,
                11.811939
              ],
              [
                107.07362,
                11.811479
              ],
              [
                107.07348,
                11.811234
              ],
              [
                107.073076,
                11.810182
              ],
              [
                107.072973,
                11.809262
              ],
              [
                107.073105,
                11.808604
              ],
              [
                107.073536,
                11.807682
              ],
              [
                107.074067,
                11.806793
              ],
              [
                107.07474,
                11.806178
              ],
              [
                107.074933,
                11.806001
              ],
              [
                107.075666,
                11.805506
              ],
              [
                107.076398,
                11.804912
              ],
              [
                107.07683,
                11.804286
              ],
              [
                107.077194,
                11.803265
              ],
              [
                107.077259,
                11.802673
              ],
              [
                107.077258,
                11.80218
              ],
              [
                107.077156,
                11.801654
              ],
              [
                107.07666,
                11.801201
              ],
              [
                107.076654,
                11.801195
              ],
              [
                107.075451,
                11.800541
              ],
              [
                107.074415,
                11.800183
              ],
              [
                107.073746,
                11.799823
              ],
              [
                107.073701,
                11.799756
              ],
              [
                107.073587,
                11.799585
              ],
              [
                107.073581,
                11.799538
              ],
              [
                107.073575,
                11.799493
              ],
              [
                107.073553,
                11.799322
              ],
              [
                107.073562,
                11.799255
              ],
              [
                107.07357,
                11.799199
              ],
              [
                107.073514,
                11.799188
              ],
              [
                107.073279,
                11.799138
              ],
              [
                107.073234,
                11.799128
              ],
              [
                107.071437,
                11.798747
              ],
              [
                107.070067,
                11.798457
              ],
              [
                107.068072,
                11.797481
              ],
              [
                107.067338,
                11.796981
              ],
              [
                107.067086,
                11.796809
              ],
              [
                107.066863,
                11.796657
              ],
              [
                107.066753,
                11.796563
              ],
              [
                107.065576,
                11.79555
              ],
              [
                107.064788,
                11.795113
              ],
              [
                107.064342,
                11.794933
              ],
              [
                107.064287,
                11.794921
              ],
              [
                107.063634,
                11.79478
              ],
              [
                107.063446,
                11.7947
              ],
              [
                107.063169,
                11.794581
              ],
              [
                107.062749,
                11.794402
              ],
              [
                107.062374,
                11.794241
              ],
              [
                107.061429,
                11.79383
              ],
              [
                107.060142,
                11.79293
              ],
              [
                107.059249,
                11.792364
              ],
              [
                107.058592,
                11.791694
              ],
              [
                107.058073,
                11.791046
              ],
              [
                107.058013,
                11.790972
              ],
              [
                107.05775,
                11.790494
              ],
              [
                107.05754,
                11.790288
              ],
              [
                107.056989,
                11.790135
              ],
              [
                107.056517,
                11.79011
              ],
              [
                107.055836,
                11.790216
              ],
              [
                107.055743,
                11.790216
              ],
              [
                107.055076,
                11.790218
              ],
              [
                107.054446,
                11.79009
              ],
              [
                107.05392,
                11.789523
              ],
              [
                107.053525,
                11.788697
              ],
              [
                107.05313,
                11.788027
              ],
              [
                107.051966,
                11.786402
              ],
              [
                107.051256,
                11.7855
              ],
              [
                107.050651,
                11.784726
              ],
              [
                107.049994,
                11.784056
              ],
              [
                107.049284,
                11.783515
              ],
              [
                107.048366,
                11.783156
              ],
              [
                107.047684,
                11.782951
              ],
              [
                107.047,
                11.782881
              ],
              [
                107.04695,
                11.782876
              ],
              [
                107.046248,
                11.782798
              ],
              [
                107.046052,
                11.782825
              ],
              [
                107.045617,
                11.782979
              ],
              [
                107.045,
                11.783182
              ],
              [
                107.044593,
                11.783349
              ],
              [
                107.044305,
                11.783433
              ],
              [
                107.04401,
                11.783461
              ],
              [
                107.043701,
                11.783525
              ],
              [
                107.043406,
                11.783553
              ],
              [
                107.043076,
                11.783561
              ],
              [
                107.04283,
                11.783569
              ],
              [
                107.04257,
                11.783569
              ],
              [
                107.042282,
                11.78348
              ],
              [
                107.041783,
                11.783461
              ],
              [
                107.041432,
                11.783392
              ],
              [
                107.041193,
                11.783365
              ],
              [
                107.04075,
                11.783297
              ],
              [
                107.040554,
                11.783284
              ],
              [
                107.040112,
                11.783417
              ],
              [
                107.039805,
                11.78348
              ],
              [
                107.039574,
                11.78355
              ],
              [
                107.039265,
                11.783599
              ],
              [
                107.03878,
                11.783697
              ],
              [
                107.038521,
                11.783719
              ],
              [
                107.038425,
                11.783731
              ],
              [
                107.037759,
                11.783701
              ],
              [
                107.037685,
                11.783673
              ],
              [
                107.03734,
                11.783521
              ],
              [
                107.037213,
                11.783452
              ],
              [
                107.036995,
                11.783384
              ],
              [
                107.036777,
                11.783294
              ],
              [
                107.036553,
                11.783288
              ],
              [
                107.035675,
                11.783332
              ],
              [
                107.034832,
                11.783369
              ],
              [
                107.034425,
                11.783488
              ],
              [
                107.034137,
                11.783613
              ],
              [
                107.034009,
                11.783769
              ],
              [
                107.033891,
                11.783912
              ],
              [
                107.03364,
                11.784508
              ],
              [
                107.033548,
                11.78487
              ],
              [
                107.033501,
                11.785056
              ],
              [
                107.033383,
                11.785631
              ],
              [
                107.033173,
                11.786074
              ],
              [
                107.032677,
                11.786789
              ],
              [
                107.032341,
                11.787164
              ],
              [
                107.031584,
                11.787994
              ],
              [
                107.031179,
                11.788542
              ],
              [
                107.030871,
                11.789118
              ],
              [
                107.030613,
                11.789866
              ],
              [
                107.030489,
                11.790428
              ],
              [
                107.030291,
                11.79128
              ],
              [
                107.030083,
                11.792028
              ],
              [
                107.029824,
                11.792625
              ],
              [
                107.029732,
                11.792772
              ],
              [
                107.029391,
                11.793318
              ],
              [
                107.029006,
                11.793662
              ],
              [
                107.028704,
                11.793822
              ],
              [
                107.028437,
                11.793962
              ],
              [
                107.028129,
                11.79404
              ],
              [
                107.027855,
                11.794109
              ],
              [
                107.027265,
                11.794166
              ],
              [
                107.02683,
                11.794236
              ],
              [
                107.025888,
                11.794169
              ],
              [
                107.025038,
                11.794047
              ],
              [
                107.024469,
                11.794014
              ],
              [
                107.023865,
                11.793995
              ],
              [
                107.023394,
                11.794017
              ],
              [
                107.022804,
                11.794109
              ],
              [
                107.022509,
                11.794179
              ],
              [
                107.021795,
                11.794288
              ],
              [
                107.021428,
                11.794393
              ],
              [
                107.020787,
                11.794441
              ],
              [
                107.019889,
                11.79457
              ],
              [
                107.018709,
                11.794479
              ],
              [
                107.017655,
                11.793884
              ],
              [
                107.015929,
                11.792537
              ],
              [
                107.014395,
                11.791315
              ],
              [
                107.013404,
                11.790375
              ],
              [
                107.011773,
                11.788713
              ],
              [
                107.011215,
                11.788078
              ],
              [
                107.010974,
                11.787804
              ],
              [
                107.009778,
                11.786706
              ],
              [
                107.009471,
                11.786424
              ],
              [
                107.008064,
                11.784762
              ],
              [
                107.00707,
                11.782941
              ],
              [
                107.006461,
                11.781686
              ],
              [
                107.005662,
                11.780823
              ],
              [
                107.00499,
                11.780165
              ],
              [
                107.004583,
                11.77951
              ],
              [
                107.004442,
                11.779342
              ],
              [
                107.004364,
                11.779181
              ],
              [
                107.004094,
                11.778784
              ],
              [
                107.003837,
                11.778187
              ],
              [
                107.003582,
                11.77771
              ],
              [
                107.00345,
                11.777461
              ],
              [
                107.003429,
                11.77745
              ],
              [
                107.003423,
                11.777447
              ],
              [
                107.001787,
                11.776553
              ],
              [
                107.001786,
                11.776552
              ],
              [
                107.001267,
                11.776284
              ],
              [
                107.000684,
                11.775983
              ],
              [
                107.000466,
                11.775812
              ],
              [
                107.000424,
                11.775779
              ],
              [
                107.000009,
                11.775454
              ],
              [
                106.99792,
                11.773817
              ],
              [
                106.997372,
                11.773606
              ],
              [
                106.996766,
                11.77346
              ],
              [
                106.996289,
                11.773422
              ],
              [
                106.996193,
                11.773418
              ],
              [
                106.996107,
                11.773444
              ],
              [
                106.995926,
                11.773569
              ],
              [
                106.995766,
                11.773739
              ],
              [
                106.995657,
                11.773999
              ],
              [
                106.995554,
                11.774146
              ],
              [
                106.995062,
                11.774608
              ],
              [
                106.994471,
                11.775451
              ],
              [
                106.99415,
                11.776393
              ],
              [
                106.993943,
                11.777013
              ],
              [
                106.993914,
                11.777047
              ],
              [
                106.993588,
                11.777258
              ],
              [
                106.9934,
                11.777453
              ],
              [
                106.993266,
                11.777743
              ],
              [
                106.993186,
                11.777878
              ],
              [
                106.993059,
                11.778155
              ],
              [
                106.993037,
                11.778216
              ],
              [
                106.992975,
                11.778384
              ],
              [
                106.992911,
                11.778534
              ],
              [
                106.992835,
                11.778619
              ],
              [
                106.992732,
                11.778667
              ],
              [
                106.992646,
                11.778667
              ],
              [
                106.992535,
                11.778648
              ],
              [
                106.992424,
                11.778614
              ],
              [
                106.992332,
                11.77857
              ],
              [
                106.992211,
                11.778484
              ],
              [
                106.99218,
                11.778462
              ],
              [
                106.992089,
                11.778388
              ],
              [
                106.992023,
                11.778359
              ],
              [
                106.991957,
                11.778339
              ],
              [
                106.991846,
                11.778345
              ],
              [
                106.991705,
                11.778381
              ],
              [
                106.991458,
                11.778457
              ],
              [
                106.991077,
                11.778631
              ],
              [
                106.990715,
                11.778788
              ],
              [
                106.990382,
                11.778895
              ],
              [
                106.990034,
                11.778982
              ],
              [
                106.98985,
                11.77903
              ],
              [
                106.989724,
                11.779061
              ],
              [
                106.989598,
                11.779112
              ],
              [
                106.989407,
                11.779227
              ],
              [
                106.989161,
                11.779428
              ],
              [
                106.989078,
                11.779497
              ],
              [
                106.98891,
                11.779639
              ],
              [
                106.988674,
                11.779804
              ],
              [
                106.988429,
                11.779878
              ],
              [
                106.988167,
                11.77993
              ],
              [
                106.98797,
                11.779951
              ],
              [
                106.987753,
                11.779948
              ],
              [
                106.98754,
                11.779934
              ],
              [
                106.987318,
                11.779906
              ],
              [
                106.987022,
                11.779866
              ],
              [
                106.98687,
                11.779852
              ],
              [
                106.986643,
                11.779848
              ],
              [
                106.986486,
                11.779874
              ],
              [
                106.986224,
                11.779961
              ],
              [
                106.985867,
                11.780097
              ],
              [
                106.985678,
                11.780187
              ],
              [
                106.984984,
                11.780118
              ],
              [
                106.984379,
                11.780015
              ],
              [
                106.984022,
                11.779998
              ],
              [
                106.983834,
                11.779999
              ],
              [
                106.983716,
                11.780088
              ],
              [
                106.983608,
                11.780206
              ],
              [
                106.983401,
                11.780402
              ],
              [
                106.983135,
                11.78058
              ],
              [
                106.98273,
                11.780778
              ],
              [
                106.982305,
                11.780908
              ],
              [
                106.981969,
                11.780969
              ],
              [
                106.980999,
                11.781005
              ],
              [
                106.980505,
                11.781085
              ],
              [
                106.980029,
                11.781247
              ],
              [
                106.979782,
                11.781284
              ],
              [
                106.979578,
                11.781286
              ],
              [
                106.979425,
                11.781236
              ],
              [
                106.979347,
                11.781232
              ],
              [
                106.979188,
                11.781184
              ],
              [
                106.979061,
                11.781246
              ],
              [
                106.978894,
                11.781348
              ],
              [
                106.97873,
                11.781382
              ],
              [
                106.978511,
                11.781365
              ],
              [
                106.978229,
                11.781338
              ],
              [
                106.978037,
                11.781325
              ],
              [
                106.977841,
                11.781266
              ],
              [
                106.977505,
                11.781136
              ],
              [
                106.977267,
                11.780994
              ],
              [
                106.976907,
                11.780766
              ],
              [
                106.976748,
                11.780701
              ],
              [
                106.976513,
                11.780627
              ],
              [
                106.976111,
                11.780531
              ],
              [
                106.975739,
                11.780423
              ],
              [
                106.975495,
                11.780321
              ],
              [
                106.975346,
                11.780219
              ],
              [
                106.975134,
                11.780036
              ],
              [
                106.975088,
                11.779988
              ],
              [
                106.974946,
                11.77984
              ],
              [
                106.974785,
                11.779726
              ],
              [
                106.974651,
                11.77968
              ],
              [
                106.974488,
                11.779657
              ],
              [
                106.974296,
                11.779635
              ],
              [
                106.974172,
                11.779593
              ],
              [
                106.974099,
                11.779542
              ],
              [
                106.974051,
                11.779477
              ],
              [
                106.974007,
                11.77927
              ],
              [
                106.973903,
                11.778865
              ],
              [
                106.973773,
                11.77836
              ],
              [
                106.973714,
                11.7782
              ],
              [
                106.973612,
                11.777994
              ],
              [
                106.973421,
                11.777673
              ],
              [
                106.973247,
                11.777448
              ],
              [
                106.97304,
                11.777214
              ],
              [
                106.972888,
                11.777062
              ],
              [
                106.972781,
                11.777
              ],
              [
                106.972758,
                11.776987
              ],
              [
                106.972605,
                11.776932
              ],
              [
                106.97256,
                11.776926
              ],
              [
                106.972327,
                11.776896
              ],
              [
                106.97204,
                11.776893
              ],
              [
                106.971806,
                11.776895
              ],
              [
                106.971703,
                11.77687
              ],
              [
                106.971573,
                11.776809
              ],
              [
                106.971419,
                11.776693
              ],
              [
                106.971251,
                11.776529
              ],
              [
                106.971092,
                11.776384
              ],
              [
                106.970885,
                11.776254
              ],
              [
                106.970669,
                11.776152
              ],
              [
                106.970393,
                11.776066
              ],
              [
                106.970082,
                11.776026
              ],
              [
                106.969724,
                11.776038
              ],
              [
                106.969446,
                11.776073
              ],
              [
                106.968909,
                11.776187
              ],
              [
                106.968642,
                11.776307
              ],
              [
                106.968389,
                11.776459
              ],
              [
                106.968175,
                11.776616
              ],
              [
                106.967741,
                11.777055
              ],
              [
                106.967484,
                11.77733
              ],
              [
                106.967387,
                11.777389
              ],
              [
                106.967248,
                11.777452
              ],
              [
                106.96702,
                11.777557
              ],
              [
                106.966781,
                11.777714
              ],
              [
                106.966653,
                11.777837
              ],
              [
                106.966549,
                11.778036
              ],
              [
                106.966505,
                11.778213
              ],
              [
                106.966501,
                11.77833
              ],
              [
                106.966534,
                11.778495
              ],
              [
                106.966551,
                11.77858
              ],
              [
                106.966615,
                11.778796
              ],
              [
                106.966607,
                11.77885
              ],
              [
                106.966627,
                11.778968
              ],
              [
                106.966549,
                11.779065
              ],
              [
                106.96602,
                11.779436
              ],
              [
                106.965839,
                11.779542
              ],
              [
                106.96552,
                11.779729
              ],
              [
                106.965364,
                11.779789
              ],
              [
                106.965289,
                11.779852
              ],
              [
                106.965274,
                11.779926
              ],
              [
                106.965248,
                11.780016
              ],
              [
                106.965136,
                11.780101
              ],
              [
                106.964994,
                11.78015
              ],
              [
                106.964705,
                11.780289
              ],
              [
                106.964719,
                11.780294
              ],
              [
                106.965024,
                11.78039
              ],
              [
                106.965591,
                11.780476
              ],
              [
                106.965635,
                11.780483
              ],
              [
                106.965891,
                11.780597
              ],
              [
                106.965992,
                11.780695
              ],
              [
                106.966074,
                11.78113
              ],
              [
                106.966075,
                11.781132
              ],
              [
                106.966167,
                11.78134
              ],
              [
                106.966241,
                11.781506
              ],
              [
                106.966375,
                11.781607
              ],
              [
                106.966497,
                11.781654
              ],
              [
                106.966567,
                11.781662
              ],
              [
                106.966573,
                11.781664
              ],
              [
                106.966709,
                11.781705
              ],
              [
                106.966922,
                11.78173
              ],
              [
                106.967286,
                11.781737
              ],
              [
                106.967355,
                11.781746
              ],
              [
                106.96764,
                11.781773
              ],
              [
                106.967926,
                11.781846
              ],
              [
                106.967953,
                11.781855
              ],
              [
                106.968262,
                11.781967
              ],
              [
                106.968576,
                11.782116
              ],
              [
                106.968698,
                11.782201
              ],
              [
                106.968812,
                11.78232
              ],
              [
                106.968918,
                11.782489
              ],
              [
                106.96906,
                11.782713
              ],
              [
                106.969079,
                11.782738
              ],
              [
                106.969137,
                11.782815
              ],
              [
                106.969174,
                11.782865
              ],
              [
                106.969356,
                11.783049
              ],
              [
                106.969779,
                11.78337
              ],
              [
                106.970036,
                11.783579
              ],
              [
                106.97018,
                11.783706
              ],
              [
                106.970204,
                11.783745
              ],
              [
                106.970335,
                11.783845
              ],
              [
                106.970425,
                11.783994
              ],
              [
                106.970501,
                11.784119
              ],
              [
                106.970637,
                11.784456
              ],
              [
                106.97064,
                11.78446
              ],
              [
                106.970822,
                11.784669
              ],
              [
                106.970866,
                11.78472
              ],
              [
                106.970943,
                11.784864
              ],
              [
                106.971011,
                11.785049
              ],
              [
                106.971083,
                11.785193
              ],
              [
                106.971196,
                11.785347
              ],
              [
                106.97136,
                11.785511
              ],
              [
                106.971832,
                11.786055
              ],
              [
                106.972123,
                11.786387
              ],
              [
                106.97248,
                11.786751
              ],
              [
                106.972636,
                11.78691
              ],
              [
                106.972764,
                11.78706
              ],
              [
                106.972908,
                11.787231
              ],
              [
                106.972966,
                11.787299
              ],
              [
                106.973104,
                11.787486
              ],
              [
                106.973127,
                11.787517
              ],
              [
                106.973203,
                11.787574
              ],
              [
                106.973308,
                11.787635
              ],
              [
                106.97343,
                11.787688
              ],
              [
                106.973509,
                11.787715
              ],
              [
                106.973548,
                11.787729
              ],
              [
                106.973676,
                11.787804
              ],
              [
                106.97377,
                11.787904
              ],
              [
                106.973849,
                11.787989
              ],
              [
                106.974022,
                11.78819
              ],
              [
                106.97417,
                11.788312
              ],
              [
                106.974313,
                11.788412
              ],
              [
                106.974671,
                11.788903
              ],
              [
                106.97524,
                11.789492
              ],
              [
                106.975731,
                11.790051
              ],
              [
                106.976268,
                11.790252
              ],
              [
                106.9766,
                11.790437
              ],
              [
                106.97698,
                11.790887
              ],
              [
                106.977502,
                11.791446
              ],
              [
                106.977713,
                11.791596
              ],
              [
                106.978261,
                11.791988
              ],
              [
                106.978735,
                11.792204
              ],
              [
                106.979083,
                11.792219
              ],
              [
                106.979871,
                11.791922
              ],
              [
                106.980659,
                11.791282
              ],
              [
                106.981446,
                11.790565
              ],
              [
                106.981572,
                11.790475
              ],
              [
                106.981876,
                11.79026
              ],
              [
                106.982359,
                11.789917
              ],
              [
                106.982435,
                11.789877
              ],
              [
                106.982598,
                11.789727
              ],
              [
                106.982724,
                11.789758
              ],
              [
                106.982876,
                11.789673
              ],
              [
                106.982944,
                11.789475
              ],
              [
                106.982471,
                11.788765
              ],
              [
                106.98245,
                11.788702
              ],
              [
                106.982595,
                11.788629
              ],
              [
                106.982973,
                11.788415
              ],
              [
                106.982819,
                11.788271
              ],
              [
                106.983059,
                11.788153
              ],
              [
                106.983237,
                11.788124
              ],
              [
                106.98362,
                11.788234
              ],
              [
                106.983839,
                11.788222
              ],
              [
                106.983998,
                11.788191
              ],
              [
                106.984078,
                11.787859
              ],
              [
                106.983878,
                11.787745
              ],
              [
                106.983675,
                11.787538
              ],
              [
                106.983836,
                11.787264
              ],
              [
                106.983618,
                11.787106
              ],
              [
                106.983965,
                11.78672
              ],
              [
                106.98367,
                11.786501
              ],
              [
                106.983668,
                11.786139
              ],
              [
                106.983982,
                11.786187
              ],
              [
                106.984476,
                11.786102
              ],
              [
                106.984773,
                11.786157
              ],
              [
                106.985271,
                11.785938
              ],
              [
                106.986111,
                11.786496
              ],
              [
                106.987406,
                11.787519
              ],
              [
                106.987882,
                11.787894
              ],
              [
                106.987955,
                11.787954
              ],
              [
                106.988448,
                11.788333
              ],
              [
                106.988879,
                11.788747
              ],
              [
                106.988909,
                11.788802
              ],
              [
                106.988972,
                11.78909
              ],
              [
                106.989181,
                11.789242
              ],
              [
                106.988984,
                11.78949
              ],
              [
                106.989735,
                11.790003
              ],
              [
                106.989728,
                11.790092
              ],
              [
                106.989571,
                11.790355
              ],
              [
                106.989474,
                11.790635
              ],
              [
                106.989319,
                11.790679
              ],
              [
                106.989561,
                11.791169
              ],
              [
                106.989277,
                11.791262
              ],
              [
                106.98946,
                11.791709
              ],
              [
                106.988957,
                11.791857
              ],
              [
                106.989085,
                11.792329
              ],
              [
                106.988855,
                11.792538
              ],
              [
                106.988715,
                11.792639
              ],
              [
                106.989159,
                11.79325
              ],
              [
                106.989307,
                11.793166
              ],
              [
                106.989362,
                11.793468
              ],
              [
                106.989454,
                11.793529
              ],
              [
                106.98948,
                11.793388
              ],
              [
                106.990013,
                11.793387
              ],
              [
                106.99007,
                11.793521
              ],
              [
                106.990087,
                11.793747
              ],
              [
                106.990131,
                11.793922
              ],
              [
                106.990377,
                11.794
              ],
              [
                106.990349,
                11.794087
              ],
              [
                106.990634,
                11.794174
              ],
              [
                106.990813,
                11.794385
              ],
              [
                106.990754,
                11.794805
              ],
              [
                106.990576,
                11.79496
              ],
              [
                106.990257,
                11.795053
              ],
              [
                106.989927,
                11.795104
              ],
              [
                106.989783,
                11.795105
              ],
              [
                106.989735,
                11.795391
              ],
              [
                106.989674,
                11.79567
              ],
              [
                106.98967,
                11.795958
              ],
              [
                106.989557,
                11.795986
              ],
              [
                106.989487,
                11.796185
              ],
              [
                106.98962,
                11.796552
              ],
              [
                106.989636,
                11.796595
              ],
              [
                106.989799,
                11.797083
              ],
              [
                106.990057,
                11.79809
              ],
              [
                106.990038,
                11.798098
              ],
              [
                106.990002,
                11.798123
              ],
              [
                106.989967,
                11.798148
              ],
              [
                106.98995,
                11.798162
              ],
              [
                106.989936,
                11.798178
              ],
              [
                106.989919,
                11.798201
              ],
              [
                106.989909,
                11.798212
              ],
              [
                106.989865,
                11.79826
              ],
              [
                106.989848,
                11.798273
              ],
              [
                106.989825,
                11.79829
              ],
              [
                106.989815,
                11.7983
              ],
              [
                106.989802,
                11.798316
              ],
              [
                106.989786,
                11.79834
              ],
              [
                106.989778,
                11.798352
              ],
              [
                106.989774,
                11.798356
              ],
              [
                106.989757,
                11.798366
              ],
              [
                106.989568,
                11.798478
              ],
              [
                106.989476,
                11.798533
              ],
              [
                106.989215,
                11.798793
              ],
              [
                106.989028,
                11.799023
              ],
              [
                106.988938,
                11.799135
              ],
              [
                106.988885,
                11.7992
              ],
              [
                106.988728,
                11.799317
              ],
              [
                106.98871,
                11.799331
              ],
              [
                106.988544,
                11.799349
              ],
              [
                106.988481,
                11.799374
              ],
              [
                106.988325,
                11.799437
              ],
              [
                106.988079,
                11.799672
              ],
              [
                106.987802,
                11.799786
              ],
              [
                106.987765,
                11.799801
              ],
              [
                106.987598,
                11.799996
              ],
              [
                106.98757,
                11.800125
              ],
              [
                106.9876,
                11.800254
              ],
              [
                106.987674,
                11.800299
              ],
              [
                106.987676,
                11.800301
              ],
              [
                106.987689,
                11.800308
              ],
              [
                106.987739,
                11.800339
              ],
              [
                106.987947,
                11.800381
              ],
              [
                106.988046,
                11.800401
              ],
              [
                106.988071,
                11.800421
              ],
              [
                106.988143,
                11.800478
              ],
              [
                106.988199,
                11.800522
              ],
              [
                106.988259,
                11.800644
              ],
              [
                106.988289,
                11.800809
              ],
              [
                106.988291,
                11.80083
              ],
              [
                106.988293,
                11.800866
              ],
              [
                106.988253,
                11.800999
              ],
              [
                106.98821,
                11.801077
              ],
              [
                106.988168,
                11.801115
              ],
              [
                106.988151,
                11.801132
              ],
              [
                106.98815,
                11.801132
              ],
              [
                106.988028,
                11.801163
              ],
              [
                106.987912,
                11.801164
              ],
              [
                106.987767,
                11.801165
              ],
              [
                106.987603,
                11.801171
              ],
              [
                106.987506,
                11.801185
              ],
              [
                106.987428,
                11.801209
              ],
              [
                106.987425,
                11.80121
              ],
              [
                106.987285,
                11.801277
              ],
              [
                106.987115,
                11.801428
              ],
              [
                106.986981,
                11.801581
              ],
              [
                106.986842,
                11.801734
              ],
              [
                106.986688,
                11.801887
              ],
              [
                106.986559,
                11.801974
              ],
              [
                106.986364,
                11.802073
              ],
              [
                106.986229,
                11.802149
              ],
              [
                106.986133,
                11.802226
              ],
              [
                106.986076,
                11.802273
              ],
              [
                106.985965,
                11.802365
              ],
              [
                106.98572,
                11.802524
              ],
              [
                106.985499,
                11.80263
              ],
              [
                106.985278,
                11.802731
              ],
              [
                106.985105,
                11.802826
              ],
              [
                106.985064,
                11.802849
              ],
              [
                106.985021,
                11.802911
              ],
              [
                106.984987,
                11.802983
              ],
              [
                106.984998,
                11.803044
              ],
              [
                106.985046,
                11.80312
              ],
              [
                106.985093,
                11.803161
              ],
              [
                106.985139,
                11.8032
              ],
              [
                106.985294,
                11.803323
              ],
              [
                106.985527,
                11.803464
              ],
              [
                106.985579,
                11.80353
              ],
              [
                106.98559,
                11.803556
              ],
              [
                106.985598,
                11.803603
              ],
              [
                106.985598,
                11.803675
              ],
              [
                106.985584,
                11.803727
              ],
              [
                106.985556,
                11.803794
              ],
              [
                106.985446,
                11.803918
              ],
              [
                106.985371,
                11.804006
              ],
              [
                106.985259,
                11.804138
              ],
              [
                106.98523,
                11.804199
              ],
              [
                106.985188,
                11.80429
              ],
              [
                106.985151,
                11.804388
              ],
              [
                106.985094,
                11.804863
              ],
              [
                106.984888,
                11.805266
              ],
              [
                106.98471,
                11.805483
              ],
              [
                106.984705,
                11.805486
              ],
              [
                106.984661,
                11.805554
              ],
              [
                106.984577,
                11.805626
              ],
              [
                106.98445,
                11.805663
              ],
              [
                106.984377,
                11.805663
              ],
              [
                106.98431,
                11.805646
              ],
              [
                106.984261,
                11.805574
              ],
              [
                106.984258,
                11.80552
              ],
              [
                106.984254,
                11.805455
              ],
              [
                106.984387,
                11.805247
              ],
              [
                106.984434,
                11.805173
              ],
              [
                106.984457,
                11.805065
              ],
              [
                106.984439,
                11.804993
              ],
              [
                106.984377,
                11.804944
              ],
              [
                106.984365,
                11.804934
              ],
              [
                106.984129,
                11.804989
              ],
              [
                106.983977,
                11.80499
              ],
              [
                106.983911,
                11.804991
              ],
              [
                106.983452,
                11.804932
              ],
              [
                106.983429,
                11.804933
              ],
              [
                106.9833,
                11.804934
              ],
              [
                106.983289,
                11.804934
              ],
              [
                106.98321,
                11.804974
              ],
              [
                106.98319,
                11.805053
              ],
              [
                106.983191,
                11.805114
              ],
              [
                106.983191,
                11.80517
              ],
              [
                106.983192,
                11.805302
              ],
              [
                106.983137,
                11.805591
              ],
              [
                106.983081,
                11.805684
              ],
              [
                106.983043,
                11.805748
              ],
              [
                106.982909,
                11.8058
              ],
              [
                106.982862,
                11.805813
              ],
              [
                106.982722,
                11.805823
              ],
              [
                106.982572,
                11.805815
              ],
              [
                106.982403,
                11.805802
              ],
              [
                106.982258,
                11.805789
              ],
              [
                106.982133,
                11.805799
              ],
              [
                106.982017,
                11.805833
              ],
              [
                106.981931,
                11.805886
              ],
              [
                106.981895,
                11.80595
              ],
              [
                106.981886,
                11.805983
              ],
              [
                106.981876,
                11.806017
              ],
              [
                106.981887,
                11.806117
              ],
              [
                106.981946,
                11.806349
              ],
              [
                106.98196,
                11.80642
              ],
              [
                106.981972,
                11.806429
              ],
              [
                106.982033,
                11.806492
              ],
              [
                106.982034,
                11.806561
              ],
              [
                106.982015,
                11.80659
              ],
              [
                106.981966,
                11.806667
              ],
              [
                106.981922,
                11.806736
              ],
              [
                106.981807,
                11.806964
              ],
              [
                106.98171,
                11.807141
              ],
              [
                106.981492,
                11.807535
              ],
              [
                106.981454,
                11.807612
              ],
              [
                106.981448,
                11.807618
              ],
              [
                106.981435,
                11.807639
              ],
              [
                106.981241,
                11.807758
              ],
              [
                106.98117,
                11.80788
              ],
              [
                106.981104,
                11.808018
              ],
              [
                106.981061,
                11.808118
              ],
              [
                106.981028,
                11.808156
              ],
              [
                106.981021,
                11.808162
              ],
              [
                106.980993,
                11.808187
              ],
              [
                106.980903,
                11.80823
              ],
              [
                106.980887,
                11.808232
              ],
              [
                106.980859,
                11.808236
              ],
              [
                106.980825,
                11.80824
              ],
              [
                106.980729,
                11.808297
              ],
              [
                106.980712,
                11.808307
              ],
              [
                106.98067,
                11.808397
              ],
              [
                106.980677,
                11.808446
              ],
              [
                106.980683,
                11.808487
              ],
              [
                106.980873,
                11.808695
              ],
              [
                106.98097,
                11.808819
              ],
              [
                106.981013,
                11.808873
              ],
              [
                106.981057,
                11.809064
              ],
              [
                106.981069,
                11.809217
              ],
              [
                106.981077,
                11.809327
              ],
              [
                106.981243,
                11.809505
              ],
              [
                106.981257,
                11.809513
              ],
              [
                106.981271,
                11.809523
              ],
              [
                106.981291,
                11.80953
              ],
              [
                106.981293,
                11.809531
              ],
              [
                106.981395,
                11.809582
              ],
              [
                106.981595,
                11.809616
              ],
              [
                106.981869,
                11.809764
              ],
              [
                106.982058,
                11.809799
              ],
              [
                106.982281,
                11.809814
              ],
              [
                106.982291,
                11.809815
              ],
              [
                106.982302,
                11.809818
              ],
              [
                106.982338,
                11.80983
              ],
              [
                106.982486,
                11.809878
              ],
              [
                106.982547,
                11.809908
              ],
              [
                106.982779,
                11.810021
              ],
              [
                106.982791,
                11.810031
              ],
              [
                106.982866,
                11.810092
              ],
              [
                106.9829,
                11.810139
              ],
              [
                106.982902,
                11.810152
              ],
              [
                106.9829,
                11.810165
              ],
              [
                106.982894,
                11.810186
              ],
              [
                106.982874,
                11.810225
              ],
              [
                106.982863,
                11.810243
              ],
              [
                106.982837,
                11.810277
              ],
              [
                106.982828,
                11.810289
              ],
              [
                106.98281,
                11.810312
              ],
              [
                106.982798,
                11.81033
              ],
              [
                106.982779,
                11.810372
              ],
              [
                106.982773,
                11.810393
              ],
              [
                106.982772,
                11.810423
              ],
              [
                106.982773,
                11.810438
              ],
              [
                106.982778,
                11.810451
              ],
              [
                106.982781,
                11.810457
              ],
              [
                106.982785,
                11.810461
              ],
              [
                106.982797,
                11.810469
              ],
              [
                106.982811,
                11.810475
              ],
              [
                106.982841,
                11.810482
              ],
              [
                106.982862,
                11.810482
              ],
              [
                106.982906,
                11.810474
              ],
              [
                106.982934,
                11.81047
              ],
              [
                106.982971,
                11.810465
              ],
              [
                106.982992,
                11.810464
              ],
              [
                106.983035,
                11.810468
              ],
              [
                106.983098,
                11.810483
              ],
              [
                106.983113,
                11.810485
              ],
              [
                106.983143,
                11.810487
              ],
              [
                106.983156,
                11.810492
              ],
              [
                106.983162,
                11.810495
              ],
              [
                106.983166,
                11.8105
              ],
              [
                106.983173,
                11.810512
              ],
              [
                106.983177,
                11.810526
              ],
              [
                106.983182,
                11.810556
              ],
              [
                106.983183,
                11.810577
              ],
              [
                106.983192,
                11.810586
              ],
              [
                106.983211,
                11.810711
              ],
              [
                106.983183,
                11.810969
              ],
              [
                106.983175,
                11.810979
              ],
              [
                106.983117,
                11.811059
              ],
              [
                106.983026,
                11.811113
              ],
              [
                106.982964,
                11.811121
              ],
              [
                106.982923,
                11.811126
              ],
              [
                106.982837,
                11.811134
              ],
              [
                106.982756,
                11.811218
              ],
              [
                106.982753,
                11.811251
              ],
              [
                106.982736,
                11.811271
              ],
              [
                106.982677,
                11.811468
              ],
              [
                106.982697,
                11.811689
              ],
              [
                106.982834,
                11.812221
              ],
              [
                106.982884,
                11.812429
              ],
              [
                106.982873,
                11.812459
              ],
              [
                106.982854,
                11.812513
              ],
              [
                106.982757,
                11.812568
              ],
              [
                106.982599,
                11.812601
              ],
              [
                106.982551,
                11.812611
              ],
              [
                106.982378,
                11.812664
              ],
              [
                106.982328,
                11.812714
              ],
              [
                106.982274,
                11.812906
              ],
              [
                106.982184,
                11.812996
              ],
              [
                106.98202,
                11.813033
              ],
              [
                106.981899,
                11.813034
              ],
              [
                106.981834,
                11.812974
              ],
              [
                106.981833,
                11.812973
              ],
              [
                106.981821,
                11.812964
              ],
              [
                106.981799,
                11.812945
              ],
              [
                106.981784,
                11.812928
              ],
              [
                106.981783,
                11.812927
              ],
              [
                106.981759,
                11.812904
              ],
              [
                106.981662,
                11.812806
              ],
              [
                106.981618,
                11.812761
              ],
              [
                106.981492,
                11.812655
              ],
              [
                106.98149,
                11.812653
              ],
              [
                106.981266,
                11.812411
              ],
              [
                106.981239,
                11.812383
              ],
              [
                106.981127,
                11.812227
              ],
              [
                106.981051,
                11.812114
              ],
              [
                106.980981,
                11.812009
              ],
              [
                106.98096,
                11.811976
              ],
              [
                106.980898,
                11.811872
              ],
              [
                106.980825,
                11.81168
              ],
              [
                106.980802,
                11.811618
              ],
              [
                106.980781,
                11.811511
              ],
              [
                106.980736,
                11.811277
              ],
              [
                106.980639,
                11.810819
              ],
              [
                106.980569,
                11.810477
              ],
              [
                106.980534,
                11.810311
              ],
              [
                106.980485,
                11.810193
              ],
              [
                106.980451,
                11.810151
              ],
              [
                106.980371,
                11.810052
              ],
              [
                106.980341,
                11.810015
              ],
              [
                106.980256,
                11.809943
              ],
              [
                106.980142,
                11.809846
              ],
              [
                106.980049,
                11.809793
              ],
              [
                106.979841,
                11.809677
              ],
              [
                106.979749,
                11.809616
              ],
              [
                106.979689,
                11.809441
              ],
              [
                106.979654,
                11.80929
              ],
              [
                106.979653,
                11.809284
              ],
              [
                106.979613,
                11.80918
              ],
              [
                106.979596,
                11.80913
              ],
              [
                106.979582,
                11.80911
              ],
              [
                106.97951,
                11.809133
              ],
              [
                106.979505,
                11.809136
              ],
              [
                106.979436,
                11.809159
              ],
              [
                106.979422,
                11.809168
              ],
              [
                106.979299,
                11.809199
              ],
              [
                106.979236,
                11.809213
              ],
              [
                106.97918,
                11.809203
              ],
              [
                106.979165,
                11.809191
              ],
              [
                106.979069,
                11.809158
              ],
              [
                106.97906,
                11.809158
              ],
              [
                106.978965,
                11.809128
              ],
              [
                106.978852,
                11.80911
              ],
              [
                106.97875,
                11.809096
              ],
              [
                106.978728,
                11.809093
              ],
              [
                106.978678,
                11.809086
              ],
              [
                106.978473,
                11.809079
              ],
              [
                106.978173,
                11.809024
              ],
              [
                106.978,
                11.809023
              ],
              [
                106.977856,
                11.809031
              ],
              [
                106.977712,
                11.809081
              ],
              [
                106.977542,
                11.809213
              ],
              [
                106.977372,
                11.809348
              ],
              [
                106.977281,
                11.809402
              ],
              [
                106.977228,
                11.809419
              ],
              [
                106.977176,
                11.809385
              ],
              [
                106.977108,
                11.809331
              ],
              [
                106.976986,
                11.809326
              ],
              [
                106.976795,
                11.809404
              ],
              [
                106.976426,
                11.80962
              ],
              [
                106.976169,
                11.809827
              ],
              [
                106.976055,
                11.809941
              ],
              [
                106.975991,
                11.810048
              ],
              [
                106.975963,
                11.810112
              ],
              [
                106.975908,
                11.810197
              ],
              [
                106.975838,
                11.81028
              ],
              [
                106.97577,
                11.810324
              ],
              [
                106.975569,
                11.810379
              ],
              [
                106.975408,
                11.810504
              ],
              [
                106.975255,
                11.810607
              ],
              [
                106.975116,
                11.810662
              ],
              [
                106.975116,
                11.810662
              ],
              [
                106.974684,
                11.81054
              ],
              [
                106.974465,
                11.810505
              ],
              [
                106.974225,
                11.810594
              ],
              [
                106.975025,
                11.811536
              ],
              [
                106.975237,
                11.811785
              ],
              [
                106.975343,
                11.811923
              ],
              [
                106.975471,
                11.81199
              ],
              [
                106.975759,
                11.812181
              ],
              [
                106.975841,
                11.812228
              ],
              [
                106.975882,
                11.812372
              ],
              [
                106.975851,
                11.812515
              ],
              [
                106.975748,
                11.812659
              ],
              [
                106.975674,
                11.812766
              ],
              [
                106.975344,
                11.813241
              ],
              [
                106.975042,
                11.813459
              ],
              [
                106.975005,
                11.813474
              ],
              [
                106.974453,
                11.813587
              ],
              [
                106.973689,
                11.813705
              ],
              [
                106.973307,
                11.813834
              ],
              [
                106.973104,
                11.813973
              ],
              [
                106.973002,
                11.81441
              ],
              [
                106.972943,
                11.814667
              ],
              [
                106.972807,
                11.81504
              ],
              [
                106.972655,
                11.815461
              ],
              [
                106.97229,
                11.81613
              ],
              [
                106.971848,
                11.816813
              ],
              [
                106.971203,
                11.817648
              ],
              [
                106.970919,
                11.817978
              ],
              [
                106.970659,
                11.818281
              ],
              [
                106.969898,
                11.818965
              ],
              [
                106.969839,
                11.819019
              ],
              [
                106.969226,
                11.819574
              ],
              [
                106.968284,
                11.82076
              ],
              [
                106.968101,
                11.820991
              ],
              [
                106.968082,
                11.821013
              ],
              [
                106.968082,
                11.821013
              ],
              [
                106.968073,
                11.821025
              ],
              [
                106.968097,
                11.82104
              ],
              [
                106.968187,
                11.821219
              ],
              [
                106.968201,
                11.821247
              ],
              [
                106.968201,
                11.821248
              ],
              [
                106.968228,
                11.821301
              ],
              [
                106.968332,
                11.821509
              ],
              [
                106.968411,
                11.821666
              ],
              [
                106.968627,
                11.822179
              ],
              [
                106.96863,
                11.822186
              ],
              [
                106.968809,
                11.822613
              ],
              [
                106.96884,
                11.822685
              ],
              [
                106.968905,
                11.82284
              ],
              [
                106.968918,
                11.823026
              ],
              [
                106.968811,
                11.823295
              ],
              [
                106.968628,
                11.823546
              ],
              [
                106.968292,
                11.824005
              ],
              [
                106.967396,
                11.825231
              ],
              [
                106.967023,
                11.825741
              ],
              [
                106.966947,
                11.825844
              ],
              [
                106.965551,
                11.824693
              ],
              [
                106.965521,
                11.824668
              ],
              [
                106.965516,
                11.824664
              ],
              [
                106.965359,
                11.824866
              ],
              [
                106.96504,
                11.825277
              ],
              [
                106.964955,
                11.825386
              ],
              [
                106.96466,
                11.825765
              ],
              [
                106.964653,
                11.825774
              ],
              [
                106.963935,
                11.826698
              ],
              [
                106.963481,
                11.827283
              ],
              [
                106.963363,
                11.827434
              ],
              [
                106.963015,
                11.827881
              ],
              [
                106.96298,
                11.827926
              ],
              [
                106.962566,
                11.82849
              ],
              [
                106.962406,
                11.828707
              ],
              [
                106.962325,
                11.828826
              ],
              [
                106.962107,
                11.829143
              ],
              [
                106.961872,
                11.829506
              ],
              [
                106.961169,
                11.830592
              ],
              [
                106.961075,
                11.830738
              ],
              [
                106.961035,
                11.830818
              ],
              [
                106.961004,
                11.83088
              ],
              [
                106.960945,
                11.830999
              ],
              [
                106.960945,
                11.831012
              ],
              [
                106.960907,
                11.831077
              ],
              [
                106.960908,
                11.831256
              ],
              [
                106.96096,
                11.831503
              ],
              [
                106.960993,
                11.831498
              ],
              [
                106.961659,
                11.831413
              ],
              [
                106.961863,
                11.831399
              ],
              [
                106.963238,
                11.831221
              ],
              [
                106.963539,
                11.831483
              ],
              [
                106.963645,
                11.831386
              ],
              [
                106.963491,
                11.8312
              ],
              [
                106.963817,
                11.831206
              ],
              [
                106.96398,
                11.831217
              ],
              [
                106.963947,
                11.831336
              ],
              [
                106.964035,
                11.83173
              ],
              [
                106.964161,
                11.832007
              ],
              [
                106.964405,
                11.832541
              ],
              [
                106.964567,
                11.832754
              ],
              [
                106.965022,
                11.833351
              ],
              [
                106.965121,
                11.83342
              ],
              [
                106.965513,
                11.833669
              ],
              [
                106.966054,
                11.834012
              ],
              [
                106.966613,
                11.834501
              ],
              [
                106.966762,
                11.834631
              ],
              [
                106.967154,
                11.834973
              ],
              [
                106.967375,
                11.835438
              ],
              [
                106.967865,
                11.835949
              ],
              [
                106.968097,
                11.8363
              ],
              [
                106.968232,
                11.836504
              ],
              [
                106.968613,
                11.837079
              ],
              [
                106.968651,
                11.837118
              ],
              [
                106.96886,
                11.837329
              ],
              [
                106.969024,
                11.837403
              ],
              [
                106.969227,
                11.837024
              ],
              [
                106.969526,
                11.83646
              ],
              [
                106.969567,
                11.836383
              ],
              [
                106.970053,
                11.836167
              ],
              [
                106.970508,
                11.835987
              ],
              [
                106.97105,
                11.835512
              ],
              [
                106.971536,
                11.834925
              ],
              [
                106.971821,
                11.834506
              ],
              [
                106.972208,
                11.833835
              ],
              [
                106.97221,
                11.833218
              ],
              [
                106.973472,
                11.833069
              ],
              [
                106.973492,
                11.833067
              ],
              [
                106.973489,
                11.833223
              ],
              [
                106.974304,
                11.833279
              ],
              [
                106.974285,
                11.833142
              ],
              [
                106.974698,
                11.832989
              ],
              [
                106.97523,
                11.833659
              ],
              [
                106.97528,
                11.833706
              ],
              [
                106.975413,
                11.833839
              ],
              [
                106.975523,
                11.833972
              ],
              [
                106.975555,
                11.83401
              ],
              [
                106.975705,
                11.83421
              ],
              [
                106.975802,
                11.834378
              ],
              [
                106.975806,
                11.834384
              ],
              [
                106.975845,
                11.834433
              ],
              [
                106.97703,
                11.835886
              ],
              [
                106.977279,
                11.836191
              ],
              [
                106.978275,
                11.837283
              ],
              [
                106.978692,
                11.837741
              ],
              [
                106.978811,
                11.837884
              ],
              [
                106.979716,
                11.838973
              ],
              [
                106.980145,
                11.839809
              ],
              [
                106.980177,
                11.839857
              ],
              [
                106.980884,
                11.839584
              ],
              [
                106.981437,
                11.839353
              ],
              [
                106.981714,
                11.839112
              ],
              [
                106.982103,
                11.838868
              ],
              [
                106.982337,
                11.838722
              ],
              [
                106.982829,
                11.838587
              ],
              [
                106.983123,
                11.8386
              ],
              [
                106.983764,
                11.838627
              ],
              [
                106.985711,
                11.838604
              ],
              [
                106.985742,
                11.838676
              ],
              [
                106.985737,
                11.838933
              ],
              [
                106.985745,
                11.839199
              ],
              [
                106.985755,
                11.839556
              ],
              [
                106.985781,
                11.839557
              ],
              [
                106.98645,
                11.839524
              ],
              [
                106.986891,
                11.839477
              ],
              [
                106.987424,
                11.83939
              ],
              [
                106.987398,
                11.839327
              ],
              [
                106.987376,
                11.839025
              ],
              [
                106.987376,
                11.838985
              ],
              [
                106.987375,
                11.838913
              ],
              [
                106.987373,
                11.838615
              ],
              [
                106.987519,
                11.838214
              ],
              [
                106.987794,
                11.837919
              ],
              [
                106.988443,
                11.837309
              ],
              [
                106.988623,
                11.837128
              ],
              [
                106.988708,
                11.837044
              ],
              [
                106.988786,
                11.836868
              ],
              [
                106.988818,
                11.836731
              ],
              [
                106.988872,
                11.8365
              ],
              [
                106.988969,
                11.836084
              ],
              [
                106.988978,
                11.836047
              ],
              [
                106.989007,
                11.8359
              ],
              [
                106.989111,
                11.835772
              ],
              [
                106.989262,
                11.835586
              ],
              [
                106.989606,
                11.835217
              ],
              [
                106.989896,
                11.834906
              ],
              [
                106.989932,
                11.834867
              ],
              [
                106.990025,
                11.835068
              ],
              [
                106.990157,
                11.835357
              ],
              [
                106.990118,
                11.835388
              ],
              [
                106.990083,
                11.835513
              ],
              [
                106.990078,
                11.835689
              ],
              [
                106.990061,
                11.835933
              ],
              [
                106.989976,
                11.836087
              ],
              [
                106.989892,
                11.836128
              ],
              [
                106.989834,
                11.836157
              ],
              [
                106.989816,
                11.836167
              ],
              [
                106.989725,
                11.836226
              ],
              [
                106.98972,
                11.836226
              ],
              [
                106.989666,
                11.836242
              ],
              [
                106.989612,
                11.836267
              ],
              [
                106.989567,
                11.836304
              ],
              [
                106.989535,
                11.836353
              ],
              [
                106.989529,
                11.836364
              ],
              [
                106.98951,
                11.836417
              ],
              [
                106.989491,
                11.83647
              ],
              [
                106.989476,
                11.836523
              ],
              [
                106.989469,
                11.836579
              ],
              [
                106.98947,
                11.836635
              ],
              [
                106.989473,
                11.836692
              ],
              [
                106.989473,
                11.83675
              ],
              [
                106.98947,
                11.836807
              ],
              [
                106.989465,
                11.836861
              ],
              [
                106.989461,
                11.836907
              ],
              [
                106.989459,
                11.836963
              ],
              [
                106.989471,
                11.837018
              ],
              [
                106.989494,
                11.837068
              ],
              [
                106.98953,
                11.837109
              ],
              [
                106.989581,
                11.837136
              ],
              [
                106.989637,
                11.837141
              ],
              [
                106.989637,
                11.837141
              ],
              [
                106.989695,
                11.837141
              ],
              [
                106.989752,
                11.837142
              ],
              [
                106.989807,
                11.837144
              ],
              [
                106.989861,
                11.837156
              ],
              [
                106.989865,
                11.837159
              ],
              [
                106.989907,
                11.837187
              ],
              [
                106.989947,
                11.837226
              ],
              [
                106.989977,
                11.837272
              ],
              [
                106.989987,
                11.837327
              ],
              [
                106.989981,
                11.837382
              ],
              [
                106.98997,
                11.837427
              ],
              [
                106.989968,
                11.837436
              ],
              [
                106.989939,
                11.837486
              ],
              [
                106.989896,
                11.837522
              ],
              [
                106.989844,
                11.837546
              ],
              [
                106.989791,
                11.837564
              ],
              [
                106.989778,
                11.83757
              ],
              [
                106.989741,
                11.837587
              ],
              [
                106.989691,
                11.837618
              ],
              [
                106.98965,
                11.837658
              ],
              [
                106.989616,
                11.837703
              ],
              [
                106.98959,
                11.837755
              ],
              [
                106.989572,
                11.837807
              ],
              [
                106.989551,
                11.837858
              ],
              [
                106.989528,
                11.837907
              ],
              [
                106.989508,
                11.837959
              ],
              [
                106.989481,
                11.838008
              ],
              [
                106.989463,
                11.838062
              ],
              [
                106.989447,
                11.838118
              ],
              [
                106.989435,
                11.838175
              ],
              [
                106.989432,
                11.838231
              ],
              [
                106.98943,
                11.838288
              ],
              [
                106.989437,
                11.838344
              ],
              [
                106.98944,
                11.838352
              ],
              [
                106.989454,
                11.838397
              ],
              [
                106.989478,
                11.838447
              ],
              [
                106.989485,
                11.83846
              ],
              [
                106.989505,
                11.838499
              ],
              [
                106.989531,
                11.838551
              ],
              [
                106.98956,
                11.8386
              ],
              [
                106.989585,
                11.838649
              ],
              [
                106.989615,
                11.838697
              ],
              [
                106.989623,
                11.838707
              ],
              [
                106.989666,
                11.838756
              ],
              [
                106.989668,
                11.838758
              ],
              [
                106.989669,
                11.838759
              ],
              [
                106.989789,
                11.838829
              ],
              [
                106.989792,
                11.83883
              ],
              [
                106.98985,
                11.838828
              ],
              [
                106.989908,
                11.838828
              ],
              [
                106.989965,
                11.838826
              ],
              [
                106.990025,
                11.838827
              ],
              [
                106.990086,
                11.838837
              ],
              [
                106.990144,
                11.838847
              ],
              [
                106.990197,
                11.838869
              ],
              [
                106.990241,
                11.838902
              ],
              [
                106.990282,
                11.83894
              ],
              [
                106.990321,
                11.838982
              ],
              [
                106.990357,
                11.839026
              ],
              [
                106.990385,
                11.839076
              ],
              [
                106.990407,
                11.839127
              ],
              [
                106.990417,
                11.839182
              ],
              [
                106.990416,
                11.83924
              ],
              [
                106.990391,
                11.839295
              ],
              [
                106.990351,
                11.839335
              ],
              [
                106.990312,
                11.839362
              ],
              [
                106.990304,
                11.839368
              ],
              [
                106.990255,
                11.839406
              ],
              [
                106.990214,
                11.839447
              ],
              [
                106.990184,
                11.839494
              ],
              [
                106.990168,
                11.839548
              ],
              [
                106.990163,
                11.839605
              ],
              [
                106.990162,
                11.839661
              ],
              [
                106.990171,
                11.839715
              ],
              [
                106.990189,
                11.839768
              ],
              [
                106.990204,
                11.839822
              ],
              [
                106.990225,
                11.839874
              ],
              [
                106.990255,
                11.83992
              ],
              [
                106.990291,
                11.839962
              ],
              [
                106.990329,
                11.840001
              ],
              [
                106.990366,
                11.840042
              ],
              [
                106.990396,
                11.840089
              ],
              [
                106.99042,
                11.840144
              ],
              [
                106.990436,
                11.840199
              ],
              [
                106.990446,
                11.840257
              ],
              [
                106.990453,
                11.840312
              ],
              [
                106.990468,
                11.840365
              ],
              [
                106.990474,
                11.840419
              ],
              [
                106.990486,
                11.840475
              ],
              [
                106.990498,
                11.840531
              ],
              [
                106.990507,
                11.840586
              ],
              [
                106.990512,
                11.840648
              ],
              [
                106.990515,
                11.840709
              ],
              [
                106.990515,
                11.840766
              ],
              [
                106.99052,
                11.840822
              ],
              [
                106.99052,
                11.840829
              ],
              [
                106.990521,
                11.840887
              ],
              [
                106.990525,
                11.840946
              ],
              [
                106.990526,
                11.841
              ],
              [
                106.990527,
                11.841057
              ],
              [
                106.990525,
                11.841112
              ],
              [
                106.990514,
                11.841169
              ],
              [
                106.990494,
                11.841224
              ],
              [
                106.990474,
                11.841265
              ],
              [
                106.99047,
                11.841274
              ],
              [
                106.99044,
                11.84132
              ],
              [
                106.990399,
                11.84136
              ],
              [
                106.990354,
                11.841398
              ],
              [
                106.990311,
                11.841433
              ],
              [
                106.990271,
                11.841473
              ],
              [
                106.990233,
                11.841516
              ],
              [
                106.990201,
                11.841563
              ],
              [
                106.990172,
                11.841612
              ],
              [
                106.990154,
                11.841668
              ],
              [
                106.990149,
                11.841726
              ],
              [
                106.990163,
                11.841781
              ],
              [
                106.990192,
                11.841829
              ],
              [
                106.990232,
                11.841867
              ],
              [
                106.990279,
                11.841901
              ],
              [
                106.990318,
                11.841942
              ],
              [
                106.990346,
                11.841991
              ],
              [
                106.990362,
                11.842043
              ],
              [
                106.990374,
                11.842097
              ],
              [
                106.990377,
                11.842156
              ],
              [
                106.990382,
                11.842213
              ],
              [
                106.990391,
                11.842267
              ],
              [
                106.990401,
                11.842332
              ],
              [
                106.99041,
                11.842396
              ],
              [
                106.990426,
                11.842451
              ],
              [
                106.990445,
                11.842505
              ],
              [
                106.99046,
                11.842559
              ],
              [
                106.99047,
                11.842617
              ],
              [
                106.990476,
                11.842676
              ],
              [
                106.990482,
                11.842735
              ],
              [
                106.990494,
                11.84279
              ],
              [
                106.990522,
                11.842839
              ],
              [
                106.990551,
                11.842888
              ],
              [
                106.990579,
                11.842935
              ],
              [
                106.990601,
                11.842986
              ],
              [
                106.990623,
                11.843048
              ],
              [
                106.990645,
                11.843098
              ],
              [
                106.990664,
                11.843151
              ],
              [
                106.990673,
                11.843205
              ],
              [
                106.99066,
                11.843261
              ],
              [
                106.990612,
                11.843291
              ],
              [
                106.990576,
                11.843294
              ],
              [
                106.990556,
                11.843295
              ],
              [
                106.990498,
                11.843298
              ],
              [
                106.990444,
                11.843279
              ],
              [
                106.990412,
                11.84323
              ],
              [
                106.990389,
                11.843177
              ],
              [
                106.990348,
                11.843135
              ],
              [
                106.990305,
                11.8431
              ],
              [
                106.99026,
                11.843062
              ],
              [
                106.990223,
                11.84302
              ],
              [
                106.990181,
                11.842983
              ],
              [
                106.990123,
                11.842961
              ],
              [
                106.990114,
                11.842962
              ],
              [
                106.990067,
                11.842964
              ],
              [
                106.990017,
                11.842995
              ],
              [
                106.989989,
                11.843042
              ],
              [
                106.989978,
                11.843096
              ],
              [
                106.989975,
                11.843155
              ],
              [
                106.989975,
                11.843213
              ],
              [
                106.989981,
                11.843269
              ],
              [
                106.990002,
                11.843322
              ],
              [
                106.99003,
                11.843371
              ],
              [
                106.990066,
                11.843413
              ],
              [
                106.990104,
                11.843457
              ],
              [
                106.990144,
                11.843501
              ],
              [
                106.990183,
                11.843542
              ],
              [
                106.990221,
                11.843583
              ],
              [
                106.99026,
                11.84363
              ],
              [
                106.990286,
                11.84368
              ],
              [
                106.990299,
                11.843733
              ],
              [
                106.990306,
                11.843787
              ],
              [
                106.990312,
                11.843844
              ],
              [
                106.990324,
                11.843899
              ],
              [
                106.990334,
                11.843954
              ],
              [
                106.990338,
                11.844011
              ],
              [
                106.990336,
                11.844033
              ],
              [
                106.990334,
                11.844044
              ],
              [
                106.990332,
                11.844067
              ],
              [
                106.990322,
                11.844099
              ],
              [
                106.990195,
                11.84417
              ],
              [
                106.990051,
                11.844231
              ],
              [
                106.989952,
                11.844302
              ],
              [
                106.989881,
                11.844413
              ],
              [
                106.989819,
                11.844551
              ],
              [
                106.989766,
                11.844667
              ],
              [
                106.9897,
                11.844899
              ],
              [
                106.989665,
                11.845027
              ],
              [
                106.989668,
                11.845091
              ],
              [
                106.989691,
                11.845164
              ],
              [
                106.989752,
                11.845197
              ],
              [
                106.989918,
                11.845244
              ],
              [
                106.990125,
                11.845276
              ],
              [
                106.990324,
                11.845308
              ],
              [
                106.990481,
                11.845379
              ],
              [
                106.990587,
                11.845457
              ],
              [
                106.990591,
                11.845498
              ],
              [
                106.990597,
                11.845559
              ],
              [
                106.990579,
                11.845613
              ],
              [
                106.990539,
                11.845662
              ],
              [
                106.990489,
                11.84569
              ],
              [
                106.990443,
                11.845724
              ],
              [
                106.990394,
                11.84575
              ],
              [
                106.99034,
                11.845763
              ],
              [
                106.990282,
                11.845758
              ],
              [
                106.990232,
                11.84573
              ],
              [
                106.990184,
                11.845698
              ],
              [
                106.99013,
                11.845676
              ],
              [
                106.990072,
                11.84567
              ],
              [
                106.990014,
                11.845673
              ],
              [
                106.98996,
                11.845688
              ],
              [
                106.989911,
                11.845714
              ],
              [
                106.989866,
                11.845747
              ],
              [
                106.989824,
                11.845787
              ],
              [
                106.989792,
                11.845833
              ],
              [
                106.989767,
                11.845883
              ],
              [
                106.989746,
                11.845942
              ],
              [
                106.989733,
                11.845974
              ],
              [
                106.989724,
                11.845995
              ],
              [
                106.989698,
                11.846048
              ],
              [
                106.989668,
                11.846099
              ],
              [
                106.989634,
                11.846143
              ],
              [
                106.989609,
                11.846164
              ],
              [
                106.989589,
                11.846182
              ],
              [
                106.989569,
                11.846199
              ],
              [
                106.989546,
                11.846219
              ],
              [
                106.989506,
                11.846259
              ],
              [
                106.989468,
                11.846301
              ],
              [
                106.989435,
                11.846347
              ],
              [
                106.989411,
                11.846398
              ],
              [
                106.9894,
                11.846426
              ],
              [
                106.989391,
                11.846451
              ],
              [
                106.989376,
                11.846505
              ],
              [
                106.989364,
                11.84656
              ],
              [
                106.989354,
                11.846608
              ],
              [
                106.989352,
                11.846616
              ],
              [
                106.989344,
                11.84667
              ],
              [
                106.989333,
                11.846724
              ],
              [
                106.989315,
                11.846778
              ],
              [
                106.989283,
                11.846823
              ],
              [
                106.989245,
                11.846862
              ],
              [
                106.989201,
                11.846903
              ],
              [
                106.989162,
                11.846941
              ],
              [
                106.989127,
                11.846986
              ],
              [
                106.989098,
                11.847031
              ],
              [
                106.989066,
                11.847074
              ],
              [
                106.989038,
                11.84712
              ],
              [
                106.989006,
                11.847164
              ],
              [
                106.988976,
                11.847209
              ],
              [
                106.988946,
                11.847256
              ],
              [
                106.988918,
                11.847302
              ],
              [
                106.988889,
                11.847349
              ],
              [
                106.98886,
                11.847396
              ],
              [
                106.988831,
                11.847443
              ],
              [
                106.9888,
                11.84749
              ],
              [
                106.988769,
                11.847538
              ],
              [
                106.98874,
                11.847585
              ],
              [
                106.98871,
                11.847631
              ],
              [
                106.988687,
                11.847682
              ],
              [
                106.988663,
                11.847732
              ],
              [
                106.988635,
                11.847779
              ],
              [
                106.988608,
                11.847827
              ],
              [
                106.988578,
                11.847873
              ],
              [
                106.988543,
                11.847916
              ],
              [
                106.988503,
                11.847956
              ],
              [
                106.988454,
                11.847984
              ],
              [
                106.988404,
                11.848009
              ],
              [
                106.988349,
                11.848017
              ],
              [
                106.988291,
                11.848019
              ],
              [
                106.988234,
                11.848014
              ],
              [
                106.988181,
                11.847997
              ],
              [
                106.988129,
                11.847979
              ],
              [
                106.988075,
                11.847965
              ],
              [
                106.988018,
                11.847953
              ],
              [
                106.987961,
                11.847951
              ],
              [
                106.987952,
                11.847953
              ],
              [
                106.987905,
                11.847964
              ],
              [
                106.987854,
                11.847988
              ],
              [
                106.987809,
                11.848019
              ],
              [
                106.987764,
                11.848052
              ],
              [
                106.987725,
                11.848093
              ],
              [
                106.987692,
                11.848136
              ],
              [
                106.987676,
                11.848189
              ],
              [
                106.987673,
                11.848243
              ],
              [
                106.987678,
                11.848299
              ],
              [
                106.98769,
                11.848354
              ],
              [
                106.987696,
                11.848408
              ],
              [
                106.987698,
                11.848463
              ],
              [
                106.9877,
                11.848519
              ],
              [
                106.987705,
                11.848573
              ],
              [
                106.987708,
                11.848628
              ],
              [
                106.98771,
                11.848673
              ],
              [
                106.98771,
                11.848684
              ],
              [
                106.987712,
                11.848739
              ],
              [
                106.987711,
                11.848794
              ],
              [
                106.987705,
                11.848848
              ],
              [
                106.987694,
                11.848903
              ],
              [
                106.987683,
                11.848957
              ],
              [
                106.987664,
                11.849007
              ],
              [
                106.987646,
                11.84906
              ],
              [
                106.987639,
                11.849079
              ],
              [
                106.987629,
                11.849112
              ],
              [
                106.987613,
                11.849165
              ],
              [
                106.987597,
                11.849218
              ],
              [
                106.987582,
                11.849271
              ],
              [
                106.987567,
                11.849325
              ],
              [
                106.987554,
                11.84938
              ],
              [
                106.987542,
                11.849436
              ],
              [
                106.987531,
                11.849491
              ],
              [
                106.98752,
                11.849545
              ],
              [
                106.987507,
                11.849597
              ],
              [
                106.987491,
                11.84965
              ],
              [
                106.987474,
                11.849703
              ],
              [
                106.987455,
                11.849759
              ],
              [
                106.987435,
                11.84981
              ],
              [
                106.987433,
                11.849816
              ],
              [
                106.987398,
                11.849859
              ],
              [
                106.987367,
                11.849905
              ],
              [
                106.987336,
                11.849952
              ],
              [
                106.987308,
                11.850001
              ],
              [
                106.987279,
                11.85005
              ],
              [
                106.987249,
                11.850099
              ],
              [
                106.987221,
                11.850149
              ],
              [
                106.987199,
                11.850195
              ],
              [
                106.987196,
                11.850201
              ],
              [
                106.987177,
                11.850253
              ],
              [
                106.987168,
                11.850307
              ],
              [
                106.987167,
                11.850364
              ],
              [
                106.987169,
                11.850421
              ],
              [
                106.987169,
                11.850436
              ],
              [
                106.987169,
                11.850475
              ],
              [
                106.98717,
                11.850532
              ],
              [
                106.987172,
                11.850587
              ],
              [
                106.987177,
                11.850642
              ],
              [
                106.987186,
                11.850698
              ],
              [
                106.987196,
                11.850752
              ],
              [
                106.987212,
                11.850805
              ],
              [
                106.987218,
                11.85085
              ],
              [
                106.987219,
                11.850859
              ],
              [
                106.987223,
                11.850914
              ],
              [
                106.987227,
                11.850971
              ],
              [
                106.98723,
                11.851025
              ],
              [
                106.987232,
                11.85108
              ],
              [
                106.987233,
                11.851134
              ],
              [
                106.987233,
                11.85119
              ],
              [
                106.987231,
                11.851224
              ],
              [
                106.987231,
                11.851244
              ],
              [
                106.98723,
                11.8513
              ],
              [
                106.98723,
                11.851357
              ],
              [
                106.987232,
                11.851413
              ],
              [
                106.987232,
                11.851426
              ],
              [
                106.987231,
                11.851468
              ],
              [
                106.987231,
                11.851525
              ],
              [
                106.987232,
                11.851583
              ],
              [
                106.987231,
                11.851637
              ],
              [
                106.987226,
                11.851691
              ],
              [
                106.987218,
                11.851747
              ],
              [
                106.987211,
                11.851803
              ],
              [
                106.98721,
                11.851859
              ],
              [
                106.987212,
                11.851914
              ],
              [
                106.987226,
                11.851967
              ],
              [
                106.987258,
                11.852014
              ],
              [
                106.987306,
                11.852044
              ],
              [
                106.987363,
                11.852052
              ],
              [
                106.987393,
                11.852052
              ],
              [
                106.98742,
                11.852052
              ],
              [
                106.987477,
                11.852053
              ],
              [
                106.987533,
                11.852059
              ],
              [
                106.987587,
                11.852072
              ],
              [
                106.987631,
                11.852106
              ],
              [
                106.987659,
                11.852155
              ],
              [
                106.987674,
                11.852208
              ],
              [
                106.987676,
                11.852262
              ],
              [
                106.987667,
                11.852316
              ],
              [
                106.987643,
                11.852367
              ],
              [
                106.987609,
                11.852412
              ],
              [
                106.987575,
                11.852456
              ],
              [
                106.987548,
                11.852508
              ],
              [
                106.987533,
                11.852563
              ],
              [
                106.987523,
                11.852618
              ],
              [
                106.987518,
                11.852674
              ],
              [
                106.987516,
                11.852716
              ],
              [
                106.987516,
                11.852721
              ],
              [
                106.987515,
                11.85273
              ],
              [
                106.98751,
                11.852786
              ],
              [
                106.987505,
                11.852841
              ],
              [
                106.9875,
                11.852896
              ],
              [
                106.987499,
                11.852953
              ],
              [
                106.987498,
                11.853009
              ],
              [
                106.987494,
                11.853065
              ],
              [
                106.987491,
                11.853122
              ],
              [
                106.987488,
                11.853149
              ],
              [
                106.987504,
                11.853346
              ],
              [
                106.987496,
                11.853464
              ],
              [
                106.98741,
                11.853777
              ],
              [
                106.987372,
                11.853858
              ],
              [
                106.98732,
                11.853969
              ],
              [
                106.987163,
                11.854125
              ],
              [
                106.987158,
                11.854129
              ],
              [
                106.987094,
                11.854175
              ],
              [
                106.98697,
                11.854266
              ],
              [
                106.98695,
                11.854278
              ],
              [
                106.9869,
                11.854305
              ],
              [
                106.986853,
                11.854333
              ],
              [
                106.986829,
                11.854349
              ],
              [
                106.986807,
                11.854364
              ],
              [
                106.986759,
                11.854395
              ],
              [
                106.986709,
                11.854422
              ],
              [
                106.986658,
                11.854446
              ],
              [
                106.986607,
                11.854472
              ],
              [
                106.986588,
                11.854487
              ],
              [
                106.986578,
                11.854498
              ],
              [
                106.986549,
                11.854528
              ],
              [
                106.986516,
                11.854572
              ],
              [
                106.986487,
                11.854619
              ],
              [
                106.98646,
                11.854667
              ],
              [
                106.986435,
                11.854718
              ],
              [
                106.986408,
                11.854767
              ],
              [
                106.986365,
                11.854803
              ],
              [
                106.986316,
                11.854778
              ],
              [
                106.9863,
                11.854726
              ],
              [
                106.9863,
                11.854672
              ],
              [
                106.986301,
                11.854616
              ],
              [
                106.986305,
                11.85456
              ],
              [
                106.986314,
                11.854505
              ],
              [
                106.986315,
                11.8545
              ],
              [
                106.986324,
                11.854466
              ],
              [
                106.986328,
                11.85445
              ],
              [
                106.986342,
                11.854397
              ],
              [
                106.986347,
                11.854341
              ],
              [
                106.986338,
                11.854287
              ],
              [
                106.986302,
                11.854245
              ],
              [
                106.986248,
                11.854232
              ],
              [
                106.98619,
                11.854231
              ],
              [
                106.986134,
                11.854236
              ],
              [
                106.986133,
                11.854236
              ],
              [
                106.986077,
                11.85424
              ],
              [
                106.986051,
                11.854247
              ],
              [
                106.986024,
                11.854253
              ],
              [
                106.98597,
                11.854271
              ],
              [
                106.985951,
                11.854281
              ],
              [
                106.98592,
                11.854296
              ],
              [
                106.985875,
                11.854329
              ],
              [
                106.985831,
                11.854366
              ],
              [
                106.985794,
                11.854408
              ],
              [
                106.985756,
                11.854453
              ],
              [
                106.985719,
                11.854494
              ],
              [
                106.98571,
                11.854504
              ],
              [
                106.985682,
                11.854537
              ],
              [
                106.985648,
                11.854581
              ],
              [
                106.985615,
                11.85463
              ],
              [
                106.985587,
                11.854679
              ],
              [
                106.985562,
                11.854728
              ],
              [
                106.985551,
                11.854755
              ],
              [
                106.985541,
                11.854779
              ],
              [
                106.985524,
                11.854833
              ],
              [
                106.985508,
                11.854886
              ],
              [
                106.985494,
                11.854939
              ],
              [
                106.985485,
                11.854989
              ],
              [
                106.985484,
                11.854994
              ],
              [
                106.985482,
                11.855048
              ],
              [
                106.985479,
                11.855097
              ],
              [
                106.985481,
                11.855164
              ],
              [
                106.985482,
                11.855183
              ],
              [
                106.985505,
                11.855302
              ],
              [
                106.985511,
                11.855321
              ],
              [
                106.98555,
                11.855423
              ],
              [
                106.985605,
                11.855583
              ],
              [
                106.985625,
                11.855646
              ],
              [
                106.985643,
                11.855703
              ],
              [
                106.985668,
                11.855771
              ],
              [
                106.985677,
                11.855796
              ],
              [
                106.985731,
                11.855918
              ],
              [
                106.985739,
                11.855938
              ],
              [
                106.985771,
                11.85602
              ],
              [
                106.985803,
                11.856118
              ],
              [
                106.985821,
                11.856181
              ],
              [
                106.985857,
                11.856255
              ],
              [
                106.985887,
                11.856313
              ],
              [
                106.985903,
                11.856366
              ],
              [
                106.98592,
                11.85643
              ],
              [
                106.98592,
                11.856483
              ],
              [
                106.98592,
                11.856498
              ],
              [
                106.98591,
                11.856535
              ],
              [
                106.985898,
                11.856567
              ],
              [
                106.985884,
                11.856585
              ],
              [
                106.985866,
                11.856594
              ],
              [
                106.985841,
                11.856597
              ],
              [
                106.985814,
                11.856591
              ],
              [
                106.985765,
                11.856567
              ],
              [
                106.985664,
                11.856515
              ],
              [
                106.98561,
                11.856492
              ],
              [
                106.985577,
                11.856488
              ],
              [
                106.985554,
                11.856489
              ],
              [
                106.985532,
                11.856497
              ],
              [
                106.985503,
                11.856515
              ],
              [
                106.985481,
                11.856545
              ],
              [
                106.985475,
                11.856578
              ],
              [
                106.98549,
                11.856615
              ],
              [
                106.985531,
                11.856659
              ],
              [
                106.985589,
                11.856696
              ],
              [
                106.985667,
                11.856741
              ],
              [
                106.985741,
                11.856796
              ],
              [
                106.985776,
                11.856836
              ],
              [
                106.985801,
                11.856873
              ],
              [
                106.985823,
                11.856932
              ],
              [
                106.985857,
                11.857028
              ],
              [
                106.985869,
                11.85705
              ],
              [
                106.985881,
                11.857075
              ],
              [
                106.985921,
                11.85712
              ],
              [
                106.985961,
                11.857151
              ],
              [
                106.985999,
                11.85717
              ],
              [
                106.986043,
                11.857184
              ],
              [
                106.986129,
                11.857188
              ],
              [
                106.986186,
                11.857188
              ],
              [
                106.98622,
                11.857193
              ],
              [
                106.986226,
                11.857196
              ],
              [
                106.986244,
                11.857203
              ],
              [
                106.986252,
                11.857231
              ],
              [
                106.98624,
                11.857252
              ],
              [
                106.986238,
                11.857255
              ],
              [
                106.986201,
                11.857298
              ],
              [
                106.986143,
                11.857345
              ],
              [
                106.986004,
                11.85743
              ],
              [
                106.985932,
                11.857483
              ],
              [
                106.985927,
                11.857486
              ],
              [
                106.985898,
                11.857502
              ],
              [
                106.985823,
                11.857525
              ],
              [
                106.985741,
                11.857538
              ],
              [
                106.985657,
                11.857552
              ],
              [
                106.985574,
                11.857578
              ],
              [
                106.98552,
                11.857603
              ],
              [
                106.985476,
                11.857626
              ],
              [
                106.985421,
                11.85766
              ],
              [
                106.985404,
                11.857675
              ],
              [
                106.985385,
                11.857691
              ],
              [
                106.985321,
                11.857759
              ],
              [
                106.985241,
                11.85785
              ],
              [
                106.98524,
                11.857851
              ],
              [
                106.985139,
                11.857966
              ],
              [
                106.985094,
                11.858008
              ],
              [
                106.98506,
                11.858036
              ],
              [
                106.985033,
                11.858054
              ],
              [
                106.984996,
                11.858078
              ],
              [
                106.984996,
                11.858078
              ],
              [
                106.984974,
                11.858086
              ],
              [
                106.984961,
                11.858089
              ],
              [
                106.984934,
                11.858085
              ],
              [
                106.984917,
                11.858078
              ],
              [
                106.984905,
                11.858067
              ],
              [
                106.984889,
                11.858049
              ],
              [
                106.984863,
                11.858009
              ],
              [
                106.984853,
                11.857995
              ],
              [
                106.984828,
                11.85796
              ],
              [
                106.984797,
                11.857922
              ],
              [
                106.984772,
                11.857903
              ],
              [
                106.984746,
                11.857889
              ],
              [
                106.984723,
                11.857881
              ],
              [
                106.984682,
                11.857877
              ],
              [
                106.984647,
                11.857877
              ],
              [
                106.984612,
                11.85788
              ],
              [
                106.984577,
                11.857889
              ],
              [
                106.984529,
                11.857893
              ],
              [
                106.984471,
                11.857891
              ],
              [
                106.984421,
                11.857885
              ],
              [
                106.984373,
                11.857869
              ],
              [
                106.984325,
                11.857864
              ],
              [
                106.984289,
                11.857874
              ],
              [
                106.984244,
                11.857895
              ],
              [
                106.984206,
                11.857925
              ],
              [
                106.984176,
                11.85798
              ],
              [
                106.984146,
                11.85808
              ],
              [
                106.984128,
                11.858147
              ],
              [
                106.984119,
                11.858232
              ],
              [
                106.984125,
                11.858324
              ],
              [
                106.98415,
                11.858425
              ],
              [
                106.984181,
                11.858559
              ],
              [
                106.984215,
                11.858683
              ],
              [
                106.984216,
                11.858686
              ],
              [
                106.984258,
                11.858851
              ],
              [
                106.98431,
                11.858978
              ],
              [
                106.984336,
                11.859034
              ],
              [
                106.984341,
                11.859044
              ],
              [
                106.984352,
                11.859068
              ],
              [
                106.98437,
                11.859108
              ],
              [
                106.984407,
                11.859194
              ],
              [
                106.984449,
                11.859311
              ],
              [
                106.984492,
                11.859384
              ],
              [
                106.984543,
                11.859433
              ],
              [
                106.984596,
                11.859483
              ],
              [
                106.984639,
                11.859535
              ],
              [
                106.984683,
                11.859605
              ],
              [
                106.984703,
                11.859658
              ],
              [
                106.984707,
                11.859707
              ],
              [
                106.98471,
                11.859774
              ],
              [
                106.984699,
                11.859841
              ],
              [
                106.984698,
                11.859964
              ],
              [
                106.984716,
                11.860155
              ],
              [
                106.984744,
                11.860249
              ],
              [
                106.984783,
                11.860305
              ],
              [
                106.984828,
                11.860347
              ],
              [
                106.984866,
                11.860402
              ],
              [
                106.984886,
                11.860447
              ],
              [
                106.984888,
                11.860517
              ],
              [
                106.984875,
                11.860596
              ],
              [
                106.984865,
                11.860667
              ],
              [
                106.984873,
                11.860731
              ],
              [
                106.984889,
                11.860777
              ],
              [
                106.984917,
                11.860812
              ],
              [
                106.984973,
                11.860829
              ],
              [
                106.985057,
                11.860837
              ],
              [
                106.985126,
                11.860831
              ],
              [
                106.985158,
                11.860829
              ],
              [
                106.985266,
                11.860809
              ],
              [
                106.985369,
                11.860803
              ],
              [
                106.985479,
                11.860806
              ],
              [
                106.985549,
                11.860818
              ],
              [
                106.985562,
                11.860826
              ],
              [
                106.985635,
                11.860866
              ],
              [
                106.985707,
                11.860949
              ],
              [
                106.985734,
                11.860986
              ],
              [
                106.98576,
                11.861022
              ],
              [
                106.985808,
                11.861074
              ],
              [
                106.985815,
                11.861081
              ],
              [
                106.985848,
                11.861112
              ],
              [
                106.985872,
                11.861135
              ],
              [
                106.985928,
                11.861206
              ],
              [
                106.985929,
                11.861207
              ],
              [
                106.985974,
                11.861288
              ],
              [
                106.986015,
                11.861333
              ],
              [
                106.986187,
                11.861125
              ],
              [
                106.98646,
                11.860793
              ],
              [
                106.986589,
                11.860636
              ],
              [
                106.988679,
                11.858103
              ],
              [
                106.989074,
                11.857796
              ],
              [
                106.989212,
                11.857765
              ],
              [
                106.989493,
                11.8577
              ],
              [
                106.989632,
                11.857669
              ],
              [
                106.989955,
                11.857701
              ],
              [
                106.98997,
                11.857703
              ],
              [
                106.990067,
                11.857713
              ],
              [
                106.990371,
                11.857797
              ],
              [
                106.99072,
                11.857893
              ],
              [
                106.991114,
                11.858002
              ],
              [
                106.991249,
                11.858039
              ],
              [
                106.991362,
                11.858083
              ],
              [
                106.992683,
                11.858599
              ],
              [
                106.993406,
                11.859013
              ],
              [
                106.993667,
                11.859392
              ],
              [
                106.993835,
                11.859837
              ],
              [
                106.993889,
                11.860061
              ],
              [
                106.99398,
                11.860439
              ],
              [
                106.994476,
                11.862503
              ],
              [
                106.994495,
                11.862537
              ],
              [
                106.994688,
                11.862877
              ],
              [
                106.994702,
                11.862902
              ],
              [
                106.994781,
                11.863042
              ],
              [
                106.994928,
                11.863183
              ],
              [
                106.995036,
                11.863287
              ],
              [
                106.99529,
                11.86353
              ],
              [
                106.99531,
                11.863538
              ],
              [
                106.995401,
                11.863571
              ],
              [
                106.99638,
                11.863928
              ],
              [
                106.996435,
                11.863948
              ],
              [
                106.996769,
                11.864032
              ],
              [
                106.997699,
                11.864267
              ],
              [
                106.998458,
                11.864459
              ],
              [
                106.998811,
                11.864548
              ],
              [
                106.999655,
                11.864761
              ],
              [
                106.999941,
                11.864834
              ],
              [
                107.000265,
                11.864915
              ],
              [
                107.000399,
                11.864972
              ],
              [
                107.000824,
                11.865151
              ],
              [
                107.001387,
                11.865498
              ],
              [
                107.001558,
                11.865603
              ],
              [
                107.001787,
                11.865744
              ],
              [
                107.00326,
                11.866561
              ],
              [
                107.004108,
                11.866957
              ],
              [
                107.004828,
                11.867182
              ],
              [
                107.005878,
                11.867404
              ],
              [
                107.006491,
                11.867485
              ],
              [
                107.006668,
                11.867484
              ],
              [
                107.006695,
                11.867484
              ],
              [
                107.006782,
                11.867483
              ],
              [
                107.007073,
                11.867481
              ],
              [
                107.0071,
                11.86747
              ],
              [
                107.007325,
                11.867505
              ],
              [
                107.00737,
                11.867512
              ],
              [
                107.007523,
                11.867536
              ],
              [
                107.007529,
                11.867539
              ],
              [
                107.007917,
                11.867691
              ],
              [
                107.008364,
                11.86788
              ],
              [
                107.008413,
                11.867911
              ],
              [
                107.008466,
                11.867926
              ],
              [
                107.008593,
                11.867992
              ],
              [
                107.008684,
                11.868082
              ],
              [
                107.008837,
                11.868234
              ],
              [
                107.00917,
                11.86866
              ],
              [
                107.00919,
                11.868686
              ],
              [
                107.009245,
                11.868824
              ],
              [
                107.009324,
                11.869063
              ],
              [
                107.009325,
                11.869071
              ],
              [
                107.009332,
                11.869143
              ],
              [
                107.00934,
                11.869221
              ],
              [
                107.009334,
                11.869277
              ],
              [
                107.009379,
                11.869286
              ],
              [
                107.009639,
                11.869342
              ],
              [
                107.009777,
                11.869357
              ],
              [
                107.009922,
                11.869372
              ],
              [
                107.009997,
                11.86938
              ],
              [
                107.009997,
                11.86938
              ],
              [
                107.010312,
                11.869345
              ],
              [
                107.010439,
                11.869319
              ],
              [
                107.010519,
                11.869282
              ],
              [
                107.01056,
                11.869263
              ],
              [
                107.010597,
                11.869206
              ],
              [
                107.010613,
                11.869144
              ],
              [
                107.010608,
                11.869071
              ],
              [
                107.010571,
                11.869014
              ],
              [
                107.010503,
                11.868941
              ],
              [
                107.010425,
                11.868874
              ],
              [
                107.010283,
                11.868785
              ],
              [
                107.010162,
                11.868712
              ],
              [
                107.010089,
                11.868655
              ],
              [
                107.010042,
                11.868587
              ],
              [
                107.010016,
                11.868525
              ],
              [
                107.010005,
                11.868458
              ],
              [
                107.010027,
                11.868391
              ],
              [
                107.010053,
                11.868282
              ],
              [
                107.010117,
                11.868132
              ],
              [
                107.010175,
                11.867987
              ],
              [
                107.010354,
                11.867672
              ],
              [
                107.010366,
                11.867651
              ],
              [
                107.010529,
                11.867496
              ],
              [
                107.010529,
                11.867496
              ]
            ]
          ]
        ]
      },
      "properties": {
        "code": "25217",
        "name": "Phước Long",
        "nameEn": "Phuoc Long",
        "fullName": "Phường Phước Long",
        "fullNameEn": "Phuoc Long Ward",
        "codeName": "phuoc_long",
        "postalCode": "67716",
        "postalCodePrefix": "",
        "gisServerId": "diaphanhanhchinhcapxa_2025.2274",
        "areaKm2": 71.9
      }
    }
  ]
}